job_id,subjob_id,worker_name,is_success,total_bytes,download_speed,elapsed_secs,ttfb_ms,download_start_time,end_time,routing_key,file_size,missing_bytes,percent_downloaded
bd6c9540-117d-498c-8471-7e7e51979971,e8ee33a5-777f-48f9-b116-6d5b89800cfe,worker-5647894a3b164c0b99b2e3e7e3d0aafe-1154004514,True,9464492.0,1.2031916470466786,60.014,10580.0,2025-05-29T14:52:29.668072600Z,2025-05-29T14:53:29.682886335Z,us_east,104857600,95393108.0,9.026042938232422
bd6c9540-117d-498c-8471-7e7e51979971,e8ee33a5-777f-48f9-b116-6d5b89800cfe,worker-2c12f66fe6e746f8a3efb43b5c2fb3ba-1154004514,True,7070092.0,0.8987390656175543,60.018,10572.0,2025-05-29T14:52:29.665406144Z,2025-05-29T14:53:29.683932798Z,us_east,104857600,97787508.0,6.742565155029297
bd6c9540-117d-498c-8471-7e7e51979971,e8ee33a5-777f-48f9-b116-6d5b89800cfe,worker-fd0f000020cb4052b33f7e3ea5937a13-1154004514,True,7108052.0,0.9035945923860408,60.016,10585.0,2025-05-29T14:52:29.671811268Z,2025-05-29T14:53:29.688567158Z,us_east,104857600,97749548.0,6.778766632080078
bd6c9540-117d-498c-8471-7e7e51979971,e8ee33a5-777f-48f9-b116-6d5b89800cfe,worker-9bd4590f3d9d40ae9a5d54bf67212e25-1154004514,True,8389932.0,1.0664084585892206,60.024,10578.0,2025-05-29T14:52:29.673983764Z,2025-05-29T14:53:29.698951568Z,us_east,104857600,96467668.0,8.001262664794922
bd6c9540-117d-498c-8471-7e7e51979971,e8ee33a5-777f-48f9-b116-6d5b89800cfe,worker-5ffb64148f8644fd9d02f132db244968-1154004514,True,7020452.0,0.8910333726328041,60.112,10579.0,2025-05-29T14:52:29.671600465Z,2025-05-29T14:53:29.784117304Z,us_east,104857600,97837148.0,6.695224761962891
bd6c9540-117d-498c-8471-7e7e51979971,e8ee33a5-777f-48f9-b116-6d5b89800cfe,worker-5b1ad99a072c4e09b7082912fa67b24b-1154004514,True,6764952.0,0.8595920888857776,60.043,11365.0,2025-05-29T14:52:30.453153981Z,2025-05-29T14:53:30.496578525Z,us_east,104857600,98092648.0,6.451560974121094
bd6c9540-117d-498c-8471-7e7e51979971,e8ee33a5-777f-48f9-b116-6d5b89800cfe,worker-6ee52c81f0b24e6e976fd5829ee90a4d-1154004514,True,7398592.0,0.9395425580277634,60.079,11368.0,2025-05-29T14:52:30.461746715Z,2025-05-29T14:53:30.540837896Z,us_east,104857600,97459008.0,7.05584716796875
bd6c9540-117d-498c-8471-7e7e51979971,e8ee33a5-777f-48f9-b116-6d5b89800cfe,worker-d9b3f00ee45240f1a58334f4878f8adb-1154004514,True,6281692.0,0.7981465308562914,60.046,11920.0,2025-05-29T14:52:31.010890264Z,2025-05-29T14:53:31.057268477Z,us_east,104857600,98575908.0,5.990688323974609
bd6c9540-117d-498c-8471-7e7e51979971,f388d0bb-eb0e-4191-b23a-9dbfbd6b27b6,worker-5647894a3b164c0b99b2e3e7e3d0aafe-1154004514,True,8722812.0,1.1087009441053208,60.025,10516.0,2025-05-29T14:53:49.683462134Z,2025-05-29T14:54:49.709353496Z,us_east,104857600,96134788.0,8.318721771240234
bd6c9540-117d-498c-8471-7e7e51979971,f388d0bb-eb0e-4191-b23a-9dbfbd6b27b6,worker-fd0f000020cb4052b33f7e3ea5937a13-1154004514,True,7594232.0,0.965576070158216,60.005,10570.0,2025-05-29T14:53:49.736660515Z,2025-05-29T14:54:49.742627035Z,us_east,104857600,97263368.0,7.24242401123047
bd6c9540-117d-498c-8471-7e7e51979971,f388d0bb-eb0e-4191-b23a-9dbfbd6b27b6,worker-086f34ccd9464d69929b27ffb6e7b546-1154004514,True,8061432.0,1.023835484332863,60.072,10507.0,2025-05-29T14:53:49.676903029Z,2025-05-29T14:54:49.749677230Z,us_east,104857600,96796168.0,7.68798065185547
bd6c9540-117d-498c-8471-7e7e51979971,f388d0bb-eb0e-4191-b23a-9dbfbd6b27b6,worker-6ee52c81f0b24e6e976fd5829ee90a4d-1154004514,True,5890412.0,0.7480072752930988,60.08,10552.0,2025-05-29T14:53:49.720452111Z,2025-05-29T14:54:49.801425676Z,us_east,104857600,98967188.0,5.617534637451172
bd6c9540-117d-498c-8471-7e7e51979971,f388d0bb-eb0e-4191-b23a-9dbfbd6b27b6,worker-2c12f66fe6e746f8a3efb43b5c2fb3ba-1154004514,True,6312352.0,0.8016016216668886,60.079,10559.0,2025-05-29T14:53:49.726832845Z,2025-05-29T14:54:49.806648178Z,us_east,104857600,98545248.0,6.019927978515625
bd6c9540-117d-498c-8471-7e7e51979971,f388d0bb-eb0e-4191-b23a-9dbfbd6b27b6,worker-d9b3f00ee45240f1a58334f4878f8adb-1154004514,True,7313912.0,0.9285727158711288,60.093,10563.0,2025-05-29T14:53:49.730701579Z,2025-05-29T14:54:49.824120564Z,us_east,104857600,97543688.0,6.975090026855469
bd6c9540-117d-498c-8471-7e7e51979971,f388d0bb-eb0e-4191-b23a-9dbfbd6b27b6,worker-9bd4590f3d9d40ae9a5d54bf67212e25-1154004514,True,8756392.0,1.1111364719293668,60.124,10559.0,2025-05-29T14:53:49.727906523Z,2025-05-29T14:54:49.852418019Z,us_east,104857600,96101208.0,8.350746154785156
bd6c9540-117d-498c-8471-7e7e51979971,f388d0bb-eb0e-4191-b23a-9dbfbd6b27b6,worker-5ffb64148f8644fd9d02f132db244968-1154004514,True,6729912.0,0.8531646307632473,60.182,10516.0,2025-05-29T14:53:49.683725109Z,2025-05-29T14:54:49.866114313Z,us_east,104857600,98127688.0,6.418144226074219
bd6c9540-117d-498c-8471-7e7e51979971,f388d0bb-eb0e-4191-b23a-9dbfbd6b27b6,worker-5b1ad99a072c4e09b7082912fa67b24b-1154004514,True,6503612.0,0.8246131394364801,60.172,10546.0,2025-05-29T14:53:49.714826567Z,2025-05-29T14:54:49.887054436Z,us_east,104857600,98353988.0,6.202327728271484
bd6c9540-117d-498c-8471-7e7e51979971,f388d0bb-eb0e-4191-b23a-9dbfbd6b27b6,worker-2acdd506b6204069b2aea71772d72d55-1154004514,True,6694872.0,0.8511125893426216,60.013,12338.0,2025-05-29T14:53:51.509550603Z,2025-05-29T14:54:51.523338361Z,us_east,104857600,98162728.0,6.384727478027344
a408fc36-b06f-4849-98f4-573b8181fd84,2d6ef7a6-0091-4c1e-b53e-477f4861d265,worker-a4d8321d78fb403796f57e023694413c-1154004514,True,8360460.0,1.0630697455498137,60.001,11351.0,2025-05-26T15:30:41.582493565Z,2025-05-26T15:31:41.584024187Z,us_east,104857600,96497140.0,7.973155975341798
a408fc36-b06f-4849-98f4-573b8181fd84,eb61b42c-9562-4944-9295-14430b0cb274,worker-a12ce84ac52f4fc2a04ab676821e7ae9-1154004514,True,1163788.0,0.1477395264935252,60.099,11135.0,2025-05-26T15:32:01.428220672Z,2025-05-26T15:33:01.528133526Z,us_east,104857600,103693812.0,1.1098747253417969
a408fc36-b06f-4849-98f4-573b8181fd84,eb61b42c-9562-4944-9295-14430b0cb274,worker-ef503e26862b43cc82faf60d081e3c34-1154004514,True,826404.0,0.1047353304573684,60.199,11998.0,2025-05-26T15:32:02.291299179Z,2025-05-26T15:33:02.490440043Z,us_east,104857600,104031196.0,0.7881202697753907
a408fc36-b06f-4849-98f4-573b8181fd84,eb61b42c-9562-4944-9295-14430b0cb274,worker-2a30b41b0b10414d8e9b69708ebe48ec-1154004514,True,1069668.0,0.1351772210536859,60.372,12000.0,2025-05-26T15:32:02.292895466Z,2025-05-26T15:33:02.665627424Z,us_east,104857600,103787932.0,1.0201148986816406
a408fc36-b06f-4849-98f4-573b8181fd84,eb61b42c-9562-4944-9295-14430b0cb274,worker-f6c80973f7e34fd3ba0bc0efab427379-1154004514,True,1151956.0,0.1460333783068412,60.183,12193.0,2025-05-26T15:32:02.485181647Z,2025-05-26T15:33:02.668940750Z,us_east,104857600,103705644.0,1.0985908508300781
a408fc36-b06f-4849-98f4-573b8181fd84,eb61b42c-9562-4944-9295-14430b0cb274,worker-f189721b435d4529bd54be791b2af72c-1154004514,True,1024532.0,0.1298216050139615,60.21,12526.0,2025-05-26T15:32:02.818544843Z,2025-05-26T15:33:03.028560122Z,us_east,104857600,103833068.0,0.9770698547363281
a408fc36-b06f-4849-98f4-573b8181fd84,eb61b42c-9562-4944-9295-14430b0cb274,worker-8437459d691b4be0a0a210b087660aaf-1154004514,True,1130236.0,0.1416744657425757,60.865,11997.0,2025-05-26T15:32:02.290315182Z,2025-05-26T15:33:03.155970577Z,us_east,104857600,103727364.0,1.0778770446777344
a408fc36-b06f-4849-98f4-573b8181fd84,eb61b42c-9562-4944-9295-14430b0cb274,worker-a4d8321d78fb403796f57e023694413c-1154004514,True,1220012.0,0.1548924646940471,60.093,13135.0,2025-05-26T15:32:03.427504643Z,2025-05-26T15:33:03.520923290Z,us_east,104857600,103637588.0,1.1634941101074219
a408fc36-b06f-4849-98f4-573b8181fd84,eb61b42c-9562-4944-9295-14430b0cb274,worker-0ca2f0586c2b4a80858c67d426638ce3-1154004514,True,788756.0,0.1000686895186015,60.136,13440.0,2025-05-26T15:32:03.731624216Z,2025-05-26T15:33:03.868590970Z,us_east,104857600,104068844.0,0.7522163391113281
a408fc36-b06f-4849-98f4-573b8181fd84,0ef08a46-d69c-4963-8617-fa7f0a8d4b2a,worker-0ca2f0586c2b4a80858c67d426638ce3-1154004514,True,961068.0,0.1220596441496766,60.072,11355.0,2025-05-26T15:33:21.709644409Z,2025-05-26T15:34:21.782090222Z,us_east,104857600,103896532.0,0.9165458679199219
a408fc36-b06f-4849-98f4-573b8181fd84,0ef08a46-d69c-4963-8617-fa7f0a8d4b2a,worker-2a30b41b0b10414d8e9b69708ebe48ec-1154004514,True,632372.0,0.0803125443795985,60.073,11439.0,2025-05-26T15:33:21.793755302Z,2025-05-26T15:34:21.867033961Z,us_east,104857600,104225228.0,0.6030769348144531
a408fc36-b06f-4849-98f4-573b8181fd84,0ef08a46-d69c-4963-8617-fa7f0a8d4b2a,worker-8437459d691b4be0a0a210b087660aaf-1154004514,True,824956.0,0.1046039454689603,60.169,11608.0,2025-05-26T15:33:21.962435143Z,2025-05-26T15:34:22.131779631Z,us_east,104857600,104032644.0,0.7867393493652344
a408fc36-b06f-4849-98f4-573b8181fd84,0ef08a46-d69c-4963-8617-fa7f0a8d4b2a,worker-a12ce84ac52f4fc2a04ab676821e7ae9-1154004514,True,900252.0,0.1142653793200165,60.109,11941.0,2025-05-26T15:33:22.296593966Z,2025-05-26T15:34:22.406208752Z,us_east,104857600,103957348.0,0.8585472106933594
a408fc36-b06f-4849-98f4-573b8181fd84,0ef08a46-d69c-4963-8617-fa7f0a8d4b2a,worker-f189721b435d4529bd54be791b2af72c-1154004514,True,830748.0,0.1036569506590379,61.145,11055.0,2025-05-26T15:33:21.410075150Z,2025-05-26T15:34:22.555890335Z,us_east,104857600,104026852.0,0.7922630310058594
a408fc36-b06f-4849-98f4-573b8181fd84,0ef08a46-d69c-4963-8617-fa7f0a8d4b2a,worker-40b303f273234cbdacdd89970e803e00-1154004514,True,859708.0,0.1090376618956657,60.154,12793.0,2025-05-26T15:33:23.148439749Z,2025-05-26T15:34:23.302519423Z,us_east,104857600,103997892.0,0.8198814392089844
a408fc36-b06f-4849-98f4-573b8181fd84,0ef08a46-d69c-4963-8617-fa7f0a8d4b2a,worker-a4d8321d78fb403796f57e023694413c-1154004514,True,835092.0,0.1060336901141781,60.087,12886.0,2025-05-26T15:33:23.242331277Z,2025-05-26T15:34:23.330277095Z,us_east,104857600,104022508.0,0.7964057922363281
a408fc36-b06f-4849-98f4-573b8181fd84,0ef08a46-d69c-4963-8617-fa7f0a8d4b2a,worker-93112956fa7b4b82af17cb5c0f417ea5-1154004514,True,971204.0,0.1233490117748685,60.071,12988.0,2025-05-26T15:33:23.342719366Z,2025-05-26T15:34:23.413933344Z,us_east,104857600,103886396.0,0.9262123107910157
a408fc36-b06f-4849-98f4-573b8181fd84,0ef08a46-d69c-4963-8617-fa7f0a8d4b2a,worker-ef503e26862b43cc82faf60d081e3c34-1154004514,True,646852.0,0.0821515341555794,60.073,13196.0,2025-05-26T15:33:23.549876894Z,2025-05-26T15:34:23.623754532Z,us_east,104857600,104210748.0,0.6168861389160156
a408fc36-b06f-4849-98f4-573b8181fd84,0ef08a46-d69c-4963-8617-fa7f0a8d4b2a,worker-f6c80973f7e34fd3ba0bc0efab427379-1154004514,True,916180.0,0.1162135880699058,60.147,13839.0,2025-05-26T15:33:24.192995148Z,2025-05-26T15:34:24.340985649Z,us_east,104857600,103941420.0,0.873737335205078
55cde052-38a3-433b-a4e9-a4658a42b190,4a80aa64-dde0-4323-b9e8-7222328b2cbf,worker-a4d8321d78fb403796f57e023694413c-1154004514,True,8226408.0,1.045101278966118,60.054,10960.0,2025-05-26T15:23:30.824683219Z,2025-05-26T15:24:30.878986856Z,us_east,104857600,96631192.0,7.845314025878906
55cde052-38a3-433b-a4e9-a4658a42b190,c8d60616-9848-4ca4-b81a-b9f78e9b6d17,worker-8437459d691b4be0a0a210b087660aaf-1154004514,True,1354736.0,0.1721373564334072,60.044,11463.0,2025-05-26T15:24:51.387294823Z,2025-05-26T15:25:51.431865157Z,us_east,104857600,103502864.0,1.2919769287109375
55cde052-38a3-433b-a4e9-a4658a42b190,c8d60616-9848-4ca4-b81a-b9f78e9b6d17,worker-ef503e26862b43cc82faf60d081e3c34-1154004514,True,892768.0,0.1135156458322917,60.003,13384.0,2025-05-26T15:24:53.308643545Z,2025-05-26T15:25:53.312439168Z,us_east,104857600,103964832.0,0.851409912109375
55cde052-38a3-433b-a4e9-a4658a42b190,c8d60616-9848-4ca4-b81a-b9f78e9b6d17,worker-a4d8321d78fb403796f57e023694413c-1154004514,True,875640.0,0.1112599388349362,60.045,13377.0,2025-05-26T15:24:53.301541773Z,2025-05-26T15:25:53.347066686Z,us_east,104857600,103981960.0,0.8350753784179688
55cde052-38a3-433b-a4e9-a4658a42b190,c8d60616-9848-4ca4-b81a-b9f78e9b6d17,worker-0ca2f0586c2b4a80858c67d426638ce3-1154004514,True,1198296.0,0.1522342050357802,60.054,13386.0,2025-05-26T15:24:53.309959389Z,2025-05-26T15:25:53.364892217Z,us_east,104857600,103659304.0,1.1427841186523438
55cde052-38a3-433b-a4e9-a4658a42b190,c8d60616-9848-4ca4-b81a-b9f78e9b6d17,worker-2a30b41b0b10414d8e9b69708ebe48ec-1154004514,True,913040.0,0.1151033953438176,60.519,13370.0,2025-05-26T15:24:53.294468086Z,2025-05-26T15:25:53.813681758Z,us_east,104857600,103944560.0,0.8707427978515625
55cde052-38a3-433b-a4e9-a4658a42b190,c8d60616-9848-4ca4-b81a-b9f78e9b6d17,worker-a12ce84ac52f4fc2a04ab676821e7ae9-1154004514,True,1033224.0,0.1311233496649298,60.118,13774.0,2025-05-26T15:24:53.697190241Z,2025-05-26T15:25:53.815626399Z,us_east,104857600,103824376.0,0.9853591918945312
55cde052-38a3-433b-a4e9-a4658a42b190,c8d60616-9848-4ca4-b81a-b9f78e9b6d17,worker-f189721b435d4529bd54be791b2af72c-1154004514,True,1092840.0,0.1388645867814404,60.042,14098.0,2025-05-26T15:24:54.021051490Z,2025-05-26T15:25:54.063263848Z,us_east,104857600,103764760.0,1.0422134399414062
55cde052-38a3-433b-a4e9-a4658a42b190,c8d60616-9848-4ca4-b81a-b9f78e9b6d17,worker-f6c80973f7e34fd3ba0bc0efab427379-1154004514,True,1030328.0,0.1306493394816718,60.167,14220.0,2025-05-26T15:24:54.142744035Z,2025-05-26T15:25:54.309899309Z,us_east,104857600,103827272.0,0.9825973510742189
55cde052-38a3-433b-a4e9-a4658a42b190,3a28f1cc-a632-4240-ac85-7f87e4f0a157,worker-40b303f273234cbdacdd89970e803e00-1154004514,True,938176.0,0.1175380534960671,60.897,10757.0,2025-05-26T15:26:15.766922263Z,2025-05-26T15:27:16.663962224Z,us_east,104857600,103919424.0,0.89471435546875
55cde052-38a3-433b-a4e9-a4658a42b190,3a28f1cc-a632-4240-ac85-7f87e4f0a157,worker-a12ce84ac52f4fc2a04ab676821e7ae9-1154004514,True,917384.0,0.1165736920828822,60.04,11830.0,2025-05-26T15:26:16.821022806Z,2025-05-26T15:27:16.861529732Z,us_east,104857600,103940216.0,0.8748855590820312
55cde052-38a3-433b-a4e9-a4658a42b190,3a28f1cc-a632-4240-ac85-7f87e4f0a157,worker-f189721b435d4529bd54be791b2af72c-1154004514,True,624888.0,0.0793752741262299,60.063,11826.0,2025-05-26T15:26:16.819541155Z,2025-05-26T15:27:16.882896221Z,us_east,104857600,104232712.0,0.5959396362304688
55cde052-38a3-433b-a4e9-a4658a42b190,3a28f1cc-a632-4240-ac85-7f87e4f0a157,worker-a4d8321d78fb403796f57e023694413c-1154004514,True,764144.0,0.0971416488325835,60.015,12058.0,2025-05-26T15:26:17.050454214Z,2025-05-26T15:27:17.065797367Z,us_east,104857600,104093456.0,0.7287445068359375
55cde052-38a3-433b-a4e9-a4658a42b190,3a28f1cc-a632-4240-ac85-7f87e4f0a157,worker-f6c80973f7e34fd3ba0bc0efab427379-1154004514,True,949240.0,0.1205775109860436,60.062,12057.0,2025-05-26T15:26:17.048755482Z,2025-05-26T15:27:17.110983368Z,us_east,104857600,103908360.0,0.9052658081054688
55cde052-38a3-433b-a4e9-a4658a42b190,3a28f1cc-a632-4240-ac85-7f87e4f0a157,worker-8437459d691b4be0a0a210b087660aaf-1154004514,True,957928.0,0.1218007540378189,60.003,12386.0,2025-05-26T15:26:17.378352462Z,2025-05-26T15:27:17.382189287Z,us_east,104857600,103899672.0,0.9135513305664064
55cde052-38a3-433b-a4e9-a4658a42b190,3a28f1cc-a632-4240-ac85-7f87e4f0a157,worker-ef503e26862b43cc82faf60d081e3c34-1154004514,True,1031776.0,0.1310944122416607,60.047,12537.0,2025-05-26T15:26:17.528760685Z,2025-05-26T15:27:17.576362719Z,us_east,104857600,103825824.0,0.983978271484375
55cde052-38a3-433b-a4e9-a4658a42b190,3a28f1cc-a632-4240-ac85-7f87e4f0a157,worker-93112956fa7b4b82af17cb5c0f417ea5-1154004514,True,785616.0,0.0998064144613597,60.054,12897.0,2025-05-26T15:26:17.888427556Z,2025-05-26T15:27:17.942544576Z,us_east,104857600,104071984.0,0.7492218017578125
55cde052-38a3-433b-a4e9-a4658a42b190,3a28f1cc-a632-4240-ac85-7f87e4f0a157,worker-2a30b41b0b10414d8e9b69708ebe48ec-1154004514,True,665680.0,0.0846032875489338,60.03,13914.0,2025-05-26T15:26:18.905847219Z,2025-05-26T15:27:18.936734869Z,us_east,104857600,104191920.0,0.6348419189453125
55cde052-38a3-433b-a4e9-a4658a42b190,3a28f1cc-a632-4240-ac85-7f87e4f0a157,worker-0ca2f0586c2b4a80858c67d426638ce3-1154004514,True,930416.0,0.1182651484820149,60.022,15033.0,2025-05-26T15:26:20.025621364Z,2025-05-26T15:27:20.047821679Z,us_east,104857600,103927184.0,0.8873138427734375
29010eff-b6a0-4de7-953e-8953601cfda2,88975411-3d29-4da0-a8af-537eed179e23,worker-bddfc838ab094c178f20d3657dc1c48c-1154004514,True,3435454.0,0.4356570310649558,60.163,10909.0,2025-05-26T11:23:41.769068710Z,2025-05-26T11:24:41.932833707Z,us_east,104857600,101422146.0,3.276304244995117
29010eff-b6a0-4de7-953e-8953601cfda2,51e5ebcf-f008-4319-ad32-ef48797f015c,worker-1e1422da7bea41d492025e996fb6521c-1154004514,True,858262.0,0.1086573753244891,60.263,11112.0,2025-05-26T11:25:02.039415899Z,2025-05-26T11:26:02.303068082Z,us_east,104857600,103999338.0,0.818502426147461
29010eff-b6a0-4de7-953e-8953601cfda2,51e5ebcf-f008-4319-ad32-ef48797f015c,worker-7e6e6d15a8b64727bffa78bb79c03b56-1154004514,True,623686.0,0.0791751369842624,60.099,11782.0,2025-05-26T11:25:02.709187542Z,2025-05-26T11:26:02.809168457Z,us_east,104857600,104233914.0,0.5947933197021484
29010eff-b6a0-4de7-953e-8953601cfda2,51e5ebcf-f008-4319-ad32-ef48797f015c,worker-fe4e3bb44fd04377afcb2a47a3d1ebea-1154004514,True,762694.0,0.0968379143040687,60.089,11823.0,2025-05-26T11:25:02.750175368Z,2025-05-26T11:26:02.840170343Z,us_east,104857600,104094906.0,0.7273616790771484
29010eff-b6a0-4de7-953e-8953601cfda2,51e5ebcf-f008-4319-ad32-ef48797f015c,worker-a06c5afc852247e2a17c2da5394eda84-1154004514,True,913286.0,0.1159698952094134,60.083,11907.0,2025-05-26T11:25:02.833829196Z,2025-05-26T11:26:02.917579504Z,us_east,104857600,103944314.0,0.8709774017333984
29010eff-b6a0-4de7-953e-8953601cfda2,51e5ebcf-f008-4319-ad32-ef48797f015c,worker-ca82038a31cf45debdb15be4ef249d19-1154004514,True,814574.0,0.1034009354091881,60.103,12106.0,2025-05-26T11:25:03.032867700Z,2025-05-26T11:26:03.135919710Z,us_east,104857600,104043026.0,0.7768383026123047
29010eff-b6a0-4de7-953e-8953601cfda2,51e5ebcf-f008-4319-ad32-ef48797f015c,worker-17818100cc1f4e4d94c2166cd94a1bc6-1154004514,True,840638.0,0.106477387521349,60.234,12465.0,2025-05-26T11:25:03.392516553Z,2025-05-26T11:26:03.626596679Z,us_east,104857600,104016962.0,0.8016948699951171
29010eff-b6a0-4de7-953e-8953601cfda2,51e5ebcf-f008-4319-ad32-ef48797f015c,worker-bddfc838ab094c178f20d3657dc1c48c-1154004514,True,730590.0,0.0927987904867383,60.065,13059.0,2025-05-26T11:25:03.987052948Z,2025-05-26T11:26:04.052154647Z,us_east,104857600,104127010.0,0.6967449188232422
29010eff-b6a0-4de7-953e-8953601cfda2,51e5ebcf-f008-4319-ad32-ef48797f015c,worker-9824d29e10fd490baf2b63fe853a8f9b-1154004514,True,753758.0,0.0957447540596696,60.063,13354.0,2025-05-26T11:25:04.282307237Z,2025-05-26T11:26:04.345539157Z,us_east,104857600,104103842.0,0.7188396453857422
29010eff-b6a0-4de7-953e-8953601cfda2,38d29936-d9d1-4f8a-a321-87e6026797d9,worker-fe4e3bb44fd04377afcb2a47a3d1ebea-1154004514,True,1145104.0,0.1453821609058043,60.093,10888.0,2025-05-26T11:26:21.881964716Z,2025-05-26T11:27:21.975851099Z,us_east,104857600,103712496.0,1.0920562744140625
29010eff-b6a0-4de7-953e-8953601cfda2,38d29936-d9d1-4f8a-a321-87e6026797d9,worker-7e6e6d15a8b64727bffa78bb79c03b56-1154004514,True,830502.0,0.1055949907006447,60.005,12229.0,2025-05-26T11:26:23.224417272Z,2025-05-26T11:27:23.229837284Z,us_east,104857600,104027098.0,0.7920284271240234
29010eff-b6a0-4de7-953e-8953601cfda2,38d29936-d9d1-4f8a-a321-87e6026797d9,worker-bddfc838ab094c178f20d3657dc1c48c-1154004514,True,897358.0,0.113992877300212,60.059,12232.0,2025-05-26T11:26:23.226426283Z,2025-05-26T11:27:23.285472221Z,us_east,104857600,103960242.0,0.8557872772216797
29010eff-b6a0-4de7-953e-8953601cfda2,38d29936-d9d1-4f8a-a321-87e6026797d9,worker-9824d29e10fd490baf2b63fe853a8f9b-1154004514,True,597622.0,0.0759004863922407,60.072,12472.0,2025-05-26T11:26:23.466238272Z,2025-05-26T11:27:23.538740341Z,us_east,104857600,104259978.0,0.5699367523193359
29010eff-b6a0-4de7-953e-8953601cfda2,38d29936-d9d1-4f8a-a321-87e6026797d9,worker-1e1422da7bea41d492025e996fb6521c-1154004514,True,908694.0,0.11515489060826,60.204,12474.0,2025-05-26T11:26:23.468940099Z,2025-05-26T11:27:23.673558891Z,us_east,104857600,103948906.0,0.8665981292724609
29010eff-b6a0-4de7-953e-8953601cfda2,38d29936-d9d1-4f8a-a321-87e6026797d9,worker-5a5af54d31a54113a747129d7e8d60c8-1154004514,True,785862.0,0.099867600191838,60.036,12764.0,2025-05-26T11:26:23.758030824Z,2025-05-26T11:27:23.794335467Z,us_east,104857600,104071738.0,0.7494564056396484
29010eff-b6a0-4de7-953e-8953601cfda2,38d29936-d9d1-4f8a-a321-87e6026797d9,worker-17818100cc1f4e4d94c2166cd94a1bc6-1154004514,True,804438.0,0.1019158897032495,60.22,12651.0,2025-05-26T11:26:23.644887293Z,2025-05-26T11:27:23.865656562Z,us_east,104857600,104053162.0,0.7671718597412109
29010eff-b6a0-4de7-953e-8953601cfda2,38d29936-d9d1-4f8a-a321-87e6026797d9,worker-ca82038a31cf45debdb15be4ef249d19-1154004514,True,774278.0,0.0978462613894818,60.373,12497.0,2025-05-26T11:26:23.490908226Z,2025-05-26T11:27:23.864111495Z,us_east,104857600,104083322.0,0.7384090423583984
29010eff-b6a0-4de7-953e-8953601cfda2,38d29936-d9d1-4f8a-a321-87e6026797d9,worker-a06c5afc852247e2a17c2da5394eda84-1154004514,True,774030.0,0.0982968565178593,60.077,13096.0,2025-05-26T11:26:24.089895934Z,2025-05-26T11:27:24.167695831Z,us_east,104857600,104083570.0,0.7381725311279297
29010eff-b6a0-4de7-953e-8953601cfda2,38d29936-d9d1-4f8a-a321-87e6026797d9,worker-600a5fd23da84bfc8aad1e67fd5f03e6-1154004514,True,835094.0,0.1060975103941597,60.051,13145.0,2025-05-26T11:26:24.140903350Z,2025-05-26T11:27:24.192221490Z,us_east,104857600,104022506.0,0.7964076995849609
041b3bbb-48e7-4ee1-8254-2218698ea01e,f8f3ceb0-cbc0-4a7c-983b-8d5bb0cb7c0a,worker-bddfc838ab094c178f20d3657dc1c48c-1154004514,True,13863472.0,1.7623616612392945,60.016,10539.0,2025-05-26T11:19:36.169447660Z,2025-05-26T11:20:36.186119932Z,us_east,104857600,90994128.0,13.221237182617188
041b3bbb-48e7-4ee1-8254-2218698ea01e,0c83fb84-1ada-4629-a142-6e5a648e5df8,worker-bddfc838ab094c178f20d3657dc1c48c-1154004514,True,11229632.0,1.4278977511833135,60.001,10531.0,2025-05-26T11:20:56.229483807Z,2025-05-26T11:21:56.230958532Z,us_east,104857600,93627968.0,10.70941162109375
041b3bbb-48e7-4ee1-8254-2218698ea01e,0c83fb84-1ada-4629-a142-6e5a648e5df8,worker-a06c5afc852247e2a17c2da5394eda84-1154004514,True,10839812.0,1.37761864326656,60.032,10510.0,2025-05-26T11:20:56.208469223Z,2025-05-26T11:21:56.240792569Z,us_east,104857600,94017788.0,10.337650299072266
041b3bbb-48e7-4ee1-8254-2218698ea01e,0c83fb84-1ada-4629-a142-6e5a648e5df8,worker-17818100cc1f4e4d94c2166cd94a1bc6-1154004514,True,8715512.0,1.107828456063506,60.022,10534.0,2025-05-26T11:20:56.232967848Z,2025-05-26T11:21:56.254970514Z,us_east,104857600,96142088.0,8.311759948730469
041b3bbb-48e7-4ee1-8254-2218698ea01e,0c83fb84-1ada-4629-a142-6e5a648e5df8,worker-ca82038a31cf45debdb15be4ef249d19-1154004514,True,11450092.0,1.4556876120562792,60.011,10545.0,2025-05-26T11:20:56.244115307Z,2025-05-26T11:21:56.255531474Z,us_east,104857600,93407508.0,10.919658660888672
041b3bbb-48e7-4ee1-8254-2218698ea01e,0c83fb84-1ada-4629-a142-6e5a648e5df8,worker-600a5fd23da84bfc8aad1e67fd5f03e6-1154004514,True,8900932.0,1.1313406401304145,60.025,10533.0,2025-05-26T11:20:56.232553313Z,2025-05-26T11:21:56.258261629Z,us_east,104857600,95956668.0,8.488590240478516
041b3bbb-48e7-4ee1-8254-2218698ea01e,0c83fb84-1ada-4629-a142-6e5a648e5df8,worker-1e1422da7bea41d492025e996fb6521c-1154004514,True,9905412.0,1.2581961931036585,60.064,10506.0,2025-05-26T11:20:56.205162298Z,2025-05-26T11:21:56.269369516Z,us_east,104857600,94952188.0,9.446537017822266
041b3bbb-48e7-4ee1-8254-2218698ea01e,0c83fb84-1ada-4629-a142-6e5a648e5df8,worker-5a5af54d31a54113a747129d7e8d60c8-1154004514,True,9616332.0,1.2210093825866557,60.087,10519.0,2025-05-26T11:20:56.218100538Z,2025-05-26T11:21:56.305658440Z,us_east,104857600,95241268.0,9.170848846435547
041b3bbb-48e7-4ee1-8254-2218698ea01e,0c83fb84-1ada-4629-a142-6e5a648e5df8,worker-9824d29e10fd490baf2b63fe853a8f9b-1154004514,True,11588792.0,1.4691103186712815,60.183,10495.0,2025-05-26T11:20:56.193548693Z,2025-05-26T11:21:56.377412713Z,us_east,104857600,93268808.0,11.051933288574219
041b3bbb-48e7-4ee1-8254-2218698ea01e,1a50dc56-eb14-4af2-a734-92eacf473633,worker-5a5af54d31a54113a747129d7e8d60c8-1154004514,True,11936272.0,1.5173202759224316,60.018,10527.0,2025-05-26T11:22:16.300400496Z,2025-05-26T11:23:16.319325325Z,us_east,104857600,92921328.0,11.383316040039062
041b3bbb-48e7-4ee1-8254-2218698ea01e,1a50dc56-eb14-4af2-a734-92eacf473633,worker-bddfc838ab094c178f20d3657dc1c48c-1154004514,True,9477632.0,1.204440638794037,60.035,10527.0,2025-05-26T11:22:16.301347536Z,2025-05-26T11:23:16.336748997Z,us_east,104857600,95379968.0,9.03857421875
041b3bbb-48e7-4ee1-8254-2218698ea01e,1a50dc56-eb14-4af2-a734-92eacf473633,worker-17818100cc1f4e4d94c2166cd94a1bc6-1154004514,True,10755132.0,1.3665608337692043,60.045,10541.0,2025-05-26T11:22:16.315715740Z,2025-05-26T11:23:16.361415766Z,us_east,104857600,94102468.0,10.256893157958984
041b3bbb-48e7-4ee1-8254-2218698ea01e,1a50dc56-eb14-4af2-a734-92eacf473633,worker-7e6e6d15a8b64727bffa78bb79c03b56-1154004514,True,11156632.0,1.418402719012977,60.01,10580.0,2025-05-26T11:22:16.354039070Z,2025-05-26T11:23:16.364566583Z,us_east,104857600,93700968.0,10.639793395996094
041b3bbb-48e7-4ee1-8254-2218698ea01e,1a50dc56-eb14-4af2-a734-92eacf473633,worker-1e1422da7bea41d492025e996fb6521c-1154004514,True,10918652.0,1.38551499995712,60.124,10494.0,2025-05-26T11:22:16.268349977Z,2025-05-26T11:23:16.392800451Z,us_east,104857600,93938948.0,10.412837982177734
041b3bbb-48e7-4ee1-8254-2218698ea01e,1a50dc56-eb14-4af2-a734-92eacf473633,worker-a06c5afc852247e2a17c2da5394eda84-1154004514,True,7054032.0,0.8941054154050787,60.192,10533.0,2025-05-26T11:22:16.308428100Z,2025-05-26T11:23:16.501048710Z,us_east,104857600,97803568.0,6.727249145507813
041b3bbb-48e7-4ee1-8254-2218698ea01e,1a50dc56-eb14-4af2-a734-92eacf473633,worker-9824d29e10fd490baf2b63fe853a8f9b-1154004514,True,8775372.0,1.1112346287321675,60.249,10529.0,2025-05-26T11:22:16.304531625Z,2025-05-26T11:23:16.553888685Z,us_east,104857600,96082228.0,8.368846893310547
041b3bbb-48e7-4ee1-8254-2218698ea01e,1a50dc56-eb14-4af2-a734-92eacf473633,worker-ca82038a31cf45debdb15be4ef249d19-1154004514,True,7814692.0,0.988991762597713,60.285,10555.0,2025-05-26T11:22:16.329073900Z,2025-05-26T11:23:16.614941669Z,us_east,104857600,97042908.0,7.452671051025391
041b3bbb-48e7-4ee1-8254-2218698ea01e,1a50dc56-eb14-4af2-a734-92eacf473633,worker-600a5fd23da84bfc8aad1e67fd5f03e6-1154004514,True,7805932.0,0.9924101801717944,60.01,11269.0,2025-05-26T11:22:17.043682194Z,2025-05-26T11:23:17.054376003Z,us_east,104857600,97051668.0,7.444316864013673
041b3bbb-48e7-4ee1-8254-2218698ea01e,1a50dc56-eb14-4af2-a734-92eacf473633,worker-fe4e3bb44fd04377afcb2a47a3d1ebea-1154004514,True,8521332.0,1.0807694211484793,60.154,11507.0,2025-05-26T11:22:17.281163212Z,2025-05-26T11:23:17.435914563Z,us_east,104857600,96336268.0,8.126575469970703
ee34f8ee-e376-40bf-9afc-4b6e3f4bca54,5627b82e-be74-464d-8dfe-4e52889593be,worker-a1514a66c3ab42b991924d5547ee64d9-1544107698,True,102830328.0,12.847509081959286,61.065,15528.0,2025-01-15T12:12:23.930309679Z,2025-01-15T12:13:24.996005822Z,singapore,104857600,2027272.0,98.06664276123047
40f92fe0-aa82-402f-8fce-9486841745aa,fcdd8b6c-1e1d-4714-87ba-dbbe94bbfe46,worker-d1ff53d716f142f5ba87ab2116f72493-1544107698,True,8329694.0,1.0585755047237555,60.034,11172.0,2025-01-13T13:16:21.205139842Z,2025-01-13T13:17:21.239365980Z,us_east,104857600,96527906.0,7.943815231323242
40f92fe0-aa82-402f-8fce-9486841745aa,fcdd8b6c-1e1d-4714-87ba-dbbe94bbfe46,worker-82bc56ba50f947e88a2af6c26facc860-1544107698,True,7906878.0,1.0050095257307232,60.024,11284.0,2025-01-13T13:16:21.321830245Z,2025-01-13T13:17:21.345965709Z,us_east,104857600,96950722.0,7.540586471557617
40f92fe0-aa82-402f-8fce-9486841745aa,43ee8332-acdb-465f-be2d-c2779979d1af,worker-cec6abfb88e24b0bb4fc30086c4bedd7-1544107698,True,11674574.0,1.4830158346698874,60.06,11281.0,2025-01-13T13:17:41.380829134Z,2025-01-13T13:18:41.441658294Z,us_east,104857600,93183026.0,11.13374137878418
40f92fe0-aa82-402f-8fce-9486841745aa,43ee8332-acdb-465f-be2d-c2779979d1af,worker-82bc56ba50f947e88a2af6c26facc860-1544107698,True,6560238.0,0.8329973191461835,60.085,11396.0,2025-01-13T13:17:41.500734881Z,2025-01-13T13:18:41.586160854Z,us_east,104857600,98297362.0,6.256330490112305
40f92fe0-aa82-402f-8fce-9486841745aa,43ee8332-acdb-465f-be2d-c2779979d1af,worker-d1ff53d716f142f5ba87ab2116f72493-1544107698,True,9382390.0,1.191682009656634,60.068,11857.0,2025-01-13T13:17:41.952272671Z,2025-01-13T13:18:42.021086673Z,us_east,104857600,95475210.0,8.947744369506836
4ebc1977-6ca6-4ca8-9f75-ed2c0c39c5e4,12b6557c-e473-40d7-ade5-d3367a0aa177,worker-4940465561d9498f9a9b83cd3df83fe0-1544107698,True,8565716.0,1.0889874657419576,60.011,10267.0,2025-01-13T13:08:34.823158851Z,2025-01-13T13:09:34.834971116Z,hong_kong,104857600,96291884.0,8.168903350830078
4ebc1977-6ca6-4ca8-9f75-ed2c0c39c5e4,47e9c760-e666-4bc5-af42-1738748f8da5,worker-a3f82edb11e544cf840e3bb3a40c0cb8-1544107698,True,45689540.0,5.808273375178341,60.015,10249.0,2025-01-13T13:09:54.876510402Z,2025-01-13T13:10:54.891979043Z,hong_kong,104857600,59168060.0,43.572940826416016
4ebc1977-6ca6-4ca8-9f75-ed2c0c39c5e4,47e9c760-e666-4bc5-af42-1738748f8da5,worker-4940465561d9498f9a9b83cd3df83fe0-1544107698,True,32396900.0,4.113514265805467,60.087,10223.0,2025-01-13T13:09:54.864384174Z,2025-01-13T13:10:54.952303955Z,hong_kong,104857600,72460700.0,30.89609146118164
4ebc1977-6ca6-4ca8-9f75-ed2c0c39c5e4,47e9c760-e666-4bc5-af42-1738748f8da5,worker-6c1fa2e01c5f4bcd9f283752264af4cd-1544107698,True,31027092.0,3.936310857299011,60.137,10258.0,2025-01-13T13:09:54.885939039Z,2025-01-13T13:10:55.022969852Z,hong_kong,104857600,73830508.0,29.589740753173828
4ebc1977-6ca6-4ca8-9f75-ed2c0c39c5e4,47e9c760-e666-4bc5-af42-1738748f8da5,worker-6ba82886da384cb68456c19752df579e-1544107698,True,16906196.0,2.1435534094467723,60.173,10244.0,2025-01-13T13:09:54.870180082Z,2025-01-13T13:10:55.043395968Z,hong_kong,104857600,87951404.0,16.123004913330078
4ebc1977-6ca6-4ca8-9f75-ed2c0c39c5e4,47e9c760-e666-4bc5-af42-1738748f8da5,worker-675ad76da3504964b01c73dd3dcf8484-1544107698,True,36467228.0,4.631644246263474,60.07,11249.0,2025-01-13T13:09:55.884383418Z,2025-01-13T13:10:55.955163243Z,hong_kong,104857600,68390372.0,34.77785873413086
489bc355-c5fa-4b1a-9b68-9192073d4a73,3080b738-1c85-4c6c-809b-be45244f8ba5,worker-b34593b2e8884a15bb1e68287655209f-1544107698,True,8900204.0,1.131361197697552,60.019,10252.0,2025-01-13T13:05:04.578849663Z,2025-01-13T13:06:04.598473624Z,singapore,104857600,95957396.0,8.487895965576172
489bc355-c5fa-4b1a-9b68-9192073d4a73,0296a273-bc4e-4992-8ad1-1fdc086001e3,worker-2e9760ff2c324641afbcbdd42cd97ec9-1544107698,True,86320420.0,10.976026070952203,60.001,10170.0,2025-01-13T13:06:24.582337263Z,2025-01-13T13:07:24.584070127Z,singapore,104857600,18537180.0,82.32156753540039
489bc355-c5fa-4b1a-9b68-9192073d4a73,0296a273-bc4e-4992-8ad1-1fdc086001e3,worker-50d1cc4b17064a848d27b7e7aa902ccd-1544107698,True,84057196.0,10.68753456336321,60.005,10168.0,2025-01-13T13:06:24.584137690Z,2025-01-13T13:07:24.589289451Z,singapore,104857600,20800404.0,80.16318893432617
489bc355-c5fa-4b1a-9b68-9192073d4a73,0296a273-bc4e-4992-8ad1-1fdc086001e3,worker-0bc923d592cf4923ac745547a2575c8a-1544107698,True,99750620.0,12.680988347998747,60.014,10172.0,2025-01-13T13:06:24.587479347Z,2025-01-13T13:07:24.601506657Z,singapore,104857600,5106980.0,95.12960433959961
489bc355-c5fa-4b1a-9b68-9192073d4a73,0296a273-bc4e-4992-8ad1-1fdc086001e3,worker-3ac03f864f024837b456c7c0fc6d4c3e-1544107698,True,85059212.0,10.815117106613464,60.004,10275.0,2025-01-13T13:06:24.689198090Z,2025-01-13T13:07:24.693817878Z,singapore,104857600,19798388.0,81.1187858581543
ec0779ba-08d3-4e1d-91df-237d310273c6,8cddc791-66ca-4ef9-83b2-a3893496efdd,worker-d1ff53d716f142f5ba87ab2116f72493-1544107698,True,93564764.0,11.896185361118835,60.006,10538.0,2025-01-13T13:01:39.645997927Z,2025-01-13T13:02:39.652221946Z,us_east,104857600,11292836.0,89.23031234741211
ec0779ba-08d3-4e1d-91df-237d310273c6,8cddc791-66ca-4ef9-83b2-a3893496efdd,worker-0fe89cf787324cf48d221ebef7a57aa0-1544107698,True,93863052.0,11.931525943705068,60.019,10536.0,2025-01-13T13:01:39.639272791Z,2025-01-13T13:02:39.658752114Z,us_east,104857600,10994548.0,89.5147819519043
ec0779ba-08d3-4e1d-91df-237d310273c6,8cddc791-66ca-4ef9-83b2-a3893496efdd,worker-2bb55820e08d4b73b33a984e3dc33631-1544107698,True,63754788.0,8.097932789068743,60.066,11564.0,2025-01-13T13:01:40.661551386Z,2025-01-13T13:02:40.728416105Z,us_east,104857600,41102812.0,60.80130386352539
ec0779ba-08d3-4e1d-91df-237d310273c6,2bcc34d1-4ce0-42b4-ba37-a93ba7b1f881,worker-2bb55820e08d4b73b33a984e3dc33631-1544107698,True,78253612.0,9.945985630522255,60.027,10542.0,2025-01-13T13:02:59.717547389Z,2025-01-13T13:03:59.744705367Z,us_east,104857600,26603988.0,74.62845993041992
ec0779ba-08d3-4e1d-91df-237d310273c6,2bcc34d1-4ce0-42b4-ba37-a93ba7b1f881,worker-e103e2eb381f41e7a34a107b0fa63ea1-1544107698,True,88866004.0,11.278655281414014,60.113,10539.0,2025-01-13T13:02:59.708384627Z,2025-01-13T13:03:59.822320766Z,us_east,104857600,15991596.0,84.74922561645508
852e3844-8682-4864-8743-eb6cae0cbf31,61961d34-5b1d-417d-bc3a-d2f9f5cf45d9,worker-0fe89cf787324cf48d221ebef7a57aa0-1544107698,True,24151032.0,3.0700415119604743,60.018,11073.0,2025-01-13T12:57:44.930876219Z,2025-01-13T12:58:44.949161424Z,us_east,104857600,80706568.0,23.03221893310547
852e3844-8682-4864-8743-eb6cae0cbf31,61961d34-5b1d-417d-bc3a-d2f9f5cf45d9,worker-2bb55820e08d4b73b33a984e3dc33631-1544107698,True,14128932.0,1.796317161312522,60.009,11163.0,2025-01-13T12:57:45.019361716Z,2025-01-13T12:58:45.028477738Z,us_east,104857600,90728668.0,13.47439956665039
852e3844-8682-4864-8743-eb6cae0cbf31,61961d34-5b1d-417d-bc3a-d2f9f5cf45d9,worker-7501fb23976a4df39f97f2c6e1595f7e-1544107698,True,19891432.0,2.528862750487931,60.011,11167.0,2025-01-13T12:57:45.021209597Z,2025-01-13T12:58:45.032809523Z,us_east,104857600,84966168.0,18.969947814941406
852e3844-8682-4864-8743-eb6cae0cbf31,20974f9e-030d-402b-9e9f-49753a82ed3b,worker-6994a2026c6b42309660a689e7134c40-1544107698,True,19699368.0,2.501943541613778,60.071,11127.0,2025-01-13T12:59:05.052848499Z,2025-01-13T13:00:05.124651418Z,us_east,104857600,85158232.0,18.786781311035156
852e3844-8682-4864-8743-eb6cae0cbf31,20974f9e-030d-402b-9e9f-49753a82ed3b,worker-cec6abfb88e24b0bb4fc30086c4bedd7-1544107698,True,8309420.0,1.0551377844957706,60.083,11161.0,2025-01-13T12:59:05.089636475Z,2025-01-13T13:00:05.172918069Z,us_east,104857600,96548180.0,7.924480438232422
852e3844-8682-4864-8743-eb6cae0cbf31,20974f9e-030d-402b-9e9f-49753a82ed3b,worker-7501fb23976a4df39f97f2c6e1595f7e-1544107698,True,11186596.0,1.422425532002852,60.001,11246.0,2025-01-13T12:59:05.173330008Z,2025-01-13T13:00:05.174909165Z,us_east,104857600,93671004.0,10.66836929321289
852e3844-8682-4864-8743-eb6cae0cbf31,20974f9e-030d-402b-9e9f-49753a82ed3b,worker-2bb55820e08d4b73b33a984e3dc33631-1544107698,True,14993388.0,1.9052059827802563,60.041,11237.0,2025-01-13T12:59:05.165181332Z,2025-01-13T13:00:05.206535440Z,us_east,104857600,89864212.0,14.298809051513672
852e3844-8682-4864-8743-eb6cae0cbf31,20974f9e-030d-402b-9e9f-49753a82ed3b,worker-e103e2eb381f41e7a34a107b0fa63ea1-1544107698,True,19137564.0,2.4303077020381316,60.078,11220.0,2025-01-13T12:59:05.146507812Z,2025-01-13T13:00:05.224789237Z,us_east,104857600,85720036.0,18.25100326538086
c204528f-31a3-4f5c-a142-30632e18affc,34820c9a-83fe-41b1-9498-00c0e5958382,worker-0bc923d592cf4923ac745547a2575c8a-1544107698,True,81462696.0,10.358517456054688,60.0,10950.0,2025-01-13T12:55:49.687798894Z,2025-01-13T12:56:49.687960382Z,singapore,104857600,23394904.0,77.68888092041016
c204528f-31a3-4f5c-a142-30632e18affc,34820c9a-83fe-41b1-9498-00c0e5958382,worker-3ac03f864f024837b456c7c0fc6d4c3e-1544107698,True,82711576.0,10.51118923303854,60.035,10922.0,2025-01-13T12:55:49.653502195Z,2025-01-13T12:56:49.689093368Z,singapore,104857600,22146024.0,78.8799057006836
c204528f-31a3-4f5c-a142-30632e18affc,34820c9a-83fe-41b1-9498-00c0e5958382,worker-61cd8ec6daaf494d97fb8d41a3b73be0-1544107698,True,80803632.0,10.274713134765625,60.0,11119.0,2025-01-13T12:55:49.845782476Z,2025-01-13T12:56:49.846336038Z,singapore,104857600,24053968.0,77.06034851074219
c204528f-31a3-4f5c-a142-30632e18affc,34820c9a-83fe-41b1-9498-00c0e5958382,worker-50d1cc4b17064a848d27b7e7aa902ccd-1544107698,True,80218048.0,10.192268335116658,60.047,11149.0,2025-01-13T12:55:49.874211351Z,2025-01-13T12:56:49.921666814Z,singapore,104857600,24639552.0,76.50189208984375
c204528f-31a3-4f5c-a142-30632e18affc,34820c9a-83fe-41b1-9498-00c0e5958382,worker-0d969b026759411dae564de798730659-1544107698,True,81441512.0,10.318676535630583,60.216,10985.0,2025-01-13T12:55:49.714593026Z,2025-01-13T12:56:49.930875534Z,singapore,104857600,23416088.0,77.6686782836914
c204528f-31a3-4f5c-a142-30632e18affc,34820c9a-83fe-41b1-9498-00c0e5958382,worker-22d212959fda4b9a8190cfa016a60fa6-1544107698,True,81629432.0,10.337507545685844,60.245,11022.0,2025-01-13T12:55:49.748932127Z,2025-01-13T12:56:49.994768544Z,singapore,104857600,23228168.0,77.84789276123047
c204528f-31a3-4f5c-a142-30632e18affc,34820c9a-83fe-41b1-9498-00c0e5958382,worker-bd0e90f8cfc34b56a88d3ffef54df0aa-1544107698,True,81465592.0,10.310426696026074,60.282,11050.0,2025-01-13T12:55:49.774568185Z,2025-01-13T12:56:50.057125322Z,singapore,104857600,23392008.0,77.69164276123047
c204528f-31a3-4f5c-a142-30632e18affc,34820c9a-83fe-41b1-9498-00c0e5958382,worker-b34593b2e8884a15bb1e68287655209f-1544107698,True,82549832.0,10.427066386589727,60.401,11048.0,2025-01-13T12:55:49.774365035Z,2025-01-13T12:56:50.176154726Z,singapore,104857600,22307768.0,78.72565460205078
c204528f-31a3-4f5c-a142-30632e18affc,34820c9a-83fe-41b1-9498-00c0e5958382,worker-f1ee4ce68fb1439992d26a174e7c888d-1544107698,True,82294928.0,10.378030606006917,60.499,11047.0,2025-01-13T12:55:49.781100875Z,2025-01-13T12:56:50.280738430Z,singapore,104857600,22562672.0,78.48255920410156
c204528f-31a3-4f5c-a142-30632e18affc,34820c9a-83fe-41b1-9498-00c0e5958382,worker-2e9760ff2c324641afbcbdd42cd97ec9-1544107698,True,81368736.0,10.237877689416116,60.637,11081.0,2025-01-13T12:55:49.808385081Z,2025-01-13T12:56:50.445713647Z,singapore,104857600,23488864.0,77.59927368164062
29794b4c-5d60-46aa-a491-2edfb1c23ead,160543cb-51ef-4ac9-b61a-754451a72ad7,worker-6c1fa2e01c5f4bcd9f283752264af4cd-1544107698,True,102927184.0,13.08634150560039,60.007,11253.0,2025-01-13T12:51:19.634551069Z,2025-01-13T12:52:19.642158749Z,hong_kong,104857600,1930416.0,98.15901184082031
29794b4c-5d60-46aa-a491-2edfb1c23ead,160543cb-51ef-4ac9-b61a-754451a72ad7,worker-6ba82886da384cb68456c19752df579e-1544107698,True,100437352.0,12.765312588825736,60.028,11247.0,2025-01-13T12:51:19.635973231Z,2025-01-13T12:52:19.664418573Z,hong_kong,104857600,4420248.0,95.7845230102539
29794b4c-5d60-46aa-a491-2edfb1c23ead,160543cb-51ef-4ac9-b61a-754451a72ad7,worker-4940465561d9498f9a9b83cd3df83fe0-1544107698,True,102341704.0,12.995011014669322,60.085,11205.0,2025-01-13T12:51:19.594674460Z,2025-01-13T12:52:19.679765732Z,hong_kong,104857600,2515896.0,97.60065460205078
29794b4c-5d60-46aa-a491-2edfb1c23ead,160543cb-51ef-4ac9-b61a-754451a72ad7,worker-f2a7953884d944f0911eaeddc5121cab-1544107698,True,101022832.0,12.845503274815211,60.001,11308.0,2025-01-13T12:51:19.691772026Z,2025-01-13T12:52:19.693408054Z,hong_kong,104857600,3834768.0,96.34288024902344
29794b4c-5d60-46aa-a491-2edfb1c23ead,160543cb-51ef-4ac9-b61a-754451a72ad7,worker-36e2402f87ac4e3084dc0fa5884a54d2-1544107698,True,101981256.0,12.899221406817306,60.318,11090.0,2025-01-13T12:51:19.478221562Z,2025-01-13T12:52:19.796691398Z,hong_kong,104857600,2876344.0,97.25690460205078
29794b4c-5d60-46aa-a491-2edfb1c23ead,160543cb-51ef-4ac9-b61a-754451a72ad7,worker-4d801bd471204680b066c4ab29059ea3-1544107698,True,104403192.0,13.21410677167577,60.279,11225.0,2025-01-13T12:51:19.610019240Z,2025-01-13T12:52:19.889570206Z,hong_kong,104857600,454408.0,99.56664276123047
29794b4c-5d60-46aa-a491-2edfb1c23ead,160543cb-51ef-4ac9-b61a-754451a72ad7,worker-d8474c22329a4f9c9d8b5b15a4050c16-1544107698,True,103719408.0,13.112769221000008,60.347,11206.0,2025-01-13T12:51:19.588754856Z,2025-01-13T12:52:19.935926625Z,hong_kong,104857600,1138192.0,98.91453552246094
29794b4c-5d60-46aa-a491-2edfb1c23ead,160543cb-51ef-4ac9-b61a-754451a72ad7,worker-a3f82edb11e544cf840e3bb3a40c0cb8-1544107698,True,102536864.0,12.96734832006904,60.328,11308.0,2025-01-13T12:51:19.689476607Z,2025-01-13T12:52:20.018300522Z,hong_kong,104857600,2320736.0,97.78677368164062
29794b4c-5d60-46aa-a491-2edfb1c23ead,f29e8aee-381f-4744-a0a1-39014c6c5e66,worker-c3ac58b56afe4acd80d3fc5e3d5ea4b1-1544107698,True,87362920.0,11.10451300471538,60.023,10827.0,2025-01-13T12:52:39.288601413Z,2025-01-13T12:53:39.311987286Z,hong_kong,104857600,17494680.0,83.3157730102539
29794b4c-5d60-46aa-a491-2edfb1c23ead,f29e8aee-381f-4744-a0a1-39014c6c5e66,worker-4940465561d9498f9a9b83cd3df83fe0-1544107698,True,87893912.0,11.164008449754748,60.066,10833.0,2025-01-13T12:52:39.293690256Z,2025-01-13T12:53:39.360333728Z,hong_kong,104857600,16963688.0,83.8221664428711
29794b4c-5d60-46aa-a491-2edfb1c23ead,f29e8aee-381f-4744-a0a1-39014c6c5e66,worker-36e2402f87ac4e3084dc0fa5884a54d2-1544107698,True,86838632.0,11.039343232225798,60.015,10903.0,2025-01-13T12:52:39.365936741Z,2025-01-13T12:53:39.381553959Z,hong_kong,104857600,18018968.0,82.8157730102539
29794b4c-5d60-46aa-a491-2edfb1c23ead,f29e8aee-381f-4744-a0a1-39014c6c5e66,worker-d8474c22329a4f9c9d8b5b15a4050c16-1544107698,True,86449224.0,10.955885065304669,60.201,10837.0,2025-01-13T12:52:39.301200378Z,2025-01-13T12:53:39.502693489Z,hong_kong,104857600,18408376.0,82.44440460205078
29794b4c-5d60-46aa-a491-2edfb1c23ead,f29e8aee-381f-4744-a0a1-39014c6c5e66,worker-4d801bd471204680b066c4ab29059ea3-1544107698,True,86787040.0,10.988475502586835,60.257,10857.0,2025-01-13T12:52:39.317506261Z,2025-01-13T12:53:39.575056331Z,hong_kong,104857600,18070560.0,82.76657104492188
29794b4c-5d60-46aa-a491-2edfb1c23ead,f29e8aee-381f-4744-a0a1-39014c6c5e66,worker-6ba82886da384cb68456c19752df579e-1544107698,True,86682944.0,11.013495518689217,60.048,11069.0,2025-01-13T12:52:39.529660368Z,2025-01-13T12:53:39.577932525Z,hong_kong,104857600,18174656.0,82.66729736328125
29794b4c-5d60-46aa-a491-2edfb1c23ead,f29e8aee-381f-4744-a0a1-39014c6c5e66,worker-f2a7953884d944f0911eaeddc5121cab-1544107698,True,84941896.0,10.717857220150604,60.465,10713.0,2025-01-13T12:52:39.193838217Z,2025-01-13T12:53:39.659724504Z,hong_kong,104857600,19915704.0,81.00690460205078
29794b4c-5d60-46aa-a491-2edfb1c23ead,f29e8aee-381f-4744-a0a1-39014c6c5e66,worker-6c1fa2e01c5f4bcd9f283752264af4cd-1544107698,True,87201440.0,11.040761217649523,60.258,10996.0,2025-01-13T12:52:39.464722148Z,2025-01-13T12:53:39.723649698Z,hong_kong,104857600,17656160.0,83.16177368164062
29794b4c-5d60-46aa-a491-2edfb1c23ead,f29e8aee-381f-4744-a0a1-39014c6c5e66,worker-a3f82edb11e544cf840e3bb3a40c0cb8-1544107698,True,86184184.0,10.90780083425696,60.281,11054.0,2025-01-13T12:52:39.519324920Z,2025-01-13T12:53:39.800537522Z,hong_kong,104857600,18673416.0,82.19164276123047
29794b4c-5d60-46aa-a491-2edfb1c23ead,f29e8aee-381f-4744-a0a1-39014c6c5e66,worker-675ad76da3504964b01c73dd3dcf8484-1544107698,True,87478064.0,11.013096534478596,60.601,10815.0,2025-01-13T12:52:39.275339948Z,2025-01-13T12:53:39.876983728Z,hong_kong,104857600,17379536.0,83.42558288574219
63ca3798-7166-4b9c-8859-ae752135a259,7d081531-e10c-4046-887b-c16f904fa491,worker-6c1fa2e01c5f4bcd9f283752264af4cd-1544107698,True,78257958.0,9.950516420712168,60.003,10776.0,2025-01-13T12:48:08.958956554Z,2025-01-13T12:49:08.962300329Z,hong_kong,104857600,26599642.0,74.63260459899902
63ca3798-7166-4b9c-8859-ae752135a259,7d081531-e10c-4046-887b-c16f904fa491,worker-4d801bd471204680b066c4ab29059ea3-1544107698,True,96924126.0,12.317970363315998,60.032,10765.0,2025-01-13T12:48:08.947356314Z,2025-01-13T12:49:08.979601063Z,hong_kong,104857600,7933474.0,92.43404960632324
63ca3798-7166-4b9c-8859-ae752135a259,7d081531-e10c-4046-887b-c16f904fa491,worker-4940465561d9498f9a9b83cd3df83fe0-1544107698,True,87318094.0,11.101959618084416,60.006,10792.0,2025-01-13T12:48:08.974695538Z,2025-01-13T12:49:08.980995925Z,hong_kong,104857600,17539506.0,83.27302360534668
63ca3798-7166-4b9c-8859-ae752135a259,7d081531-e10c-4046-887b-c16f904fa491,worker-6ba82886da384cb68456c19752df579e-1544107698,True,77076390.0,9.797993707691024,60.017,10788.0,2025-01-13T12:48:08.973189904Z,2025-01-13T12:49:08.990265773Z,hong_kong,104857600,27781210.0,73.50577354431152
63ca3798-7166-4b9c-8859-ae752135a259,7d081531-e10c-4046-887b-c16f904fa491,worker-a3f82edb11e544cf840e3bb3a40c0cb8-1544107698,True,53549286.0,6.804494091716364,60.041,10786.0,2025-01-13T12:48:08.973315211Z,2025-01-13T12:49:09.014708476Z,hong_kong,104857600,51308314.0,51.06857872009277
63ca3798-7166-4b9c-8859-ae752135a259,7d081531-e10c-4046-887b-c16f904fa491,worker-36e2402f87ac4e3084dc0fa5884a54d2-1544107698,True,76752038.0,9.753999050196423,60.034,10783.0,2025-01-13T12:48:08.973779410Z,2025-01-13T12:49:09.007847038Z,hong_kong,104857600,28105562.0,73.19644737243652
63ca3798-7166-4b9c-8859-ae752135a259,7d081531-e10c-4046-887b-c16f904fa491,worker-d8474c22329a4f9c9d8b5b15a4050c16-1544107698,True,98441630.0,12.505620220279669,60.057,10799.0,2025-01-13T12:48:08.981944308Z,2025-01-13T12:49:09.039404798Z,hong_kong,104857600,6415970.0,93.88125419616699
63ca3798-7166-4b9c-8859-ae752135a259,2be9eb4c-88c6-4127-86d1-d236b75d106b,worker-36e2402f87ac4e3084dc0fa5884a54d2-1544107698,True,81035222.0,10.301071004789058,60.018,10577.0,2025-01-13T12:49:28.840226193Z,2025-01-13T12:50:28.858660619Z,hong_kong,104857600,23822378.0,77.28120994567871
63ca3798-7166-4b9c-8859-ae752135a259,2be9eb4c-88c6-4127-86d1-d236b75d106b,worker-d8474c22329a4f9c9d8b5b15a4050c16-1544107698,True,71087462.0,9.038334396947675,60.006,10594.0,2025-01-13T12:49:28.859647920Z,2025-01-13T12:50:28.866034328Z,hong_kong,104857600,33770138.0,67.79428672790527
63ca3798-7166-4b9c-8859-ae752135a259,2be9eb4c-88c6-4127-86d1-d236b75d106b,worker-675ad76da3504964b01c73dd3dcf8484-1544107698,True,102829070.0,13.075392405192057,60.0,10594.0,2025-01-13T12:49:28.865658093Z,2025-01-13T12:50:28.865736465Z,hong_kong,104857600,2028530.0,98.06544303894043
63ca3798-7166-4b9c-8859-ae752135a259,2be9eb4c-88c6-4127-86d1-d236b75d106b,worker-6c1fa2e01c5f4bcd9f283752264af4cd-1544107698,True,38912902.0,4.945970540839103,60.025,10588.0,2025-01-13T12:49:28.852307313Z,2025-01-13T12:50:28.877838080Z,hong_kong,104857600,65944698.0,37.1102352142334
63ca3798-7166-4b9c-8859-ae752135a259,2be9eb4c-88c6-4127-86d1-d236b75d106b,worker-f2a7953884d944f0911eaeddc5121cab-1544107698,True,48681110.0,6.186514440062958,60.035,10588.0,2025-01-13T12:49:28.850210358Z,2025-01-13T12:50:28.885437208Z,hong_kong,104857600,56176490.0,46.42592430114746
63ca3798-7166-4b9c-8859-ae752135a259,2be9eb4c-88c6-4127-86d1-d236b75d106b,worker-a3f82edb11e544cf840e3bb3a40c0cb8-1544107698,True,51378734.0,6.532708356145398,60.004,11308.0,2025-01-13T12:49:29.574000110Z,2025-01-13T12:50:29.578273208Z,hong_kong,104857600,53478866.0,48.998579025268555
63ca3798-7166-4b9c-8859-ae752135a259,2be9eb4c-88c6-4127-86d1-d236b75d106b,worker-4d801bd471204680b066c4ab29059ea3-1544107698,True,66395942.0,8.44211780534618,60.004,11359.0,2025-01-13T12:49:29.623277716Z,2025-01-13T12:50:29.628221250Z,hong_kong,104857600,38461658.0,63.32010459899903
63ca3798-7166-4b9c-8859-ae752135a259,2be9eb4c-88c6-4127-86d1-d236b75d106b,worker-c3ac58b56afe4acd80d3fc5e3d5ea4b1-1544107698,True,62839654.0,7.988744314952464,60.013,11353.0,2025-01-13T12:49:29.615259516Z,2025-01-13T12:50:29.628642531Z,hong_kong,104857600,42017946.0,59.92856407165527
63ca3798-7166-4b9c-8859-ae752135a259,2be9eb4c-88c6-4127-86d1-d236b75d106b,worker-4940465561d9498f9a9b83cd3df83fe0-1544107698,True,68457894.0,8.703420798275157,60.01,11354.0,2025-01-13T12:49:29.616441208Z,2025-01-13T12:50:29.627022226Z,hong_kong,104857600,36399706.0,65.28653526306152
9a7d8296-9d9d-48c5-86af-21460bc4ba69,ba90e1fc-bade-4c4f-bdf9-1980da6ab1ec,worker-0bc923d592cf4923ac745547a2575c8a-1544107698,True,84482910.0,10.742199452319689,60.002,10553.0,2025-01-13T12:42:33.385393458Z,2025-01-13T12:43:33.387911208Z,singapore,104857600,20374690.0,80.56918144226074
9a7d8296-9d9d-48c5-86af-21460bc4ba69,ba90e1fc-bade-4c4f-bdf9-1980da6ab1ec,worker-50d1cc4b17064a848d27b7e7aa902ccd-1544107698,True,74995614.0,9.529832233833044,60.04,10513.0,2025-01-13T12:42:33.345064446Z,2025-01-13T12:43:33.385812055Z,singapore,104857600,29861986.0,71.52139091491699
9a7d8296-9d9d-48c5-86af-21460bc4ba69,ba90e1fc-bade-4c4f-bdf9-1980da6ab1ec,worker-22d212959fda4b9a8190cfa016a60fa6-1544107698,True,86624502.0,11.00992056626276,60.027,10515.0,2025-01-13T12:42:33.351739240Z,2025-01-13T12:43:33.379281726Z,singapore,104857600,18233098.0,82.61156272888184
9a7d8296-9d9d-48c5-86af-21460bc4ba69,ba90e1fc-bade-4c4f-bdf9-1980da6ab1ec,worker-3ac03f864f024837b456c7c0fc6d4c3e-1544107698,True,81708542.0,10.383721220808043,60.035,10532.0,2025-01-13T12:42:33.360530213Z,2025-01-13T12:43:33.395873027Z,singapore,104857600,23149058.0,77.92333793640137
9a7d8296-9d9d-48c5-86af-21460bc4ba69,ba90e1fc-bade-4c4f-bdf9-1980da6ab1ec,worker-61cd8ec6daaf494d97fb8d41a3b73be0-1544107698,True,73095838.0,9.281622173862193,60.084,10513.0,2025-01-13T12:42:33.343833246Z,2025-01-13T12:43:33.428588575Z,singapore,104857600,31761762.0,69.70962333679199
9a7d8296-9d9d-48c5-86af-21460bc4ba69,ba90e1fc-bade-4c4f-bdf9-1980da6ab1ec,worker-b34593b2e8884a15bb1e68287655209f-1544107698,True,66413318.0,8.444749340033786,60.001,10737.0,2025-01-13T12:42:33.571649208Z,2025-01-13T12:43:33.573038863Z,singapore,104857600,38444282.0,63.336675643920906
9a7d8296-9d9d-48c5-86af-21460bc4ba69,a8e99a2b-f45a-475f-8226-c23139d72606,worker-bd0e90f8cfc34b56a88d3ffef54df0aa-1544107698,True,99294502.0,12.622582820281128,60.016,10489.0,2025-01-13T12:44:53.465176703Z,2025-01-13T12:45:53.481892154Z,singapore,104857600,5563098.0,94.69461631774902
9a7d8296-9d9d-48c5-86af-21460bc4ba69,a8e99a2b-f45a-475f-8226-c23139d72606,worker-50d1cc4b17064a848d27b7e7aa902ccd-1544107698,True,78023382.0,9.917219178002629,60.024,10552.0,2025-01-13T12:44:53.518542643Z,2025-01-13T12:45:53.543323644Z,singapore,104857600,26834218.0,74.40889549255371
9a7d8296-9d9d-48c5-86af-21460bc4ba69,a8e99a2b-f45a-475f-8226-c23139d72606,worker-b34593b2e8884a15bb1e68287655209f-1544107698,True,99136670.0,12.60482906331699,60.005,10587.0,2025-01-13T12:44:53.550242631Z,2025-01-13T12:45:53.555469316Z,singapore,104857600,5720930.0,94.54409599304199
9a7d8296-9d9d-48c5-86af-21460bc4ba69,a8e99a2b-f45a-475f-8226-c23139d72606,worker-22d212959fda4b9a8190cfa016a60fa6-1544107698,True,78020486.0,9.91602507477831,60.029,10560.0,2025-01-13T12:44:53.522237941Z,2025-01-13T12:45:53.551519342Z,singapore,104857600,26837114.0,74.4061336517334
9a7d8296-9d9d-48c5-86af-21460bc4ba69,a8e99a2b-f45a-475f-8226-c23139d72606,worker-0bc923d592cf4923ac745547a2575c8a-1544107698,True,64604766.0,8.209311110958945,60.041,10560.0,2025-01-13T12:44:53.528977127Z,2025-01-13T12:45:53.570121771Z,singapore,104857600,40252834.0,61.61190605163574
9a7d8296-9d9d-48c5-86af-21460bc4ba69,a8e99a2b-f45a-475f-8226-c23139d72606,worker-61cd8ec6daaf494d97fb8d41a3b73be0-1544107698,True,51370046.0,6.530188913515519,60.017,10585.0,2025-01-13T12:44:53.551227866Z,2025-01-13T12:45:53.569165272Z,singapore,104857600,53487554.0,48.99029350280762
9a7d8296-9d9d-48c5-86af-21460bc4ba69,a8e99a2b-f45a-475f-8226-c23139d72606,worker-3ac03f864f024837b456c7c0fc6d4c3e-1544107698,True,59063270.0,7.507030105883153,60.026,10581.0,2025-01-13T12:44:53.548643780Z,2025-01-13T12:45:53.575593987Z,singapore,104857600,45794330.0,56.327123641967766
9a7d8296-9d9d-48c5-86af-21460bc4ba69,a8e99a2b-f45a-475f-8226-c23139d72606,worker-2e9760ff2c324641afbcbdd42cd97ec9-1544107698,True,66656582.0,8.468342333981935,60.053,10564.0,2025-01-13T12:44:53.525963112Z,2025-01-13T12:45:53.579332395Z,singapore,104857600,38201018.0,63.56867027282714
11603013-d76a-4ee8-a557-3531e27b0df1,0d39341d-f7d8-42cb-ae20-aecb1c183be6,worker-2bb55820e08d4b73b33a984e3dc33631-1544107698,True,63410168.0,8.063019816080729,60.0,10814.0,2025-01-13T12:38:58.420652120Z,2025-01-13T12:39:58.421113410Z,us_east,104857600,41447432.0,60.472648620605476
11603013-d76a-4ee8-a557-3531e27b0df1,0d39341d-f7d8-42cb-ae20-aecb1c183be6,worker-6994a2026c6b42309660a689e7134c40-1544107698,True,86786680.0,11.035313107737268,60.001,10828.0,2025-01-13T12:38:58.426111469Z,2025-01-13T12:39:58.427546363Z,us_east,104857600,18070920.0,82.76622772216797
11603013-d76a-4ee8-a557-3531e27b0df1,0d39341d-f7d8-42cb-ae20-aecb1c183be6,worker-e103e2eb381f41e7a34a107b0fa63ea1-1544107698,True,80301088.0,10.210641183324029,60.001,10834.0,2025-01-13T12:38:58.431972606Z,2025-01-13T12:39:58.433634519Z,us_east,104857600,24556512.0,76.58108520507812
11603013-d76a-4ee8-a557-3531e27b0df1,0d39341d-f7d8-42cb-ae20-aecb1c183be6,worker-d1ff53d716f142f5ba87ab2116f72493-1544107698,True,49101032.0,6.2409187008668265,60.025,10813.0,2025-01-13T12:38:58.415023270Z,2025-01-13T12:39:58.440554959Z,us_east,104857600,55756568.0,46.826393127441406
11603013-d76a-4ee8-a557-3531e27b0df1,0d39341d-f7d8-42cb-ae20-aecb1c183be6,worker-7501fb23976a4df39f97f2c6e1595f7e-1544107698,True,68492648.0,8.707839261490273,60.01,10828.0,2025-01-13T12:38:58.431540453Z,2025-01-13T12:39:58.441595622Z,us_east,104857600,36364952.0,65.3196792602539
11603013-d76a-4ee8-a557-3531e27b0df1,0d39341d-f7d8-42cb-ae20-aecb1c183be6,worker-3ab9affb0bd14884bf828e32075df7d5-1544107698,True,101113192.0,12.848213485260835,60.042,10792.0,2025-01-13T12:38:58.414732690Z,2025-01-13T12:39:58.457469192Z,us_east,104857600,3744408.0,96.4290542602539
11603013-d76a-4ee8-a557-3531e27b0df1,0d39341d-f7d8-42cb-ae20-aecb1c183be6,worker-0fe89cf787324cf48d221ebef7a57aa0-1544107698,True,56007992.0,7.113840675763626,60.067,10799.0,2025-01-13T12:38:58.398328347Z,2025-01-13T12:39:58.465634318Z,us_east,104857600,48849608.0,53.413383483886726
11603013-d76a-4ee8-a557-3531e27b0df1,0d39341d-f7d8-42cb-ae20-aecb1c183be6,worker-82bc56ba50f947e88a2af6c26facc860-1544107698,True,85760048.0,10.8927904042309,60.067,10813.0,2025-01-13T12:38:58.418404090Z,2025-01-13T12:39:58.486024621Z,us_east,104857600,19097552.0,81.78715515136719
11603013-d76a-4ee8-a557-3531e27b0df1,18ed96cd-946f-4f44-b0b1-161ca3398a12,worker-0fe89cf787324cf48d221ebef7a57aa0-1544107698,True,77591880.0,9.865824457800548,60.003,11039.0,2025-01-13T12:40:18.720459479Z,2025-01-13T12:41:18.723672399Z,us_east,104857600,27265720.0,73.99738311767578
11603013-d76a-4ee8-a557-3531e27b0df1,18ed96cd-946f-4f44-b0b1-161ca3398a12,worker-d2b73c00c10042c5b46b0c38cd746a29-1544107698,True,78604032.0,9.992687904072383,60.014,11030.0,2025-01-13T12:40:18.709716898Z,2025-01-13T12:41:18.723966676Z,us_east,104857600,26253568.0,74.962646484375
11603013-d76a-4ee8-a557-3531e27b0df1,18ed96cd-946f-4f44-b0b1-161ca3398a12,worker-2bb55820e08d4b73b33a984e3dc33631-1544107698,True,60318688.0,7.669150890900493,60.006,11049.0,2025-01-13T12:40:18.727332100Z,2025-01-13T12:41:18.733522751Z,us_east,104857600,44538912.0,57.524383544921875
11603013-d76a-4ee8-a557-3531e27b0df1,18ed96cd-946f-4f44-b0b1-161ca3398a12,worker-7501fb23976a4df39f97f2c6e1595f7e-1544107698,True,55993512.0,7.1162664996132206,60.031,11024.0,2025-01-13T12:40:18.706736115Z,2025-01-13T12:41:18.738599199Z,us_east,104857600,48864088.0,53.399574279785156
11603013-d76a-4ee8-a557-3531e27b0df1,18ed96cd-946f-4f44-b0b1-161ca3398a12,worker-82bc56ba50f947e88a2af6c26facc860-1544107698,True,66330784.0,8.433833089512783,60.004,11060.0,2025-01-13T12:40:18.746320674Z,2025-01-13T12:41:18.750736474Z,us_east,104857600,38526816.0,63.257965087890625
11603013-d76a-4ee8-a557-3531e27b0df1,18ed96cd-946f-4f44-b0b1-161ca3398a12,worker-cec6abfb88e24b0bb4fc30086c4bedd7-1544107698,True,90564512.0,11.513762353203996,60.011,11066.0,2025-01-13T12:40:18.742985297Z,2025-01-13T12:41:18.754449668Z,us_east,104857600,14293088.0,86.36904907226562
11603013-d76a-4ee8-a557-3531e27b0df1,18ed96cd-946f-4f44-b0b1-161ca3398a12,worker-3ab9affb0bd14884bf828e32075df7d5-1544107698,True,73760472.0,9.369447266145295,60.062,11001.0,2025-01-13T12:40:18.694079688Z,2025-01-13T12:41:18.756457656Z,us_east,104857600,31097128.0,70.34346771240234
11603013-d76a-4ee8-a557-3531e27b0df1,18ed96cd-946f-4f44-b0b1-161ca3398a12,worker-6994a2026c6b42309660a689e7134c40-1544107698,True,43294552.0,5.501794197939916,60.037,11045.0,2025-01-13T12:40:18.724392937Z,2025-01-13T12:41:18.761829599Z,us_east,104857600,61563048.0,41.288902282714844
11603013-d76a-4ee8-a557-3531e27b0df1,18ed96cd-946f-4f44-b0b1-161ca3398a12,worker-d1ff53d716f142f5ba87ab2116f72493-1544107698,True,59160288.0,7.518860198806847,60.03,11053.0,2025-01-13T12:40:18.742626343Z,2025-01-13T12:41:18.772914160Z,us_east,104857600,45697312.0,56.419647216796875
11603013-d76a-4ee8-a557-3531e27b0df1,18ed96cd-946f-4f44-b0b1-161ca3398a12,worker-e103e2eb381f41e7a34a107b0fa63ea1-1544107698,True,65482256.0,8.316242730970345,60.074,11051.0,2025-01-13T12:40:18.727623009Z,2025-01-13T12:41:18.802082755Z,us_east,104857600,39375344.0,62.44874572753907
e7cfd0e0-cb64-4cb6-be33-e736988fd089,835c57d6-bce6-4c93-8498-a9779133aa97,worker-e103e2eb381f41e7a34a107b0fa63ea1-1544107698,True,13949612.0,1.7724555501017465,60.045,10615.0,2025-01-13T12:33:57.745849288Z,2025-01-13T12:34:57.791584061Z,us_east,104857600,90907988.0,13.303386688232422
e7cfd0e0-cb64-4cb6-be33-e736988fd089,d2e19aa5-8593-46b0-8733-e6cade2d302e,worker-e103e2eb381f41e7a34a107b0fa63ea1-1544107698,True,12342152.0,1.5692811641333286,60.004,10497.0,2025-01-13T12:35:17.857981841Z,2025-01-13T12:36:17.862427860Z,us_east,104857600,92515448.0,11.770393371582031
e7cfd0e0-cb64-4cb6-be33-e736988fd089,d2e19aa5-8593-46b0-8733-e6cade2d302e,worker-6994a2026c6b42309660a689e7134c40-1544107698,True,9836792.0,1.2505209965981896,60.014,10531.0,2025-01-13T12:35:17.894498724Z,2025-01-13T12:36:17.908903295Z,us_east,104857600,95020808.0,9.381095886230469
e7cfd0e0-cb64-4cb6-be33-e736988fd089,d2e19aa5-8593-46b0-8733-e6cade2d302e,worker-2bb55820e08d4b73b33a984e3dc33631-1544107698,True,8829392.0,1.1221541735642595,60.03,10511.0,2025-01-13T12:35:17.883130675Z,2025-01-13T12:36:17.913240758Z,us_east,104857600,96028208.0,8.420364379882812
e7cfd0e0-cb64-4cb6-be33-e736988fd089,d2e19aa5-8593-46b0-8733-e6cade2d302e,worker-cec6abfb88e24b0bb4fc30086c4bedd7-1544107698,True,9487852.0,1.2061211370652722,60.016,10538.0,2025-01-13T12:35:17.901876093Z,2025-01-13T12:36:17.918799946Z,us_east,104857600,95369748.0,9.048320770263672
e7cfd0e0-cb64-4cb6-be33-e736988fd089,d2e19aa5-8593-46b0-8733-e6cade2d302e,worker-82bc56ba50f947e88a2af6c26facc860-1544107698,True,9925852.0,1.2604987011351387,60.078,10519.0,2025-01-13T12:35:17.881860449Z,2025-01-13T12:36:17.960416921Z,us_east,104857600,94931748.0,9.46603012084961
e7cfd0e0-cb64-4cb6-be33-e736988fd089,d2e19aa5-8593-46b0-8733-e6cade2d302e,worker-d2b73c00c10042c5b46b0c38cd746a29-1544107698,True,8493592.0,1.0783984748788276,60.09,10532.0,2025-01-13T12:35:17.902729667Z,2025-01-13T12:36:17.993438088Z,us_east,104857600,96364008.0,8.100120544433594
e7cfd0e0-cb64-4cb6-be33-e736988fd089,d2e19aa5-8593-46b0-8733-e6cade2d302e,worker-d1ff53d716f142f5ba87ab2116f72493-1544107698,True,11742092.0,1.490004864783354,60.124,10518.0,2025-01-13T12:35:17.880686662Z,2025-01-13T12:36:18.005122679Z,us_east,104857600,93115508.0,11.198131561279297
e7cfd0e0-cb64-4cb6-be33-e736988fd089,d2e19aa5-8593-46b0-8733-e6cade2d302e,worker-0fe89cf787324cf48d221ebef7a57aa0-1544107698,True,9099492.0,1.1568867086929149,60.009,11536.0,2025-01-13T12:35:18.902736480Z,2025-01-13T12:36:18.912240569Z,us_east,104857600,95758108.0,8.67795181274414
e7cfd0e0-cb64-4cb6-be33-e736988fd089,86f7ed84-9097-437c-90a8-2095ca85cb26,worker-cec6abfb88e24b0bb4fc30086c4bedd7-1544107698,True,9035252.0,1.1485471391460167,60.018,10508.0,2025-01-13T12:36:37.961439294Z,2025-01-13T12:37:37.979713385Z,us_east,104857600,95822348.0,8.616687774658203
e7cfd0e0-cb64-4cb6-be33-e736988fd089,86f7ed84-9097-437c-90a8-2095ca85cb26,worker-2bb55820e08d4b73b33a984e3dc33631-1544107698,True,12232652.0,1.5538047461288689,60.064,10501.0,2025-01-13T12:36:37.955140637Z,2025-01-13T12:37:38.019806493Z,us_east,104857600,92624948.0,11.665966033935547
e7cfd0e0-cb64-4cb6-be33-e736988fd089,86f7ed84-9097-437c-90a8-2095ca85cb26,worker-3ab9affb0bd14884bf828e32075df7d5-1544107698,True,7302232.0,0.9278154895699756,60.046,10535.0,2025-01-13T12:36:37.989683868Z,2025-01-13T12:37:38.036190617Z,us_east,104857600,97555368.0,6.963951110839845
e7cfd0e0-cb64-4cb6-be33-e736988fd089,86f7ed84-9097-437c-90a8-2095ca85cb26,worker-82bc56ba50f947e88a2af6c26facc860-1544107698,True,9265932.0,1.176714065744534,60.077,10505.0,2025-01-13T12:36:37.965515156Z,2025-01-13T12:37:38.042836607Z,us_east,104857600,95591668.0,8.836681365966797
e7cfd0e0-cb64-4cb6-be33-e736988fd089,86f7ed84-9097-437c-90a8-2095ca85cb26,worker-d1ff53d716f142f5ba87ab2116f72493-1544107698,True,6662752.0,0.8463945464696626,60.058,10549.0,2025-01-13T12:36:38.005023177Z,2025-01-13T12:37:38.063551703Z,us_east,104857600,98194848.0,6.354095458984375
e7cfd0e0-cb64-4cb6-be33-e736988fd089,86f7ed84-9097-437c-90a8-2095ca85cb26,worker-e103e2eb381f41e7a34a107b0fa63ea1-1544107698,True,9216292.0,1.1696702617184251,60.115,10516.0,2025-01-13T12:36:37.969926391Z,2025-01-13T12:37:38.085297863Z,us_east,104857600,95641308.0,8.78934097290039
e7cfd0e0-cb64-4cb6-be33-e736988fd089,86f7ed84-9097-437c-90a8-2095ca85cb26,worker-d2b73c00c10042c5b46b0c38cd746a29-1544107698,True,9820732.0,1.246817303119644,60.094,10541.0,2025-01-13T12:36:37.994142559Z,2025-01-13T12:37:38.088279435Z,us_east,104857600,95036868.0,9.365779876708984
e7cfd0e0-cb64-4cb6-be33-e736988fd089,86f7ed84-9097-437c-90a8-2095ca85cb26,worker-7501fb23976a4df39f97f2c6e1595f7e-1544107698,True,7880392.0,1.000592800920436,60.087,10559.0,2025-01-13T12:36:38.012982221Z,2025-01-13T12:37:38.100724638Z,us_east,104857600,96977208.0,7.515327453613281
e7cfd0e0-cb64-4cb6-be33-e736988fd089,86f7ed84-9097-437c-90a8-2095ca85cb26,worker-6994a2026c6b42309660a689e7134c40-1544107698,True,10898212.0,1.382208611639982,60.155,10513.0,2025-01-13T12:36:37.966106942Z,2025-01-13T12:37:38.121513326Z,us_east,104857600,93959388.0,10.39334487915039
e7cfd0e0-cb64-4cb6-be33-e736988fd089,86f7ed84-9097-437c-90a8-2095ca85cb26,worker-0fe89cf787324cf48d221ebef7a57aa0-1544107698,True,7967992.0,1.010286422087412,60.172,10533.0,2025-01-13T12:36:37.999341824Z,2025-01-13T12:37:38.171892775Z,us_east,104857600,96889608.0,7.598869323730469
5ab38e34-c1a6-478e-ae9b-b502608205e5,7174ea45-8644-481c-b767-b7f12c25fd68,worker-6c1fa2e01c5f4bcd9f283752264af4cd-1544107698,True,24645572.0,3.1328022698488525,60.02,10281.0,2025-01-13T12:28:06.767228917Z,2025-01-13T12:29:06.787757674Z,hong_kong,104857600,80212028.0,23.503849029541016
5ab38e34-c1a6-478e-ae9b-b502608205e5,a057e966-83a9-47e6-bf0f-b84c65994c34,worker-a3f82edb11e544cf840e3bb3a40c0cb8-1544107698,True,19922472.0,2.532513561361279,60.018,10274.0,2025-01-13T12:29:26.825510181Z,2025-01-13T12:30:26.843558244Z,hong_kong,104857600,84935128.0,18.999549865722656
5ab38e34-c1a6-478e-ae9b-b502608205e5,a057e966-83a9-47e6-bf0f-b84c65994c34,worker-6c1fa2e01c5f4bcd9f283752264af4cd-1544107698,True,15158492.0,1.9260573897376447,60.045,10247.0,2025-01-13T12:29:26.798548158Z,2025-01-13T12:30:26.843653116Z,hong_kong,104857600,89699108.0,14.456264495849611
5ab38e34-c1a6-478e-ae9b-b502608205e5,a057e966-83a9-47e6-bf0f-b84c65994c34,worker-4940465561d9498f9a9b83cd3df83fe0-1544107698,True,17453612.0,2.2191566026724336,60.005,10286.0,2025-01-13T12:29:26.840193202Z,2025-01-13T12:30:26.845725181Z,hong_kong,104857600,87403988.0,16.645061492919922
5ab38e34-c1a6-478e-ae9b-b502608205e5,a057e966-83a9-47e6-bf0f-b84c65994c34,worker-4d801bd471204680b066c4ab29059ea3-1544107698,True,19087352.0,2.4257077483566603,60.034,10271.0,2025-01-13T12:29:26.835162001Z,2025-01-13T12:30:26.869883381Z,hong_kong,104857600,85770248.0,18.20311737060547
5ab38e34-c1a6-478e-ae9b-b502608205e5,a057e966-83a9-47e6-bf0f-b84c65994c34,worker-675ad76da3504964b01c73dd3dcf8484-1544107698,True,14116052.0,1.794679630249473,60.009,10295.0,2025-01-13T12:29:26.854962467Z,2025-01-13T12:30:26.864263308Z,hong_kong,104857600,90741548.0,13.462116241455076
5ab38e34-c1a6-478e-ae9b-b502608205e5,a057e966-83a9-47e6-bf0f-b84c65994c34,worker-f2a7953884d944f0911eaeddc5121cab-1544107698,True,21797112.0,2.769476694753173,60.047,10281.0,2025-01-13T12:29:26.837384524Z,2025-01-13T12:30:26.885011053Z,hong_kong,104857600,83060488.0,20.78734588623047
5ab38e34-c1a6-478e-ae9b-b502608205e5,a057e966-83a9-47e6-bf0f-b84c65994c34,worker-c3ac58b56afe4acd80d3fc5e3d5ea4b1-1544107698,True,15320552.0,1.9459035700294876,60.068,10279.0,2025-01-13T12:29:26.836342691Z,2025-01-13T12:30:26.904585197Z,hong_kong,104857600,89537048.0,14.610816955566404
5ab38e34-c1a6-478e-ae9b-b502608205e5,a057e966-83a9-47e6-bf0f-b84c65994c34,worker-d8474c22329a4f9c9d8b5b15a4050c16-1544107698,True,19320952.0,2.456049277339194,60.018,10257.0,2025-01-13T12:29:26.817914990Z,2025-01-13T12:30:26.836380428Z,hong_kong,104857600,85536648.0,18.42589569091797
5ab38e34-c1a6-478e-ae9b-b502608205e5,bc325a7a-45c7-43f5-8b0f-0dcaf64a9e57,worker-c3ac58b56afe4acd80d3fc5e3d5ea4b1-1544107698,True,15157032.0,1.9272841627769743,60.001,10235.0,2025-01-13T12:31:46.933873992Z,2025-01-13T12:32:46.934962527Z,hong_kong,104857600,89700568.0,14.454872131347656
5ab38e34-c1a6-478e-ae9b-b502608205e5,bc325a7a-45c7-43f5-8b0f-0dcaf64a9e57,worker-a3f82edb11e544cf840e3bb3a40c0cb8-1544107698,True,17141172.0,2.1789953499177837,60.017,10238.0,2025-01-13T12:31:46.934298667Z,2025-01-13T12:32:46.951636573Z,hong_kong,104857600,87716428.0,16.347095489501953
5ab38e34-c1a6-478e-ae9b-b502608205e5,bc325a7a-45c7-43f5-8b0f-0dcaf64a9e57,worker-6ba82886da384cb68456c19752df579e-1544107698,True,15742492.0,2.000694335904966,60.032,10233.0,2025-01-13T12:31:46.929844185Z,2025-01-13T12:32:46.962200513Z,hong_kong,104857600,89115108.0,15.013210296630861
5ab38e34-c1a6-478e-ae9b-b502608205e5,bc325a7a-45c7-43f5-8b0f-0dcaf64a9e57,worker-d8474c22329a4f9c9d8b5b15a4050c16-1544107698,True,15765852.0,2.0036965072928465,60.031,10246.0,2025-01-13T12:31:46.943277842Z,2025-01-13T12:32:46.974469741Z,hong_kong,104857600,89091748.0,15.035488128662108
5ab38e34-c1a6-478e-ae9b-b502608205e5,bc325a7a-45c7-43f5-8b0f-0dcaf64a9e57,worker-4940465561d9498f9a9b83cd3df83fe0-1544107698,True,14354032.0,1.8251487157459336,60.002,10273.0,2025-01-13T12:31:46.968516849Z,2025-01-13T12:32:46.971259320Z,hong_kong,104857600,90503568.0,13.689071655273438
5ab38e34-c1a6-478e-ae9b-b502608205e5,bc325a7a-45c7-43f5-8b0f-0dcaf64a9e57,worker-4d801bd471204680b066c4ab29059ea3-1544107698,True,16297292.0,2.0716173018824455,60.02,10263.0,2025-01-13T12:31:46.968164864Z,2025-01-13T12:32:46.988875065Z,hong_kong,104857600,88560308.0,15.542308807373049
5ab38e34-c1a6-478e-ae9b-b502608205e5,bc325a7a-45c7-43f5-8b0f-0dcaf64a9e57,worker-675ad76da3504964b01c73dd3dcf8484-1544107698,True,5180852.0,0.6585269632643423,60.023,10269.0,2025-01-13T12:31:46.969436159Z,2025-01-13T12:32:46.992673908Z,hong_kong,104857600,99676748.0,4.940845489501953
5ab38e34-c1a6-478e-ae9b-b502608205e5,bc325a7a-45c7-43f5-8b0f-0dcaf64a9e57,worker-36e2402f87ac4e3084dc0fa5884a54d2-1544107698,True,4831912.0,0.6141841822711881,60.022,10284.0,2025-01-13T12:31:46.982402762Z,2025-01-13T12:32:47.005375165Z,hong_kong,104857600,100025688.0,4.608070373535156
5ab38e34-c1a6-478e-ae9b-b502608205e5,bc325a7a-45c7-43f5-8b0f-0dcaf64a9e57,worker-f2a7953884d944f0911eaeddc5121cab-1544107698,True,5059672.0,0.6427278369417041,60.06,10280.0,2025-01-13T12:31:46.974872593Z,2025-01-13T12:32:47.035303730Z,hong_kong,104857600,99797928.0,4.825279235839844
5ab38e34-c1a6-478e-ae9b-b502608205e5,bc325a7a-45c7-43f5-8b0f-0dcaf64a9e57,worker-6c1fa2e01c5f4bcd9f283752264af4cd-1544107698,True,17085692.0,2.171110678005028,60.04,11281.0,2025-01-13T12:31:47.980141331Z,2025-01-13T12:32:48.020736860Z,hong_kong,104857600,87771908.0,16.294185638427734
61e021aa-be64-478c-b629-2b765c056351,af91b855-9c07-4341-8426-f844a39ad14c,worker-22d212959fda4b9a8190cfa016a60fa6-1544107698,True,23857172.0,3.027944130754103,60.112,10244.0,2025-01-13T12:23:04.433060553Z,2025-01-13T12:24:04.545868840Z,singapore,104857600,81000428.0,22.751972198486328
61e021aa-be64-478c-b629-2b765c056351,9401c51e-bd64-45ce-88a0-f9a5ecc224fc,worker-f1ee4ce68fb1439992d26a174e7c888d-1544107698,True,21032072.0,2.6738760410200837,60.011,10251.0,2025-01-13T12:24:24.526795355Z,2025-01-13T12:25:24.537886193Z,singapore,104857600,83825528.0,20.05774688720703
61e021aa-be64-478c-b629-2b765c056351,9401c51e-bd64-45ce-88a0-f9a5ecc224fc,worker-22d212959fda4b9a8190cfa016a60fa6-1544107698,True,23271712.0,2.9587073983173355,60.009,10311.0,2025-01-13T12:24:24.586695144Z,2025-01-13T12:25:24.596242059Z,singapore,104857600,81585888.0,22.193634033203125
61e021aa-be64-478c-b629-2b765c056351,9401c51e-bd64-45ce-88a0-f9a5ecc224fc,worker-0d969b026759411dae564de798730659-1544107698,True,24379852.0,3.0971678020761355,60.056,10273.0,2025-01-13T12:24:24.545802720Z,2025-01-13T12:25:24.602426618Z,singapore,104857600,80477748.0,23.250438690185547
61e021aa-be64-478c-b629-2b765c056351,9401c51e-bd64-45ce-88a0-f9a5ecc224fc,worker-0bc923d592cf4923ac745547a2575c8a-1544107698,True,21031584.0,2.6718549988031803,60.055,10281.0,2025-01-13T12:24:24.553884297Z,2025-01-13T12:25:24.609467745Z,singapore,104857600,83826016.0,20.057281494140625
61e021aa-be64-478c-b629-2b765c056351,9401c51e-bd64-45ce-88a0-f9a5ecc224fc,worker-61cd8ec6daaf494d97fb8d41a3b73be0-1544107698,True,9538952.0,1.2124958885518018,60.022,10418.0,2025-01-13T12:24:24.691387868Z,2025-01-13T12:25:24.713754001Z,singapore,104857600,95318648.0,9.097053527832031
61e021aa-be64-478c-b629-2b765c056351,9401c51e-bd64-45ce-88a0-f9a5ecc224fc,worker-b34593b2e8884a15bb1e68287655209f-1544107698,True,18370492.0,2.335773135143855,60.004,10458.0,2025-01-13T12:24:24.735908165Z,2025-01-13T12:25:24.740209Z,singapore,104857600,86487108.0,17.519466400146484
61e021aa-be64-478c-b629-2b765c056351,9401c51e-bd64-45ce-88a0-f9a5ecc224fc,worker-3ac03f864f024837b456c7c0fc6d4c3e-1544107698,True,15522032.0,1.9734324193818844,60.009,10491.0,2025-01-13T12:24:24.764297681Z,2025-01-13T12:25:24.773797825Z,singapore,104857600,89335568.0,14.802963256835938
61e021aa-be64-478c-b629-2b765c056351,9401c51e-bd64-45ce-88a0-f9a5ecc224fc,worker-bd0e90f8cfc34b56a88d3ffef54df0aa-1544107698,True,21132812.0,2.6820800529449778,60.114,10393.0,2025-01-13T12:24:24.666743084Z,2025-01-13T12:25:24.781093226Z,singapore,104857600,83724788.0,20.153820037841797
61e021aa-be64-478c-b629-2b765c056351,af07d920-533f-4b8f-bc72-bde5e1d6c61b,worker-0d969b026759411dae564de798730659-1544107698,True,22405932.0,2.847448030588656,60.034,10170.0,2025-01-13T12:25:44.514342681Z,2025-01-13T12:26:44.549320106Z,singapore,104857600,82451668.0,21.367961883544922
61e021aa-be64-478c-b629-2b765c056351,af07d920-533f-4b8f-bc72-bde5e1d6c61b,worker-f1ee4ce68fb1439992d26a174e7c888d-1544107698,True,18284352.0,2.324898089334522,60.002,10208.0,2025-01-13T12:25:44.555933427Z,2025-01-13T12:26:44.558351679Z,singapore,104857600,86573248.0,17.43731689453125
61e021aa-be64-478c-b629-2b765c056351,af07d920-533f-4b8f-bc72-bde5e1d6c61b,worker-bd0e90f8cfc34b56a88d3ffef54df0aa-1544107698,True,18811412.0,2.3917156971335114,60.007,10205.0,2025-01-13T12:25:44.548320936Z,2025-01-13T12:26:44.556206230Z,singapore,104857600,86046188.0,17.939960479736328
61e021aa-be64-478c-b629-2b765c056351,af07d920-533f-4b8f-bc72-bde5e1d6c61b,worker-61cd8ec6daaf494d97fb8d41a3b73be0-1544107698,True,6798532.0,0.8638014032562514,60.047,10174.0,2025-01-13T12:25:44.519505955Z,2025-01-13T12:26:44.567458807Z,singapore,104857600,98059068.0,6.4835853576660165
61e021aa-be64-478c-b629-2b765c056351,af07d920-533f-4b8f-bc72-bde5e1d6c61b,worker-22d212959fda4b9a8190cfa016a60fa6-1544107698,True,18037612.0,2.2922638185993067,60.035,10209.0,2025-01-13T12:25:44.552466755Z,2025-01-13T12:26:44.588448832Z,singapore,104857600,86819988.0,17.202007293701172
61e021aa-be64-478c-b629-2b765c056351,af07d920-533f-4b8f-bc72-bde5e1d6c61b,worker-50d1cc4b17064a848d27b7e7aa902ccd-1544107698,True,20205712.0,2.5670643547727385,60.052,10195.0,2025-01-13T12:25:44.544385003Z,2025-01-13T12:26:44.596431718Z,singapore,104857600,84651888.0,19.269668579101562
61e021aa-be64-478c-b629-2b765c056351,af07d920-533f-4b8f-bc72-bde5e1d6c61b,worker-2e9760ff2c324641afbcbdd42cd97ec9-1544107698,True,6297752.0,0.799987257421101,60.061,10196.0,2025-01-13T12:25:44.541903865Z,2025-01-13T12:26:44.603458800Z,singapore,104857600,98559848.0,6.006004333496094
61e021aa-be64-478c-b629-2b765c056351,af07d920-533f-4b8f-bc72-bde5e1d6c61b,worker-b34593b2e8884a15bb1e68287655209f-1544107698,True,11093852.0,1.410656229654948,60.0,10267.0,2025-01-13T12:25:44.614619249Z,2025-01-13T12:26:44.614883238Z,singapore,104857600,93763748.0,10.57992172241211
61e021aa-be64-478c-b629-2b765c056351,af07d920-533f-4b8f-bc72-bde5e1d6c61b,worker-0bc923d592cf4923ac745547a2575c8a-1544107698,True,20716712.0,2.632204260633858,60.047,10202.0,2025-01-13T12:25:44.549558552Z,2025-01-13T12:26:44.597144981Z,singapore,104857600,84140888.0,19.756996154785156
61e021aa-be64-478c-b629-2b765c056351,af07d920-533f-4b8f-bc72-bde5e1d6c61b,worker-3ac03f864f024837b456c7c0fc6d4c3e-1544107698,True,13123252.0,1.6686521622781845,60.002,10284.0,2025-01-13T12:25:44.626947967Z,2025-01-13T12:26:44.629441604Z,singapore,104857600,91734348.0,12.515308380126951
aef4f589-395e-4fed-b4a0-90e6ad20134a,f0e62280-8141-43f2-98d4-99a8f1c4066e,worker-a1d391bd71164577874cd37fb2a21446-1544107698,True,2506293.0,0.3175115505356783,60.223,10379.0,2025-01-10T13:53:26.677087310Z,2025-01-10T13:54:26.900206120Z,us_east,104857600,102351307.0,2.3901872634887695
e21fde0b-243c-42c1-81c3-32b49651dbdd,423380c4-2a5a-43c5-9b36-7f47343f54a7,worker-0fe75dfcfffb4b42a1d416d4c4b1787d-1544107698,True,1125500.0,0.1426037290529249,60.215,11188.0,2024-12-18T15:21:00.251000644Z,2024-12-18T15:22:00.466287604Z,hong_kong,104857600,103732100.0,1.0733604431152344
e21fde0b-243c-42c1-81c3-32b49651dbdd,423380c4-2a5a-43c5-9b36-7f47343f54a7,worker-f642ee41a7ef4b7b80aadd3fe35a8eea-1544107698,True,1150756.0,0.1462092248401799,60.048,12507.0,2024-12-18T15:21:01.572610318Z,2024-12-18T15:22:01.621465908Z,hong_kong,104857600,103706844.0,1.0974464416503906
e21fde0b-243c-42c1-81c3-32b49651dbdd,423380c4-2a5a-43c5-9b36-7f47343f54a7,worker-9341b19cf4a24008852cd01493803e1e-1544107698,True,873940.0,0.111106848021873,60.011,12815.0,2024-12-18T15:21:01.877999001Z,2024-12-18T15:22:01.889647362Z,hong_kong,104857600,103983660.0,0.8334541320800781
e21fde0b-243c-42c1-81c3-32b49651dbdd,423380c4-2a5a-43c5-9b36-7f47343f54a7,worker-4398e5a675d647f896152d26710fdfb3-1544107698,True,1023084.0,0.1296812007743707,60.19,12817.0,2024-12-18T15:21:01.888114364Z,2024-12-18T15:22:02.078329168Z,hong_kong,104857600,103834516.0,0.9756889343261719
e21fde0b-243c-42c1-81c3-32b49651dbdd,423380c4-2a5a-43c5-9b36-7f47343f54a7,worker-4e00d7b178f74e2ba9e6c008135c01b0-1544107698,True,1095484.0,0.1391101952143252,60.081,12822.0,2024-12-18T15:21:01.882231171Z,2024-12-18T15:22:01.964140419Z,hong_kong,104857600,103762116.0,1.0447349548339844
e21fde0b-243c-42c1-81c3-32b49651dbdd,423380c4-2a5a-43c5-9b36-7f47343f54a7,worker-20adfa6ecf4e484492a1945d650c7097-1544107698,True,978196.0,0.1241461068433939,60.115,12819.0,2024-12-18T15:21:01.879317737Z,2024-12-18T15:22:01.995287561Z,hong_kong,104857600,103879404.0,0.932880401611328
e21fde0b-243c-42c1-81c3-32b49651dbdd,423380c4-2a5a-43c5-9b36-7f47343f54a7,worker-8ae4a376fad448a29ba10958d74c2fab-1544107698,True,1049148.0,0.1330225186324742,60.173,12819.0,2024-12-18T15:21:01.883051359Z,2024-12-18T15:22:02.056199251Z,hong_kong,104857600,103808452.0,1.0005455017089844
e21fde0b-243c-42c1-81c3-32b49651dbdd,423380c4-2a5a-43c5-9b36-7f47343f54a7,worker-c3a79ce8d38d4f759ad7105bb58535f0-1544107698,True,1024532.0,0.1294496602999292,60.383,12821.0,2024-12-18T15:21:01.881525114Z,2024-12-18T15:22:02.265200538Z,hong_kong,104857600,103833068.0,0.9770698547363281
e21fde0b-243c-42c1-81c3-32b49651dbdd,9e454ee0-3f51-40c9-b209-cb04a813b102,worker-4e00d7b178f74e2ba9e6c008135c01b0-1544107698,True,930020.0,0.117961289121596,60.151,11148.0,2024-12-18T15:22:20.323599751Z,2024-12-18T15:23:20.475537131Z,hong_kong,104857600,103927580.0,0.8869361877441407
e21fde0b-243c-42c1-81c3-32b49651dbdd,9e454ee0-3f51-40c9-b209-cb04a813b102,worker-96868f4327ce4ff083395bafabbccf4c-1544107698,True,784164.0,0.0995324504758622,60.108,12299.0,2024-12-18T15:22:21.476237222Z,2024-12-18T15:23:21.584719726Z,hong_kong,104857600,104073436.0,0.7478370666503906
e21fde0b-243c-42c1-81c3-32b49651dbdd,9e454ee0-3f51-40c9-b209-cb04a813b102,worker-a22b588701874d1685f95907e9889744-1544107698,True,800092.0,0.1016759532496648,60.036,12574.0,2024-12-18T15:22:21.751726112Z,2024-12-18T15:23:21.788626709Z,hong_kong,104857600,104057508.0,0.7630271911621094
e21fde0b-243c-42c1-81c3-32b49651dbdd,9e454ee0-3f51-40c9-b209-cb04a813b102,worker-9341b19cf4a24008852cd01493803e1e-1544107698,True,884076.0,0.1117696753709277,60.347,12298.0,2024-12-18T15:22:21.474031062Z,2024-12-18T15:23:21.821314743Z,hong_kong,104857600,103973524.0,0.8431205749511719
e21fde0b-243c-42c1-81c3-32b49651dbdd,9e454ee0-3f51-40c9-b209-cb04a813b102,worker-0fe75dfcfffb4b42a1d416d4c4b1787d-1544107698,True,805884.0,0.1022570057116083,60.127,12611.0,2024-12-18T15:22:21.787934872Z,2024-12-18T15:23:21.915907181Z,hong_kong,104857600,104051716.0,0.7685508728027344
e21fde0b-243c-42c1-81c3-32b49651dbdd,9e454ee0-3f51-40c9-b209-cb04a813b102,worker-c3a79ce8d38d4f759ad7105bb58535f0-1544107698,True,868148.0,0.1103815282645717,60.005,12987.0,2024-12-18T15:22:22.164828928Z,2024-12-18T15:23:22.170500186Z,hong_kong,104857600,103989452.0,0.8279304504394531
e21fde0b-243c-42c1-81c3-32b49651dbdd,9e454ee0-3f51-40c9-b209-cb04a813b102,worker-f642ee41a7ef4b7b80aadd3fe35a8eea-1544107698,True,813124.0,0.1033527222249121,60.024,13063.0,2024-12-18T15:22:22.238575663Z,2024-12-18T15:23:22.262924517Z,hong_kong,104857600,104044476.0,0.7754554748535156
e21fde0b-243c-42c1-81c3-32b49651dbdd,9e454ee0-3f51-40c9-b209-cb04a813b102,worker-8ae4a376fad448a29ba10958d74c2fab-1544107698,True,717804.0,0.0910504249939211,60.147,13146.0,2024-12-18T15:22:22.324526740Z,2024-12-18T15:23:22.472179403Z,hong_kong,104857600,104139796.0,0.6845512390136719
e21fde0b-243c-42c1-81c3-32b49651dbdd,9e454ee0-3f51-40c9-b209-cb04a813b102,worker-20adfa6ecf4e484492a1945d650c7097-1544107698,True,865500.0,0.1095373648756179,60.283,13060.0,2024-12-18T15:22:22.235848306Z,2024-12-18T15:23:22.519707844Z,hong_kong,104857600,103992100.0,0.8254051208496094
e21fde0b-243c-42c1-81c3-32b49651dbdd,9e454ee0-3f51-40c9-b209-cb04a813b102,worker-4398e5a675d647f896152d26710fdfb3-1544107698,True,845228.0,0.1073260415561443,60.084,13633.0,2024-12-18T15:22:22.811026751Z,2024-12-18T15:23:22.895636467Z,hong_kong,104857600,104012372.0,0.806072235107422
3ed65aec-5697-404b-b869-567804eec977,33f37e53-d6ec-4cb6-a7b4-da852b28a58f,worker-ca8b2812024149d1b919d63b0dfd55d6-1544107698,True,1396840.0,0.1775611632488253,60.019,10989.0,2024-12-18T15:17:12.684729201Z,2024-12-18T15:18:12.703834015Z,us_east,104857600,103460760.0,1.3321304321289062
3ed65aec-5697-404b-b869-567804eec977,33f37e53-d6ec-4cb6-a7b4-da852b28a58f,worker-3dd9a95588fb4a4f850b68a8ee0aad1e-1544107698,True,973854.0,0.1237679929009334,60.031,11751.0,2024-12-18T15:17:13.432738171Z,2024-12-18T15:18:13.463837777Z,us_east,104857600,103883746.0,0.9287395477294923
3ed65aec-5697-404b-b869-567804eec977,33f37e53-d6ec-4cb6-a7b4-da852b28a58f,worker-81fefd0ccb5642d7a56786fb3a2d9b24-1544107698,True,772582.0,0.0981750676350736,60.039,11749.0,2024-12-18T15:17:13.430691059Z,2024-12-18T15:18:13.470243520Z,us_east,104857600,104085018.0,0.7367916107177734
3ed65aec-5697-404b-b869-567804eec977,33f37e53-d6ec-4cb6-a7b4-da852b28a58f,worker-8b8ad7e35b67443499858fff8e1ef9ce-1544107698,True,869598.0,0.1104352191488437,60.076,11728.0,2024-12-18T15:17:13.433011669Z,2024-12-18T15:18:13.509269202Z,us_east,104857600,103988002.0,0.8293132781982422
3ed65aec-5697-404b-b869-567804eec977,33f37e53-d6ec-4cb6-a7b4-da852b28a58f,worker-6ccd82060e54495b990766f2540a1439-1544107698,True,1010054.0,0.1283772379740314,60.027,11926.0,2024-12-18T15:17:13.620021498Z,2024-12-18T15:18:13.647159373Z,us_east,104857600,103847546.0,0.9632625579833985
3ed65aec-5697-404b-b869-567804eec977,33f37e53-d6ec-4cb6-a7b4-da852b28a58f,worker-db8959a0a41048e590e27e62bc0b5139-1544107698,True,982542.0,0.1244802484477488,60.22,11728.0,2024-12-18T15:17:13.432453577Z,2024-12-18T15:18:13.653121305Z,us_east,104857600,103875058.0,0.9370250701904297
3ed65aec-5697-404b-b869-567804eec977,33f37e53-d6ec-4cb6-a7b4-da852b28a58f,worker-df8995c05ca04bfa9edd50b2ba697469-1544107698,True,1146166.0,0.1457085448779399,60.014,12559.0,2024-12-18T15:17:14.252924778Z,2024-12-18T15:18:14.267206177Z,us_east,104857600,103711434.0,1.093069076538086
3ed65aec-5697-404b-b869-567804eec977,33f37e53-d6ec-4cb6-a7b4-da852b28a58f,worker-3ca5fbe6d34b499d9377a88e47e1a718-1544107698,True,1070870.0,0.1361590847556777,60.004,13112.0,2024-12-18T15:17:14.806495321Z,2024-12-18T15:18:14.811280728Z,us_east,104857600,103786730.0,1.021261215209961
3ed65aec-5697-404b-b869-567804eec977,128b1da1-12db-4085-840a-8a87c486454e,worker-22d3061d167f486191c760a06ec5350f-1544107698,True,1037494.0,0.1316433450273531,60.128,10941.0,2024-12-18T15:18:32.755670425Z,2024-12-18T15:19:32.884466145Z,us_east,104857600,103820106.0,0.9894313812255859
3ed65aec-5697-404b-b869-567804eec977,128b1da1-12db-4085-840a-8a87c486454e,worker-3a505583760e41579c92fb2c01ac2d0f-1544107698,True,774030.0,0.0984016837855704,60.013,11701.0,2024-12-18T15:18:33.515533187Z,2024-12-18T15:19:33.529427158Z,us_east,104857600,104083570.0,0.7381725311279297
3ed65aec-5697-404b-b869-567804eec977,128b1da1-12db-4085-840a-8a87c486454e,worker-db8959a0a41048e590e27e62bc0b5139-1544107698,True,607510.0,0.0771152248049994,60.104,11690.0,2024-12-18T15:18:33.513163937Z,2024-12-18T15:19:33.617939668Z,us_east,104857600,104250090.0,0.5793666839599609
3ed65aec-5697-404b-b869-567804eec977,128b1da1-12db-4085-840a-8a87c486454e,worker-3ca5fbe6d34b499d9377a88e47e1a718-1544107698,True,813126.0,0.1031039082852829,60.169,11705.0,2024-12-18T15:18:33.514712247Z,2024-12-18T15:19:33.684440826Z,us_east,104857600,104044474.0,0.7754573822021484
3ed65aec-5697-404b-b869-567804eec977,128b1da1-12db-4085-840a-8a87c486454e,worker-6ccd82060e54495b990766f2540a1439-1544107698,True,827606.0,0.104939963942058,60.169,11706.0,2024-12-18T15:18:33.516205119Z,2024-12-18T15:19:33.685231830Z,us_east,104857600,104029994.0,0.7892665863037109
3ed65aec-5697-404b-b869-567804eec977,128b1da1-12db-4085-840a-8a87c486454e,worker-3dd9a95588fb4a4f850b68a8ee0aad1e-1544107698,True,869598.0,0.1101674840687114,60.222,12334.0,2024-12-18T15:18:34.144952630Z,2024-12-18T15:19:34.367922195Z,us_east,104857600,103988002.0,0.8293132781982422
3ed65aec-5697-404b-b869-567804eec977,128b1da1-12db-4085-840a-8a87c486454e,worker-df8995c05ca04bfa9edd50b2ba697469-1544107698,True,820614.0,0.1042370171963969,60.063,12738.0,2024-12-18T15:18:34.548986666Z,2024-12-18T15:19:34.612692309Z,us_east,104857600,104036986.0,0.7825984954833984
3ed65aec-5697-404b-b869-567804eec977,128b1da1-12db-4085-840a-8a87c486454e,worker-ca8b2812024149d1b919d63b0dfd55d6-1544107698,True,949238.0,0.1206817398109429,60.01,12804.0,2024-12-18T15:18:34.623716805Z,2024-12-18T15:19:34.633953188Z,us_east,104857600,103908362.0,0.9052639007568358
3ed65aec-5697-404b-b869-567804eec977,128b1da1-12db-4085-840a-8a87c486454e,worker-8b8ad7e35b67443499858fff8e1ef9ce-1544107698,True,707422.0,0.08964706482993,60.205,12739.0,2024-12-18T15:18:34.549673377Z,2024-12-18T15:19:34.755362327Z,us_east,104857600,104150178.0,0.6746501922607422
3ed65aec-5697-404b-b869-567804eec977,128b1da1-12db-4085-840a-8a87c486454e,worker-81fefd0ccb5642d7a56786fb3a2d9b24-1544107698,True,813126.0,0.1033047868117163,60.052,13059.0,2024-12-18T15:18:34.868874778Z,2024-12-18T15:19:34.921299905Z,us_east,104857600,104044474.0,0.7754573822021484
023624df-e299-4cdd-8228-2c529182642d,bb21188c-3636-4633-bf6f-b269bbc54048,worker-df8995c05ca04bfa9edd50b2ba697469-1544107698,True,60784640.0,7.729037849369178,60.001,21396.0,2024-12-18T14:40:01.246929371Z,2024-12-18T14:41:01.248546066Z,us_east,104857600,44072960.0,57.96875
023624df-e299-4cdd-8228-2c529182642d,bb21188c-3636-4633-bf6f-b269bbc54048,worker-3ca5fbe6d34b499d9377a88e47e1a718-1544107698,True,58359808.0,7.4207096548390865,60.001,21612.0,2024-12-18T14:40:01.465341503Z,2024-12-18T14:41:01.466950236Z,us_east,104857600,46497792.0,55.65624999999999
023624df-e299-4cdd-8228-2c529182642d,bb21188c-3636-4633-bf6f-b269bbc54048,worker-3dd9a95588fb4a4f850b68a8ee0aad1e-1544107698,True,57016320.0,7.245652608434939,60.036,21616.0,2024-12-18T14:40:01.469077629Z,2024-12-18T14:41:01.505249493Z,us_east,104857600,47841280.0,54.37499999999999
023624df-e299-4cdd-8228-2c529182642d,bb21188c-3636-4633-bf6f-b269bbc54048,worker-6ccd82060e54495b990766f2540a1439-1544107698,True,58130432.0,7.386865204283882,60.039,21618.0,2024-12-18T14:40:01.469773508Z,2024-12-18T14:41:01.509687632Z,us_east,104857600,46727168.0,55.43749999999999
023624df-e299-4cdd-8228-2c529182642d,bb21188c-3636-4633-bf6f-b269bbc54048,worker-db8959a0a41048e590e27e62bc0b5139-1544107698,True,63205904.0,7.418241340209407,65.005,21615.0,2024-12-18T14:40:01.470481279Z,2024-12-18T14:41:06.475892702Z,us_east,104857600,41651696.0,60.27784729003906
023624df-e299-4cdd-8228-2c529182642d,bb21188c-3636-4633-bf6f-b269bbc54048,worker-ca8b2812024149d1b919d63b0dfd55d6-1544107698,True,58261504.0,6.509482316760636,68.285,20508.0,2024-12-18T14:40:00.367380160Z,2024-12-18T14:41:08.652412989Z,us_east,104857600,46596096.0,55.5625
023624df-e299-4cdd-8228-2c529182642d,bb21188c-3636-4633-bf6f-b269bbc54048,worker-81fefd0ccb5642d7a56786fb3a2d9b24-1544107698,True,57114624.0,6.294964028776979,69.222,21167.0,2024-12-18T14:40:01.026319680Z,2024-12-18T14:41:10.248825795Z,us_east,104857600,47742976.0,54.46875
023624df-e299-4cdd-8228-2c529182642d,bb21188c-3636-4633-bf6f-b269bbc54048,worker-8b8ad7e35b67443499858fff8e1ef9ce-1544107698,True,56262656.0,6.047904191616767,70.975,21391.0,2024-12-18T14:40:01.245887940Z,2024-12-18T14:41:12.221032944Z,us_east,104857600,48594944.0,53.65625000000001
023624df-e299-4cdd-8228-2c529182642d,ee6af797-848b-477f-a57f-2491762e3a67,worker-df8995c05ca04bfa9edd50b2ba697469-1544107698,True,42729472.0,5.426821147955786,60.072,23894.0,2024-12-18T14:41:43.878464744Z,2024-12-18T14:42:43.950815017Z,us_east,104857600,62128128.0,40.75
023624df-e299-4cdd-8228-2c529182642d,ee6af797-848b-477f-a57f-2491762e3a67,worker-db8959a0a41048e590e27e62bc0b5139-1544107698,True,40566784.0,5.152064987598422,60.073,23895.0,2024-12-18T14:41:43.878371127Z,2024-12-18T14:42:43.951832059Z,us_east,104857600,64290816.0,38.6875
023624df-e299-4cdd-8228-2c529182642d,ee6af797-848b-477f-a57f-2491762e3a67,worker-3ca5fbe6d34b499d9377a88e47e1a718-1544107698,True,40271872.0,5.114780842669508,60.071,24118.0,2024-12-18T14:41:44.098349522Z,2024-12-18T14:42:44.169646444Z,us_east,104857600,64585728.0,38.40625
023624df-e299-4cdd-8228-2c529182642d,ee6af797-848b-477f-a57f-2491762e3a67,worker-81fefd0ccb5642d7a56786fb3a2d9b24-1544107698,True,40992768.0,5.205992509363296,60.075,24108.0,2024-12-18T14:41:44.095591973Z,2024-12-18T14:42:44.171287777Z,us_east,104857600,63864832.0,39.09375
023624df-e299-4cdd-8228-2c529182642d,ee6af797-848b-477f-a57f-2491762e3a67,worker-3a505583760e41579c92fb2c01ac2d0f-1544107698,True,39682048.0,5.03928226638703,60.078,24120.0,2024-12-18T14:41:44.099974712Z,2024-12-18T14:42:44.178537628Z,us_east,104857600,65175552.0,37.84375
023624df-e299-4cdd-8228-2c529182642d,ee6af797-848b-477f-a57f-2491762e3a67,worker-6ccd82060e54495b990766f2540a1439-1544107698,True,39059456.0,4.7984026793765295,62.104,24124.0,2024-12-18T14:41:44.104149131Z,2024-12-18T14:42:46.209119813Z,us_east,104857600,65798144.0,37.25
023624df-e299-4cdd-8228-2c529182642d,ee6af797-848b-477f-a57f-2491762e3a67,worker-ca8b2812024149d1b919d63b0dfd55d6-1544107698,True,38535168.0,4.721905465525272,62.263,24332.0,2024-12-18T14:41:44.318072748Z,2024-12-18T14:42:46.581449057Z,us_east,104857600,66322432.0,36.75
023624df-e299-4cdd-8228-2c529182642d,ee6af797-848b-477f-a57f-2491762e3a67,worker-3dd9a95588fb4a4f850b68a8ee0aad1e-1544107698,True,38993920.0,4.726648766304952,62.941,24338.0,2024-12-18T14:41:44.322493433Z,2024-12-18T14:42:47.263701775Z,us_east,104857600,65863680.0,37.1875
023624df-e299-4cdd-8228-2c529182642d,ee6af797-848b-477f-a57f-2491762e3a67,worker-8b8ad7e35b67443499858fff8e1ef9ce-1544107698,True,44498944.0,5.265443491477581,64.477,23238.0,2024-12-18T14:41:43.221059238Z,2024-12-18T14:42:47.698790133Z,us_east,104857600,60358656.0,42.4375
023624df-e299-4cdd-8228-2c529182642d,ee6af797-848b-477f-a57f-2491762e3a67,worker-22d3061d167f486191c760a06ec5350f-1544107698,True,43712512.0,5.0373838833924935,66.205,23675.0,2024-12-18T14:41:43.658877680Z,2024-12-18T14:42:49.864085580Z,us_east,104857600,61145088.0,41.6875
4625d744-d723-4fd3-914f-7f2847c566d1,4e631cda-0ce6-41af-a997-a6a36f80b79a,worker-6ccd82060e54495b990766f2540a1439-1544107698,True,84508672.0,10.719570385887907,60.147,11994.0,2024-12-18T14:33:46.487505843Z,2024-12-18T14:34:46.635059805Z,us_east,104857600,20348928.0,80.59375
4625d744-d723-4fd3-914f-7f2847c566d1,4e631cda-0ce6-41af-a997-a6a36f80b79a,worker-81fefd0ccb5642d7a56786fb3a2d9b24-1544107698,True,82914720.0,10.521407613068408,60.124,12226.0,2024-12-18T14:33:46.722393813Z,2024-12-18T14:34:46.847315675Z,us_east,104857600,21942880.0,79.07363891601562
4625d744-d723-4fd3-914f-7f2847c566d1,4e631cda-0ce6-41af-a997-a6a36f80b79a,worker-df8995c05ca04bfa9edd50b2ba697469-1544107698,True,78249984.0,9.918096788663131,60.193,12456.0,2024-12-18T14:33:46.951182494Z,2024-12-18T14:34:47.144550836Z,us_east,104857600,26607616.0,74.625
4625d744-d723-4fd3-914f-7f2847c566d1,4e631cda-0ce6-41af-a997-a6a36f80b79a,worker-ca8b2812024149d1b919d63b0dfd55d6-1544107698,True,79784404.0,9.843888601407604,61.836,12460.0,2024-12-18T14:33:46.954318827Z,2024-12-18T14:34:48.790780850Z,us_east,104857600,25073196.0,76.08833694458008
4625d744-d723-4fd3-914f-7f2847c566d1,4e631cda-0ce6-41af-a997-a6a36f80b79a,worker-db8959a0a41048e590e27e62bc0b5139-1544107698,True,80543744.0,9.786278506816156,62.792,12446.0,2024-12-18T14:33:46.956013002Z,2024-12-18T14:34:49.748905118Z,us_east,104857600,24313856.0,76.8125
4625d744-d723-4fd3-914f-7f2847c566d1,4e631cda-0ce6-41af-a997-a6a36f80b79a,worker-3ca5fbe6d34b499d9377a88e47e1a718-1544107698,True,80445440.0,9.704477895136298,63.244,12481.0,2024-12-18T14:33:46.972571279Z,2024-12-18T14:34:50.217079846Z,us_east,104857600,24412160.0,76.71875
4625d744-d723-4fd3-914f-7f2847c566d1,4e631cda-0ce6-41af-a997-a6a36f80b79a,worker-3dd9a95588fb4a4f850b68a8ee0aad1e-1544107698,True,80412672.0,9.511627906976743,64.5,12693.0,2024-12-18T14:33:47.186344656Z,2024-12-18T14:34:51.686519637Z,us_east,104857600,24444928.0,76.6875
4625d744-d723-4fd3-914f-7f2847c566d1,4e631cda-0ce6-41af-a997-a6a36f80b79a,worker-8b8ad7e35b67443499858fff8e1ef9ce-1544107698,True,86081536.0,9.8258501772917,66.839,11761.0,2024-12-18T14:33:46.253308865Z,2024-12-18T14:34:53.092370304Z,us_east,104857600,18776064.0,82.09375
4625d744-d723-4fd3-914f-7f2847c566d1,ca3717c3-902b-4c92-b616-f9ac505da8b9,worker-3dd9a95588fb4a4f850b68a8ee0aad1e-1544107698,True,66305724.0,8.41172164612268,60.139,11256.0,2024-12-18T14:35:10.862484114Z,2024-12-18T14:36:11.002060932Z,us_east,104857600,38551876.0,63.234066009521484
4625d744-d723-4fd3-914f-7f2847c566d1,ca3717c3-902b-4c92-b616-f9ac505da8b9,worker-3a505583760e41579c92fb2c01ac2d0f-1544107698,True,62095360.0,7.874964676939444,60.159,11256.0,2024-12-18T14:35:10.867148958Z,2024-12-18T14:36:11.026687806Z,us_east,104857600,42762240.0,59.21875
4625d744-d723-4fd3-914f-7f2847c566d1,ca3717c3-902b-4c92-b616-f9ac505da8b9,worker-ca8b2812024149d1b919d63b0dfd55d6-1544107698,True,58900156.0,7.471982974612525,60.141,11486.0,2024-12-18T14:35:11.093637238Z,2024-12-18T14:36:11.235229999Z,us_east,104857600,45957444.0,56.17156600952149
4625d744-d723-4fd3-914f-7f2847c566d1,ca3717c3-902b-4c92-b616-f9ac505da8b9,worker-df8995c05ca04bfa9edd50b2ba697469-1544107698,True,60948480.0,7.635844130252722,60.897,11491.0,2024-12-18T14:35:11.097115409Z,2024-12-18T14:36:11.995073785Z,us_east,104857600,43909120.0,58.12500000000001
4625d744-d723-4fd3-914f-7f2847c566d1,ca3717c3-902b-4c92-b616-f9ac505da8b9,worker-81fefd0ccb5642d7a56786fb3a2d9b24-1544107698,True,60817408.0,7.533812856191853,61.589,11479.0,2024-12-18T14:35:11.098487165Z,2024-12-18T14:36:12.687968638Z,us_east,104857600,44040192.0,57.99999999999999
4625d744-d723-4fd3-914f-7f2847c566d1,ca3717c3-902b-4c92-b616-f9ac505da8b9,worker-8b8ad7e35b67443499858fff8e1ef9ce-1544107698,True,49643520.0,6.107885824866957,62.01,11493.0,2024-12-18T14:35:11.099445075Z,2024-12-18T14:36:13.109618945Z,us_east,104857600,55214080.0,47.34375
4625d744-d723-4fd3-914f-7f2847c566d1,ca3717c3-902b-4c92-b616-f9ac505da8b9,worker-22d3061d167f486191c760a06ec5350f-1544107698,True,72515584.0,8.213697165847648,67.357,10775.0,2024-12-18T14:35:10.393593215Z,2024-12-18T14:36:17.751124752Z,us_east,104857600,32342016.0,69.15625
4625d744-d723-4fd3-914f-7f2847c566d1,ca3717c3-902b-4c92-b616-f9ac505da8b9,worker-db8959a0a41048e590e27e62bc0b5139-1544107698,True,63733760.0,7.288575111670714,66.714,11712.0,2024-12-18T14:35:11.325059002Z,2024-12-18T14:36:18.039716459Z,us_east,104857600,41123840.0,60.78125
4625d744-d723-4fd3-914f-7f2847c566d1,ca3717c3-902b-4c92-b616-f9ac505da8b9,worker-3ca5fbe6d34b499d9377a88e47e1a718-1544107698,True,63766528.0,7.215210523974075,67.427,11737.0,2024-12-18T14:35:11.343219470Z,2024-12-18T14:36:18.770272307Z,us_east,104857600,41091072.0,60.8125
4625d744-d723-4fd3-914f-7f2847c566d1,ca3717c3-902b-4c92-b616-f9ac505da8b9,worker-6ccd82060e54495b990766f2540a1439-1544107698,True,68452352.0,7.485201588052343,69.771,11021.0,2024-12-18T14:35:10.627133111Z,2024-12-18T14:36:20.398453297Z,us_east,104857600,36405248.0,65.28125
887bf991-5683-4bfb-8e38-09e2d344a333,bc439237-b3f3-4e0f-95c2-f03048006564,worker-d713451ca3a14768a7621b534ff2f9cf-1544107698,True,104472548.0,13.281936417939262,60.011,10658.0,2024-12-10T14:23:03.296460787Z,2024-12-10T14:24:03.308185555Z,hong_kong,104857600,385052.0,99.63278579711914
887bf991-5683-4bfb-8e38-09e2d344a333,bc439237-b3f3-4e0f-95c2-f03048006564,worker-ecb636fe5b1e4ac2a034222e9c153156-1544107698,True,94433896.0,12.006690159434577,60.006,10774.0,2024-12-10T14:23:03.414309149Z,2024-12-10T14:24:03.420486837Z,hong_kong,104857600,10423704.0,90.0591812133789
887bf991-5683-4bfb-8e38-09e2d344a333,bc439237-b3f3-4e0f-95c2-f03048006564,worker-9d825bbfcbe5435ca8b45331e36e7c2b-1544107698,True,84992604.0,10.807008235630429,60.002,10927.0,2024-12-10T14:23:03.566023070Z,2024-12-10T14:24:03.568172619Z,hong_kong,104857600,19864996.0,81.05526351928711
887bf991-5683-4bfb-8e38-09e2d344a333,bc439237-b3f3-4e0f-95c2-f03048006564,worker-a7b86a763065437c91d14744f9499223-1544107698,True,73634492.0,9.362329648798797,60.005,11078.0,2024-12-10T14:23:03.730644497Z,2024-12-10T14:24:03.736176138Z,hong_kong,104857600,31223108.0,70.22332382202148
887bf991-5683-4bfb-8e38-09e2d344a333,bc439237-b3f3-4e0f-95c2-f03048006564,worker-fee5cd7329c944d8825a32efe6aafd7e-1544107698,True,70069516.0,8.907275974769387,60.017,11218.0,2024-12-10T14:23:03.855829142Z,2024-12-10T14:24:03.873081524Z,hong_kong,104857600,34788084.0,66.8234977722168
887bf991-5683-4bfb-8e38-09e2d344a333,bc439237-b3f3-4e0f-95c2-f03048006564,worker-fd92d929cf2b4410be5787a5136d56be-1544107698,True,97817540.0,12.437936113336914,60.001,11431.0,2024-12-10T14:23:04.070048490Z,2024-12-10T14:24:04.071217767Z,hong_kong,104857600,7040060.0,93.28607559204102
887bf991-5683-4bfb-8e38-09e2d344a333,bc439237-b3f3-4e0f-95c2-f03048006564,worker-70401d3106fc41b9b26d6c4881b588b1-1544107698,True,77009780.0,9.790504980499668,60.011,11634.0,2024-12-10T14:23:04.281753575Z,2024-12-10T14:24:04.293314153Z,hong_kong,104857600,27847820.0,73.4422492980957
887bf991-5683-4bfb-8e38-09e2d344a333,bc439237-b3f3-4e0f-95c2-f03048006564,worker-1f0fd314d8704363a3a38c82bf34d3ce-1544107698,True,77787356.0,9.888207345576276,60.018,11806.0,2024-12-10T14:23:04.445133854Z,2024-12-10T14:24:04.463736169Z,hong_kong,104857600,27070244.0,74.18380355834961
887bf991-5683-4bfb-8e38-09e2d344a333,fb3b51aa-f6e2-45ab-bef8-9c83b0ef5d60,worker-fee5cd7329c944d8825a32efe6aafd7e-1544107698,True,82293532.0,10.453013835209893,60.064,11194.0,2024-12-10T14:24:23.986229115Z,2024-12-10T14:25:24.051171100Z,hong_kong,104857600,22564068.0,78.48122787475586
887bf991-5683-4bfb-8e38-09e2d344a333,fb3b51aa-f6e2-45ab-bef8-9c83b0ef5d60,worker-70401d3106fc41b9b26d6c4881b588b1-1544107698,True,62091036.0,7.895283508300781,60.0,12014.0,2024-12-10T14:24:24.803353561Z,2024-12-10T14:25:24.803457909Z,hong_kong,104857600,42766564.0,59.21462631225586
aafdc19e-7c35-4413-8c84-5e70a28b0c97,23573a99-b1bb-4faa-95ef-f68ba1972596,worker-0d9f23a00ed04d32b6b93384dff2746f-1544107698,True,86407302.0,10.972991733061471,60.078,12116.0,2024-12-10T14:17:49.047531469Z,2024-12-10T14:18:49.125763968Z,us_east,104857600,18450298.0,82.4044246673584
aafdc19e-7c35-4413-8c84-5e70a28b0c97,fa867e00-8cfe-4e59-8b20-5657746c407f,worker-9878e5db143845ad83edbf1ba738cb84-1544107698,True,70211422.0,8.902767854511227,60.169,10678.0,2024-12-10T14:19:02.779953572Z,2024-12-10T14:20:02.949526954Z,us_east,104857600,34646178.0,66.95882987976074
aafdc19e-7c35-4413-8c84-5e70a28b0c97,fa867e00-8cfe-4e59-8b20-5657746c407f,worker-220cd1c59fa44005ab3b7c763ebc36ca-1544107698,True,90842526.0,11.542567592128169,60.045,10896.0,2024-12-10T14:19:02.999507909Z,2024-12-10T14:20:03.045206116Z,us_east,104857600,14015074.0,86.63418388366699
aafdc19e-7c35-4413-8c84-5e70a28b0c97,fa867e00-8cfe-4e59-8b20-5657746c407f,worker-3064bf5ec7524b7db77d892d00312b20-1544107698,True,60755608.0,7.714931317498897,60.082,11007.0,2024-12-10T14:19:03.111499831Z,2024-12-10T14:20:03.193614763Z,us_east,104857600,44101992.0,57.94106292724609
aafdc19e-7c35-4413-8c84-5e70a28b0c97,fa867e00-8cfe-4e59-8b20-5657746c407f,worker-175d097d8edb4a21914859c9380c6b7f-1544107698,True,92066086.0,11.687523803091436,60.099,11126.0,2024-12-10T14:19:03.231844522Z,2024-12-10T14:20:03.331557199Z,us_east,104857600,12791514.0,87.80106163024902
aafdc19e-7c35-4413-8c84-5e70a28b0c97,fa867e00-8cfe-4e59-8b20-5657746c407f,worker-ca63b6b59a174f518b265ebfe0c317b7-1544107698,True,61708766.0,7.839358629455608,60.056,11239.0,2024-12-10T14:19:03.345622487Z,2024-12-10T14:20:03.402178823Z,us_east,104857600,43148834.0,58.85006523132324
aafdc19e-7c35-4413-8c84-5e70a28b0c97,fa867e00-8cfe-4e59-8b20-5657746c407f,worker-775527b2822c497f85097bce4d55ff33-1544107698,True,82620782.0,10.494057341941472,60.067,11378.0,2024-12-10T14:19:03.480033785Z,2024-12-10T14:20:03.547268217Z,us_east,104857600,22236818.0,78.7933177947998
aafdc19e-7c35-4413-8c84-5e70a28b0c97,fa867e00-8cfe-4e59-8b20-5657746c407f,worker-26c7dfaec87a4eecbd3f13d2c213223a-1544107698,True,78721360.0,9.99760817452746,60.074,11518.0,2024-12-10T14:19:03.636731276Z,2024-12-10T14:20:03.711108775Z,us_east,104857600,26136240.0,75.07453918457031
aafdc19e-7c35-4413-8c84-5e70a28b0c97,fa867e00-8cfe-4e59-8b20-5657746c407f,worker-313062e39ee04fc98e9b450bff7204e7-1544107698,True,33283078.0,4.227441578177156,60.067,11862.0,2024-12-10T14:19:03.973673866Z,2024-12-10T14:20:04.041145911Z,us_east,104857600,71574522.0,31.741216659545902
aafdc19e-7c35-4413-8c84-5e70a28b0c97,fa867e00-8cfe-4e59-8b20-5657746c407f,worker-0d9f23a00ed04d32b6b93384dff2746f-1544107698,True,98728334.0,12.552283220554315,60.008,11998.0,2024-12-10T14:19:04.101753916Z,2024-12-10T14:20:04.110041376Z,us_east,104857600,6129266.0,94.15467643737793
aafdc19e-7c35-4413-8c84-5e70a28b0c97,fa867e00-8cfe-4e59-8b20-5657746c407f,worker-3e8ac1b1242a4f6c9fba9b725a8c73ad-1544107698,True,31106734.0,3.954700742607995,60.011,12138.0,2024-12-10T14:19:04.239945265Z,2024-12-10T14:20:04.251345652Z,us_east,104857600,73750866.0,29.66569328308106
c7057de1-b64e-48ac-aafe-cc17cdd37556,2985aa49-a121-4450-bb65-431df00dfffc,worker-175d097d8edb4a21914859c9380c6b7f-1544107698,True,97205036.0,12.359847506222447,60.002,10536.0,2024-12-10T14:15:02.139295535Z,2024-12-10T14:16:02.141941860Z,us_east,104857600,7652564.0,92.70194625854492
c7057de1-b64e-48ac-aafe-cc17cdd37556,2985aa49-a121-4450-bb65-431df00dfffc,worker-220cd1c59fa44005ab3b7c763ebc36ca-1544107698,True,69459908.0,8.831842445149878,60.003,10546.0,2024-12-10T14:15:02.140322164Z,2024-12-10T14:16:02.144181307Z,us_east,104857600,35397692.0,66.24213027954102
c7057de1-b64e-48ac-aafe-cc17cdd37556,2985aa49-a121-4450-bb65-431df00dfffc,worker-ca63b6b59a174f518b265ebfe0c317b7-1544107698,True,84703004.0,10.770543924967448,60.0,10554.0,2024-12-10T14:15:02.146515163Z,2024-12-10T14:16:02.146565669Z,us_east,104857600,20154596.0,80.77907943725586
c7057de1-b64e-48ac-aafe-cc17cdd37556,2985aa49-a121-4450-bb65-431df00dfffc,worker-3e8ac1b1242a4f6c9fba9b725a8c73ad-1544107698,True,98165060.0,12.480252823259926,60.01,10548.0,2024-12-10T14:15:02.140699013Z,2024-12-10T14:16:02.151666904Z,us_east,104857600,6692540.0,93.61749649047852
c7057de1-b64e-48ac-aafe-cc17cdd37556,2985aa49-a121-4450-bb65-431df00dfffc,worker-313062e39ee04fc98e9b450bff7204e7-1544107698,True,91715668.0,11.656033713171986,60.032,10554.0,2024-12-10T14:15:02.149731723Z,2024-12-10T14:16:02.182319260Z,us_east,104857600,13141932.0,87.46687698364258
c7057de1-b64e-48ac-aafe-cc17cdd37556,2985aa49-a121-4450-bb65-431df00dfffc,worker-0d9f23a00ed04d32b6b93384dff2746f-1544107698,True,41930532.0,5.326593818195796,60.058,10525.0,2024-12-10T14:15:02.133765077Z,2024-12-10T14:16:02.192749104Z,us_east,104857600,62927068.0,39.98807144165039
c7057de1-b64e-48ac-aafe-cc17cdd37556,2985aa49-a121-4450-bb65-431df00dfffc,worker-3064bf5ec7524b7db77d892d00312b20-1544107698,True,90893204.0,11.544008149113392,60.071,10541.0,2024-12-10T14:15:02.134978184Z,2024-12-10T14:16:02.206580496Z,us_east,104857600,13964396.0,86.68251419067383
c7057de1-b64e-48ac-aafe-cc17cdd37556,2985aa49-a121-4450-bb65-431df00dfffc,worker-26c7dfaec87a4eecbd3f13d2c213223a-1544107698,True,95877220.0,12.173159226817326,60.09,10546.0,2024-12-10T14:15:02.137890353Z,2024-12-10T14:16:02.228503766Z,us_east,104857600,8980380.0,91.43564224243164
c7057de1-b64e-48ac-aafe-cc17cdd37556,11af8522-5620-46ed-8421-7053249ba359,worker-3e8ac1b1242a4f6c9fba9b725a8c73ad-1544107698,True,46763956.0,5.9462453986769495,60.001,10513.0,2024-12-10T14:16:22.259931440Z,2024-12-10T14:17:22.261050456Z,us_east,104857600,58093644.0,44.59758377075195
c7057de1-b64e-48ac-aafe-cc17cdd37556,11af8522-5620-46ed-8421-7053249ba359,worker-26c7dfaec87a4eecbd3f13d2c213223a-1544107698,True,44028684.0,5.597976884440462,60.006,10511.0,2024-12-10T14:16:22.259016603Z,2024-12-10T14:17:22.265586349Z,us_east,104857600,60828916.0,41.9890251159668
c7057de1-b64e-48ac-aafe-cc17cdd37556,11af8522-5620-46ed-8421-7053249ba359,worker-220cd1c59fa44005ab3b7c763ebc36ca-1544107698,True,45987828.0,5.847654724121094,60.0,10530.0,2024-12-10T14:16:22.276440423Z,2024-12-10T14:17:22.276598506Z,us_east,104857600,58869772.0,43.8574104309082
c7057de1-b64e-48ac-aafe-cc17cdd37556,11af8522-5620-46ed-8421-7053249ba359,worker-9878e5db143845ad83edbf1ba738cb84-1544107698,True,30392868.0,3.8645241976634632,60.002,10532.0,2024-12-10T14:16:22.284181110Z,2024-12-10T14:17:22.286201065Z,us_east,104857600,74464732.0,28.98489761352539
c7057de1-b64e-48ac-aafe-cc17cdd37556,11af8522-5620-46ed-8421-7053249ba359,worker-3064bf5ec7524b7db77d892d00312b20-1544107698,True,26022804.0,3.3072618901132853,60.031,10534.0,2024-12-10T14:16:22.281300793Z,2024-12-10T14:17:22.312386024Z,us_east,104857600,78834796.0,24.817279815673828
c7057de1-b64e-48ac-aafe-cc17cdd37556,11af8522-5620-46ed-8421-7053249ba359,worker-313062e39ee04fc98e9b450bff7204e7-1544107698,True,40275468.0,5.118390167284112,60.034,10527.0,2024-12-10T14:16:22.277911279Z,2024-12-10T14:17:22.312361790Z,us_east,104857600,64582132.0,38.4096794128418
c7057de1-b64e-48ac-aafe-cc17cdd37556,11af8522-5620-46ed-8421-7053249ba359,worker-ca63b6b59a174f518b265ebfe0c317b7-1544107698,True,35197332.0,4.472739469592436,60.038,10531.0,2024-12-10T14:16:22.277120441Z,2024-12-10T14:17:22.315185203Z,us_east,104857600,69660268.0,33.56679153442383
c7057de1-b64e-48ac-aafe-cc17cdd37556,11af8522-5620-46ed-8421-7053249ba359,worker-175d097d8edb4a21914859c9380c6b7f-1544107698,True,60448740.0,7.668688976819587,60.139,10537.0,2024-12-10T14:16:22.283617299Z,2024-12-10T14:17:22.422798143Z,us_east,104857600,44408860.0,57.64841079711914
c7057de1-b64e-48ac-aafe-cc17cdd37556,11af8522-5620-46ed-8421-7053249ba359,worker-0d9f23a00ed04d32b6b93384dff2746f-1544107698,True,42238956.0,5.3526727001430014,60.205,10527.0,2024-12-10T14:16:22.275238072Z,2024-12-10T14:17:22.480349386Z,us_east,104857600,62618644.0,40.28220748901367
c7057de1-b64e-48ac-aafe-cc17cdd37556,11af8522-5620-46ed-8421-7053249ba359,worker-775527b2822c497f85097bce4d55ff33-1544107698,True,46187652.0,5.869737475098746,60.034,11251.0,2024-12-10T14:16:22.999099621Z,2024-12-10T14:17:23.033606886Z,us_east,104857600,58669948.0,44.047977447509766
96bcb907-fcaf-46fb-8fb8-2346a615bff4,7846e223-742c-4253-8cc5-f5898dfb850b,worker-722af65a999e4b1d80cc9a57d1c73eba-1544107698,True,90056262.0,11.44342620555316,60.041,10194.0,2024-12-10T14:11:01.164794095Z,2024-12-10T14:12:01.206635349Z,singapore,104857600,14801338.0,85.88434410095215
96bcb907-fcaf-46fb-8fb8-2346a615bff4,7846e223-742c-4253-8cc5-f5898dfb850b,worker-7ce7555618184aec89df1037f2478afa-1544107698,True,71866486.0,9.126735722560667,60.076,10194.0,2024-12-10T14:11:01.162979153Z,2024-12-10T14:12:01.239057829Z,singapore,104857600,32991114.0,68.53722190856934
96bcb907-fcaf-46fb-8fb8-2346a615bff4,7846e223-742c-4253-8cc5-f5898dfb850b,worker-3eb2886177454119a1a81928103323df-1544107698,True,73168238.0,9.292052647619656,60.076,10197.0,2024-12-10T14:11:01.169872872Z,2024-12-10T14:12:01.246588988Z,singapore,104857600,31689362.0,69.7786693572998
96bcb907-fcaf-46fb-8fb8-2346a615bff4,7846e223-742c-4253-8cc5-f5898dfb850b,worker-890e7fe13f7447d1b05593641091695b-1544107698,True,66650790.0,8.46295597526033,60.086,10193.0,2024-12-10T14:11:01.161935398Z,2024-12-10T14:12:01.247985870Z,singapore,104857600,38206810.0,63.56314659118652
96bcb907-fcaf-46fb-8fb8-2346a615bff4,7846e223-742c-4253-8cc5-f5898dfb850b,worker-0f1e6c5d1bc94f2f944b25da06a047a0-1544107698,True,63428990.0,8.060442550905458,60.037,10276.0,2024-12-10T14:11:01.246452441Z,2024-12-10T14:12:01.283821489Z,singapore,104857600,41428610.0,60.49059867858887
96bcb907-fcaf-46fb-8fb8-2346a615bff4,7846e223-742c-4253-8cc5-f5898dfb850b,worker-5fcfe25d36d5467fa80b283191e5e6b3-1544107698,True,73052398.0,9.272710973877787,60.106,10248.0,2024-12-10T14:11:01.217195151Z,2024-12-10T14:12:01.323326983Z,singapore,104857600,31805202.0,69.6681957244873
96bcb907-fcaf-46fb-8fb8-2346a615bff4,7846e223-742c-4253-8cc5-f5898dfb850b,worker-03f1b39a638942ab9d7755dae2aa8699-1544107698,True,58676654.0,6.858910080585408,65.268,10198.0,2024-12-10T14:11:01.166634417Z,2024-12-10T14:12:06.435499884Z,singapore,104857600,46180946.0,55.958417892456055
96bcb907-fcaf-46fb-8fb8-2346a615bff4,7846e223-742c-4253-8cc5-f5898dfb850b,worker-d985e2c5bb8742fea88fb473b7523fc8-1544107698,True,82373174.0,8.022792698410711,78.334,10196.0,2024-12-10T14:11:01.163756824Z,2024-12-10T14:12:19.498537611Z,singapore,104857600,22484426.0,78.55718040466309
96bcb907-fcaf-46fb-8fb8-2346a615bff4,7846e223-742c-4253-8cc5-f5898dfb850b,worker-9160190514cd4dcdbfa133f8c94bf059-1544107698,True,42390998.0,2.985706027542232,108.322,10266.0,2024-12-10T14:11:01.234629715Z,2024-12-10T14:12:49.557389989Z,singapore,104857600,62466602.0,40.42720603942871
96bcb907-fcaf-46fb-8fb8-2346a615bff4,a130ea89-8457-4238-8d48-d02340e4af86,worker-7ce7555618184aec89df1037f2478afa-1544107698,True,61264230.0,7.788591970326638,60.012,10270.0,2024-12-10T14:12:36.568802128Z,2024-12-10T14:13:36.581181624Z,singapore,104857600,43593370.0,58.42612266540528
96bcb907-fcaf-46fb-8fb8-2346a615bff4,a130ea89-8457-4238-8d48-d02340e4af86,worker-890e7fe13f7447d1b05593641091695b-1544107698,True,61168662.0,7.767640734798264,60.08,10303.0,2024-12-10T14:12:36.600281068Z,2024-12-10T14:13:36.680627944Z,singapore,104857600,43688938.0,58.33498191833496
96bcb907-fcaf-46fb-8fb8-2346a615bff4,a130ea89-8457-4238-8d48-d02340e4af86,worker-722af65a999e4b1d80cc9a57d1c73eba-1544107698,True,67804846.0,8.602905628694346,60.132,10328.0,2024-12-10T14:12:36.625105403Z,2024-12-10T14:13:36.758018264Z,singapore,104857600,37052754.0,64.66374015808105
96bcb907-fcaf-46fb-8fb8-2346a615bff4,a130ea89-8457-4238-8d48-d02340e4af86,worker-d985e2c5bb8742fea88fb473b7523fc8-1544107698,True,58754502.0,7.4026699515328,60.554,10323.0,2024-12-10T14:12:36.629165121Z,2024-12-10T14:13:37.183198089Z,singapore,104857600,46103098.0,56.03265953063965
96bcb907-fcaf-46fb-8fb8-2346a615bff4,a130ea89-8457-4238-8d48-d02340e4af86,worker-0f1e6c5d1bc94f2f944b25da06a047a0-1544107698,True,66255486.0,8.302633617819604,60.883,10374.0,2024-12-10T14:12:36.675099338Z,2024-12-10T14:13:37.558387755Z,singapore,104857600,38602114.0,63.18615531921387
96bcb907-fcaf-46fb-8fb8-2346a615bff4,a130ea89-8457-4238-8d48-d02340e4af86,worker-5fcfe25d36d5467fa80b283191e5e6b3-1544107698,True,61755102.0,7.8499506410460835,60.02,11475.0,2024-12-10T14:12:37.772374699Z,2024-12-10T14:13:37.793022859Z,singapore,104857600,43102498.0,58.89425468444824
96bcb907-fcaf-46fb-8fb8-2346a615bff4,a130ea89-8457-4238-8d48-d02340e4af86,worker-3eb2886177454119a1a81928103323df-1544107698,True,41141374.0,5.220693807755949,60.123,10329.0,2024-12-10T14:12:36.626813802Z,2024-12-10T14:13:36.750085547Z,singapore,104857600,63716226.0,39.23547172546387
731ce9e9-cbd9-4ece-952c-de4b5897cb0f,b4453069-05c2-4edb-9a03-c195771d1638,worker-fee5cd7329c944d8825a32efe6aafd7e-1544107698,True,86601334.0,11.011929066975911,60.0,10264.0,2024-12-10T14:08:15.880625580Z,2024-12-10T14:09:15.881515333Z,hong_kong,104857600,18256266.0,82.58946800231934
731ce9e9-cbd9-4ece-952c-de4b5897cb0f,b4453069-05c2-4edb-9a03-c195771d1638,worker-fd92d929cf2b4410be5787a5136d56be-1544107698,True,102367158.0,13.016223382967311,60.002,10258.0,2024-12-10T14:08:15.876820012Z,2024-12-10T14:09:15.879370582Z,hong_kong,104857600,2490442.0,97.62492942810059
731ce9e9-cbd9-4ece-952c-de4b5897cb0f,b4453069-05c2-4edb-9a03-c195771d1638,worker-70401d3106fc41b9b26d6c4881b588b1-1544107698,True,48736134.0,6.19691333978646,60.002,10277.0,2024-12-10T14:08:15.897482263Z,2024-12-10T14:09:15.900210412Z,hong_kong,104857600,56121466.0,46.4783992767334
731ce9e9-cbd9-4ece-952c-de4b5897cb0f,b4453069-05c2-4edb-9a03-c195771d1638,worker-ecb636fe5b1e4ac2a034222e9c153156-1544107698,True,82051718.0,10.433241589121302,60.001,10275.0,2024-12-10T14:08:15.891023597Z,2024-12-10T14:09:15.892328366Z,hong_kong,104857600,22805882.0,78.2506160736084
731ce9e9-cbd9-4ece-952c-de4b5897cb0f,b4453069-05c2-4edb-9a03-c195771d1638,worker-9d825bbfcbe5435ca8b45331e36e7c2b-1544107698,True,99831710.0,12.69383524414746,60.002,10301.0,2024-12-10T14:08:15.918224055Z,2024-12-10T14:09:15.920642890Z,hong_kong,104857600,5025890.0,95.20693778991699
731ce9e9-cbd9-4ece-952c-de4b5897cb0f,ba650328-38b7-4b91-a706-8b5f1d15b5a1,worker-795780e220f7430795aad863b88ed6c2-1544107698,True,91501366.0,11.634806442597702,60.001,10235.0,2024-12-10T14:09:36.011708970Z,2024-12-10T14:10:36.013694480Z,hong_kong,104857600,13356234.0,87.26250267028809
731ce9e9-cbd9-4ece-952c-de4b5897cb0f,ba650328-38b7-4b91-a706-8b5f1d15b5a1,worker-d713451ca3a14768a7621b534ff2f9cf-1544107698,True,96728646.0,12.29906842670562,60.003,10258.0,2024-12-10T14:09:36.035242778Z,2024-12-10T14:10:36.038313361Z,hong_kong,104857600,8128954.0,92.24762535095215
731ce9e9-cbd9-4ece-952c-de4b5897cb0f,ba650328-38b7-4b91-a706-8b5f1d15b5a1,worker-1f0fd314d8704363a3a38c82bf34d3ce-1544107698,True,69529414.0,8.841122182210286,60.0,10260.0,2024-12-10T14:09:36.035768469Z,2024-12-10T14:10:36.036492264Z,hong_kong,104857600,35328186.0,66.30841636657715
731ce9e9-cbd9-4ece-952c-de4b5897cb0f,ba650328-38b7-4b91-a706-8b5f1d15b5a1,worker-9a8851ff33e64fd690844e42d38219a1-1544107698,True,93671056.0,11.910096699933549,60.004,10255.0,2024-12-10T14:09:36.034133354Z,2024-12-10T14:10:36.038868285Z,hong_kong,104857600,11186544.0,89.33168029785156
731ce9e9-cbd9-4ece-952c-de4b5897cb0f,ba650328-38b7-4b91-a706-8b5f1d15b5a1,worker-70401d3106fc41b9b26d6c4881b588b1-1544107698,True,88683558.0,11.275194181059062,60.008,10256.0,2024-12-10T14:09:36.035296324Z,2024-12-10T14:10:36.043637244Z,hong_kong,104857600,16174042.0,84.57523155212402
731ce9e9-cbd9-4ece-952c-de4b5897cb0f,ba650328-38b7-4b91-a706-8b5f1d15b5a1,worker-fee5cd7329c944d8825a32efe6aafd7e-1544107698,True,67502214.0,8.580919111899414,60.017,10262.0,2024-12-10T14:09:36.038022184Z,2024-12-10T14:10:36.055915045Z,hong_kong,104857600,37355386.0,64.3751277923584
731ce9e9-cbd9-4ece-952c-de4b5897cb0f,ba650328-38b7-4b91-a706-8b5f1d15b5a1,worker-ecb636fe5b1e4ac2a034222e9c153156-1544107698,True,86488390.0,10.99390286042348,60.02,10263.0,2024-12-10T14:09:36.037846909Z,2024-12-10T14:10:36.057888146Z,hong_kong,104857600,18369210.0,82.48175621032715
731ce9e9-cbd9-4ece-952c-de4b5897cb0f,ba650328-38b7-4b91-a706-8b5f1d15b5a1,worker-a7b86a763065437c91d14744f9499223-1544107698,True,85554430.0,10.871379563401858,60.041,10257.0,2024-12-10T14:09:36.037390901Z,2024-12-10T14:10:36.078670930Z,hong_kong,104857600,19303170.0,81.59106254577637
731ce9e9-cbd9-4ece-952c-de4b5897cb0f,ba650328-38b7-4b91-a706-8b5f1d15b5a1,worker-9d825bbfcbe5435ca8b45331e36e7c2b-1544107698,True,72836646.0,9.256104814894266,60.036,10264.0,2024-12-10T14:09:36.042840193Z,2024-12-10T14:10:36.079648557Z,hong_kong,104857600,32020954.0,69.46243858337402
731ce9e9-cbd9-4ece-952c-de4b5897cb0f,ba650328-38b7-4b91-a706-8b5f1d15b5a1,worker-fd92d929cf2b4410be5787a5136d56be-1544107698,True,74122470.0,9.416684438351188,60.054,10253.0,2024-12-10T14:09:36.032868597Z,2024-12-10T14:10:36.087164547Z,hong_kong,104857600,30735130.0,70.68869590759277
a46dc055-fcaf-4757-92e1-24b217c6e21f,71db46de-5f75-43c5-8747-02ed9e2e32d2,worker-795780e220f7430795aad863b88ed6c2-1544107698,True,44101544.0,5.607520934174645,60.003,11217.0,2024-12-10T14:03:51.418606867Z,2024-12-10T14:04:51.422048669Z,hong_kong,104857600,60756056.0,42.058509826660156
a46dc055-fcaf-4757-92e1-24b217c6e21f,71db46de-5f75-43c5-8747-02ed9e2e32d2,worker-d713451ca3a14768a7621b534ff2f9cf-1544107698,True,43487480.0,5.524010890244144,60.062,11171.0,2024-12-10T14:03:51.370794889Z,2024-12-10T14:04:51.432960006Z,hong_kong,104857600,61370120.0,41.47289276123047
a46dc055-fcaf-4757-92e1-24b217c6e21f,71db46de-5f75-43c5-8747-02ed9e2e32d2,worker-fd92d929cf2b4410be5787a5136d56be-1544107698,True,43022024.0,5.470077404031435,60.005,11370.0,2024-12-10T14:03:51.567852242Z,2024-12-10T14:04:51.573307890Z,hong_kong,104857600,61835576.0,41.02899932861328
a46dc055-fcaf-4757-92e1-24b217c6e21f,71db46de-5f75-43c5-8747-02ed9e2e32d2,worker-70401d3106fc41b9b26d6c4881b588b1-1544107698,True,43223888.0,5.48331578667735,60.141,11239.0,2024-12-10T14:03:51.435615210Z,2024-12-10T14:04:51.577525834Z,hong_kong,104857600,61633712.0,41.22151184082031
a46dc055-fcaf-4757-92e1-24b217c6e21f,71db46de-5f75-43c5-8747-02ed9e2e32d2,worker-9a8851ff33e64fd690844e42d38219a1-1544107698,True,43153040.0,5.486369834238406,60.009,11372.0,2024-12-10T14:03:51.568592707Z,2024-12-10T14:04:51.578494960Z,hong_kong,104857600,61704560.0,41.15394592285156
a46dc055-fcaf-4757-92e1-24b217c6e21f,71db46de-5f75-43c5-8747-02ed9e2e32d2,worker-1f0fd314d8704363a3a38c82bf34d3ce-1544107698,True,43292320.0,5.4896237049067595,60.167,11242.0,2024-12-10T14:03:51.439321949Z,2024-12-10T14:04:51.606401752Z,hong_kong,104857600,61565280.0,41.286773681640625
a46dc055-fcaf-4757-92e1-24b217c6e21f,71db46de-5f75-43c5-8747-02ed9e2e32d2,worker-a7b86a763065437c91d14744f9499223-1544107698,True,43325088.0,5.496336644326061,60.139,11323.0,2024-12-10T14:03:51.521824647Z,2024-12-10T14:04:51.661252219Z,hong_kong,104857600,61532512.0,41.318023681640625
a46dc055-fcaf-4757-92e1-24b217c6e21f,71db46de-5f75-43c5-8747-02ed9e2e32d2,worker-ecb636fe5b1e4ac2a034222e9c153156-1544107698,True,43722648.0,5.542624809633271,60.184,11344.0,2024-12-10T14:03:51.541599310Z,2024-12-10T14:04:51.725669393Z,hong_kong,104857600,61134952.0,41.697166442871094
a46dc055-fcaf-4757-92e1-24b217c6e21f,71db46de-5f75-43c5-8747-02ed9e2e32d2,worker-9d825bbfcbe5435ca8b45331e36e7c2b-1544107698,True,43786736.0,5.536031489123815,60.344,11266.0,2024-12-10T14:03:51.462659193Z,2024-12-10T14:04:51.806783527Z,hong_kong,104857600,61070864.0,41.75828552246094
a46dc055-fcaf-4757-92e1-24b217c6e21f,71db46de-5f75-43c5-8747-02ed9e2e32d2,worker-fee5cd7329c944d8825a32efe6aafd7e-1544107698,True,43944784.0,5.553069012961483,60.376,11308.0,2024-12-10T14:03:51.506401931Z,2024-12-10T14:04:51.882589691Z,hong_kong,104857600,60912816.0,41.90901184082031
a46dc055-fcaf-4757-92e1-24b217c6e21f,498d2432-ba1a-411c-be6b-530cd9af24e2,worker-795780e220f7430795aad863b88ed6c2-1544107698,True,49916656.0,6.3398345647525804,60.07,10902.0,2024-12-10T14:05:11.265535920Z,2024-12-10T14:06:11.336189746Z,hong_kong,104857600,54940944.0,47.60423278808594
a46dc055-fcaf-4757-92e1-24b217c6e21f,498d2432-ba1a-411c-be6b-530cd9af24e2,worker-fd92d929cf2b4410be5787a5136d56be-1544107698,True,49942776.0,6.349388313639895,60.011,10983.0,2024-12-10T14:05:11.348613333Z,2024-12-10T14:06:11.360348169Z,hong_kong,104857600,54914824.0,47.62914276123047
a46dc055-fcaf-4757-92e1-24b217c6e21f,498d2432-ba1a-411c-be6b-530cd9af24e2,worker-70401d3106fc41b9b26d6c4881b588b1-1544107698,True,49419720.0,6.279228283381179,60.046,11007.0,2024-12-10T14:05:11.366583620Z,2024-12-10T14:06:11.412826335Z,hong_kong,104857600,55437880.0,47.13031768798828
a46dc055-fcaf-4757-92e1-24b217c6e21f,498d2432-ba1a-411c-be6b-530cd9af24e2,worker-a7b86a763065437c91d14744f9499223-1544107698,True,49441656.0,6.280341978328123,60.062,11012.0,2024-12-10T14:05:11.375538441Z,2024-12-10T14:06:11.437573884Z,hong_kong,104857600,55415944.0,47.15123748779297
a46dc055-fcaf-4757-92e1-24b217c6e21f,498d2432-ba1a-411c-be6b-530cd9af24e2,worker-1f0fd314d8704363a3a38c82bf34d3ce-1544107698,True,49944224.0,6.317150308412358,60.319,10878.0,2024-12-10T14:05:11.238580819Z,2024-12-10T14:06:11.557901421Z,hong_kong,104857600,54913376.0,47.630523681640625
a46dc055-fcaf-4757-92e1-24b217c6e21f,498d2432-ba1a-411c-be6b-530cd9af24e2,worker-d713451ca3a14768a7621b534ff2f9cf-1544107698,True,50172152.0,6.330865853329206,60.463,10837.0,2024-12-10T14:05:11.197921493Z,2024-12-10T14:06:11.661368689Z,hong_kong,104857600,54685448.0,47.84789276123047
a46dc055-fcaf-4757-92e1-24b217c6e21f,498d2432-ba1a-411c-be6b-530cd9af24e2,worker-9a8851ff33e64fd690844e42d38219a1-1544107698,True,49944224.0,6.301584134635261,60.468,10966.0,2024-12-10T14:05:11.326897253Z,2024-12-10T14:06:11.795513371Z,hong_kong,104857600,54913376.0,47.630523681640625
a46dc055-fcaf-4757-92e1-24b217c6e21f,498d2432-ba1a-411c-be6b-530cd9af24e2,worker-fee5cd7329c944d8825a32efe6aafd7e-1544107698,True,50335992.0,6.343356437618206,60.541,10892.0,2024-12-10T14:05:11.261940515Z,2024-12-10T14:06:11.803111867Z,hong_kong,104857600,54521608.0,48.00414276123047
a46dc055-fcaf-4757-92e1-24b217c6e21f,498d2432-ba1a-411c-be6b-530cd9af24e2,worker-9d825bbfcbe5435ca8b45331e36e7c2b-1544107698,True,49787624.0,6.266384451053851,60.617,10924.0,2024-12-10T14:05:11.284734425Z,2024-12-10T14:06:11.901918502Z,hong_kong,104857600,55069976.0,47.481178283691406
a46dc055-fcaf-4757-92e1-24b217c6e21f,498d2432-ba1a-411c-be6b-530cd9af24e2,worker-ecb636fe5b1e4ac2a034222e9c153156-1544107698,True,50078192.0,6.297553679468716,60.669,10977.0,2024-12-10T14:05:11.342672028Z,2024-12-10T14:06:12.011834843Z,hong_kong,104857600,54779408.0,47.75828552246094
d91afa3b-be78-4f10-8de1-e385d0e28c21,77944449-4aec-41b4-aecd-dff8bc91b7ee,worker-7ce7555618184aec89df1037f2478afa-1544107698,True,45025000.0,5.725033978359575,60.002,10864.0,2024-12-10T14:01:05.715071087Z,2024-12-10T14:02:05.717526218Z,singapore,104857600,59832600.0,42.939186096191406
d91afa3b-be78-4f10-8de1-e385d0e28c21,77944449-4aec-41b4-aecd-dff8bc91b7ee,worker-0f1e6c5d1bc94f2f944b25da06a047a0-1544107698,True,45127328.0,5.730500315459546,60.081,10750.0,2024-12-10T14:01:05.602173790Z,2024-12-10T14:02:05.683393730Z,singapore,104857600,59730272.0,43.036773681640625
d91afa3b-be78-4f10-8de1-e385d0e28c21,77944449-4aec-41b4-aecd-dff8bc91b7ee,worker-722af65a999e4b1d80cc9a57d1c73eba-1544107698,True,45160096.0,5.724181180793225,60.191,10707.0,2024-12-10T14:01:05.559153620Z,2024-12-10T14:02:05.751084983Z,singapore,104857600,59697504.0,43.068023681640625
d91afa3b-be78-4f10-8de1-e385d0e28c21,77944449-4aec-41b4-aecd-dff8bc91b7ee,worker-03f1b39a638942ab9d7755dae2aa8699-1544107698,True,45027360.0,5.720471818903719,60.053,10862.0,2024-12-10T14:01:05.713155182Z,2024-12-10T14:02:05.766619620Z,singapore,104857600,59830240.0,42.941436767578125
d91afa3b-be78-4f10-8de1-e385d0e28c21,77944449-4aec-41b4-aecd-dff8bc91b7ee,worker-9160190514cd4dcdbfa133f8c94bf059-1544107698,True,44999152.0,5.704634013154888,60.182,10768.0,2024-12-10T14:01:05.622204685Z,2024-12-10T14:02:05.804550183Z,singapore,104857600,59858448.0,42.91453552246094
d91afa3b-be78-4f10-8de1-e385d0e28c21,77944449-4aec-41b4-aecd-dff8bc91b7ee,worker-3eb2886177454119a1a81928103323df-1544107698,True,45584632.0,5.774059338721008,60.232,10777.0,2024-12-10T14:01:05.629492010Z,2024-12-10T14:02:05.861779127Z,singapore,104857600,59272968.0,43.47289276123047
d91afa3b-be78-4f10-8de1-e385d0e28c21,77944449-4aec-41b4-aecd-dff8bc91b7ee,worker-5fcfe25d36d5467fa80b283191e5e6b3-1544107698,True,45031920.0,5.702061045585904,60.253,10818.0,2024-12-10T14:01:05.668426264Z,2024-12-10T14:02:05.922335311Z,singapore,104857600,59825680.0,42.94578552246094
d91afa3b-be78-4f10-8de1-e385d0e28c21,77944449-4aec-41b4-aecd-dff8bc91b7ee,worker-890e7fe13f7447d1b05593641091695b-1544107698,True,44667128.0,5.65239910581927,60.29,10826.0,2024-12-10T14:01:05.687002611Z,2024-12-10T14:02:05.977220349Z,singapore,104857600,60190472.0,42.59789276123047
d91afa3b-be78-4f10-8de1-e385d0e28c21,77944449-4aec-41b4-aecd-dff8bc91b7ee,worker-d985e2c5bb8742fea88fb473b7523fc8-1544107698,True,45191416.0,5.714101030674088,60.339,10835.0,2024-12-10T14:01:05.686878234Z,2024-12-10T14:02:06.026353042Z,singapore,104857600,59666184.0,43.09789276123047
d91afa3b-be78-4f10-8de1-e385d0e28c21,8a195fa0-d38d-4abc-85e2-ba85d7063007,worker-5fcfe25d36d5467fa80b283191e5e6b3-1544107698,True,52401072.0,6.661697501348666,60.013,11038.0,2024-12-10T14:02:26.055639601Z,2024-12-10T14:03:26.069324278Z,singapore,104857600,52456528.0,49.97355651855469
d91afa3b-be78-4f10-8de1-e385d0e28c21,8a195fa0-d38d-4abc-85e2-ba85d7063007,worker-03f1b39a638942ab9d7755dae2aa8699-1544107698,True,52280888.0,6.647526306952882,60.003,11049.0,2024-12-10T14:02:26.068364960Z,2024-12-10T14:03:26.071607524Z,singapore,104857600,52576712.0,49.85894012451172
d91afa3b-be78-4f10-8de1-e385d0e28c21,8a195fa0-d38d-4abc-85e2-ba85d7063007,worker-0f1e6c5d1bc94f2f944b25da06a047a0-1544107698,True,52447192.0,6.665228367661971,60.034,10984.0,2024-12-10T14:02:26.005404267Z,2024-12-10T14:03:26.040279872Z,singapore,104857600,52410408.0,50.01753997802735
d91afa3b-be78-4f10-8de1-e385d0e28c21,8a195fa0-d38d-4abc-85e2-ba85d7063007,worker-3eb2886177454119a1a81928103323df-1544107698,True,52708320.0,6.694510785253208,60.069,11055.0,2024-12-10T14:02:26.078376279Z,2024-12-10T14:03:26.147801021Z,singapore,104857600,52149280.0,50.26657104492187
d91afa3b-be78-4f10-8de1-e385d0e28c21,8a195fa0-d38d-4abc-85e2-ba85d7063007,worker-d985e2c5bb8742fea88fb473b7523fc8-1544107698,True,51846216.0,6.588634099813549,60.036,11072.0,2024-12-10T14:02:26.092166585Z,2024-12-10T14:03:26.128697468Z,singapore,104857600,53011384.0,49.44440460205078
d91afa3b-be78-4f10-8de1-e385d0e28c21,8a195fa0-d38d-4abc-85e2-ba85d7063007,worker-890e7fe13f7447d1b05593641091695b-1544107698,True,52495784.0,6.654112765630192,60.19,10966.0,2024-12-10T14:02:25.984307031Z,2024-12-10T14:03:26.175170442Z,singapore,104857600,52361816.0,50.063880920410156
d91afa3b-be78-4f10-8de1-e385d0e28c21,8a195fa0-d38d-4abc-85e2-ba85d7063007,worker-7ce7555618184aec89df1037f2478afa-1544107698,True,52564216.0,6.650853130947025,60.298,10917.0,2024-12-10T14:02:25.940464561Z,2024-12-10T14:03:26.239338369Z,singapore,104857600,52293384.0,50.12914276123047
d91afa3b-be78-4f10-8de1-e385d0e28c21,8a195fa0-d38d-4abc-85e2-ba85d7063007,worker-9160190514cd4dcdbfa133f8c94bf059-1544107698,True,52208112.0,6.607110841317843,60.286,11026.0,2024-12-10T14:02:26.047513884Z,2024-12-10T14:03:26.334125067Z,singapore,104857600,52649488.0,49.78953552246094
d91afa3b-be78-4f10-8de1-e385d0e28c21,8a195fa0-d38d-4abc-85e2-ba85d7063007,worker-722af65a999e4b1d80cc9a57d1c73eba-1544107698,True,52565664.0,6.641783800687705,60.382,10987.0,2024-12-10T14:02:26.006231596Z,2024-12-10T14:03:26.389185763Z,singapore,104857600,52291936.0,50.130523681640625
c2ff83c6-263f-4bbf-a8f3-af5164ad62af,c6a1d43f-c2ec-499e-b2cb-ec8b8f8ddd36,worker-9878e5db143845ad83edbf1ba738cb84-1544107698,True,42343496.0,5.370380464074578,60.155,10942.0,2024-12-10T13:58:20.425879316Z,2024-12-10T13:59:20.581193209Z,us_east,104857600,62514104.0,40.38190460205078
c2ff83c6-263f-4bbf-a8f3-af5164ad62af,c6a1d43f-c2ec-499e-b2cb-ec8b8f8ddd36,worker-3064bf5ec7524b7db77d892d00312b20-1544107698,True,43523144.0,5.529645908682869,60.05,11290.0,2024-12-10T13:58:20.771141197Z,2024-12-10T13:59:20.821349100Z,us_east,104857600,61334456.0,41.50690460205078
c2ff83c6-263f-4bbf-a8f3-af5164ad62af,c6a1d43f-c2ec-499e-b2cb-ec8b8f8ddd36,worker-0d9f23a00ed04d32b6b93384dff2746f-1544107698,True,43198360.0,5.484728433066546,60.09,11327.0,2024-12-10T13:58:20.810482576Z,2024-12-10T13:59:20.901057894Z,us_east,104857600,61659240.0,41.197166442871094
c2ff83c6-263f-4bbf-a8f3-af5164ad62af,c6a1d43f-c2ec-499e-b2cb-ec8b8f8ddd36,worker-3e8ac1b1242a4f6c9fba9b725a8c73ad-1544107698,True,43357856.0,5.497020281056301,60.177,11412.0,2024-12-10T13:58:20.900412525Z,2024-12-10T13:59:21.077590219Z,us_east,104857600,61499744.0,41.349273681640625
c2ff83c6-263f-4bbf-a8f3-af5164ad62af,c6a1d43f-c2ec-499e-b2cb-ec8b8f8ddd36,worker-220cd1c59fa44005ab3b7c763ebc36ca-1544107698,True,43976104.0,5.57734968021945,60.156,11503.0,2024-12-10T13:58:20.985806925Z,2024-12-10T13:59:21.142498941Z,us_east,104857600,60881496.0,41.938880920410156
c2ff83c6-263f-4bbf-a8f3-af5164ad62af,c6a1d43f-c2ec-499e-b2cb-ec8b8f8ddd36,worker-313062e39ee04fc98e9b450bff7204e7-1544107698,True,43420496.0,5.506883681204909,60.156,11593.0,2024-12-10T13:58:21.074931051Z,2024-12-10T13:59:21.231906572Z,us_east,104857600,61437104.0,41.40901184082031
c2ff83c6-263f-4bbf-a8f3-af5164ad62af,c6a1d43f-c2ec-499e-b2cb-ec8b8f8ddd36,worker-775527b2822c497f85097bce4d55ff33-1544107698,True,43159800.0,5.468093825700256,60.219,11618.0,2024-12-10T13:58:21.098142520Z,2024-12-10T13:59:21.318081942Z,us_east,104857600,61697800.0,41.16039276123047
c2ff83c6-263f-4bbf-a8f3-af5164ad62af,c6a1d43f-c2ec-499e-b2cb-ec8b8f8ddd36,worker-ca63b6b59a174f518b265ebfe0c317b7-1544107698,True,43107296.0,5.459628618658593,60.239,11668.0,2024-12-10T13:58:21.154805337Z,2024-12-10T13:59:21.393820503Z,us_east,104857600,61750304.0,41.110321044921875
c2ff83c6-263f-4bbf-a8f3-af5164ad62af,c6a1d43f-c2ec-499e-b2cb-ec8b8f8ddd36,worker-26c7dfaec87a4eecbd3f13d2c213223a-1544107698,True,43327984.0,5.487852516430166,60.236,11737.0,2024-12-10T13:58:21.217499008Z,2024-12-10T13:59:21.453820846Z,us_east,104857600,61529616.0,41.32078552246094
c2ff83c6-263f-4bbf-a8f3-af5164ad62af,c6a1d43f-c2ec-499e-b2cb-ec8b8f8ddd36,worker-175d097d8edb4a21914859c9380c6b7f-1544107698,True,43320744.0,5.476480047775203,60.351,11809.0,2024-12-10T13:58:21.289943389Z,2024-12-10T13:59:21.641475087Z,us_east,104857600,61536856.0,41.313880920410156
c2ff83c6-263f-4bbf-a8f3-af5164ad62af,ef198208-6a7f-4a30-9cba-3f55295ed4c2,worker-3064bf5ec7524b7db77d892d00312b20-1544107698,True,49431456.0,6.278001066688724,60.072,10951.0,2024-12-10T13:59:40.585857575Z,2024-12-10T14:00:40.657983271Z,us_east,104857600,55426144.0,47.141510009765625
c2ff83c6-263f-4bbf-a8f3-af5164ad62af,ef198208-6a7f-4a30-9cba-3f55295ed4c2,worker-0d9f23a00ed04d32b6b93384dff2746f-1544107698,True,47981040.0,6.096633871489034,60.044,11088.0,2024-12-10T13:59:40.723465360Z,2024-12-10T14:00:40.768004121Z,us_east,104857600,56876560.0,45.75828552246094
c2ff83c6-263f-4bbf-a8f3-af5164ad62af,ef198208-6a7f-4a30-9cba-3f55295ed4c2,worker-220cd1c59fa44005ab3b7c763ebc36ca-1544107698,True,48190680.0,6.121538276905459,60.061,11073.0,2024-12-10T13:59:40.706837685Z,2024-12-10T14:00:40.768749535Z,us_east,104857600,56666920.0,45.958213806152344
c2ff83c6-263f-4bbf-a8f3-af5164ad62af,ef198208-6a7f-4a30-9cba-3f55295ed4c2,worker-9878e5db143845ad83edbf1ba738cb84-1544107698,True,48063952.0,6.103814313948142,60.077,11106.0,2024-12-10T13:59:40.745114808Z,2024-12-10T14:00:40.822987727Z,us_east,104857600,56793648.0,45.83735656738281
c2ff83c6-263f-4bbf-a8f3-af5164ad62af,ef198208-6a7f-4a30-9cba-3f55295ed4c2,worker-313062e39ee04fc98e9b450bff7204e7-1544107698,True,48502968.0,6.153318680511386,60.138,11115.0,2024-12-10T13:59:40.751124656Z,2024-12-10T14:00:40.889128952Z,us_east,104857600,56354632.0,46.25603485107422
c2ff83c6-263f-4bbf-a8f3-af5164ad62af,ef198208-6a7f-4a30-9cba-3f55295ed4c2,worker-ca63b6b59a174f518b265ebfe0c317b7-1544107698,True,48743392.0,6.185054192185993,60.126,11134.0,2024-12-10T13:59:40.770104296Z,2024-12-10T14:00:40.896706037Z,us_east,104857600,56114208.0,46.485321044921875
c2ff83c6-263f-4bbf-a8f3-af5164ad62af,ef198208-6a7f-4a30-9cba-3f55295ed4c2,worker-175d097d8edb4a21914859c9380c6b7f-1544107698,True,47227376.0,6.0028702548928345,60.024,11301.0,2024-12-10T13:59:40.947201144Z,2024-12-10T14:00:40.972067053Z,us_east,104857600,57630224.0,45.03953552246094
c2ff83c6-263f-4bbf-a8f3-af5164ad62af,ef198208-6a7f-4a30-9cba-3f55295ed4c2,worker-775527b2822c497f85097bce4d55ff33-1544107698,True,47941032.0,6.066091405122749,60.296,11070.0,2024-12-10T13:59:40.706838565Z,2024-12-10T14:00:41.003510074Z,us_east,104857600,56916568.0,45.720130920410156
c2ff83c6-263f-4bbf-a8f3-af5164ad62af,ef198208-6a7f-4a30-9cba-3f55295ed4c2,worker-26c7dfaec87a4eecbd3f13d2c213223a-1544107698,True,47156048.0,5.9900118998129015,60.062,11347.0,2024-12-10T13:59:40.981271284Z,2024-12-10T14:00:41.043836622Z,us_east,104857600,57701552.0,44.97151184082031
c2ff83c6-263f-4bbf-a8f3-af5164ad62af,ef198208-6a7f-4a30-9cba-3f55295ed4c2,worker-3e8ac1b1242a4f6c9fba9b725a8c73ad-1544107698,True,47614800.0,6.038733559295885,60.157,11320.0,2024-12-10T13:59:40.953909346Z,2024-12-10T14:00:41.111879307Z,us_east,104857600,57242800.0,45.40901184082031
c1c718bc-1407-4678-8539-a16e9bcf46e1,cf937433-9a1d-47b7-b1df-ec83762e4a81,worker-9d825bbfcbe5435ca8b45331e36e7c2b-1544107698,True,72723700.0,9.243291225006924,60.026,10989.0,2024-12-10T13:55:35.126929387Z,2024-12-10T13:56:35.153217511Z,hong_kong,104857600,32133900.0,69.3547248840332
c1c718bc-1407-4678-8539-a16e9bcf46e1,cf937433-9a1d-47b7-b1df-ec83762e4a81,worker-9a8851ff33e64fd690844e42d38219a1-1544107698,True,58636108.0,7.455469663838818,60.004,11029.0,2024-12-10T13:55:35.167216228Z,2024-12-10T13:56:35.171762817Z,hong_kong,104857600,46221492.0,55.91975021362304
c1c718bc-1407-4678-8539-a16e9bcf46e1,cf937433-9a1d-47b7-b1df-ec83762e4a81,worker-fee5cd7329c944d8825a32efe6aafd7e-1544107698,True,56113692.0,7.135224914550781,60.0,11034.0,2024-12-10T13:55:35.170669329Z,2024-12-10T13:56:35.171090165Z,hong_kong,104857600,48743908.0,53.51418685913087
c1c718bc-1407-4678-8539-a16e9bcf46e1,cf937433-9a1d-47b7-b1df-ec83762e4a81,worker-ecb636fe5b1e4ac2a034222e9c153156-1544107698,True,82449916.0,10.481079331396469,60.017,11019.0,2024-12-10T13:55:35.157050162Z,2024-12-10T13:56:35.175039864Z,hong_kong,104857600,22407684.0,78.63036727905273
c1c718bc-1407-4678-8539-a16e9bcf46e1,cf937433-9a1d-47b7-b1df-ec83762e4a81,worker-70401d3106fc41b9b26d6c4881b588b1-1544107698,True,71682588.0,9.110509001866545,60.029,11008.0,2024-12-10T13:55:35.155227984Z,2024-12-10T13:56:35.184269297Z,hong_kong,104857600,33175012.0,68.36184310913086
c1c718bc-1407-4678-8539-a16e9bcf46e1,cf937433-9a1d-47b7-b1df-ec83762e4a81,worker-795780e220f7430795aad863b88ed6c2-1544107698,True,48986636.0,6.228142461050766,60.008,11039.0,2024-12-10T13:55:35.178843811Z,2024-12-10T13:56:35.186933778Z,hong_kong,104857600,55870964.0,46.7172966003418
c1c718bc-1407-4678-8539-a16e9bcf46e1,cf937433-9a1d-47b7-b1df-ec83762e4a81,worker-a7b86a763065437c91d14744f9499223-1544107698,True,60518508.0,7.693531075659169,60.014,11050.0,2024-12-10T13:55:35.186890007Z,2024-12-10T13:56:35.201398703Z,hong_kong,104857600,44339092.0,57.714946746826165
c1c718bc-1407-4678-8539-a16e9bcf46e1,cf937433-9a1d-47b7-b1df-ec83762e4a81,worker-d713451ca3a14768a7621b534ff2f9cf-1544107698,True,72855468.0,9.259113624914368,60.032,11038.0,2024-12-10T13:55:35.176469942Z,2024-12-10T13:56:35.209110158Z,hong_kong,104857600,32002132.0,69.48038864135742
c1c718bc-1407-4678-8539-a16e9bcf46e1,cf937433-9a1d-47b7-b1df-ec83762e4a81,worker-fd92d929cf2b4410be5787a5136d56be-1544107698,True,75978804.0,9.655250457693016,60.037,11027.0,2024-12-10T13:55:35.170125556Z,2024-12-10T13:56:35.207674760Z,hong_kong,104857600,28878796.0,72.45903396606445
c1c718bc-1407-4678-8539-a16e9bcf46e1,cf937433-9a1d-47b7-b1df-ec83762e4a81,worker-1f0fd314d8704363a3a38c82bf34d3ce-1544107698,True,94459628.0,12.005760229348615,60.027,11050.0,2024-12-10T13:55:35.186485778Z,2024-12-10T13:56:35.213957048Z,hong_kong,104857600,10397972.0,90.08372116088867
c1c718bc-1407-4678-8539-a16e9bcf46e1,b8d9a3d4-83b2-4297-a57b-ad2617f4ad54,worker-70401d3106fc41b9b26d6c4881b588b1-1544107698,True,104685404.0,13.310328285631146,60.005,11121.0,2024-12-10T13:56:55.408441145Z,2024-12-10T13:57:55.414128272Z,hong_kong,104857600,172196.0,99.83578109741211
c1c718bc-1407-4678-8539-a16e9bcf46e1,b8d9a3d4-83b2-4297-a57b-ad2617f4ad54,worker-1f0fd314d8704363a3a38c82bf34d3ce-1544107698,True,79449660.0,10.101536538240708,60.006,11129.0,2024-12-10T13:56:55.412588157Z,2024-12-10T13:57:55.418749641Z,hong_kong,104857600,25407940.0,75.76910018920898
c1c718bc-1407-4678-8539-a16e9bcf46e1,b8d9a3d4-83b2-4297-a57b-ad2617f4ad54,worker-9a8851ff33e64fd690844e42d38219a1-1544107698,True,62851236.0,7.991947937011719,60.0,11131.0,2024-12-10T13:56:55.417686790Z,2024-12-10T13:57:55.418038322Z,hong_kong,104857600,42006364.0,59.93960952758789
c1c718bc-1407-4678-8539-a16e9bcf46e1,b8d9a3d4-83b2-4297-a57b-ad2617f4ad54,worker-9d825bbfcbe5435ca8b45331e36e7c2b-1544107698,True,100196604.0,12.73747267528821,60.015,11132.0,2024-12-10T13:56:55.419707504Z,2024-12-10T13:57:55.434710118Z,hong_kong,104857600,4660996.0,95.55492782592773
c1c718bc-1407-4678-8539-a16e9bcf46e1,b8d9a3d4-83b2-4297-a57b-ad2617f4ad54,worker-d713451ca3a14768a7621b534ff2f9cf-1544107698,True,85043284.0,10.80984915312953,60.022,11141.0,2024-12-10T13:56:55.425013070Z,2024-12-10T13:57:55.447775620Z,hong_kong,104857600,19814316.0,81.10359573364258
c1c718bc-1407-4678-8539-a16e9bcf46e1,b8d9a3d4-83b2-4297-a57b-ad2617f4ad54,worker-795780e220f7430795aad863b88ed6c2-1544107698,True,33277284.0,4.229381275124575,60.029,11127.0,2024-12-10T13:56:55.412632033Z,2024-12-10T13:57:55.441702613Z,hong_kong,104857600,71580316.0,31.735691070556644
c1c718bc-1407-4678-8539-a16e9bcf46e1,b8d9a3d4-83b2-4297-a57b-ad2617f4ad54,worker-ecb636fe5b1e4ac2a034222e9c153156-1544107698,True,71148276.0,9.042148651090512,60.032,11133.0,2024-12-10T13:56:55.417008162Z,2024-12-10T13:57:55.449581672Z,hong_kong,104857600,33709324.0,67.8522834777832
c1c718bc-1407-4678-8539-a16e9bcf46e1,b8d9a3d4-83b2-4297-a57b-ad2617f4ad54,worker-fee5cd7329c944d8825a32efe6aafd7e-1544107698,True,88989084.0,11.309892234058752,60.03,11153.0,2024-12-10T13:56:55.437850247Z,2024-12-10T13:57:55.468237886Z,hong_kong,104857600,15868516.0,84.86660385131836
c1c718bc-1407-4678-8539-a16e9bcf46e1,b8d9a3d4-83b2-4297-a57b-ad2617f4ad54,worker-fd92d929cf2b4410be5787a5136d56be-1544107698,True,71543580.0,9.088753796424118,60.056,11155.0,2024-12-10T13:56:55.439629184Z,2024-12-10T13:57:55.496549009Z,hong_kong,104857600,33314020.0,68.22927474975586
c1c718bc-1407-4678-8539-a16e9bcf46e1,b8d9a3d4-83b2-4297-a57b-ad2617f4ad54,worker-a7b86a763065437c91d14744f9499223-1544107698,True,5717500.0,0.7254338566200774,60.131,11099.0,2024-12-10T13:56:55.393392830Z,2024-12-10T13:57:55.525223466Z,hong_kong,104857600,99140100.0,5.452632904052734
fe5f3e98-238a-4288-b48f-eae5cd4f3584,96ce0407-dd17-46c2-86f9-9c6cdc0422c8,worker-722af65a999e4b1d80cc9a57d1c73eba-1544107698,True,65388134.0,8.313145674858227,60.01,10710.0,2024-12-10T13:52:49.510608860Z,2024-12-10T13:53:49.521512845Z,singapore,104857600,39469466.0,62.35898399353027
fe5f3e98-238a-4288-b48f-eae5cd4f3584,96ce0407-dd17-46c2-86f9-9c6cdc0422c8,worker-03f1b39a638942ab9d7755dae2aa8699-1544107698,True,67040302.0,8.522200600698943,60.017,10754.0,2024-12-10T13:52:49.552418815Z,2024-12-10T13:53:49.570076359Z,singapore,104857600,37817298.0,63.934614181518555
fe5f3e98-238a-4288-b48f-eae5cd4f3584,96ce0407-dd17-46c2-86f9-9c6cdc0422c8,worker-890e7fe13f7447d1b05593641091695b-1544107698,True,66825998.0,8.49057260335937,60.048,10736.0,2024-12-10T13:52:49.535284051Z,2024-12-10T13:53:49.583966447Z,singapore,104857600,38031602.0,63.73023796081543
fe5f3e98-238a-4288-b48f-eae5cd4f3584,96ce0407-dd17-46c2-86f9-9c6cdc0422c8,worker-3eb2886177454119a1a81928103323df-1544107698,True,52561750.0,6.673561790696117,60.09,10738.0,2024-12-10T13:52:49.542218156Z,2024-12-10T13:53:49.632868707Z,singapore,104857600,52295850.0,50.12679100036621
fe5f3e98-238a-4288-b48f-eae5cd4f3584,96ce0407-dd17-46c2-86f9-9c6cdc0422c8,worker-0f1e6c5d1bc94f2f944b25da06a047a0-1544107698,True,46666942.0,5.931833529122004,60.022,10775.0,2024-12-10T13:52:49.573587426Z,2024-12-10T13:53:49.596501507Z,singapore,104857600,58190658.0,44.50506401062012
fe5f3e98-238a-4288-b48f-eae5cd4f3584,96ce0407-dd17-46c2-86f9-9c6cdc0422c8,worker-9160190514cd4dcdbfa133f8c94bf059-1544107698,True,96472350.0,12.253002705336128,60.069,10776.0,2024-12-10T13:52:49.575301349Z,2024-12-10T13:53:49.644629305Z,singapore,104857600,8385250.0,92.00320243835449
fe5f3e98-238a-4288-b48f-eae5cd4f3584,96ce0407-dd17-46c2-86f9-9c6cdc0422c8,worker-5fcfe25d36d5467fa80b283191e5e6b3-1544107698,True,90797638.0,11.539362386853965,60.032,10796.0,2024-12-10T13:52:49.595556302Z,2024-12-10T13:53:49.628011561Z,singapore,104857600,14059962.0,86.59137535095215
fe5f3e98-238a-4288-b48f-eae5cd4f3584,96ce0407-dd17-46c2-86f9-9c6cdc0422c8,worker-d985e2c5bb8742fea88fb473b7523fc8-1544107698,True,44677390.0,5.672892769306052,60.086,10753.0,2024-12-10T13:52:49.555121045Z,2024-12-10T13:53:49.642033379Z,singapore,104857600,60180210.0,42.60767936706543
fe5f3e98-238a-4288-b48f-eae5cd4f3584,96ce0407-dd17-46c2-86f9-9c6cdc0422c8,worker-7ce7555618184aec89df1037f2478afa-1544107698,True,104397254.0,13.243454470172544,60.142,10740.0,2024-12-10T13:52:49.547406953Z,2024-12-10T13:53:49.690204990Z,singapore,104857600,460346.0,99.56097984313965
fe5f3e98-238a-4288-b48f-eae5cd4f3584,236adce9-d8f8-4aa6-b325-f320c0b35e71,worker-3eb2886177454119a1a81928103323df-1544107698,True,80400998.0,10.221811938814234,60.01,10727.0,2024-12-10T13:54:09.678639076Z,2024-12-10T13:55:09.688999132Z,singapore,104857600,24456602.0,76.67636680603027
fe5f3e98-238a-4288-b48f-eae5cd4f3584,236adce9-d8f8-4aa6-b325-f320c0b35e71,worker-7ce7555618184aec89df1037f2478afa-1544107698,True,91171222.0,11.591861189450716,60.006,10744.0,2024-12-10T13:54:09.698217636Z,2024-12-10T13:55:09.704751057Z,singapore,104857600,13686378.0,86.94765281677246
fe5f3e98-238a-4288-b48f-eae5cd4f3584,236adce9-d8f8-4aa6-b325-f320c0b35e71,worker-03f1b39a638942ab9d7755dae2aa8699-1544107698,True,75130278.0,9.549648169943058,60.023,10733.0,2024-12-10T13:54:09.684411638Z,2024-12-10T13:55:09.707744139Z,singapore,104857600,29727322.0,71.64981651306152
fe5f3e98-238a-4288-b48f-eae5cd4f3584,236adce9-d8f8-4aa6-b325-f320c0b35e71,worker-890e7fe13f7447d1b05593641091695b-1544107698,True,93724046.0,11.912466664429138,60.026,10749.0,2024-12-10T13:54:09.702096276Z,2024-12-10T13:55:09.728814053Z,singapore,104857600,11133554.0,89.38221549987793
fe5f3e98-238a-4288-b48f-eae5cd4f3584,236adce9-d8f8-4aa6-b325-f320c0b35e71,worker-5fcfe25d36d5467fa80b283191e5e6b3-1544107698,True,79076078.0,10.052027675795568,60.018,10748.0,2024-12-10T13:54:09.699936806Z,2024-12-10T13:55:09.718897744Z,singapore,104857600,25781522.0,75.4128246307373
fe5f3e98-238a-4288-b48f-eae5cd4f3584,236adce9-d8f8-4aa6-b325-f320c0b35e71,worker-9160190514cd4dcdbfa133f8c94bf059-1544107698,True,71172894.0,9.045427999814027,60.031,10766.0,2024-12-10T13:54:09.717981147Z,2024-12-10T13:55:09.749978433Z,singapore,104857600,33684706.0,67.87576103210449
fe5f3e98-238a-4288-b48f-eae5cd4f3584,236adce9-d8f8-4aa6-b325-f320c0b35e71,worker-d985e2c5bb8742fea88fb473b7523fc8-1544107698,True,86652014.0,11.013967775113262,60.024,10751.0,2024-12-10T13:54:09.706070635Z,2024-12-10T13:55:09.730128818Z,singapore,104857600,18205586.0,82.6378002166748
fe5f3e98-238a-4288-b48f-eae5cd4f3584,236adce9-d8f8-4aa6-b325-f320c0b35e71,worker-722af65a999e4b1d80cc9a57d1c73eba-1544107698,True,54978462.0,6.990872955322265,60.0,11344.0,2024-12-10T13:54:10.300832733Z,2024-12-10T13:55:10.301198850Z,singapore,104857600,49879138.0,52.43154716491699
fe5f3e98-238a-4288-b48f-eae5cd4f3584,236adce9-d8f8-4aa6-b325-f320c0b35e71,worker-0f1e6c5d1bc94f2f944b25da06a047a0-1544107698,True,69787158.0,8.869904569555029,60.027,11366.0,2024-12-10T13:54:10.324317250Z,2024-12-10T13:55:10.352007649Z,singapore,104857600,35070442.0,66.55422019958496
bd910975-9ade-47d6-9e2f-edf9e2d49234,279096a6-8f5a-47ea-99ea-fd755443bb63,worker-175d097d8edb4a21914859c9380c6b7f-1544107698,True,58762084.0,7.471238248082744,60.006,11478.0,2024-12-10T13:50:04.956645144Z,2024-12-10T13:51:04.963603344Z,us_east,104857600,46095516.0,56.03989028930664
bd910975-9ade-47d6-9e2f-edf9e2d49234,279096a6-8f5a-47ea-99ea-fd755443bb63,worker-0d9f23a00ed04d32b6b93384dff2746f-1544107698,True,60430180.0,7.683454459035965,60.005,11525.0,2024-12-10T13:50:04.981361905Z,2024-12-10T13:51:04.986484131Z,us_east,104857600,44427420.0,57.63071060180665
bd910975-9ade-47d6-9e2f-edf9e2d49234,279096a6-8f5a-47ea-99ea-fd755443bb63,worker-ca63b6b59a174f518b265ebfe0c317b7-1544107698,True,73016196.0,9.282942283870655,60.01,11536.0,2024-12-10T13:50:04.992038528Z,2024-12-10T13:51:05.002194695Z,us_east,104857600,31841404.0,69.63367080688477
bd910975-9ade-47d6-9e2f-edf9e2d49234,279096a6-8f5a-47ea-99ea-fd755443bb63,worker-220cd1c59fa44005ab3b7c763ebc36ca-1544107698,True,41611972.0,5.287974942307712,60.037,11514.0,2024-12-10T13:50:04.968996424Z,2024-12-10T13:51:05.006042535Z,us_east,104857600,63245628.0,39.684268951416016
bd910975-9ade-47d6-9e2f-edf9e2d49234,279096a6-8f5a-47ea-99ea-fd755443bb63,worker-9878e5db143845ad83edbf1ba738cb84-1544107698,True,36943620.0,4.685052648602552,60.161,11388.0,2024-12-10T13:50:04.845663464Z,2024-12-10T13:51:05.007641377Z,us_east,104857600,67913980.0,35.232181549072266
bd910975-9ade-47d6-9e2f-edf9e2d49234,279096a6-8f5a-47ea-99ea-fd755443bb63,worker-313062e39ee04fc98e9b450bff7204e7-1544107698,True,75166476.0,9.556318962301855,60.01,11550.0,2024-12-10T13:50:05.006334125Z,2024-12-10T13:51:05.017015683Z,us_east,104857600,29691124.0,71.6843376159668
bd910975-9ade-47d6-9e2f-edf9e2d49234,279096a6-8f5a-47ea-99ea-fd755443bb63,worker-3064bf5ec7524b7db77d892d00312b20-1544107698,True,56912988.0,7.230232943207008,60.055,11523.0,2024-12-10T13:50:04.978028700Z,2024-12-10T13:51:05.033671130Z,us_east,104857600,47944612.0,54.27645492553711
bd910975-9ade-47d6-9e2f-edf9e2d49234,279096a6-8f5a-47ea-99ea-fd755443bb63,worker-26c7dfaec87a4eecbd3f13d2c213223a-1544107698,True,85861888.0,10.90681505053196,60.061,11529.0,2024-12-10T13:50:04.988967236Z,2024-12-10T13:51:05.050911107Z,us_east,104857600,18995712.0,81.88427734375
bd910975-9ade-47d6-9e2f-edf9e2d49234,279096a6-8f5a-47ea-99ea-fd755443bb63,worker-3e8ac1b1242a4f6c9fba9b725a8c73ad-1544107698,True,78905212.0,10.018956045000865,60.086,11505.0,2024-12-10T13:50:04.969112837Z,2024-12-10T13:51:05.055276587Z,us_east,104857600,25952388.0,75.24987411499023
bd910975-9ade-47d6-9e2f-edf9e2d49234,279096a6-8f5a-47ea-99ea-fd755443bb63,worker-775527b2822c497f85097bce4d55ff33-1544107698,True,43915740.0,5.574976398805253,60.099,11548.0,2024-12-10T13:50:05.005596224Z,2024-12-10T13:51:05.105369656Z,us_east,104857600,60941860.0,41.88131332397461
bd910975-9ade-47d6-9e2f-edf9e2d49234,114e3e17-1cc1-4189-9350-8d8b23a568d0,worker-3e8ac1b1242a4f6c9fba9b725a8c73ad-1544107698,True,44962644.0,5.716533632917955,60.008,10964.0,2024-12-10T13:51:24.585519724Z,2024-12-10T13:52:24.593772186Z,us_east,104857600,59894956.0,42.87971878051758
bd910975-9ade-47d6-9e2f-edf9e2d49234,114e3e17-1cc1-4189-9350-8d8b23a568d0,worker-175d097d8edb4a21914859c9380c6b7f-1544107698,True,88267980.0,11.22142275667746,60.013,11012.0,2024-12-10T13:51:24.632939553Z,2024-12-10T13:52:24.646358803Z,us_east,104857600,16589620.0,84.17890548706055
bd910975-9ade-47d6-9e2f-edf9e2d49234,114e3e17-1cc1-4189-9350-8d8b23a568d0,worker-0d9f23a00ed04d32b6b93384dff2746f-1544107698,True,90982980.0,11.568120157467346,60.005,11032.0,2024-12-10T13:51:24.660577740Z,2024-12-10T13:52:24.665690044Z,us_east,104857600,13874620.0,86.76813125610352
bd910975-9ade-47d6-9e2f-edf9e2d49234,114e3e17-1cc1-4189-9350-8d8b23a568d0,worker-9878e5db143845ad83edbf1ba738cb84-1544107698,True,50835732.0,6.461082423417249,60.028,11010.0,2024-12-10T13:51:24.646430889Z,2024-12-10T13:52:24.674890225Z,us_east,104857600,54021868.0,48.48073196411133
bd910975-9ade-47d6-9e2f-edf9e2d49234,114e3e17-1cc1-4189-9350-8d8b23a568d0,worker-220cd1c59fa44005ab3b7c763ebc36ca-1544107698,True,92130444.0,11.71323477503765,60.009,11025.0,2024-12-10T13:51:24.667378534Z,2024-12-10T13:52:24.676727083Z,us_east,104857600,12727156.0,87.8624382019043
bd910975-9ade-47d6-9e2f-edf9e2d49234,114e3e17-1cc1-4189-9350-8d8b23a568d0,worker-ca63b6b59a174f518b265ebfe0c317b7-1544107698,True,48139556.0,6.119119396264693,60.021,11041.0,2024-12-10T13:51:24.666681189Z,2024-12-10T13:52:24.688453615Z,us_east,104857600,56718044.0,45.90945816040039
bd910975-9ade-47d6-9e2f-edf9e2d49234,114e3e17-1cc1-4189-9350-8d8b23a568d0,worker-313062e39ee04fc98e9b450bff7204e7-1544107698,True,57545764.0,7.313421794346401,60.032,11037.0,2024-12-10T13:51:24.658060838Z,2024-12-10T13:52:24.690290033Z,us_east,104857600,47311836.0,54.87991714477539
bd910975-9ade-47d6-9e2f-edf9e2d49234,114e3e17-1cc1-4189-9350-8d8b23a568d0,worker-26c7dfaec87a4eecbd3f13d2c213223a-1544107698,True,42362036.0,5.384098850386747,60.028,11044.0,2024-12-10T13:51:24.669061623Z,2024-12-10T13:52:24.697211925Z,us_east,104857600,62495564.0,40.39958572387695
bd910975-9ade-47d6-9e2f-edf9e2d49234,114e3e17-1cc1-4189-9350-8d8b23a568d0,worker-775527b2822c497f85097bce4d55ff33-1544107698,True,63029340.0,8.003390285338806,60.084,10998.0,2024-12-10T13:51:24.622685188Z,2024-12-10T13:52:24.706907701Z,us_east,104857600,41828260.0,60.10946273803711
bd910975-9ade-47d6-9e2f-edf9e2d49234,114e3e17-1cc1-4189-9350-8d8b23a568d0,worker-3064bf5ec7524b7db77d892d00312b20-1544107698,True,45006084.0,5.713867792834195,60.094,11005.0,2024-12-10T13:51:24.626588930Z,2024-12-10T13:52:24.721237707Z,us_east,104857600,59851516.0,42.921146392822266
db415af2-770a-40ce-a7ad-b319626cd356,042cf651-d5e7-4e53-8808-36cb94f93fc0,worker-1f0fd314d8704363a3a38c82bf34d3ce-1544107698,True,6496312.0,0.8259386622799252,60.008,10422.0,2024-12-10T13:47:18.523867283Z,2024-12-10T13:48:18.531985023Z,hong_kong,104857600,98361288.0,6.195365905761719
db415af2-770a-40ce-a7ad-b319626cd356,042cf651-d5e7-4e53-8808-36cb94f93fc0,worker-fd92d929cf2b4410be5787a5136d56be-1544107698,True,8541772.0,1.0859614828192696,60.01,10425.0,2024-12-10T13:47:18.529664421Z,2024-12-10T13:48:18.540193831Z,hong_kong,104857600,96315828.0,8.146068572998047
db415af2-770a-40ce-a7ad-b319626cd356,042cf651-d5e7-4e53-8808-36cb94f93fc0,worker-9d825bbfcbe5435ca8b45331e36e7c2b-1544107698,True,9720964.0,1.2354255993483163,60.032,10430.0,2024-12-10T13:47:18.531239710Z,2024-12-10T13:48:18.563702869Z,hong_kong,104857600,95136636.0,9.270633697509766
db415af2-770a-40ce-a7ad-b319626cd356,042cf651-d5e7-4e53-8808-36cb94f93fc0,worker-a7b86a763065437c91d14744f9499223-1544107698,True,9609032.0,1.2206919458415546,60.057,10422.0,2024-12-10T13:47:18.524411725Z,2024-12-10T13:48:18.582062731Z,hong_kong,104857600,95248568.0,9.163887023925781
db415af2-770a-40ce-a7ad-b319626cd356,042cf651-d5e7-4e53-8808-36cb94f93fc0,worker-795780e220f7430795aad863b88ed6c2-1544107698,True,8411832.0,1.0685511997767856,60.06,10423.0,2024-12-10T13:47:18.526399262Z,2024-12-10T13:48:18.586581490Z,hong_kong,104857600,96445768.0,8.022148132324219
db415af2-770a-40ce-a7ad-b319626cd356,042cf651-d5e7-4e53-8808-36cb94f93fc0,worker-9a8851ff33e64fd690844e42d38219a1-1544107698,True,7605912.0,0.9658699948063176,60.079,10422.0,2024-12-10T13:47:18.524369692Z,2024-12-10T13:48:18.603525399Z,hong_kong,104857600,97251688.0,7.253562927246094
db415af2-770a-40ce-a7ad-b319626cd356,042cf651-d5e7-4e53-8808-36cb94f93fc0,worker-70401d3106fc41b9b26d6c4881b588b1-1544107698,True,7226312.0,0.9176953784960344,60.077,10424.0,2024-12-10T13:47:18.526952901Z,2024-12-10T13:48:18.604533710Z,hong_kong,104857600,97631288.0,6.891548156738281
db415af2-770a-40ce-a7ad-b319626cd356,042cf651-d5e7-4e53-8808-36cb94f93fc0,worker-d713451ca3a14768a7621b534ff2f9cf-1544107698,True,8135892.0,1.0345321655273438,60.0,10943.0,2024-12-10T13:47:19.043661984Z,2024-12-10T13:48:19.044608094Z,hong_kong,104857600,96721708.0,7.758991241455078
db415af2-770a-40ce-a7ad-b319626cd356,042cf651-d5e7-4e53-8808-36cb94f93fc0,worker-ecb636fe5b1e4ac2a034222e9c153156-1544107698,True,7718332.0,0.9814366658528646,60.0,10961.0,2024-12-10T13:47:19.062330272Z,2024-12-10T13:48:19.062484076Z,hong_kong,104857600,97139268.0,7.360774993896485
db415af2-770a-40ce-a7ad-b319626cd356,042cf651-d5e7-4e53-8808-36cb94f93fc0,worker-fee5cd7329c944d8825a32efe6aafd7e-1544107698,True,10011992.0,1.2724543896671456,60.03,11014.0,2024-12-10T13:47:19.113939978Z,2024-12-10T13:48:19.144344583Z,hong_kong,104857600,94845608.0,9.548179626464844
db415af2-770a-40ce-a7ad-b319626cd356,f7212e3e-549e-4bc0-b780-84fb08ae0eab,worker-9a8851ff33e64fd690844e42d38219a1-1544107698,True,9410472.0,1.1964638061106414,60.007,10236.0,2024-12-10T13:48:38.485462913Z,2024-12-10T13:49:38.493057570Z,hong_kong,104857600,95447128.0,8.974525451660156
db415af2-770a-40ce-a7ad-b319626cd356,f7212e3e-549e-4bc0-b780-84fb08ae0eab,worker-d713451ca3a14768a7621b534ff2f9cf-1544107698,True,9027952.0,1.1479443278809938,60.001,10239.0,2024-12-10T13:48:38.487796035Z,2024-12-10T13:49:38.489117497Z,hong_kong,104857600,95829648.0,8.609725952148438
db415af2-770a-40ce-a7ad-b319626cd356,f7212e3e-549e-4bc0-b780-84fb08ae0eab,worker-795780e220f7430795aad863b88ed6c2-1544107698,True,11572732.0,1.4707400635054366,60.033,10225.0,2024-12-10T13:48:38.475758966Z,2024-12-10T13:49:38.509542106Z,hong_kong,104857600,93284868.0,11.036617279052734
db415af2-770a-40ce-a7ad-b319626cd356,f7212e3e-549e-4bc0-b780-84fb08ae0eab,worker-fee5cd7329c944d8825a32efe6aafd7e-1544107698,True,9414852.0,1.1968810671064771,60.014,10223.0,2024-12-10T13:48:38.471629513Z,2024-12-10T13:49:38.486271529Z,hong_kong,104857600,95442748.0,8.978702545166016
db415af2-770a-40ce-a7ad-b319626cd356,f7212e3e-549e-4bc0-b780-84fb08ae0eab,worker-ecb636fe5b1e4ac2a034222e9c153156-1544107698,True,9774012.0,1.2426020846373478,60.011,10251.0,2024-12-10T13:48:38.498678152Z,2024-12-10T13:49:38.510431479Z,hong_kong,104857600,95083588.0,9.321224212646484
db415af2-770a-40ce-a7ad-b319626cd356,f7212e3e-549e-4bc0-b780-84fb08ae0eab,worker-70401d3106fc41b9b26d6c4881b588b1-1544107698,True,10266032.0,1.30495848714491,60.02,10246.0,2024-12-10T13:48:38.495061590Z,2024-12-10T13:49:38.515079095Z,hong_kong,104857600,94591568.0,9.790451049804688
db415af2-770a-40ce-a7ad-b319626cd356,f7212e3e-549e-4bc0-b780-84fb08ae0eab,worker-1f0fd314d8704363a3a38c82bf34d3ce-1544107698,True,10216392.0,1.2983673188730571,60.033,10245.0,2024-12-10T13:48:38.493912972Z,2024-12-10T13:49:38.527046184Z,hong_kong,104857600,94641208.0,9.743110656738281
db415af2-770a-40ce-a7ad-b319626cd356,f7212e3e-549e-4bc0-b780-84fb08ae0eab,worker-fd92d929cf2b4410be5787a5136d56be-1544107698,True,9962352.0,1.2658713566475277,60.043,10247.0,2024-12-10T13:48:38.495302222Z,2024-12-10T13:49:38.539146834Z,hong_kong,104857600,94895248.0,9.500839233398438
db415af2-770a-40ce-a7ad-b319626cd356,f7212e3e-549e-4bc0-b780-84fb08ae0eab,worker-9d825bbfcbe5435ca8b45331e36e7c2b-1544107698,True,8617692.0,1.0944099510086702,60.076,10266.0,2024-12-10T13:48:38.512885183Z,2024-12-10T13:49:38.589708282Z,hong_kong,104857600,96239908.0,8.21847152709961
db415af2-770a-40ce-a7ad-b319626cd356,f7212e3e-549e-4bc0-b780-84fb08ae0eab,worker-a7b86a763065437c91d14744f9499223-1544107698,True,9451352.0,1.2006009534085706,60.06,10694.0,2024-12-10T13:48:38.942957219Z,2024-12-10T13:49:39.003434249Z,hong_kong,104857600,95406248.0,9.013511657714844
c2c2157c-a1fc-467a-a06a-d823ced51648,a060f665-db3b-4796-91ba-de68a213e1f2,worker-7ce7555618184aec89df1037f2478afa-1544107698,True,8744712.0,1.1116697144073358,60.015,10226.0,2024-12-10T13:43:35.863921061Z,2024-12-10T13:44:35.879451282Z,singapore,104857600,96112888.0,8.339607238769531
c2c2157c-a1fc-467a-a06a-d823ced51648,a060f665-db3b-4796-91ba-de68a213e1f2,worker-5fcfe25d36d5467fa80b283191e5e6b3-1544107698,True,5912312.0,0.7516640699857315,60.01,10267.0,2024-12-10T13:43:35.902787612Z,2024-12-10T13:44:35.913177003Z,singapore,104857600,98945288.0,5.638420104980469
c2c2157c-a1fc-467a-a06a-d823ced51648,a060f665-db3b-4796-91ba-de68a213e1f2,worker-d985e2c5bb8742fea88fb473b7523fc8-1544107698,True,7608832.0,0.9665464743589745,60.06,10220.0,2024-12-10T13:43:35.868016271Z,2024-12-10T13:44:35.928623520Z,singapore,104857600,97248768.0,7.256347656250001
c2c2157c-a1fc-467a-a06a-d823ced51648,a060f665-db3b-4796-91ba-de68a213e1f2,worker-0f1e6c5d1bc94f2f944b25da06a047a0-1544107698,True,5542932.0,0.7042099361868152,60.052,10244.0,2024-12-10T13:43:35.902659731Z,2024-12-10T13:44:35.954969658Z,singapore,104857600,99314668.0,5.286151885986328
c2c2157c-a1fc-467a-a06a-d823ced51648,a060f665-db3b-4796-91ba-de68a213e1f2,worker-890e7fe13f7447d1b05593641091695b-1544107698,True,7189812.0,0.9133033474886468,60.061,10470.0,2024-12-10T13:43:36.108794069Z,2024-12-10T13:44:36.170667404Z,singapore,104857600,97667788.0,6.856739044189453
c2c2157c-a1fc-467a-a06a-d823ced51648,a060f665-db3b-4796-91ba-de68a213e1f2,worker-3eb2886177454119a1a81928103323df-1544107698,True,6956212.0,0.8842186199999271,60.021,10477.0,2024-12-10T13:43:36.113634206Z,2024-12-10T13:44:36.135174096Z,singapore,104857600,97901388.0,6.633960723876953
c2c2157c-a1fc-467a-a06a-d823ced51648,a060f665-db3b-4796-91ba-de68a213e1f2,worker-03f1b39a638942ab9d7755dae2aa8699-1544107698,True,10346332.0,1.3149028647937246,60.032,10473.0,2024-12-10T13:43:36.114139875Z,2024-12-10T13:44:36.146886169Z,singapore,104857600,94511268.0,9.86703109741211
c2c2157c-a1fc-467a-a06a-d823ced51648,a060f665-db3b-4796-91ba-de68a213e1f2,worker-9160190514cd4dcdbfa133f8c94bf059-1544107698,True,5264072.0,0.6692609796681539,60.009,10642.0,2024-12-10T13:43:36.278675439Z,2024-12-10T13:44:36.287846611Z,singapore,104857600,99593528.0,5.020210266113281
c2c2157c-a1fc-467a-a06a-d823ced51648,a060f665-db3b-4796-91ba-de68a213e1f2,worker-722af65a999e4b1d80cc9a57d1c73eba-1544107698,True,8954952.0,1.1385102537353773,60.009,11209.0,2024-12-10T13:43:36.848540095Z,2024-12-10T13:44:36.857631138Z,singapore,104857600,95902648.0,8.540107727050781
c2c2157c-a1fc-467a-a06a-d823ced51648,86f236b8-bf65-47be-aa7d-f5ba8c6f66b7,worker-722af65a999e4b1d80cc9a57d1c73eba-1544107698,True,13740832.0,1.74677133623742,60.016,10149.0,2024-12-10T13:44:55.944570418Z,2024-12-10T13:45:55.961004333Z,singapore,104857600,91116768.0,13.104278564453125
c2c2157c-a1fc-467a-a06a-d823ced51648,86f236b8-bf65-47be-aa7d-f5ba8c6f66b7,worker-03f1b39a638942ab9d7755dae2aa8699-1544107698,True,17437552.0,2.21718853835954,60.003,10177.0,2024-12-10T13:44:55.964642233Z,2024-12-10T13:45:55.968140014Z,singapore,104857600,87420048.0,16.629745483398438
c2c2157c-a1fc-467a-a06a-d823ced51648,86f236b8-bf65-47be-aa7d-f5ba8c6f66b7,worker-890e7fe13f7447d1b05593641091695b-1544107698,True,14057652.0,1.7874037279350647,60.004,10195.0,2024-12-10T13:44:55.986535994Z,2024-12-10T13:45:55.991402407Z,singapore,104857600,90799948.0,13.406421661376951
c2c2157c-a1fc-467a-a06a-d823ced51648,86f236b8-bf65-47be-aa7d-f5ba8c6f66b7,worker-3eb2886177454119a1a81928103323df-1544107698,True,15409612.0,1.959106974195707,60.01,10155.0,2024-12-10T13:44:55.953618080Z,2024-12-10T13:45:55.964170685Z,singapore,104857600,89447988.0,14.695751190185547
c2c2157c-a1fc-467a-a06a-d823ced51648,86f236b8-bf65-47be-aa7d-f5ba8c6f66b7,worker-7ce7555618184aec89df1037f2478afa-1544107698,True,13864932.0,1.7621362048467952,60.03,10195.0,2024-12-10T13:44:55.982447813Z,2024-12-10T13:45:56.012717109Z,singapore,104857600,90992668.0,13.22262954711914
c2c2157c-a1fc-467a-a06a-d823ced51648,86f236b8-bf65-47be-aa7d-f5ba8c6f66b7,worker-d985e2c5bb8742fea88fb473b7523fc8-1544107698,True,17066712.0,2.169421512816041,60.02,10182.0,2024-12-10T13:44:55.969566413Z,2024-12-10T13:45:55.990029777Z,singapore,104857600,87790888.0,16.276084899902344
c2c2157c-a1fc-467a-a06a-d823ced51648,86f236b8-bf65-47be-aa7d-f5ba8c6f66b7,worker-0f1e6c5d1bc94f2f944b25da06a047a0-1544107698,True,9401712.0,1.193222379432204,60.114,10269.0,2024-12-10T13:44:56.060693944Z,2024-12-10T13:45:56.175176981Z,singapore,104857600,95455888.0,8.966171264648438
c2c2157c-a1fc-467a-a06a-d823ced51648,86f236b8-bf65-47be-aa7d-f5ba8c6f66b7,worker-9160190514cd4dcdbfa133f8c94bf059-1544107698,True,10671912.0,1.3343640737287563,61.018,10250.0,2024-12-10T13:44:56.038158383Z,2024-12-10T13:45:57.056895118Z,singapore,104857600,94185688.0,10.177528381347656
c2c2157c-a1fc-467a-a06a-d823ced51648,86f236b8-bf65-47be-aa7d-f5ba8c6f66b7,worker-5fcfe25d36d5467fa80b283191e5e6b3-1544107698,True,10422252.0,1.2777469816025675,62.231,10251.0,2024-12-10T13:44:56.038050446Z,2024-12-10T13:45:58.269559942Z,singapore,104857600,94435348.0,9.939434051513672
cda01835-c064-4d98-bec2-aa681a1b33be,2c1b76dd-520f-47b1-bced-b4930b66f6b3,worker-313062e39ee04fc98e9b450bff7204e7-1544107698,True,5427592.0,0.6895219502565357,60.055,10555.0,2024-12-10T13:40:13.391329571Z,2024-12-10T13:41:13.447137650Z,us_east,104857600,99430008.0,5.176155090332031
cda01835-c064-4d98-bec2-aa681a1b33be,2c1b76dd-520f-47b1-bced-b4930b66f6b3,worker-3e8ac1b1242a4f6c9fba9b725a8c73ad-1544107698,True,4830452.0,0.6134364910409246,60.077,10567.0,2024-12-10T13:40:13.402636266Z,2024-12-10T13:41:13.480157203Z,us_east,104857600,100027148.0,4.606678009033203
cda01835-c064-4d98-bec2-aa681a1b33be,2c1b76dd-520f-47b1-bced-b4930b66f6b3,worker-26c7dfaec87a4eecbd3f13d2c213223a-1544107698,True,5804272.0,0.7372894851101779,60.062,10800.0,2024-12-10T13:40:13.645435739Z,2024-12-10T13:41:13.708080548Z,us_east,104857600,99053328.0,5.5353851318359375
cda01835-c064-4d98-bec2-aa681a1b33be,2c1b76dd-520f-47b1-bced-b4930b66f6b3,worker-220cd1c59fa44005ab3b7c763ebc36ca-1544107698,True,4859084.0,0.6157094983637996,60.21,10862.0,2024-12-10T13:40:13.706016573Z,2024-12-10T13:41:13.916635912Z,us_east,104857600,99998516.0,4.633983612060547
cda01835-c064-4d98-bec2-aa681a1b33be,2c1b76dd-520f-47b1-bced-b4930b66f6b3,worker-ca63b6b59a174f518b265ebfe0c317b7-1544107698,True,5353132.0,0.6806859334309896,60.0,11288.0,2024-12-10T13:40:14.127472427Z,2024-12-10T13:41:14.127620289Z,us_east,104857600,99504468.0,5.105144500732422
cda01835-c064-4d98-bec2-aa681a1b33be,2c1b76dd-520f-47b1-bced-b4930b66f6b3,worker-9878e5db143845ad83edbf1ba738cb84-1544107698,True,5100552.0,0.6481258395955473,60.041,11272.0,2024-12-10T13:40:14.123712859Z,2024-12-10T13:41:14.164831648Z,us_east,104857600,99757048.0,4.864265441894531
cda01835-c064-4d98-bec2-aa681a1b33be,2c1b76dd-520f-47b1-bced-b4930b66f6b3,worker-775527b2822c497f85097bce4d55ff33-1544107698,True,5361892.0,0.6814590954848097,60.03,11329.0,2024-12-10T13:40:14.166989547Z,2024-12-10T13:41:14.197622357Z,us_east,104857600,99495708.0,5.113498687744141
cda01835-c064-4d98-bec2-aa681a1b33be,2c1b76dd-520f-47b1-bced-b4930b66f6b3,worker-175d097d8edb4a21914859c9380c6b7f-1544107698,True,7240912.0,0.920131488100443,60.039,11326.0,2024-12-10T13:40:14.164498696Z,2024-12-10T13:41:14.203895534Z,us_east,104857600,97616688.0,6.9054718017578125
cda01835-c064-4d98-bec2-aa681a1b33be,2c1b76dd-520f-47b1-bced-b4930b66f6b3,worker-3064bf5ec7524b7db77d892d00312b20-1544107698,True,4296092.0,0.5454309289026488,60.093,11335.0,2024-12-10T13:40:14.171002081Z,2024-12-10T13:41:14.264920287Z,us_east,104857600,100561508.0,4.097072601318359
cda01835-c064-4d98-bec2-aa681a1b33be,2c1b76dd-520f-47b1-bced-b4930b66f6b3,worker-0d9f23a00ed04d32b6b93384dff2746f-1544107698,True,4570572.0,0.579844641017067,60.138,11313.0,2024-12-10T13:40:14.163733499Z,2024-12-10T13:41:14.302312738Z,us_east,104857600,100287028.0,4.358837127685547
cda01835-c064-4d98-bec2-aa681a1b33be,c594674c-4fc8-47f0-aa9d-ded657afc987,worker-0d9f23a00ed04d32b6b93384dff2746f-1544107698,True,5323932.0,0.6768263157240411,60.013,10534.0,2024-12-10T13:41:33.545951377Z,2024-12-10T13:42:33.559462194Z,us_east,104857600,99533668.0,5.077297210693359
cda01835-c064-4d98-bec2-aa681a1b33be,c594674c-4fc8-47f0-aa9d-ded657afc987,worker-313062e39ee04fc98e9b450bff7204e7-1544107698,True,5410072.0,0.6876626248349591,60.023,10529.0,2024-12-10T13:41:33.541233091Z,2024-12-10T13:42:33.565197357Z,us_east,104857600,99447528.0,5.159446716308594
cda01835-c064-4d98-bec2-aa681a1b33be,c594674c-4fc8-47f0-aa9d-ded657afc987,worker-9878e5db143845ad83edbf1ba738cb84-1544107698,True,6836492.0,0.8685232403792316,60.054,10518.0,2024-12-10T13:41:33.526605396Z,2024-12-10T13:42:33.581111993Z,us_east,104857600,98021108.0,6.519786834716797
cda01835-c064-4d98-bec2-aa681a1b33be,c594674c-4fc8-47f0-aa9d-ded657afc987,worker-3064bf5ec7524b7db77d892d00312b20-1544107698,True,5856832.0,0.7439907098110223,60.06,10536.0,2024-12-10T13:41:33.542475072Z,2024-12-10T13:42:33.602885731Z,us_east,104857600,99000768.0,5.58551025390625
cda01835-c064-4d98-bec2-aa681a1b33be,c594674c-4fc8-47f0-aa9d-ded657afc987,worker-220cd1c59fa44005ab3b7c763ebc36ca-1544107698,True,5104932.0,0.648077945375029,60.097,10517.0,2024-12-10T13:41:33.526989584Z,2024-12-10T13:42:33.624414099Z,us_east,104857600,99752668.0,4.868442535400391
cda01835-c064-4d98-bec2-aa681a1b33be,c594674c-4fc8-47f0-aa9d-ded657afc987,worker-ca63b6b59a174f518b265ebfe0c317b7-1544107698,True,5947352.0,0.7546099255649218,60.13,10491.0,2024-12-10T13:41:33.499746421Z,2024-12-10T13:42:33.630642634Z,us_east,104857600,98910248.0,5.671836853027344
cda01835-c064-4d98-bec2-aa681a1b33be,c594674c-4fc8-47f0-aa9d-ded657afc987,worker-3e8ac1b1242a4f6c9fba9b725a8c73ad-1544107698,True,4174912.0,0.5297374065535192,60.128,10514.0,2024-12-10T13:41:33.525654500Z,2024-12-10T13:42:33.654399999Z,us_east,104857600,100682688.0,3.9815063476562504
cda01835-c064-4d98-bec2-aa681a1b33be,c594674c-4fc8-47f0-aa9d-ded657afc987,worker-775527b2822c497f85097bce4d55ff33-1544107698,True,5217352.0,0.6619422758573561,60.134,10528.0,2024-12-10T13:41:33.535510461Z,2024-12-10T13:42:33.670352261Z,us_east,104857600,99640248.0,4.975654602050781
cda01835-c064-4d98-bec2-aa681a1b33be,c594674c-4fc8-47f0-aa9d-ded657afc987,worker-175d097d8edb4a21914859c9380c6b7f-1544107698,True,5883112.0,0.7455786867249921,60.201,10545.0,2024-12-10T13:41:33.551703182Z,2024-12-10T13:42:33.753374697Z,us_east,104857600,98974488.0,5.610572814941406
cda01835-c064-4d98-bec2-aa681a1b33be,c594674c-4fc8-47f0-aa9d-ded657afc987,worker-26c7dfaec87a4eecbd3f13d2c213223a-1544107698,True,5303492.0,0.6718655828461764,60.224,10526.0,2024-12-10T13:41:33.533962162Z,2024-12-10T13:42:33.758838345Z,us_east,104857600,99554108.0,5.057804107666016
eab0091f-88ff-4c06-bce0-88ca2ce3d248,7dfed73d-1ab0-4755-8e55-3c6dc114de9e,worker-d13164f093bb4ed3b524edf389cdea30-1544107698,True,655292.0,0.0832899825268117,60.025,10248.0,2024-11-12T13:39:13.771813274Z,2024-11-12T13:40:13.797445261Z,singapore,104857600,104202308.0,0.6249351501464844
eab0091f-88ff-4c06-bce0-88ca2ce3d248,7dfed73d-1ab0-4755-8e55-3c6dc114de9e,worker-317859f7a4494b4f89441014bb0791a9-1544107698,True,522076.0,0.0662231496050821,60.147,10186.0,2024-11-12T13:39:13.713687514Z,2024-11-12T13:40:13.861417612Z,singapore,104857600,104335524.0,0.4978904724121094
eab0091f-88ff-4c06-bce0-88ca2ce3d248,7dfed73d-1ab0-4755-8e55-3c6dc114de9e,worker-38837e2cab4d44d1b94eba46d6ed0752-1544107698,True,762444.0,0.096451435648887,60.31,10188.0,2024-11-12T13:39:13.713920885Z,2024-11-12T13:40:14.023971336Z,singapore,104857600,104095156.0,0.7271232604980469
eab0091f-88ff-4c06-bce0-88ca2ce3d248,7dfed73d-1ab0-4755-8e55-3c6dc114de9e,worker-3109a4756c724d4387d76cb418f7b8a8-1544107698,True,410580.0,0.0515863314829739,60.723,10191.0,2024-11-12T13:39:13.714009977Z,2024-11-12T13:40:14.437320645Z,singapore,104857600,104447020.0,0.3915596008300781
eab0091f-88ff-4c06-bce0-88ca2ce3d248,7dfed73d-1ab0-4755-8e55-3c6dc114de9e,worker-5f610ba13ac04a0a93228dcc653d54a7-1544107698,True,766788.0,0.0962334584696439,60.791,10188.0,2024-11-12T13:39:13.711319524Z,2024-11-12T13:40:14.502881805Z,singapore,104857600,104090812.0,0.7312660217285156
eab0091f-88ff-4c06-bce0-88ca2ce3d248,7dfed73d-1ab0-4755-8e55-3c6dc114de9e,worker-b003f28b8c3340cd8cf7f858546499ef-1544107698,True,491916.0,0.0624608268187993,60.086,13134.0,2024-11-12T13:39:16.655106845Z,2024-11-12T13:40:16.741701230Z,singapore,104857600,104365684.0,0.4691276550292969
eab0091f-88ff-4c06-bce0-88ca2ce3d248,7dfed73d-1ab0-4755-8e55-3c6dc114de9e,worker-530cf3818a79491980240c9408ecac94-1544107698,True,555628.0,0.0702478287283018,60.345,13105.0,2024-11-12T13:39:16.650498266Z,2024-11-12T13:40:16.995711542Z,singapore,104857600,104301972.0,0.5298881530761719
eab0091f-88ff-4c06-bce0-88ca2ce3d248,7dfed73d-1ab0-4755-8e55-3c6dc114de9e,worker-5e493b238cf348f6b37c7c7434581d2d-1544107698,True,511940.0,0.0583276172860852,66.963,10194.0,2024-11-12T13:39:13.714516157Z,2024-11-12T13:40:20.677561282Z,singapore,104857600,104345660.0,0.48822402954101557
eab0091f-88ff-4c06-bce0-88ca2ce3d248,7dfed73d-1ab0-4755-8e55-3c6dc114de9e,worker-358593d91ac04fceb00ee0bdccc24f20-1544107698,True,193628.0,0.0207790306396724,71.094,13230.0,2024-11-12T13:39:16.752524584Z,2024-11-12T13:40:27.846600946Z,singapore,104857600,104663972.0,0.18465805053710938
eab0091f-88ff-4c06-bce0-88ca2ce3d248,7dfed73d-1ab0-4755-8e55-3c6dc114de9e,worker-0ad6f0fdb17944d1baadcd6d7598af92-1544107698,True,503252.0,0.0505424539483535,75.966,10407.0,2024-11-12T13:39:13.926821403Z,2024-11-12T13:40:29.893453551Z,singapore,104857600,104354348.0,0.4799385070800782
89a08ee5-4ac5-4521-8d6e-791d3c771a03,15fd166e-bf23-49c2-9d5c-fd07b55e3b43,worker-55b74f68c378406fb338353f85e0bcc9-1544107698,True,1096932.0,0.1336846586683033,62.602,10153.0,2024-11-12T13:35:18.120564868Z,2024-11-12T13:36:20.723292708Z,hong_kong,104857600,103760668.0,1.0461158752441406
89a08ee5-4ac5-4521-8d6e-791d3c771a03,15fd166e-bf23-49c2-9d5c-fd07b55e3b43,worker-336602893cc3403c94a6172053df72fe-1544107698,True,727692.0,0.0924907434317524,60.026,26035.0,2024-11-12T13:35:34.000544569Z,2024-11-12T13:36:34.026930685Z,hong_kong,104857600,104129908.0,0.6939811706542969
89a08ee5-4ac5-4521-8d6e-791d3c771a03,15fd166e-bf23-49c2-9d5c-fd07b55e3b43,worker-3495f46c836e49ec9c583308b2285bee-1544107698,True,940548.0,0.1190788697097314,60.261,26032.0,2024-11-12T13:35:34.009575687Z,2024-11-12T13:36:34.271099775Z,hong_kong,104857600,103917052.0,0.8969764709472656
89a08ee5-4ac5-4521-8d6e-791d3c771a03,15fd166e-bf23-49c2-9d5c-fd07b55e3b43,worker-689fb313f2b34c80b499936d812a064b-1544107698,True,840636.0,0.1064329594114053,60.259,26078.0,2024-11-12T13:35:34.043133227Z,2024-11-12T13:36:34.303012329Z,hong_kong,104857600,104016964.0,0.8016929626464844
89a08ee5-4ac5-4521-8d6e-791d3c771a03,15fd166e-bf23-49c2-9d5c-fd07b55e3b43,worker-25a72e94d80445b3898ceb9973f89e90-1544107698,True,1037564.0,0.1311375175174255,60.364,25981.0,2024-11-12T13:35:33.958398279Z,2024-11-12T13:36:34.323172066Z,hong_kong,104857600,103820036.0,0.9894981384277344
89a08ee5-4ac5-4521-8d6e-791d3c771a03,15fd166e-bf23-49c2-9d5c-fd07b55e3b43,worker-3411be34b19249d79bc821e96ff58eb6-1544107698,True,398996.0,0.0503256497221039,60.488,25928.0,2024-11-12T13:35:33.898596229Z,2024-11-12T13:36:34.387120273Z,hong_kong,104857600,104458604.0,0.3805122375488281
89a08ee5-4ac5-4521-8d6e-791d3c771a03,15fd166e-bf23-49c2-9d5c-fd07b55e3b43,worker-7024dfbd6f2949cc8e64f0a18bf95c3a-1544107698,True,639364.0,0.0798095583291578,61.12,25970.0,2024-11-12T13:35:33.938460598Z,2024-11-12T13:36:35.058932715Z,hong_kong,104857600,104218236.0,0.6097450256347656
89a08ee5-4ac5-4521-8d6e-791d3c771a03,15fd166e-bf23-49c2-9d5c-fd07b55e3b43,worker-5dc0276a95104f5c81ef45e31564ee42-1544107698,True,947788.0,0.1154640019158875,62.626,25939.0,2024-11-12T13:35:33.903963361Z,2024-11-12T13:36:36.530906426Z,hong_kong,104857600,103909812.0,0.9038810729980468
89a08ee5-4ac5-4521-8d6e-791d3c771a03,15fd166e-bf23-49c2-9d5c-fd07b55e3b43,worker-32463579859f4033b734d6b0f66bede6-1544107698,True,872492.0,0.0953556281996243,69.808,26050.0,2024-11-12T13:35:34.019099697Z,2024-11-12T13:36:43.827270829Z,hong_kong,104857600,103985108.0,0.8320732116699219
89a08ee5-4ac5-4521-8d6e-791d3c771a03,15fd166e-bf23-49c2-9d5c-fd07b55e3b43,worker-02bf2b91b53341b59db9a49c1bec78be-1544107698,True,355804.0,0.0244113730253943,111.201,11371.0,2024-11-12T13:35:19.337052914Z,2024-11-12T13:37:10.538299107Z,hong_kong,104857600,104501796.0,0.3393211364746094
89a08ee5-4ac5-4521-8d6e-791d3c771a03,9fc0bc38-154a-4387-b1e5-9f2143fa5815,worker-02bf2b91b53341b59db9a49c1bec78be-1544107698,True,365940.0,0.0463901871752093,60.183,11347.0,2024-11-12T13:37:29.627305278Z,2024-11-12T13:38:29.811275186Z,hong_kong,104857600,104491660.0,0.3489875793457031
89a08ee5-4ac5-4521-8d6e-791d3c771a03,9fc0bc38-154a-4387-b1e5-9f2143fa5815,worker-7024dfbd6f2949cc8e64f0a18bf95c3a-1544107698,True,998468.0,0.1269215798135278,60.019,12584.0,2024-11-12T13:37:30.867962990Z,2024-11-12T13:38:30.887275965Z,hong_kong,104857600,103859132.0,0.9522132873535156
89a08ee5-4ac5-4521-8d6e-791d3c771a03,9fc0bc38-154a-4387-b1e5-9f2143fa5815,worker-3495f46c836e49ec9c583308b2285bee-1544107698,True,997020.0,0.1263522629737695,60.202,12956.0,2024-11-12T13:37:31.240556342Z,2024-11-12T13:38:31.442939814Z,hong_kong,104857600,103860580.0,0.9508323669433595
89a08ee5-4ac5-4521-8d6e-791d3c771a03,9fc0bc38-154a-4387-b1e5-9f2143fa5815,worker-5dc0276a95104f5c81ef45e31564ee42-1544107698,True,1007156.0,0.1275012524228524,60.266,13026.0,2024-11-12T13:37:31.304225473Z,2024-11-12T13:38:31.571006770Z,hong_kong,104857600,103850444.0,0.9604988098144531
89a08ee5-4ac5-4521-8d6e-791d3c771a03,9fc0bc38-154a-4387-b1e5-9f2143fa5815,worker-32463579859f4033b734d6b0f66bede6-1544107698,True,787060.0,0.0984020985491638,61.023,12939.0,2024-11-12T13:37:31.219765671Z,2024-11-12T13:38:32.243143709Z,hong_kong,104857600,104070540.0,0.7505989074707031
89a08ee5-4ac5-4521-8d6e-791d3c771a03,9fc0bc38-154a-4387-b1e5-9f2143fa5815,worker-55b74f68c378406fb338353f85e0bcc9-1544107698,True,640812.0,0.0799419129185436,61.157,12840.0,2024-11-12T13:37:31.117821581Z,2024-11-12T13:38:32.274950117Z,hong_kong,104857600,104216788.0,0.6111259460449219
89a08ee5-4ac5-4521-8d6e-791d3c771a03,9fc0bc38-154a-4387-b1e5-9f2143fa5815,worker-25a72e94d80445b3898ceb9973f89e90-1544107698,True,939100.0,0.1134347298105961,63.162,12718.0,2024-11-12T13:37:31.000624674Z,2024-11-12T13:38:34.163581914Z,hong_kong,104857600,103918500.0,0.8955955505371094
89a08ee5-4ac5-4521-8d6e-791d3c771a03,9fc0bc38-154a-4387-b1e5-9f2143fa5815,worker-3411be34b19249d79bc821e96ff58eb6-1544107698,True,960820.0,0.1206285252927582,60.769,15210.0,2024-11-12T13:37:33.489242035Z,2024-11-12T13:38:34.258933660Z,hong_kong,104857600,103896780.0,0.9163093566894532
89a08ee5-4ac5-4521-8d6e-791d3c771a03,9fc0bc38-154a-4387-b1e5-9f2143fa5815,worker-336602893cc3403c94a6172053df72fe-1544107698,True,659884.0,0.0808770483198023,62.249,16707.0,2024-11-12T13:37:34.985184609Z,2024-11-12T13:38:37.234930909Z,hong_kong,104857600,104197716.0,0.6293144226074219
89a08ee5-4ac5-4521-8d6e-791d3c771a03,9fc0bc38-154a-4387-b1e5-9f2143fa5815,worker-689fb313f2b34c80b499936d812a064b-1544107698,True,265780.0,0.0263973713616385,76.816,12892.0,2024-11-12T13:37:31.169957276Z,2024-11-12T13:38:47.986871757Z,hong_kong,104857600,104591820.0,0.2534675598144531
db252037-a59c-43f1-adb5-538f5e24fbfd,dcf1e5eb-06fa-4940-9513-b18c87d0c82f,worker-3411be34b19249d79bc821e96ff58eb6-1544107698,True,29770230.0,3.7853543207902183,60.002,10952.0,2024-11-12T13:27:17.819599163Z,2024-11-12T13:28:17.821739620Z,hong_kong,104857600,75087370.0,28.391103744506836
db252037-a59c-43f1-adb5-538f5e24fbfd,dcf1e5eb-06fa-4940-9513-b18c87d0c82f,worker-689fb313f2b34c80b499936d812a064b-1544107698,True,30636134.0,3.8955209612880153,60.001,10957.0,2024-11-12T13:27:17.813909953Z,2024-11-12T13:28:17.815365578Z,hong_kong,104857600,74221466.0,29.216894149780277
db252037-a59c-43f1-adb5-538f5e24fbfd,dcf1e5eb-06fa-4940-9513-b18c87d0c82f,worker-32463579859f4033b734d6b0f66bede6-1544107698,True,25778094.0,3.277854156494141,60.0,10969.0,2024-11-12T13:27:17.828465864Z,2024-11-12T13:28:17.829156435Z,hong_kong,104857600,79079506.0,24.583906173706055
db252037-a59c-43f1-adb5-538f5e24fbfd,dcf1e5eb-06fa-4940-9513-b18c87d0c82f,worker-3495f46c836e49ec9c583308b2285bee-1544107698,True,19742830.0,2.5072547978127444,60.076,10960.0,2024-11-12T13:27:17.822316250Z,2024-11-12T13:28:17.898945610Z,hong_kong,104857600,85114770.0,18.828229904174805
db252037-a59c-43f1-adb5-538f5e24fbfd,dcf1e5eb-06fa-4940-9513-b18c87d0c82f,worker-55b74f68c378406fb338353f85e0bcc9-1544107698,True,52643528.0,6.671066747980372,60.206,10960.0,2024-11-12T13:27:17.818834274Z,2024-11-12T13:28:18.025738164Z,hong_kong,104857600,52214072.0,50.20478057861328
db252037-a59c-43f1-adb5-538f5e24fbfd,dcf1e5eb-06fa-4940-9513-b18c87d0c82f,worker-02bf2b91b53341b59db9a49c1bec78be-1544107698,True,18367230.0,2.2873650346246666,61.263,10942.0,2024-11-12T13:27:17.803356089Z,2024-11-12T13:28:19.066730633Z,hong_kong,104857600,86490370.0,17.516355514526367
db252037-a59c-43f1-adb5-538f5e24fbfd,dcf1e5eb-06fa-4940-9513-b18c87d0c82f,worker-336602893cc3403c94a6172053df72fe-1544107698,True,24118686.0,3.003035023571374,61.275,10960.0,2024-11-12T13:27:17.816804037Z,2024-11-12T13:28:19.092194738Z,hong_kong,104857600,80738914.0,23.001371383666992
db252037-a59c-43f1-adb5-538f5e24fbfd,dcf1e5eb-06fa-4940-9513-b18c87d0c82f,worker-25a72e94d80445b3898ceb9973f89e90-1544107698,True,19460470.0,2.421574950964814,61.312,10939.0,2024-11-12T13:27:17.799784554Z,2024-11-12T13:28:19.112446471Z,hong_kong,104857600,85397130.0,18.558950424194336
db252037-a59c-43f1-adb5-538f5e24fbfd,dcf1e5eb-06fa-4940-9513-b18c87d0c82f,worker-5dc0276a95104f5c81ef45e31564ee42-1544107698,True,22866854.0,2.8416961356260844,61.393,10951.0,2024-11-12T13:27:17.807694448Z,2024-11-12T13:28:19.201423740Z,hong_kong,104857600,81990746.0,21.807531356811523
db252037-a59c-43f1-adb5-538f5e24fbfd,dcf1e5eb-06fa-4940-9513-b18c87d0c82f,worker-7024dfbd6f2949cc8e64f0a18bf95c3a-1544107698,True,31297870.0,3.888606947493298,61.406,10958.0,2024-11-12T13:27:17.816260055Z,2024-11-12T13:28:19.223215490Z,hong_kong,104857600,73559730.0,29.84797477722168
db252037-a59c-43f1-adb5-538f5e24fbfd,59da326f-433b-4f68-943e-7e923a27af11,worker-3495f46c836e49ec9c583308b2285bee-1544107698,True,22155198.0,2.815302239506345,60.04,10862.0,2024-11-12T13:29:58.120470756Z,2024-11-12T13:30:58.160544469Z,hong_kong,104857600,82702402.0,21.128843307495117
db252037-a59c-43f1-adb5-538f5e24fbfd,59da326f-433b-4f68-943e-7e923a27af11,worker-55b74f68c378406fb338353f85e0bcc9-1544107698,True,42599280.0,5.416598011186085,60.002,10959.0,2024-11-12T13:29:58.209564019Z,2024-11-12T13:30:58.212026209Z,hong_kong,104857600,62258320.0,40.62583923339844
db252037-a59c-43f1-adb5-538f5e24fbfd,59da326f-433b-4f68-943e-7e923a27af11,worker-336602893cc3403c94a6172053df72fe-1544107698,True,21102502.0,2.6831877298550437,60.003,10957.0,2024-11-12T13:29:58.204409349Z,2024-11-12T13:30:58.207576696Z,hong_kong,104857600,83755098.0,20.124914169311523
db252037-a59c-43f1-adb5-538f5e24fbfd,59da326f-433b-4f68-943e-7e923a27af11,worker-02bf2b91b53341b59db9a49c1bec78be-1544107698,True,46247384.0,5.878013869995481,60.027,10961.0,2024-11-12T13:29:58.211985896Z,2024-11-12T13:30:58.239409975Z,hong_kong,104857600,58610216.0,44.104942321777344
db252037-a59c-43f1-adb5-538f5e24fbfd,59da326f-433b-4f68-943e-7e923a27af11,worker-7024dfbd6f2949cc8e64f0a18bf95c3a-1544107698,True,22699646.0,2.8841980324036727,60.046,10945.0,2024-11-12T13:29:58.206591896Z,2024-11-12T13:30:58.252715548Z,hong_kong,104857600,82157954.0,21.648069381713867
db252037-a59c-43f1-adb5-538f5e24fbfd,59da326f-433b-4f68-943e-7e923a27af11,worker-5dc0276a95104f5c81ef45e31564ee42-1544107698,True,24068400.0,3.0546514844451793,60.114,10948.0,2024-11-12T13:29:58.196572738Z,2024-11-12T13:30:58.311384694Z,hong_kong,104857600,80789200.0,22.953414916992188
db252037-a59c-43f1-adb5-538f5e24fbfd,59da326f-433b-4f68-943e-7e923a27af11,worker-3411be34b19249d79bc821e96ff58eb6-1544107698,True,33149328.0,4.202756896452341,60.177,10943.0,2024-11-12T13:29:58.194811958Z,2024-11-12T13:30:58.372555880Z,hong_kong,104857600,71708272.0,31.613662719726566
db252037-a59c-43f1-adb5-538f5e24fbfd,59da326f-433b-4f68-943e-7e923a27af11,worker-32463579859f4033b734d6b0f66bede6-1544107698,True,27473702.0,3.483128581740706,60.178,10953.0,2024-11-12T13:29:58.201735180Z,2024-11-12T13:30:58.380365293Z,hong_kong,104857600,77383898.0,26.200963973999023
db252037-a59c-43f1-adb5-538f5e24fbfd,59da326f-433b-4f68-943e-7e923a27af11,worker-689fb313f2b34c80b499936d812a064b-1544107698,True,30935870.0,3.9201095767582537,60.208,10944.0,2024-11-12T13:29:58.193488878Z,2024-11-12T13:30:58.401743654Z,hong_kong,104857600,73921730.0,29.502744674682617
db252037-a59c-43f1-adb5-538f5e24fbfd,59da326f-433b-4f68-943e-7e923a27af11,worker-25a72e94d80445b3898ceb9973f89e90-1544107698,True,20792630.0,2.6348294652167468,60.207,10941.0,2024-11-12T13:29:58.202922465Z,2024-11-12T13:30:58.410005040Z,hong_kong,104857600,84064970.0,19.829397201538086
94926e15-2b50-427a-b2ba-207b88bc8787,5557ac57-e218-4fe4-ab88-d2427a8c1e36,worker-3109a4756c724d4387d76cb418f7b8a8-1544107698,True,32719804.0,4.160330211842273,60.003,10961.0,2024-11-12T13:25:57.642578988Z,2024-11-12T13:26:57.646063479Z,singapore,104857600,72137796.0,31.20403671264648
94926e15-2b50-427a-b2ba-207b88bc8787,5557ac57-e218-4fe4-ab88-d2427a8c1e36,worker-317859f7a4494b4f89441014bb0791a9-1544107698,True,21761340.0,2.7667746827648756,60.007,10988.0,2024-11-12T13:25:57.677282876Z,2024-11-12T13:26:57.684913184Z,singapore,104857600,83096260.0,20.753231048583984
94926e15-2b50-427a-b2ba-207b88bc8787,5557ac57-e218-4fe4-ab88-d2427a8c1e36,worker-b003f28b8c3340cd8cf7f858546499ef-1544107698,True,31344204.0,3.985223120754331,60.006,10980.0,2024-11-12T13:25:57.671103714Z,2024-11-12T13:26:57.677664059Z,singapore,104857600,73513396.0,29.892162322998043
94926e15-2b50-427a-b2ba-207b88bc8787,5557ac57-e218-4fe4-ab88-d2427a8c1e36,worker-5f610ba13ac04a0a93228dcc653d54a7-1544107698,True,21701972.0,2.758766790978233,60.017,10986.0,2024-11-12T13:25:57.669149870Z,2024-11-12T13:26:57.686998941Z,singapore,104857600,83155628.0,20.696613311767578
94926e15-2b50-427a-b2ba-207b88bc8787,5557ac57-e218-4fe4-ab88-d2427a8c1e36,worker-358593d91ac04fceb00ee0bdccc24f20-1544107698,True,23471428.0,2.984098792244965,60.009,10991.0,2024-11-12T13:25:57.676960279Z,2024-11-12T13:26:57.686184495Z,singapore,104857600,81386172.0,22.384098052978516
94926e15-2b50-427a-b2ba-207b88bc8787,5557ac57-e218-4fe4-ab88-d2427a8c1e36,worker-0ad6f0fdb17944d1baadcd6d7598af92-1544107698,True,24024564.0,3.0539650970919663,60.018,10985.0,2024-11-12T13:25:57.666437233Z,2024-11-12T13:26:57.685196830Z,singapore,104857600,80833036.0,22.911609649658203
94926e15-2b50-427a-b2ba-207b88bc8787,5557ac57-e218-4fe4-ab88-d2427a8c1e36,worker-530cf3818a79491980240c9408ecac94-1544107698,True,23814604.0,3.0281834920247395,60.0,10991.0,2024-11-12T13:25:57.673129548Z,2024-11-12T13:26:57.673373358Z,singapore,104857600,81042996.0,22.711376190185547
94926e15-2b50-427a-b2ba-207b88bc8787,5557ac57-e218-4fe4-ab88-d2427a8c1e36,worker-d13164f093bb4ed3b524edf389cdea30-1544107698,True,39122860.0,4.970007395155592,60.057,10973.0,2024-11-12T13:25:57.665456068Z,2024-11-12T13:26:57.722869844Z,singapore,104857600,65734740.0,37.31046676635742
94926e15-2b50-427a-b2ba-207b88bc8787,5557ac57-e218-4fe4-ab88-d2427a8c1e36,worker-5e493b238cf348f6b37c7c7434581d2d-1544107698,True,40593248.0,5.149168760962906,60.146,11001.0,2024-11-12T13:25:57.684060290Z,2024-11-12T13:26:57.830290995Z,singapore,104857600,64264352.0,38.712738037109375
94926e15-2b50-427a-b2ba-207b88bc8787,5557ac57-e218-4fe4-ab88-d2427a8c1e36,worker-38837e2cab4d44d1b94eba46d6ed0752-1544107698,True,33451044.0,4.241291146497651,60.173,10999.0,2024-11-12T13:25:57.681426883Z,2024-11-12T13:26:57.854768880Z,singapore,104857600,71406556.0,31.90140151977539
94926e15-2b50-427a-b2ba-207b88bc8787,1d4904ce-c854-45bc-a9cb-a4111fd954d3,worker-38837e2cab4d44d1b94eba46d6ed0752-1544107698,True,41876392.0,5.312462855225827,60.14,10923.0,2024-11-12T13:28:37.954732537Z,2024-11-12T13:29:38.094856067Z,singapore,104857600,62981208.0,39.936439514160156
94926e15-2b50-427a-b2ba-207b88bc8787,1d4904ce-c854-45bc-a9cb-a4111fd954d3,worker-5f610ba13ac04a0a93228dcc653d54a7-1544107698,True,28068828.0,3.4920775363935306,61.324,10970.0,2024-11-12T13:28:38.003718748Z,2024-11-12T13:29:39.328626920Z,singapore,104857600,76788772.0,26.768520355224613
94926e15-2b50-427a-b2ba-207b88bc8787,1d4904ce-c854-45bc-a9cb-a4111fd954d3,worker-3109a4756c724d4387d76cb418f7b8a8-1544107698,True,16509444.0,2.053558461060032,61.336,10958.0,2024-11-12T13:28:37.991559347Z,2024-11-12T13:29:39.327937507Z,singapore,104857600,88348156.0,15.744632720947266
94926e15-2b50-427a-b2ba-207b88bc8787,1d4904ce-c854-45bc-a9cb-a4111fd954d3,worker-b003f28b8c3340cd8cf7f858546499ef-1544107698,True,25285772.0,3.1448084672540815,61.344,10955.0,2024-11-12T13:28:37.987520549Z,2024-11-12T13:29:39.332013925Z,singapore,104857600,79571828.0,24.114391326904297
94926e15-2b50-427a-b2ba-207b88bc8787,1d4904ce-c854-45bc-a9cb-a4111fd954d3,worker-530cf3818a79491980240c9408ecac94-1544107698,True,24959972.0,3.104744010384823,61.335,10951.0,2024-11-12T13:28:37.992102442Z,2024-11-12T13:29:39.327163546Z,singapore,104857600,79897628.0,23.80368423461914
94926e15-2b50-427a-b2ba-207b88bc8787,1d4904ce-c854-45bc-a9cb-a4111fd954d3,worker-358593d91ac04fceb00ee0bdccc24f20-1544107698,True,44349416.0,5.517295675551246,61.327,10972.0,2024-11-12T13:28:38.008059889Z,2024-11-12T13:29:39.335400555Z,singapore,104857600,60508184.0,42.294898986816406
94926e15-2b50-427a-b2ba-207b88bc8787,1d4904ce-c854-45bc-a9cb-a4111fd954d3,worker-0ad6f0fdb17944d1baadcd6d7598af92-1544107698,True,29729684.0,3.692745201722329,61.423,10923.0,2024-11-12T13:28:37.954031171Z,2024-11-12T13:29:39.377298277Z,singapore,104857600,75127916.0,28.35243606567383
94926e15-2b50-427a-b2ba-207b88bc8787,1d4904ce-c854-45bc-a9cb-a4111fd954d3,worker-317859f7a4494b4f89441014bb0791a9-1544107698,True,15201900.0,1.8864268033669915,61.482,10916.0,2024-11-12T13:28:37.950867460Z,2024-11-12T13:29:39.433256472Z,singapore,104857600,89655700.0,14.497661590576172
94926e15-2b50-427a-b2ba-207b88bc8787,1d4904ce-c854-45bc-a9cb-a4111fd954d3,worker-5e493b238cf348f6b37c7c7434581d2d-1544107698,True,42331968.0,5.256714548678364,61.439,10964.0,2024-11-12T13:28:38.001029331Z,2024-11-12T13:29:39.441008404Z,singapore,104857600,62525632.0,40.37091064453125
94926e15-2b50-427a-b2ba-207b88bc8787,1d4904ce-c854-45bc-a9cb-a4111fd954d3,worker-d13164f093bb4ed3b524edf389cdea30-1544107698,True,22323716.0,2.7688326955322236,61.512,10974.0,2024-11-12T13:28:38.005747068Z,2024-11-12T13:29:39.518725353Z,singapore,104857600,82533884.0,21.289554595947266
69acafca-47c2-4e59-a191-d8528d4f1e2d,10619138-f294-420b-b387-1f510da29e5a,worker-3411be34b19249d79bc821e96ff58eb6-1544107698,True,19604192.0,2.492552665306386,60.006,10305.0,2024-11-12T13:16:50.502072842Z,2024-11-12T13:17:50.508678521Z,hong_kong,104857600,85253408.0,18.696014404296875
69acafca-47c2-4e59-a191-d8528d4f1e2d,10619138-f294-420b-b387-1f510da29e5a,worker-5dc0276a95104f5c81ef45e31564ee42-1544107698,True,21296332.0,2.7072016078191905,60.017,10299.0,2024-11-12T13:16:50.502285731Z,2024-11-12T13:17:50.519638118Z,hong_kong,104857600,83561268.0,20.309764862060547
69acafca-47c2-4e59-a191-d8528d4f1e2d,10619138-f294-420b-b387-1f510da29e5a,worker-55b74f68c378406fb338353f85e0bcc9-1544107698,True,19842172.0,2.522894449452068,60.004,10306.0,2024-11-12T13:16:50.503744687Z,2024-11-12T13:17:50.508245624Z,hong_kong,104857600,85015428.0,18.922969818115234
69acafca-47c2-4e59-a191-d8528d4f1e2d,10619138-f294-420b-b387-1f510da29e5a,worker-25a72e94d80445b3898ceb9973f89e90-1544107698,True,16295832.0,2.0704658197270307,60.048,10299.0,2024-11-12T13:16:50.498333481Z,2024-11-12T13:17:50.546351339Z,hong_kong,104857600,88561768.0,15.540916442871094
69acafca-47c2-4e59-a191-d8528d4f1e2d,10619138-f294-420b-b387-1f510da29e5a,worker-3495f46c836e49ec9c583308b2285bee-1544107698,True,19192472.0,2.439717100169428,60.018,10631.0,2024-11-12T13:16:50.829606842Z,2024-11-12T13:17:50.848452115Z,hong_kong,104857600,85665128.0,18.303367614746094
69acafca-47c2-4e59-a191-d8528d4f1e2d,10619138-f294-420b-b387-1f510da29e5a,worker-7024dfbd6f2949cc8e64f0a18bf95c3a-1544107698,True,20230532.0,2.5721022231215525,60.008,10653.0,2024-11-12T13:16:50.848420919Z,2024-11-12T13:17:50.857144650Z,hong_kong,104857600,84627068.0,19.293338775634766
69acafca-47c2-4e59-a191-d8528d4f1e2d,10619138-f294-420b-b387-1f510da29e5a,worker-336602893cc3403c94a6172053df72fe-1544107698,True,23331572.0,2.9664661504227183,60.006,10656.0,2024-11-12T13:16:50.853891532Z,2024-11-12T13:17:50.860441744Z,hong_kong,104857600,81526028.0,22.250720977783203
69acafca-47c2-4e59-a191-d8528d4f1e2d,10619138-f294-420b-b387-1f510da29e5a,worker-02bf2b91b53341b59db9a49c1bec78be-1544107698,True,17792332.0,2.2618088586207743,60.016,10653.0,2024-11-12T13:16:50.853239818Z,2024-11-12T13:17:50.869726519Z,hong_kong,104857600,87065268.0,16.968090057373047
69acafca-47c2-4e59-a191-d8528d4f1e2d,10619138-f294-420b-b387-1f510da29e5a,worker-32463579859f4033b734d6b0f66bede6-1544107698,True,17814232.0,2.2630468421536,60.057,10648.0,2024-11-12T13:16:50.843456242Z,2024-11-12T13:17:50.900868797Z,hong_kong,104857600,87043368.0,16.988975524902344
69acafca-47c2-4e59-a191-d8528d4f1e2d,10619138-f294-420b-b387-1f510da29e5a,worker-689fb313f2b34c80b499936d812a064b-1544107698,True,12929072.0,1.6430580696416677,60.035,10687.0,2024-11-12T13:16:50.883165228Z,2024-11-12T13:17:50.918694363Z,hong_kong,104857600,91928528.0,12.330123901367188
69acafca-47c2-4e59-a191-d8528d4f1e2d,e547b5a3-63ef-4ae0-a2a0-939feed488be,worker-5dc0276a95104f5c81ef45e31564ee42-1544107698,True,17955852.0,2.2831665981022713,60.001,10248.0,2024-11-12T13:18:10.606078903Z,2024-11-12T13:19:10.607535949Z,hong_kong,104857600,86901748.0,17.124034881591797
69acafca-47c2-4e59-a191-d8528d4f1e2d,e547b5a3-63ef-4ae0-a2a0-939feed488be,worker-02bf2b91b53341b59db9a49c1bec78be-1544107698,True,16117712.0,2.0489949643260323,60.014,10232.0,2024-11-12T13:18:10.594839462Z,2024-11-12T13:19:10.609711507Z,hong_kong,104857600,88739888.0,15.371047973632812
69acafca-47c2-4e59-a191-d8528d4f1e2d,e547b5a3-63ef-4ae0-a2a0-939feed488be,worker-25a72e94d80445b3898ceb9973f89e90-1544107698,True,21303632.0,2.7084454836954257,60.01,10253.0,2024-11-12T13:18:10.613889355Z,2024-11-12T13:19:10.624748691Z,hong_kong,104857600,83553968.0,20.316726684570312
69acafca-47c2-4e59-a191-d8528d4f1e2d,e547b5a3-63ef-4ae0-a2a0-939feed488be,worker-3411be34b19249d79bc821e96ff58eb6-1544107698,True,18068272.0,2.297269866112347,60.006,10265.0,2024-11-12T13:18:10.624756708Z,2024-11-12T13:19:10.631566605Z,hong_kong,104857600,86789328.0,17.231246948242188
69acafca-47c2-4e59-a191-d8528d4f1e2d,e547b5a3-63ef-4ae0-a2a0-939feed488be,worker-3495f46c836e49ec9c583308b2285bee-1544107698,True,19601272.0,2.491434049752495,60.024,10245.0,2024-11-12T13:18:10.617473788Z,2024-11-12T13:19:10.642401637Z,hong_kong,104857600,85256328.0,18.69322967529297
69acafca-47c2-4e59-a191-d8528d4f1e2d,e547b5a3-63ef-4ae0-a2a0-939feed488be,worker-32463579859f4033b734d6b0f66bede6-1544107698,True,19871372.0,2.5257653082972538,60.024,10261.0,2024-11-12T13:18:10.621370032Z,2024-11-12T13:19:10.645634778Z,hong_kong,104857600,84986228.0,18.950817108154297
69acafca-47c2-4e59-a191-d8528d4f1e2d,e547b5a3-63ef-4ae0-a2a0-939feed488be,worker-7024dfbd6f2949cc8e64f0a18bf95c3a-1544107698,True,19173492.0,2.4364113092899005,60.04,10243.0,2024-11-12T13:18:10.603100137Z,2024-11-12T13:19:10.643955088Z,hong_kong,104857600,85684108.0,18.285266876220703
69acafca-47c2-4e59-a191-d8528d4f1e2d,e547b5a3-63ef-4ae0-a2a0-939feed488be,worker-689fb313f2b34c80b499936d812a064b-1544107698,True,16450592.0,2.090546616040792,60.036,10274.0,2024-11-12T13:18:10.632826584Z,2024-11-12T13:19:10.669141388Z,hong_kong,104857600,88407008.0,15.688507080078127
69acafca-47c2-4e59-a191-d8528d4f1e2d,e547b5a3-63ef-4ae0-a2a0-939feed488be,worker-336602893cc3403c94a6172053df72fe-1544107698,True,16034492.0,2.036515158584516,60.07,10243.0,2024-11-12T13:18:10.604699246Z,2024-11-12T13:19:10.675522768Z,hong_kong,104857600,88823108.0,15.291683197021486
69acafca-47c2-4e59-a191-d8528d4f1e2d,e547b5a3-63ef-4ae0-a2a0-939feed488be,worker-55b74f68c378406fb338353f85e0bcc9-1544107698,True,11787352.0,1.49734197280584,60.06,10656.0,2024-11-12T13:18:11.025045278Z,2024-11-12T13:19:11.085341876Z,hong_kong,104857600,93070248.0,11.241294860839844
3113c5d2-29b3-4968-8d59-79d7b4730cb3,ab66b178-317a-43bd-b6da-70da8fe155b9,worker-6288fd7fb22c4ed3a3ecf2956fc3fb54-1544107698,True,10937632.0,1.3906527641506683,60.006,10569.0,2024-11-12T13:14:05.366821963Z,2024-11-12T13:15:05.372970981Z,us_east,104857600,93919968.0,10.430938720703125
3113c5d2-29b3-4968-8d59-79d7b4730cb3,ab66b178-317a-43bd-b6da-70da8fe155b9,worker-bf1c6d1c461743559b7d622a7d564fe2-1544107698,True,13746672.0,1.747309934186687,60.023,10560.0,2024-11-12T13:14:05.362447141Z,2024-11-12T13:15:05.386075111Z,us_east,104857600,91110928.0,13.109848022460938
3113c5d2-29b3-4968-8d59-79d7b4730cb3,ab66b178-317a-43bd-b6da-70da8fe155b9,worker-1f42b274d4f04ea6a8dee019a528feaa-1544107698,True,11026692.0,1.4006690360390617,60.062,10558.0,2024-11-12T13:14:05.353586704Z,2024-11-12T13:15:05.415917440Z,us_east,104857600,93830908.0,10.515872955322266
3113c5d2-29b3-4968-8d59-79d7b4730cb3,ab66b178-317a-43bd-b6da-70da8fe155b9,worker-c54df69524f44e18a4b82a7e644e674d-1544107698,True,11003332.0,1.3977249960261755,60.061,10558.0,2024-11-12T13:14:05.354992916Z,2024-11-12T13:15:05.416523478Z,us_east,104857600,93854268.0,10.493595123291016
3113c5d2-29b3-4968-8d59-79d7b4730cb3,ab66b178-317a-43bd-b6da-70da8fe155b9,worker-8c80a74669cb44ad8bfeea0c05d33004-1544107698,True,12619552.0,1.6005775441894003,60.153,10565.0,2024-11-12T13:14:05.356959306Z,2024-11-12T13:15:05.510545869Z,us_east,104857600,92238048.0,12.034942626953125
3113c5d2-29b3-4968-8d59-79d7b4730cb3,ab66b178-317a-43bd-b6da-70da8fe155b9,worker-a765493920fb47bf965b38720a93975e-1544107698,True,8892172.0,1.1303401993990965,60.019,11222.0,2024-11-12T13:14:06.018660167Z,2024-11-12T13:15:06.037999214Z,us_east,104857600,95965428.0,8.480236053466797
3113c5d2-29b3-4968-8d59-79d7b4730cb3,ab66b178-317a-43bd-b6da-70da8fe155b9,worker-ff554b7db2794fcca654a1b57f95035e-1544107698,True,10558032.0,1.3421652826173438,60.016,11298.0,2024-11-12T13:14:06.097366611Z,2024-11-12T13:15:06.114337361Z,us_east,104857600,94299568.0,10.068923950195312
3113c5d2-29b3-4968-8d59-79d7b4730cb3,ab66b178-317a-43bd-b6da-70da8fe155b9,worker-2e2509d5868e40acaa90a6f48bb6e7d5-1544107698,True,8692152.0,1.1047119262634308,60.03,11302.0,2024-11-12T13:14:06.095253627Z,2024-11-12T13:15:06.126245617Z,us_east,104857600,96165448.0,8.289482116699219
3113c5d2-29b3-4968-8d59-79d7b4730cb3,ab66b178-317a-43bd-b6da-70da8fe155b9,worker-0a6f3d35ad3a433fada434aa8c64db04-1544107698,True,11245692.0,1.4297968744466791,60.007,11333.0,2024-11-12T13:14:06.129430834Z,2024-11-12T13:15:06.137345205Z,us_east,104857600,93611908.0,10.724727630615234
3113c5d2-29b3-4968-8d59-79d7b4730cb3,ab66b178-317a-43bd-b6da-70da8fe155b9,worker-1a3fcd605aa14849ab91da96ea2f2a2b-1544107698,True,12204912.0,1.551365980260363,60.022,11344.0,2024-11-12T13:14:06.140093271Z,2024-11-12T13:15:06.162774422Z,us_east,104857600,92652688.0,11.639511108398438
3113c5d2-29b3-4968-8d59-79d7b4730cb3,8019c4c1-f562-43f0-8f0a-9e04f6da43b7,worker-1f42b274d4f04ea6a8dee019a528feaa-1544107698,True,11879332.0,1.510283462684605,60.01,10479.0,2024-11-12T13:15:30.498129437Z,2024-11-12T13:16:30.509027416Z,us_east,104857600,92978268.0,11.32901382446289
3113c5d2-29b3-4968-8d59-79d7b4730cb3,8019c4c1-f562-43f0-8f0a-9e04f6da43b7,worker-0a6f3d35ad3a433fada434aa8c64db04-1544107698,True,10533212.0,1.3389654775116944,60.018,10511.0,2024-11-12T13:15:30.516005512Z,2024-11-12T13:16:30.534008995Z,us_east,104857600,94324388.0,10.04525375366211
3113c5d2-29b3-4968-8d59-79d7b4730cb3,8019c4c1-f562-43f0-8f0a-9e04f6da43b7,worker-c54df69524f44e18a4b82a7e644e674d-1544107698,True,13456132.0,1.7106935261710678,60.012,10522.0,2024-11-12T13:15:30.526902705Z,2024-11-12T13:16:30.539498969Z,us_east,104857600,91401468.0,12.832767486572266
3113c5d2-29b3-4968-8d59-79d7b4730cb3,8019c4c1-f562-43f0-8f0a-9e04f6da43b7,worker-8c80a74669cb44ad8bfeea0c05d33004-1544107698,True,9089272.0,1.155568106812927,60.01,10535.0,2024-11-12T13:15:30.542937330Z,2024-11-12T13:16:30.553649094Z,us_east,104857600,95768328.0,8.668205261230469
3113c5d2-29b3-4968-8d59-79d7b4730cb3,8019c4c1-f562-43f0-8f0a-9e04f6da43b7,worker-1a3fcd605aa14849ab91da96ea2f2a2b-1544107698,True,12336312.0,1.5677286800798491,60.035,10512.0,2024-11-12T13:15:30.518962152Z,2024-11-12T13:16:30.554735505Z,us_east,104857600,92521288.0,11.764823913574219
3113c5d2-29b3-4968-8d59-79d7b4730cb3,8019c4c1-f562-43f0-8f0a-9e04f6da43b7,worker-2e2509d5868e40acaa90a6f48bb6e7d5-1544107698,True,8350512.0,1.0610797539378685,60.042,10525.0,2024-11-12T13:15:30.535799600Z,2024-11-12T13:16:30.578790654Z,us_east,104857600,96507088.0,7.9636688232421875
3113c5d2-29b3-4968-8d59-79d7b4730cb3,8019c4c1-f562-43f0-8f0a-9e04f6da43b7,worker-bf1c6d1c461743559b7d622a7d564fe2-1544107698,True,10831052.0,1.374719163142312,60.11,10476.0,2024-11-12T13:15:30.496736283Z,2024-11-12T13:16:30.606796747Z,us_east,104857600,94026548.0,10.329296112060547
3113c5d2-29b3-4968-8d59-79d7b4730cb3,8019c4c1-f562-43f0-8f0a-9e04f6da43b7,worker-ff554b7db2794fcca654a1b57f95035e-1544107698,True,10632492.0,1.3502584403075948,60.077,10516.0,2024-11-12T13:15:30.531729535Z,2024-11-12T13:16:30.609520397Z,us_east,104857600,94225108.0,10.139934539794922
3113c5d2-29b3-4968-8d59-79d7b4730cb3,8019c4c1-f562-43f0-8f0a-9e04f6da43b7,worker-a765493920fb47bf965b38720a93975e-1544107698,True,9546252.0,1.2121111522082042,60.087,10521.0,2024-11-12T13:15:30.532977423Z,2024-11-12T13:16:30.620519939Z,us_east,104857600,95311348.0,9.104015350341797
3113c5d2-29b3-4968-8d59-79d7b4730cb3,8019c4c1-f562-43f0-8f0a-9e04f6da43b7,worker-6288fd7fb22c4ed3a3ecf2956fc3fb54-1544107698,True,11134732.0,1.4155005153334062,60.015,12014.0,2024-11-12T13:15:32.021806903Z,2024-11-12T13:16:32.036833416Z,us_east,104857600,93722868.0,10.618907928466797
fbad35ff-750c-4227-bbfc-2563ae420faa,a10c50d0-6b2a-4d16-8ba4-dc9eb0774c46,worker-336602893cc3403c94a6172053df72fe-1544107698,True,805118.0,0.1018093092818466,60.334,10667.0,2024-11-12T13:08:59.712425710Z,2024-11-12T13:10:00.046907924Z,hong_kong,104857600,104052482.0,0.7678203582763672
fbad35ff-750c-4227-bbfc-2563ae420faa,a10c50d0-6b2a-4d16-8ba4-dc9eb0774c46,worker-55b74f68c378406fb338353f85e0bcc9-1544107698,True,816022.0,0.1037539169099189,60.005,11288.0,2024-11-12T13:09:00.330705265Z,2024-11-12T13:10:00.336007441Z,hong_kong,104857600,104041578.0,0.7782192230224609
fbad35ff-750c-4227-bbfc-2563ae420faa,a10c50d0-6b2a-4d16-8ba4-dc9eb0774c46,worker-02bf2b91b53341b59db9a49c1bec78be-1544107698,True,480086.0,0.0609658200524257,60.079,11615.0,2024-11-12T13:09:00.658345244Z,2024-11-12T13:10:00.737471272Z,hong_kong,104857600,104377514.0,0.4578456878662109
fbad35ff-750c-4227-bbfc-2563ae420faa,a10c50d0-6b2a-4d16-8ba4-dc9eb0774c46,worker-3411be34b19249d79bc821e96ff58eb6-1544107698,True,814574.0,0.1030938990228996,60.282,11649.0,2024-11-12T13:09:00.692455849Z,2024-11-12T13:10:00.975414145Z,hong_kong,104857600,104043026.0,0.7768383026123047
fbad35ff-750c-4227-bbfc-2563ae420faa,a10c50d0-6b2a-4d16-8ba4-dc9eb0774c46,worker-3495f46c836e49ec9c583308b2285bee-1544107698,True,827606.0,0.1048302013951004,60.232,11787.0,2024-11-12T13:09:00.840185976Z,2024-11-12T13:10:01.072230003Z,hong_kong,104857600,104029994.0,0.7892665863037109
fbad35ff-750c-4227-bbfc-2563ae420faa,a10c50d0-6b2a-4d16-8ba4-dc9eb0774c46,worker-32463579859f4033b734d6b0f66bede6-1544107698,True,823262.0,0.1043509926830578,60.191,11837.0,2024-11-12T13:09:00.881444849Z,2024-11-12T13:10:01.073361334Z,hong_kong,104857600,104034338.0,0.7851238250732423
fbad35ff-750c-4227-bbfc-2563ae420faa,a10c50d0-6b2a-4d16-8ba4-dc9eb0774c46,worker-7024dfbd6f2949cc8e64f0a18bf95c3a-1544107698,True,904350.0,0.1149748865911671,60.01,12101.0,2024-11-12T13:09:01.146457571Z,2024-11-12T13:10:01.157053645Z,hong_kong,104857600,103953250.0,0.8624553680419922
fbad35ff-750c-4227-bbfc-2563ae420faa,a10c50d0-6b2a-4d16-8ba4-dc9eb0774c46,worker-5dc0276a95104f5c81ef45e31564ee42-1544107698,True,1043358.0,0.1311269037547514,60.706,11457.0,2024-11-12T13:09:00.499167986Z,2024-11-12T13:10:01.205297661Z,hong_kong,104857600,103814242.0,0.9950237274169922
fbad35ff-750c-4227-bbfc-2563ae420faa,a10c50d0-6b2a-4d16-8ba4-dc9eb0774c46,worker-689fb313f2b34c80b499936d812a064b-1544107698,True,889870.0,0.113124540723543,60.015,12191.0,2024-11-12T13:09:01.233260323Z,2024-11-12T13:10:01.248492668Z,hong_kong,104857600,103967730.0,0.8486461639404298
fbad35ff-750c-4227-bbfc-2563ae420faa,a10c50d0-6b2a-4d16-8ba4-dc9eb0774c46,worker-25a72e94d80445b3898ceb9973f89e90-1544107698,True,1657558.0,0.2106745954392138,60.027,19469.0,2024-11-12T13:09:08.528177936Z,2024-11-12T13:10:08.555817061Z,hong_kong,104857600,103200042.0,1.5807704925537112
fbad35ff-750c-4227-bbfc-2563ae420faa,64806bf6-10e9-4b3b-bfc4-68b0eeeb3cd4,worker-55b74f68c378406fb338353f85e0bcc9-1544107698,True,989174.0,0.1257422557575175,60.018,10668.0,2024-11-12T13:10:29.919999590Z,2024-11-12T13:11:29.938131785Z,hong_kong,104857600,103868426.0,0.9433498382568359
fbad35ff-750c-4227-bbfc-2563ae420faa,64806bf6-10e9-4b3b-bfc4-68b0eeeb3cd4,worker-32463579859f4033b734d6b0f66bede6-1544107698,True,694638.0,0.0880899464512223,60.162,11292.0,2024-11-12T13:10:30.541836088Z,2024-11-12T13:11:30.704606542Z,hong_kong,104857600,104162962.0,0.6624584197998047
fbad35ff-750c-4227-bbfc-2563ae420faa,64806bf6-10e9-4b3b-bfc4-68b0eeeb3cd4,worker-25a72e94d80445b3898ceb9973f89e90-1544107698,True,753758.0,0.0958181375791182,60.017,11365.0,2024-11-12T13:10:30.618466361Z,2024-11-12T13:11:30.635880775Z,hong_kong,104857600,104103842.0,0.7188396453857422
fbad35ff-750c-4227-bbfc-2563ae420faa,64806bf6-10e9-4b3b-bfc4-68b0eeeb3cd4,worker-689fb313f2b34c80b499936d812a064b-1544107698,True,656742.0,0.0834159159478946,60.067,11577.0,2024-11-12T13:10:30.829002881Z,2024-11-12T13:11:30.896257213Z,hong_kong,104857600,104200858.0,0.6263179779052734
fbad35ff-750c-4227-bbfc-2563ae420faa,64806bf6-10e9-4b3b-bfc4-68b0eeeb3cd4,worker-3411be34b19249d79bc821e96ff58eb6-1544107698,True,746518.0,0.0946124513551893,60.198,11534.0,2024-11-12T13:10:30.782856625Z,2024-11-12T13:11:30.981664104Z,hong_kong,104857600,104111082.0,0.7119350433349609
fbad35ff-750c-4227-bbfc-2563ae420faa,64806bf6-10e9-4b3b-bfc4-68b0eeeb3cd4,worker-5dc0276a95104f5c81ef45e31564ee42-1544107698,True,939102.0,0.1190360469029064,60.19,11576.0,2024-11-12T13:10:30.829008096Z,2024-11-12T13:11:31.019576503Z,hong_kong,104857600,103918498.0,0.8955974578857422
fbad35ff-750c-4227-bbfc-2563ae420faa,64806bf6-10e9-4b3b-bfc4-68b0eeeb3cd4,worker-3495f46c836e49ec9c583308b2285bee-1544107698,True,522078.0,0.065961299607292,60.386,11578.0,2024-11-12T13:10:30.829043331Z,2024-11-12T13:11:31.215966536Z,hong_kong,104857600,104335522.0,0.4978923797607422
fbad35ff-750c-4227-bbfc-2563ae420faa,64806bf6-10e9-4b3b-bfc4-68b0eeeb3cd4,worker-336602893cc3403c94a6172053df72fe-1544107698,True,926070.0,0.1177088063700301,60.024,12026.0,2024-11-12T13:10:31.281276932Z,2024-11-12T13:11:31.306162048Z,hong_kong,104857600,103931530.0,0.883169174194336
fbad35ff-750c-4227-bbfc-2563ae420faa,64806bf6-10e9-4b3b-bfc4-68b0eeeb3cd4,worker-02bf2b91b53341b59db9a49c1bec78be-1544107698,True,850774.0,0.1081004330573684,60.045,12280.0,2024-11-12T13:10:31.537496327Z,2024-11-12T13:11:31.583084624Z,hong_kong,104857600,104006826.0,0.8113613128662109
fbad35ff-750c-4227-bbfc-2563ae420faa,64806bf6-10e9-4b3b-bfc4-68b0eeeb3cd4,worker-7024dfbd6f2949cc8e64f0a18bf95c3a-1544107698,True,1105622.0,0.1402901598355096,60.127,12223.0,2024-11-12T13:10:31.474320345Z,2024-11-12T13:11:31.601499911Z,hong_kong,104857600,103751978.0,1.054403305053711
48347532-c2e1-4813-afd5-7776250a5328,e416f307-c56a-4b24-917b-71c342a68f6b,worker-c54df69524f44e18a4b82a7e644e674d-1544107698,True,869844.0,0.1102535728442421,60.192,10929.0,2024-11-12T13:05:59.558176896Z,2024-11-12T13:06:59.750454408Z,us_east,104857600,103987756.0,0.8295478820800781
48347532-c2e1-4813-afd5-7776250a5328,e416f307-c56a-4b24-917b-71c342a68f6b,worker-8c80a74669cb44ad8bfeea0c05d33004-1544107698,True,621988.0,0.0790187472225517,60.054,11397.0,2024-11-12T13:06:00.025225589Z,2024-11-12T13:07:00.080218727Z,us_east,104857600,104235612.0,0.5931739807128906
48347532-c2e1-4813-afd5-7776250a5328,e416f307-c56a-4b24-917b-71c342a68f6b,worker-2e2509d5868e40acaa90a6f48bb6e7d5-1544107698,True,760996.0,0.0966689763686834,60.06,11397.0,2024-11-12T13:06:00.024275022Z,2024-11-12T13:07:00.084756018Z,us_east,104857600,104096604.0,0.7257423400878906
48347532-c2e1-4813-afd5-7776250a5328,e416f307-c56a-4b24-917b-71c342a68f6b,worker-a765493920fb47bf965b38720a93975e-1544107698,True,895660.0,0.1136201573918289,60.142,11403.0,2024-11-12T13:06:00.029793088Z,2024-11-12T13:07:00.172012669Z,us_east,104857600,103961940.0,0.8541679382324219
48347532-c2e1-4813-afd5-7776250a5328,e416f307-c56a-4b24-917b-71c342a68f6b,worker-1a3fcd605aa14849ab91da96ea2f2a2b-1544107698,True,714660.0,0.0906275135166651,60.163,11394.0,2024-11-12T13:06:00.024390331Z,2024-11-12T13:07:00.188004658Z,us_east,104857600,104142940.0,0.6815528869628906
48347532-c2e1-4813-afd5-7776250a5328,e416f307-c56a-4b24-917b-71c342a68f6b,worker-6288fd7fb22c4ed3a3ecf2956fc3fb54-1544107698,True,846428.0,0.1073016159762204,60.183,11401.0,2024-11-12T13:06:00.028811590Z,2024-11-12T13:07:00.212339286Z,us_east,104857600,104011172.0,0.8072166442871095
48347532-c2e1-4813-afd5-7776250a5328,e416f307-c56a-4b24-917b-71c342a68f6b,worker-ff554b7db2794fcca654a1b57f95035e-1544107698,True,928964.0,0.1180923897182105,60.016,11729.0,2024-11-12T13:06:00.357823797Z,2024-11-12T13:07:00.374469142Z,us_east,104857600,103928636.0,0.8859291076660156
48347532-c2e1-4813-afd5-7776250a5328,e416f307-c56a-4b24-917b-71c342a68f6b,worker-bf1c6d1c461743559b7d622a7d564fe2-1544107698,True,930412.0,0.1182587292729592,60.025,12003.0,2024-11-12T13:06:00.632293258Z,2024-11-12T13:07:00.657304879Z,us_east,104857600,103927188.0,0.887310028076172
48347532-c2e1-4813-afd5-7776250a5328,e416f307-c56a-4b24-917b-71c342a68f6b,worker-1f42b274d4f04ea6a8dee019a528feaa-1544107698,True,804436.0,0.101174718833198,60.661,11390.0,2024-11-12T13:06:00.024953914Z,2024-11-12T13:07:00.686118283Z,us_east,104857600,104053164.0,0.7671699523925781
48347532-c2e1-4813-afd5-7776250a5328,e416f307-c56a-4b24-917b-71c342a68f6b,worker-0a6f3d35ad3a433fada434aa8c64db04-1544107698,True,771132.0,0.0980316303474501,60.014,12947.0,2024-11-12T13:06:01.575858207Z,2024-11-12T13:07:01.590542584Z,us_east,104857600,104086468.0,0.7354087829589844
48347532-c2e1-4813-afd5-7776250a5328,6790e508-ecdb-4e1d-b59c-01abd3086403,worker-1a3fcd605aa14849ab91da96ea2f2a2b-1544107698,True,1082700.0,0.1374090569572382,60.115,10947.0,2024-11-12T13:07:19.760566503Z,2024-11-12T13:08:19.876178892Z,us_east,104857600,103774900.0,1.0325431823730469
48347532-c2e1-4813-afd5-7776250a5328,6790e508-ecdb-4e1d-b59c-01abd3086403,worker-6288fd7fb22c4ed3a3ecf2956fc3fb54-1544107698,True,830500.0,0.105549002318854,60.031,12172.0,2024-11-12T13:07:20.983358474Z,2024-11-12T13:08:21.014653842Z,us_east,104857600,104027100.0,0.7920265197753906
48347532-c2e1-4813-afd5-7776250a5328,6790e508-ecdb-4e1d-b59c-01abd3086403,worker-ff554b7db2794fcca654a1b57f95035e-1544107698,True,1024532.0,0.1301826830419969,60.043,12635.0,2024-11-12T13:07:21.452846507Z,2024-11-12T13:08:21.495935214Z,us_east,104857600,103833068.0,0.9770698547363281
48347532-c2e1-4813-afd5-7776250a5328,6790e508-ecdb-4e1d-b59c-01abd3086403,worker-a765493920fb47bf965b38720a93975e-1544107698,True,897108.0,0.1139497356054378,60.065,12620.0,2024-11-12T13:07:21.431430750Z,2024-11-12T13:08:21.497018254Z,us_east,104857600,103960492.0,0.8555488586425781
48347532-c2e1-4813-afd5-7776250a5328,6790e508-ecdb-4e1d-b59c-01abd3086403,worker-8c80a74669cb44ad8bfeea0c05d33004-1544107698,True,908692.0,0.115213962664162,60.173,12576.0,2024-11-12T13:07:21.388292409Z,2024-11-12T13:08:21.561314488Z,us_east,104857600,103948908.0,0.8665962219238281
48347532-c2e1-4813-afd5-7776250a5328,6790e508-ecdb-4e1d-b59c-01abd3086403,worker-1f42b274d4f04ea6a8dee019a528feaa-1544107698,True,802988.0,0.1018421121412912,60.155,15421.0,2024-11-12T13:07:24.231446759Z,2024-11-12T13:08:24.387382664Z,us_east,104857600,104054612.0,0.7657890319824219
48347532-c2e1-4813-afd5-7776250a5328,6790e508-ecdb-4e1d-b59c-01abd3086403,worker-bf1c6d1c461743559b7d622a7d564fe2-1544107698,True,981092.0,0.1245343638541406,60.105,19412.0,2024-11-12T13:07:28.231355978Z,2024-11-12T13:08:28.337140106Z,us_east,104857600,103876508.0,0.9356422424316406
48347532-c2e1-4813-afd5-7776250a5328,6790e508-ecdb-4e1d-b59c-01abd3086403,worker-c54df69524f44e18a4b82a7e644e674d-1544107698,True,813124.0,0.1033337852723932,60.035,19673.0,2024-11-12T13:07:28.487010581Z,2024-11-12T13:08:28.522399707Z,us_east,104857600,104044476.0,0.7754554748535156
48347532-c2e1-4813-afd5-7776250a5328,6790e508-ecdb-4e1d-b59c-01abd3086403,worker-0a6f3d35ad3a433fada434aa8c64db04-1544107698,True,865252.0,0.1099290415971944,60.051,19669.0,2024-11-12T13:07:28.487359311Z,2024-11-12T13:08:28.538757255Z,us_east,104857600,103992348.0,0.8251686096191406
48347532-c2e1-4813-afd5-7776250a5328,6790e508-ecdb-4e1d-b59c-01abd3086403,worker-2e2509d5868e40acaa90a6f48bb6e7d5-1544107698,True,1873060.0,0.2381480805369983,60.006,27865.0,2024-11-12T13:07:36.678928791Z,2024-11-12T13:08:36.685731034Z,us_east,104857600,102984540.0,1.7862892150878904
fb40bef1-7318-4fb2-8aa3-6811377f3c64,0a24427b-64cc-43b0-b525-529cce258e6c,worker-bf1c6d1c461743559b7d622a7d564fe2-1544107698,True,96069804.0,12.21448226466678,60.007,10514.0,2024-11-12T13:00:58.435560061Z,2024-11-12T13:01:58.443157634Z,us_east,104857600,8787796.0,91.61930465698242
fb40bef1-7318-4fb2-8aa3-6811377f3c64,0a24427b-64cc-43b0-b525-529cce258e6c,worker-8c80a74669cb44ad8bfeea0c05d33004-1544107698,True,98638556.0,12.539406143744012,60.015,10532.0,2024-11-12T13:00:58.450331418Z,2024-11-12T13:01:58.466172053Z,us_east,104857600,6219044.0,94.06905746459961
fb40bef1-7318-4fb2-8aa3-6811377f3c64,c40033dd-289e-4e79-b0a4-e4fd62a8da97,worker-1f42b274d4f04ea6a8dee019a528feaa-1544107698,True,92319484.0,11.738833792060497,60.001,10501.0,2024-11-12T13:02:18.611471773Z,2024-11-12T13:03:18.613069315Z,us_east,104857600,12538116.0,88.04272079467773
fb40bef1-7318-4fb2-8aa3-6811377f3c64,c40033dd-289e-4e79-b0a4-e4fd62a8da97,worker-c54df69524f44e18a4b82a7e644e674d-1544107698,True,88017476.0,11.191441262084032,60.003,10509.0,2024-11-12T13:02:18.624255536Z,2024-11-12T13:03:18.627895479Z,us_east,104857600,16840124.0,83.94000625610352
fb40bef1-7318-4fb2-8aa3-6811377f3c64,c40033dd-289e-4e79-b0a4-e4fd62a8da97,worker-ff554b7db2794fcca654a1b57f95035e-1544107698,True,94391572.0,12.00130892265591,60.006,10511.0,2024-11-12T13:02:18.653848821Z,2024-11-12T13:03:18.660190845Z,us_east,104857600,10466028.0,90.01881790161133
fb40bef1-7318-4fb2-8aa3-6811377f3c64,c40033dd-289e-4e79-b0a4-e4fd62a8da97,worker-a765493920fb47bf965b38720a93975e-1544107698,True,91011940.0,11.565634480644489,60.037,10526.0,2024-11-12T13:02:18.635794853Z,2024-11-12T13:03:18.673499385Z,us_east,104857600,13845660.0,86.79574966430664
fb40bef1-7318-4fb2-8aa3-6811377f3c64,c40033dd-289e-4e79-b0a4-e4fd62a8da97,worker-2e2509d5868e40acaa90a6f48bb6e7d5-1544107698,True,94505964.0,12.007648757008834,60.047,10540.0,2024-11-12T13:02:18.649185560Z,2024-11-12T13:03:18.696972480Z,us_east,104857600,10351636.0,90.12791061401367
0083d0bb-74c9-44b4-aa37-76aa6421652c,517b14a6-e014-49e5-815b-9aee535c6f3c,worker-d13164f093bb4ed3b524edf389cdea30-1544107698,True,16122830.0,2.049474850135348,60.019,11230.0,2024-11-12T12:54:03.133605492Z,2024-11-12T12:55:03.152808033Z,singapore,104857600,88734770.0,15.375928878784178
0083d0bb-74c9-44b4-aa37-76aa6421652c,517b14a6-e014-49e5-815b-9aee535c6f3c,worker-317859f7a4494b4f89441014bb0791a9-1544107698,True,17774998.0,2.259944215411197,60.007,11223.0,2024-11-12T12:54:03.131299102Z,2024-11-12T12:55:03.138610453Z,singapore,104857600,87082602.0,16.95155906677246
0083d0bb-74c9-44b4-aa37-76aa6421652c,517b14a6-e014-49e5-815b-9aee535c6f3c,worker-5e493b238cf348f6b37c7c7434581d2d-1544107698,True,16089526.0,2.045889027913411,60.0,11219.0,2024-11-12T12:54:03.133032526Z,2024-11-12T12:55:03.133422009Z,singapore,104857600,88768074.0,15.344167709350586
0083d0bb-74c9-44b4-aa37-76aa6421652c,517b14a6-e014-49e5-815b-9aee535c6f3c,worker-38837e2cab4d44d1b94eba46d6ed0752-1544107698,True,15529150.0,1.9746335347493489,60.0,11225.0,2024-11-12T12:54:03.127820834Z,2024-11-12T12:55:03.128463886Z,singapore,104857600,89328450.0,14.809751510620117
0083d0bb-74c9-44b4-aa37-76aa6421652c,517b14a6-e014-49e5-815b-9aee535c6f3c,worker-0ad6f0fdb17944d1baadcd6d7598af92-1544107698,True,14383782.0,1.8289924621582032,60.0,11235.0,2024-11-12T12:54:03.136556999Z,2024-11-12T12:55:03.137170639Z,singapore,104857600,90473818.0,13.717443466186523
0083d0bb-74c9-44b4-aa37-76aa6421652c,517b14a6-e014-49e5-815b-9aee535c6f3c,worker-358593d91ac04fceb00ee0bdccc24f20-1544107698,True,17546214.0,2.230744694813234,60.01,11236.0,2024-11-12T12:54:03.138454537Z,2024-11-12T12:55:03.148575665Z,singapore,104857600,87311386.0,16.733373641967773
0083d0bb-74c9-44b4-aa37-76aa6421652c,517b14a6-e014-49e5-815b-9aee535c6f3c,worker-530cf3818a79491980240c9408ecac94-1544107698,True,19405446.0,2.4669955441132285,60.013,11225.0,2024-11-12T12:54:03.128910040Z,2024-11-12T12:55:03.142749306Z,singapore,104857600,85452154.0,18.5064754486084
0083d0bb-74c9-44b4-aa37-76aa6421652c,517b14a6-e014-49e5-815b-9aee535c6f3c,worker-5f610ba13ac04a0a93228dcc653d54a7-1544107698,True,19936862.0,2.5345117124851857,60.014,11225.0,2024-11-12T12:54:03.130177950Z,2024-11-12T12:55:03.144259067Z,singapore,104857600,84920738.0,19.013273239135742
0083d0bb-74c9-44b4-aa37-76aa6421652c,517b14a6-e014-49e5-815b-9aee535c6f3c,worker-3109a4756c724d4387d76cb418f7b8a8-1544107698,True,17463678.0,2.219696616888146,60.025,11237.0,2024-11-12T12:54:03.147022046Z,2024-11-12T12:55:03.172600289Z,singapore,104857600,87393922.0,16.654661178588867
0083d0bb-74c9-44b4-aa37-76aa6421652c,517b14a6-e014-49e5-815b-9aee535c6f3c,worker-b003f28b8c3340cd8cf7f858546499ef-1544107698,True,23668358.0,3.0061303016342404,60.069,11228.0,2024-11-12T12:54:03.132256103Z,2024-11-12T12:55:03.201608748Z,singapore,104857600,81189242.0,22.5719051361084
0083d0bb-74c9-44b4-aa37-76aa6421652c,210c79e9-f8db-48a7-ad72-414605ca7f90,worker-317859f7a4494b4f89441014bb0791a9-1544107698,True,21516630.0,2.70411747002701,60.707,11125.0,2024-11-12T12:55:23.213824125Z,2024-11-12T12:56:23.920941646Z,singapore,104857600,83340970.0,20.51985740661621
0083d0bb-74c9-44b4-aa37-76aa6421652c,210c79e9-f8db-48a7-ad72-414605ca7f90,worker-d13164f093bb4ed3b524edf389cdea30-1544107698,True,17000318.0,2.136597202515624,60.705,11132.0,2024-11-12T12:55:23.220666329Z,2024-11-12T12:56:23.925683180Z,singapore,104857600,87857282.0,16.212766647338867
0083d0bb-74c9-44b4-aa37-76aa6421652c,210c79e9-f8db-48a7-ad72-414605ca7f90,worker-3109a4756c724d4387d76cb418f7b8a8-1544107698,True,23677046.0,2.974894194337385,60.722,11096.0,2024-11-12T12:55:23.190578094Z,2024-11-12T12:56:23.913122729Z,singapore,104857600,81180554.0,22.580190658569336
0083d0bb-74c9-44b4-aa37-76aa6421652c,210c79e9-f8db-48a7-ad72-414605ca7f90,worker-530cf3818a79491980240c9408ecac94-1544107698,True,15714494.0,1.9750601219867376,60.703,11132.0,2024-11-12T12:55:23.216364231Z,2024-11-12T12:56:23.919825319Z,singapore,104857600,89143106.0,14.986509323120117
0083d0bb-74c9-44b4-aa37-76aa6421652c,210c79e9-f8db-48a7-ad72-414605ca7f90,worker-0ad6f0fdb17944d1baadcd6d7598af92-1544107698,True,16888822.0,2.122444550331165,60.709,11131.0,2024-11-12T12:55:23.213003185Z,2024-11-12T12:56:23.922549150Z,singapore,104857600,87968778.0,16.106435775756836
0083d0bb-74c9-44b4-aa37-76aa6421652c,210c79e9-f8db-48a7-ad72-414605ca7f90,worker-5e493b238cf348f6b37c7c7434581d2d-1544107698,True,13277510.0,1.6681107609896288,60.727,11125.0,2024-11-12T12:55:23.208784103Z,2024-11-12T12:56:23.936753722Z,singapore,104857600,91580090.0,12.662420272827148
0083d0bb-74c9-44b4-aa37-76aa6421652c,210c79e9-f8db-48a7-ad72-414605ca7f90,worker-38837e2cab4d44d1b94eba46d6ed0752-1544107698,True,24019382.0,3.018105696413002,60.718,11135.0,2024-11-12T12:55:23.218528063Z,2024-11-12T12:56:23.937428699Z,singapore,104857600,80838218.0,22.906667709350586
0083d0bb-74c9-44b4-aa37-76aa6421652c,210c79e9-f8db-48a7-ad72-414605ca7f90,worker-5f610ba13ac04a0a93228dcc653d54a7-1544107698,True,14330206.0,1.7997134979684593,60.749,11087.0,2024-11-12T12:55:23.188384883Z,2024-11-12T12:56:23.937783452Z,singapore,104857600,90527394.0,13.666349411010742
0083d0bb-74c9-44b4-aa37-76aa6421652c,210c79e9-f8db-48a7-ad72-414605ca7f90,worker-b003f28b8c3340cd8cf7f858546499ef-1544107698,True,11564526.0,1.453236233111499,60.713,11132.0,2024-11-12T12:55:23.222871242Z,2024-11-12T12:56:23.936718047Z,singapore,104857600,93293074.0,11.028791427612305
0083d0bb-74c9-44b4-aa37-76aa6421652c,210c79e9-f8db-48a7-ad72-414605ca7f90,worker-358593d91ac04fceb00ee0bdccc24f20-1544107698,True,26128510.0,3.280584403911971,60.765,11089.0,2024-11-12T12:55:23.174795450Z,2024-11-12T12:56:23.940399940Z,singapore,104857600,78729090.0,24.918088912963867
a3eea625-18fb-42ab-b89a-fa90eb7428b1,1a3761e3-991c-41ae-8d59-7e06104019b4,worker-38837e2cab4d44d1b94eba46d6ed0752-1544107698,True,1004648.0,0.1276965206755839,60.024,10406.0,2024-11-12T12:51:06.909598912Z,2024-11-12T12:52:06.933628977Z,singapore,104857600,103852952.0,0.9581069946289062
a3eea625-18fb-42ab-b89a-fa90eb7428b1,1a3761e3-991c-41ae-8d59-7e06104019b4,worker-0ad6f0fdb17944d1baadcd6d7598af92-1544107698,True,655542.0,0.0832634982570244,60.067,11013.0,2024-11-12T12:51:07.516776890Z,2024-11-12T12:52:07.584190394Z,singapore,104857600,104202058.0,0.6251735687255859
a3eea625-18fb-42ab-b89a-fa90eb7428b1,1a3761e3-991c-41ae-8d59-7e06104019b4,worker-b003f28b8c3340cd8cf7f858546499ef-1544107698,True,859462.0,0.1091734321637172,60.062,11016.0,2024-11-12T12:51:07.519045500Z,2024-11-12T12:52:07.581423629Z,singapore,104857600,103998138.0,0.8196468353271485
a3eea625-18fb-42ab-b89a-fa90eb7428b1,1a3761e3-991c-41ae-8d59-7e06104019b4,worker-d13164f093bb4ed3b524edf389cdea30-1544107698,True,966614.0,0.1226700749431066,60.118,11182.0,2024-11-12T12:51:07.691498735Z,2024-11-12T12:52:07.809564149Z,singapore,104857600,103890986.0,0.9218349456787109
a3eea625-18fb-42ab-b89a-fa90eb7428b1,1a3761e3-991c-41ae-8d59-7e06104019b4,worker-530cf3818a79491980240c9408ecac94-1544107698,True,765342.0,0.0970933349296785,60.139,11617.0,2024-11-12T12:51:08.119354644Z,2024-11-12T12:52:08.258771626Z,singapore,104857600,104092258.0,0.7298870086669922
a3eea625-18fb-42ab-b89a-fa90eb7428b1,1a3761e3-991c-41ae-8d59-7e06104019b4,worker-5e493b238cf348f6b37c7c7434581d2d-1544107698,True,802990.0,0.1008216627386024,60.764,11011.0,2024-11-12T12:51:07.514068999Z,2024-11-12T12:52:08.278660479Z,singapore,104857600,104054610.0,0.7657909393310547
a3eea625-18fb-42ab-b89a-fa90eb7428b1,1a3761e3-991c-41ae-8d59-7e06104019b4,worker-358593d91ac04fceb00ee0bdccc24f20-1544107698,True,813126.0,0.1031724967589214,60.129,11665.0,2024-11-12T12:51:08.185311083Z,2024-11-12T12:52:08.314389430Z,singapore,104857600,104044474.0,0.7754573822021484
a3eea625-18fb-42ab-b89a-fa90eb7428b1,1a3761e3-991c-41ae-8d59-7e06104019b4,worker-317859f7a4494b4f89441014bb0791a9-1544107698,True,772582.0,0.0981881508844128,60.031,12379.0,2024-11-12T12:51:08.888796252Z,2024-11-12T12:52:08.920648226Z,singapore,104857600,104085018.0,0.7367916107177734
a3eea625-18fb-42ab-b89a-fa90eb7428b1,1a3761e3-991c-41ae-8d59-7e06104019b4,worker-5f610ba13ac04a0a93228dcc653d54a7-1544107698,True,766790.0,0.0974569106519822,60.028,12413.0,2024-11-12T12:51:08.921472675Z,2024-11-12T12:52:08.949641533Z,singapore,104857600,104090810.0,0.7312679290771484
a3eea625-18fb-42ab-b89a-fa90eb7428b1,1a3761e3-991c-41ae-8d59-7e06104019b4,worker-3109a4756c724d4387d76cb418f7b8a8-1544107698,True,795750.0,0.1011764136029028,60.005,12706.0,2024-11-12T12:51:09.208433666Z,2024-11-12T12:52:09.214063728Z,singapore,104857600,104061850.0,0.7588863372802734
a3eea625-18fb-42ab-b89a-fa90eb7428b1,300af3e0-149b-4b05-804c-141a221e22ad,worker-d13164f093bb4ed3b524edf389cdea30-1544107698,True,787310.0,0.0998719507914079,60.144,10412.0,2024-11-12T12:52:27.096587915Z,2024-11-12T12:53:27.241403184Z,singapore,104857600,104070290.0,0.7508373260498047
a3eea625-18fb-42ab-b89a-fa90eb7428b1,300af3e0-149b-4b05-804c-141a221e22ad,worker-5e493b238cf348f6b37c7c7434581d2d-1544107698,True,810230.0,0.1027606072820993,60.155,11088.0,2024-11-12T12:52:27.772533330Z,2024-11-12T12:53:27.927677322Z,singapore,104857600,104047370.0,0.7726955413818359
a3eea625-18fb-42ab-b89a-fa90eb7428b1,300af3e0-149b-4b05-804c-141a221e22ad,worker-0ad6f0fdb17944d1baadcd6d7598af92-1544107698,True,820366.0,0.1040461453582152,60.155,11091.0,2024-11-12T12:52:27.772578711Z,2024-11-12T12:53:27.927988179Z,singapore,104857600,104037234.0,0.7823619842529297
a3eea625-18fb-42ab-b89a-fa90eb7428b1,300af3e0-149b-4b05-804c-141a221e22ad,worker-530cf3818a79491980240c9408ecac94-1544107698,True,811678.0,0.1031053711116354,60.061,11400.0,2024-11-12T12:52:28.085003091Z,2024-11-12T12:53:28.146845893Z,singapore,104857600,104045922.0,0.7740764617919922
a3eea625-18fb-42ab-b89a-fa90eb7428b1,300af3e0-149b-4b05-804c-141a221e22ad,worker-3109a4756c724d4387d76cb418f7b8a8-1544107698,True,662534.0,0.0838444984220012,60.287,11375.0,2024-11-12T12:52:28.057165168Z,2024-11-12T12:53:28.344165413Z,singapore,104857600,104195066.0,0.6318416595458984
a3eea625-18fb-42ab-b89a-fa90eb7428b1,300af3e0-149b-4b05-804c-141a221e22ad,worker-358593d91ac04fceb00ee0bdccc24f20-1544107698,True,642262.0,0.0816066315335113,60.045,11644.0,2024-11-12T12:52:28.329333964Z,2024-11-12T12:53:28.375165660Z,singapore,104857600,104215338.0,0.6125087738037109
a3eea625-18fb-42ab-b89a-fa90eb7428b1,300af3e0-149b-4b05-804c-141a221e22ad,worker-5f610ba13ac04a0a93228dcc653d54a7-1544107698,True,620542.0,0.0788902176433203,60.012,11982.0,2024-11-12T12:52:28.665546446Z,2024-11-12T12:53:28.677834299Z,singapore,104857600,104237058.0,0.5917949676513672
a3eea625-18fb-42ab-b89a-fa90eb7428b1,300af3e0-149b-4b05-804c-141a221e22ad,worker-b003f28b8c3340cd8cf7f858546499ef-1544107698,True,698734.0,0.088842699793321,60.004,12014.0,2024-11-12T12:52:28.697434746Z,2024-11-12T12:53:28.701613970Z,singapore,104857600,104158866.0,0.6663646697998047
a3eea625-18fb-42ab-b89a-fa90eb7428b1,300af3e0-149b-4b05-804c-141a221e22ad,worker-38837e2cab4d44d1b94eba46d6ed0752-1544107698,True,807334.0,0.1026355890305798,60.013,12109.0,2024-11-12T12:52:28.791911585Z,2024-11-12T12:53:28.805795341Z,singapore,104857600,104050266.0,0.7699337005615234
a3eea625-18fb-42ab-b89a-fa90eb7428b1,300af3e0-149b-4b05-804c-141a221e22ad,worker-317859f7a4494b4f89441014bb0791a9-1544107698,True,2035238.0,0.258711968993022,60.019,20368.0,2024-11-12T12:52:37.050324259Z,2024-11-12T12:53:37.069618284Z,singapore,104857600,102822362.0,1.9409542083740234
62146498-6d8b-4c39-a08b-62ea1e2bc0ec,b8bb508b-2fe0-44c6-8f94-bb857430e028,worker-7024dfbd6f2949cc8e64f0a18bf95c3a-1544107698,True,16205366.0,2.0577380124043785,60.084,11325.0,2024-11-12T12:45:31.897035384Z,2024-11-12T12:46:31.982032999Z,hong_kong,104857600,88652234.0,15.454641342163086
62146498-6d8b-4c39-a08b-62ea1e2bc0ec,b8bb508b-2fe0-44c6-8f94-bb857430e028,worker-25a72e94d80445b3898ceb9973f89e90-1544107698,True,16932262.0,2.1502531226820496,60.078,11340.0,2024-11-12T12:45:31.902764295Z,2024-11-12T12:46:31.980841156Z,hong_kong,104857600,87925338.0,16.147863388061523
62146498-6d8b-4c39-a08b-62ea1e2bc0ec,b8bb508b-2fe0-44c6-8f94-bb857430e028,worker-336602893cc3403c94a6172053df72fe-1544107698,True,17000318.0,2.1586800675506113,60.084,11326.0,2024-11-12T12:45:31.900471824Z,2024-11-12T12:46:31.984599946Z,hong_kong,104857600,87857282.0,16.212766647338867
62146498-6d8b-4c39-a08b-62ea1e2bc0ec,b8bb508b-2fe0-44c6-8f94-bb857430e028,worker-689fb313f2b34c80b499936d812a064b-1544107698,True,13960966.0,1.7727467820279472,60.084,11342.0,2024-11-12T12:45:31.903493647Z,2024-11-12T12:46:31.987707537Z,hong_kong,104857600,90896634.0,13.314214706420898
62146498-6d8b-4c39-a08b-62ea1e2bc0ec,b8bb508b-2fe0-44c6-8f94-bb857430e028,worker-5dc0276a95104f5c81ef45e31564ee42-1544107698,True,18061702.0,2.2928809208783374,60.099,11337.0,2024-11-12T12:45:31.897096025Z,2024-11-12T12:46:31.996127655Z,hong_kong,104857600,86795898.0,17.2249813079834
62146498-6d8b-4c39-a08b-62ea1e2bc0ec,b8bb508b-2fe0-44c6-8f94-bb857430e028,worker-3411be34b19249d79bc821e96ff58eb6-1544107698,True,21861254.0,2.7765628718805924,60.07,11348.0,2024-11-12T12:45:31.918525722Z,2024-11-12T12:46:31.988594002Z,hong_kong,104857600,82996346.0,20.8485164642334
62146498-6d8b-4c39-a08b-62ea1e2bc0ec,b8bb508b-2fe0-44c6-8f94-bb857430e028,worker-02bf2b91b53341b59db9a49c1bec78be-1544107698,True,23755238.0,3.0150067022515,60.112,11356.0,2024-11-12T12:45:31.917862436Z,2024-11-12T12:46:32.030836664Z,hong_kong,104857600,81102362.0,22.654760360717773
62146498-6d8b-4c39-a08b-62ea1e2bc0ec,b8bb508b-2fe0-44c6-8f94-bb857430e028,worker-3495f46c836e49ec9c583308b2285bee-1544107698,True,24496614.0,3.1077577053733445,60.138,11331.0,2024-11-12T12:45:31.900039070Z,2024-11-12T12:46:32.038282486Z,hong_kong,104857600,80360986.0,23.361791610717773
62146498-6d8b-4c39-a08b-62ea1e2bc0ec,b8bb508b-2fe0-44c6-8f94-bb857430e028,worker-55b74f68c378406fb338353f85e0bcc9-1544107698,True,22546158.0,2.8601708409553956,60.141,11333.0,2024-11-12T12:45:31.901796675Z,2024-11-12T12:46:32.042934628Z,hong_kong,104857600,82311442.0,21.501691818237305
62146498-6d8b-4c39-a08b-62ea1e2bc0ec,b8bb508b-2fe0-44c6-8f94-bb857430e028,worker-32463579859f4033b734d6b0f66bede6-1544107698,True,14826870.0,1.880632433808058,60.15,11342.0,2024-11-12T12:45:31.906923133Z,2024-11-12T12:46:32.056977961Z,hong_kong,104857600,90030730.0,14.140005111694338
62146498-6d8b-4c39-a08b-62ea1e2bc0ec,eb7857d4-48b8-4f33-b44d-45b4814cfd34,worker-55b74f68c378406fb338353f85e0bcc9-1544107698,True,17593998.0,2.228501380018319,60.234,11303.0,2024-11-12T12:46:52.093238944Z,2024-11-12T12:47:52.327483284Z,hong_kong,104857600,87263602.0,16.77894401550293
62146498-6d8b-4c39-a08b-62ea1e2bc0ec,eb7857d4-48b8-4f33-b44d-45b4814cfd34,worker-3411be34b19249d79bc821e96ff58eb6-1544107698,True,19676222.0,2.4914967224732942,60.252,11292.0,2024-11-12T12:46:52.080303517Z,2024-11-12T12:47:52.332678180Z,hong_kong,104857600,85181378.0,18.764707565307617
62146498-6d8b-4c39-a08b-62ea1e2bc0ec,eb7857d4-48b8-4f33-b44d-45b4814cfd34,worker-689fb313f2b34c80b499936d812a064b-1544107698,True,22753222.0,2.8803084088854503,60.269,11288.0,2024-11-12T12:46:52.073766154Z,2024-11-12T12:47:52.342816027Z,hong_kong,104857600,82104378.0,21.69916343688965
62146498-6d8b-4c39-a08b-62ea1e2bc0ec,eb7857d4-48b8-4f33-b44d-45b4814cfd34,worker-3495f46c836e49ec9c583308b2285bee-1544107698,True,14325862.0,1.812324288622441,60.308,11299.0,2024-11-12T12:46:52.091281593Z,2024-11-12T12:47:52.400278746Z,hong_kong,104857600,90531738.0,13.662206649780273
62146498-6d8b-4c39-a08b-62ea1e2bc0ec,eb7857d4-48b8-4f33-b44d-45b4814cfd34,worker-5dc0276a95104f5c81ef45e31564ee42-1544107698,True,33826078.0,4.26284265785986,60.54,11294.0,2024-11-12T12:46:52.079651585Z,2024-11-12T12:47:52.620362406Z,hong_kong,104857600,71031522.0,32.25906181335449
62146498-6d8b-4c39-a08b-62ea1e2bc0ec,eb7857d4-48b8-4f33-b44d-45b4814cfd34,worker-336602893cc3403c94a6172053df72fe-1544107698,True,14223054.0,1.7910325714307267,60.587,11287.0,2024-11-12T12:46:52.074455175Z,2024-11-12T12:47:52.662225287Z,hong_kong,104857600,90634546.0,13.56416130065918
62146498-6d8b-4c39-a08b-62ea1e2bc0ec,eb7857d4-48b8-4f33-b44d-45b4814cfd34,worker-32463579859f4033b734d6b0f66bede6-1544107698,True,15146038.0,1.9064094019088773,60.614,11295.0,2024-11-12T12:46:52.087426102Z,2024-11-12T12:47:52.702183285Z,hong_kong,104857600,89711562.0,14.444387435913086
62146498-6d8b-4c39-a08b-62ea1e2bc0ec,eb7857d4-48b8-4f33-b44d-45b4814cfd34,worker-02bf2b91b53341b59db9a49c1bec78be-1544107698,True,20537782.0,2.5742305882272536,60.869,11298.0,2024-11-12T12:46:52.088258260Z,2024-11-12T12:47:52.958166917Z,hong_kong,104857600,84319818.0,19.586355209350586
62146498-6d8b-4c39-a08b-62ea1e2bc0ec,eb7857d4-48b8-4f33-b44d-45b4814cfd34,worker-25a72e94d80445b3898ceb9973f89e90-1544107698,True,16576054.0,2.0747654909818007,60.954,11295.0,2024-11-12T12:46:52.081501629Z,2024-11-12T12:47:53.036206709Z,hong_kong,104857600,88281546.0,15.808156967163086
62146498-6d8b-4c39-a08b-62ea1e2bc0ec,eb7857d4-48b8-4f33-b44d-45b4814cfd34,worker-7024dfbd6f2949cc8e64f0a18bf95c3a-1544107698,True,21867654.0,2.7335981098254556,61.032,11288.0,2024-11-12T12:46:52.073271993Z,2024-11-12T12:47:53.105578496Z,hong_kong,104857600,82989946.0,20.8546199798584
0b9b7cf0-c0ee-405a-8ed4-a11bba457525,7772fb98-9d0e-4fd5-8913-6e60d0b9c8db,worker-3495f46c836e49ec9c583308b2285bee-1544107698,True,800094.0,0.1016541955417398,60.049,11591.0,2024-11-12T12:42:41.770014969Z,2024-11-12T12:43:41.819113812Z,hong_kong,104857600,104057506.0,0.7630290985107422
0b9b7cf0-c0ee-405a-8ed4-a11bba457525,7772fb98-9d0e-4fd5-8913-6e60d0b9c8db,worker-5dc0276a95104f5c81ef45e31564ee42-1544107698,True,823510.0,0.1036967550286304,60.589,11127.0,2024-11-12T12:42:41.299054246Z,2024-11-12T12:43:41.888415486Z,hong_kong,104857600,104034090.0,0.7853603363037109
0b9b7cf0-c0ee-405a-8ed4-a11bba457525,7772fb98-9d0e-4fd5-8913-6e60d0b9c8db,worker-7024dfbd6f2949cc8e64f0a18bf95c3a-1544107698,True,698734.0,0.0886535847535162,60.132,11597.0,2024-11-12T12:42:41.771123447Z,2024-11-12T12:43:41.903764789Z,hong_kong,104857600,104158866.0,0.6663646697998047
0b9b7cf0-c0ee-405a-8ed4-a11bba457525,7772fb98-9d0e-4fd5-8913-6e60d0b9c8db,worker-55b74f68c378406fb338353f85e0bcc9-1544107698,True,788758.0,0.0997107961903447,60.352,11525.0,2024-11-12T12:42:41.702018869Z,2024-11-12T12:43:42.054211838Z,hong_kong,104857600,104068842.0,0.7522182464599609
0b9b7cf0-c0ee-405a-8ed4-a11bba457525,7772fb98-9d0e-4fd5-8913-6e60d0b9c8db,worker-25a72e94d80445b3898ceb9973f89e90-1544107698,True,733486.0,0.0930721165078075,60.126,12203.0,2024-11-12T12:42:42.381312637Z,2024-11-12T12:43:42.507690283Z,hong_kong,104857600,104124114.0,0.6995067596435547
0b9b7cf0-c0ee-405a-8ed4-a11bba457525,7772fb98-9d0e-4fd5-8913-6e60d0b9c8db,worker-689fb313f2b34c80b499936d812a064b-1544107698,True,884326.0,0.11090626866953,60.834,11532.0,2024-11-12T12:42:41.705145591Z,2024-11-12T12:43:42.539414909Z,hong_kong,104857600,103973274.0,0.8433589935302734
0b9b7cf0-c0ee-405a-8ed4-a11bba457525,7772fb98-9d0e-4fd5-8913-6e60d0b9c8db,worker-32463579859f4033b734d6b0f66bede6-1544107698,True,714662.0,0.0898378427880476,60.692,11793.0,2024-11-12T12:42:41.967488743Z,2024-11-12T12:43:42.660204895Z,hong_kong,104857600,104142938.0,0.6815547943115234
0b9b7cf0-c0ee-405a-8ed4-a11bba457525,7772fb98-9d0e-4fd5-8913-6e60d0b9c8db,worker-336602893cc3403c94a6172053df72fe-1544107698,True,901454.0,0.114435078498726,60.1,12591.0,2024-11-12T12:42:42.765906451Z,2024-11-12T12:43:42.866897236Z,hong_kong,104857600,103956146.0,0.8596935272216798
0b9b7cf0-c0ee-405a-8ed4-a11bba457525,7772fb98-9d0e-4fd5-8913-6e60d0b9c8db,worker-02bf2b91b53341b59db9a49c1bec78be-1544107698,True,721902.0,0.0915200261033306,60.18,12621.0,2024-11-12T12:42:42.826802268Z,2024-11-12T12:43:43.007605690Z,hong_kong,104857600,104135698.0,0.6884593963623047
0b9b7cf0-c0ee-405a-8ed4-a11bba457525,7772fb98-9d0e-4fd5-8913-6e60d0b9c8db,worker-3411be34b19249d79bc821e96ff58eb6-1544107698,True,798646.0,0.1013638778414407,60.112,12780.0,2024-11-12T12:42:42.954497271Z,2024-11-12T12:43:43.066773723Z,hong_kong,104857600,104058954.0,0.7616481781005859
0b9b7cf0-c0ee-405a-8ed4-a11bba457525,ef30abd9-8e8d-421d-bdb7-6e62b2450206,worker-5dc0276a95104f5c81ef45e31564ee42-1544107698,True,1184062.0,0.1501907984880783,60.148,11230.0,2024-11-12T12:44:01.581870012Z,2024-11-12T12:45:01.730526235Z,hong_kong,104857600,103673538.0,1.1292095184326172
0b9b7cf0-c0ee-405a-8ed4-a11bba457525,ef30abd9-8e8d-421d-bdb7-6e62b2450206,worker-3411be34b19249d79bc821e96ff58eb6-1544107698,True,888422.0,0.1127882379566391,60.096,12877.0,2024-11-12T12:44:03.246522623Z,2024-11-12T12:45:03.343090766Z,hong_kong,104857600,103969178.0,0.8472652435302733
0b9b7cf0-c0ee-405a-8ed4-a11bba457525,ef30abd9-8e8d-421d-bdb7-6e62b2450206,worker-32463579859f4033b734d6b0f66bede6-1544107698,True,871294.0,0.1101135629000138,60.369,12885.0,2024-11-12T12:44:03.241704493Z,2024-11-12T12:45:03.611014147Z,hong_kong,104857600,103986306.0,0.8309307098388672
0b9b7cf0-c0ee-405a-8ed4-a11bba457525,ef30abd9-8e8d-421d-bdb7-6e62b2450206,worker-689fb313f2b34c80b499936d812a064b-1544107698,True,677014.0,0.0860566619879656,60.021,13266.0,2024-11-12T12:44:03.618427367Z,2024-11-12T12:45:03.640007518Z,hong_kong,104857600,104180586.0,0.6456508636474609
0b9b7cf0-c0ee-405a-8ed4-a11bba457525,ef30abd9-8e8d-421d-bdb7-6e62b2450206,worker-7024dfbd6f2949cc8e64f0a18bf95c3a-1544107698,True,845230.0,0.1074013713675167,60.042,13289.0,2024-11-12T12:44:03.642120213Z,2024-11-12T12:45:03.684598942Z,hong_kong,104857600,104012370.0,0.8060741424560546
0b9b7cf0-c0ee-405a-8ed4-a11bba457525,ef30abd9-8e8d-421d-bdb7-6e62b2450206,worker-336602893cc3403c94a6172053df72fe-1544107698,True,816270.0,0.103586924052286,60.12,13247.0,2024-11-12T12:44:03.608795681Z,2024-11-12T12:45:03.729790553Z,hong_kong,104857600,104041330.0,0.7784557342529297
0b9b7cf0-c0ee-405a-8ed4-a11bba457525,ef30abd9-8e8d-421d-bdb7-6e62b2450206,worker-55b74f68c378406fb338353f85e0bcc9-1544107698,True,708870.0,0.0900189567297589,60.079,13297.0,2024-11-12T12:44:03.664126968Z,2024-11-12T12:45:03.743320636Z,hong_kong,104857600,104148730.0,0.6760311126708984
0b9b7cf0-c0ee-405a-8ed4-a11bba457525,ef30abd9-8e8d-421d-bdb7-6e62b2450206,worker-3495f46c836e49ec9c583308b2285bee-1544107698,True,682806.0,0.0862568527056444,60.394,13290.0,2024-11-12T12:44:03.644714214Z,2024-11-12T12:45:04.039425672Z,hong_kong,104857600,104174794.0,0.6511745452880859
0b9b7cf0-c0ee-405a-8ed4-a11bba457525,ef30abd9-8e8d-421d-bdb7-6e62b2450206,worker-02bf2b91b53341b59db9a49c1bec78be-1544107698,True,603166.0,0.0749477423751781,61.4,12838.0,2024-11-12T12:44:03.200906705Z,2024-11-12T12:45:04.601567065Z,hong_kong,104857600,104254434.0,0.5752239227294922
0b9b7cf0-c0ee-405a-8ed4-a11bba457525,ef30abd9-8e8d-421d-bdb7-6e62b2450206,worker-25a72e94d80445b3898ceb9973f89e90-1544107698,True,540902.0,0.0686888057514637,60.079,14532.0,2024-11-12T12:44:04.889291184Z,2024-11-12T12:45:04.968783642Z,hong_kong,104857600,104316698.0,0.5158443450927734
6d99272a-566b-4aac-87a6-80f1152e79f4,b88d8755-2b06-4a79-a4f3-1d772164f374,worker-6288fd7fb22c4ed3a3ecf2956fc3fb54-1544107698,True,1040230.0,0.1315333058196825,60.337,10890.0,2024-11-12T12:41:15.805053683Z,2024-11-12T12:42:16.143031303Z,us_east,104857600,103817370.0,0.9920406341552733
6d99272a-566b-4aac-87a6-80f1152e79f4,b88d8755-2b06-4a79-a4f3-1d772164f374,worker-ff554b7db2794fcca654a1b57f95035e-1544107698,True,933310.0,0.1185678163343757,60.055,12173.0,2024-11-12T12:41:17.089740806Z,2024-11-12T12:42:17.145184093Z,us_east,104857600,103924290.0,0.8900737762451172
6d99272a-566b-4aac-87a6-80f1152e79f4,b88d8755-2b06-4a79-a4f3-1d772164f374,worker-1a3fcd605aa14849ab91da96ea2f2a2b-1544107698,True,801542.0,0.1018076506462315,60.067,12166.0,2024-11-12T12:41:17.090277736Z,2024-11-12T12:42:17.157564432Z,us_east,104857600,104056058.0,0.7644100189208984
6d99272a-566b-4aac-87a6-80f1152e79f4,b88d8755-2b06-4a79-a4f3-1d772164f374,worker-bf1c6d1c461743559b7d622a7d564fe2-1544107698,True,830502.0,0.1055791551470021,60.014,12354.0,2024-11-12T12:41:17.269679681Z,2024-11-12T12:42:17.284584449Z,us_east,104857600,104027098.0,0.7920284271240234
6d99272a-566b-4aac-87a6-80f1152e79f4,b88d8755-2b06-4a79-a4f3-1d772164f374,worker-1f42b274d4f04ea6a8dee019a528feaa-1544107698,True,763894.0,0.0971260512633061,60.005,12412.0,2024-11-12T12:41:17.327502440Z,2024-11-12T12:42:17.333190414Z,us_east,104857600,104093706.0,0.7285060882568359
6d99272a-566b-4aac-87a6-80f1152e79f4,b88d8755-2b06-4a79-a4f3-1d772164f374,worker-c54df69524f44e18a4b82a7e644e674d-1544107698,True,721902.0,0.0916494745136606,60.095,12404.0,2024-11-12T12:41:17.327632671Z,2024-11-12T12:42:17.422807105Z,us_east,104857600,104135698.0,0.6884593963623047
6d99272a-566b-4aac-87a6-80f1152e79f4,b88d8755-2b06-4a79-a4f3-1d772164f374,worker-8c80a74669cb44ad8bfeea0c05d33004-1544107698,True,633574.0,0.0804357435850268,60.095,12413.0,2024-11-12T12:41:17.329125165Z,2024-11-12T12:42:17.424195716Z,us_east,104857600,104224026.0,0.6042232513427734
6d99272a-566b-4aac-87a6-80f1152e79f4,b88d8755-2b06-4a79-a4f3-1d772164f374,worker-2e2509d5868e40acaa90a6f48bb6e7d5-1544107698,True,706222.0,0.0896110942612875,60.127,12415.0,2024-11-12T12:41:17.329393488Z,2024-11-12T12:42:17.456558870Z,us_east,104857600,104151378.0,0.6735057830810547
6d99272a-566b-4aac-87a6-80f1152e79f4,b88d8755-2b06-4a79-a4f3-1d772164f374,worker-0a6f3d35ad3a433fada434aa8c64db04-1544107698,True,831950.0,0.1054714985090302,60.18,12412.0,2024-11-12T12:41:17.327791917Z,2024-11-12T12:42:17.508145227Z,us_east,104857600,104025650.0,0.7934093475341797
6d99272a-566b-4aac-87a6-80f1152e79f4,b88d8755-2b06-4a79-a4f3-1d772164f374,worker-a765493920fb47bf965b38720a93975e-1544107698,True,587486.0,0.0744100284810734,60.236,12405.0,2024-11-12T12:41:17.327189890Z,2024-11-12T12:42:17.563477364Z,us_east,104857600,104270114.0,0.5602703094482422
875f5273-bab0-467e-b1a1-0e03ef124b73,e427bc71-33e2-4342-8683-52bc508573e0,worker-6288fd7fb22c4ed3a3ecf2956fc3fb54-1544107698,True,997568.0,0.1265688791949378,60.132,10700.0,2024-11-12T12:38:05.193679769Z,2024-11-12T12:39:05.326485683Z,us_east,104857600,103860032.0,0.95135498046875
875f5273-bab0-467e-b1a1-0e03ef124b73,e427bc71-33e2-4342-8683-52bc508573e0,worker-c54df69524f44e18a4b82a7e644e674d-1544107698,True,845228.0,0.1074351145537439,60.023,12123.0,2024-11-12T12:38:06.617745036Z,2024-11-12T12:39:06.641401749Z,us_east,104857600,104012372.0,0.806072235107422
875f5273-bab0-467e-b1a1-0e03ef124b73,e427bc71-33e2-4342-8683-52bc508573e0,worker-ff554b7db2794fcca654a1b57f95035e-1544107698,True,876836.0,0.111469453514232,60.014,12155.0,2024-11-12T12:38:06.666223381Z,2024-11-12T12:39:06.681214267Z,us_east,104857600,103980764.0,0.8362159729003906
875f5273-bab0-467e-b1a1-0e03ef124b73,e427bc71-33e2-4342-8683-52bc508573e0,worker-1a3fcd605aa14849ab91da96ea2f2a2b-1544107698,True,944892.0,0.1198954522497692,60.127,12130.0,2024-11-12T12:38:06.624724422Z,2024-11-12T12:39:06.752179063Z,us_east,104857600,103912708.0,0.9011192321777344
875f5273-bab0-467e-b1a1-0e03ef124b73,e427bc71-33e2-4342-8683-52bc508573e0,worker-a765493920fb47bf965b38720a93975e-1544107698,True,798892.0,0.100948396035963,60.378,11927.0,2024-11-12T12:38:06.421581589Z,2024-11-12T12:39:06.800029958Z,us_east,104857600,104058708.0,0.7618827819824219
875f5273-bab0-467e-b1a1-0e03ef124b73,e427bc71-33e2-4342-8683-52bc508573e0,worker-bf1c6d1c461743559b7d622a7d564fe2-1544107698,True,775476.0,0.0985559519834023,60.031,12410.0,2024-11-12T12:38:06.905734520Z,2024-11-12T12:39:06.937080844Z,us_east,104857600,104082124.0,0.7395515441894531
875f5273-bab0-467e-b1a1-0e03ef124b73,e427bc71-33e2-4342-8683-52bc508573e0,worker-2e2509d5868e40acaa90a6f48bb6e7d5-1544107698,True,729140.0,0.0926038208901922,60.072,12376.0,2024-11-12T12:38:06.868451721Z,2024-11-12T12:39:06.940603015Z,us_east,104857600,104128460.0,0.6953620910644531
875f5273-bab0-467e-b1a1-0e03ef124b73,e427bc71-33e2-4342-8683-52bc508573e0,worker-8c80a74669cb44ad8bfeea0c05d33004-1544107698,True,830748.0,0.1050485497314473,60.335,12160.0,2024-11-12T12:38:06.665542578Z,2024-11-12T12:39:07.001140247Z,us_east,104857600,104026852.0,0.7922630310058594
875f5273-bab0-467e-b1a1-0e03ef124b73,e427bc71-33e2-4342-8683-52bc508573e0,worker-1f42b274d4f04ea6a8dee019a528feaa-1544107698,True,721900.0,0.0915867352685475,60.136,12398.0,2024-11-12T12:38:06.896819839Z,2024-11-12T12:39:07.032837186Z,us_east,104857600,104135700.0,0.6884574890136719
875f5273-bab0-467e-b1a1-0e03ef124b73,e427bc71-33e2-4342-8683-52bc508573e0,worker-0a6f3d35ad3a433fada434aa8c64db04-1544107698,True,810228.0,0.1027671871168496,60.151,12407.0,2024-11-12T12:38:06.905862206Z,2024-11-12T12:39:07.057597171Z,us_east,104857600,104047372.0,0.7726936340332031
194b6fe7-6294-4564-91f8-63db94c08a87,88909834-c2f6-4070-bfb2-987725d5c101,worker-530cf3818a79491980240c9408ecac94-1544107698,True,967672.0,0.1226778242745721,60.18,11145.0,2024-11-12T12:35:10.257891758Z,2024-11-12T12:36:10.438632579Z,singapore,104857600,103889928.0,0.9228439331054686
194b6fe7-6294-4564-91f8-63db94c08a87,88909834-c2f6-4070-bfb2-987725d5c101,worker-5e493b238cf348f6b37c7c7434581d2d-1544107698,True,898560.0,0.1140525179676582,60.108,12357.0,2024-11-12T12:35:11.464683356Z,2024-11-12T12:36:11.573654977Z,singapore,104857600,103959040.0,0.85693359375
194b6fe7-6294-4564-91f8-63db94c08a87,88909834-c2f6-4070-bfb2-987725d5c101,worker-0ad6f0fdb17944d1baadcd6d7598af92-1544107698,True,695840.0,0.0882981486698323,60.124,12359.0,2024-11-12T12:35:11.464468852Z,2024-11-12T12:36:11.589265507Z,singapore,104857600,104161760.0,0.663604736328125
194b6fe7-6294-4564-91f8-63db94c08a87,88909834-c2f6-4070-bfb2-987725d5c101,worker-38837e2cab4d44d1b94eba46d6ed0752-1544107698,True,940552.0,0.119271363026997,60.164,12956.0,2024-11-12T12:35:12.074639402Z,2024-11-12T12:36:12.238971334Z,singapore,104857600,103917048.0,0.8969802856445312
194b6fe7-6294-4564-91f8-63db94c08a87,88909834-c2f6-4070-bfb2-987725d5c101,worker-d13164f093bb4ed3b524edf389cdea30-1544107698,True,565520.0,0.0718341607197858,60.063,13375.0,2024-11-12T12:35:12.485247230Z,2024-11-12T12:36:12.548584867Z,singapore,104857600,104292080.0,0.5393218994140625
194b6fe7-6294-4564-91f8-63db94c08a87,88909834-c2f6-4070-bfb2-987725d5c101,worker-5f610ba13ac04a0a93228dcc653d54a7-1544107698,True,737832.0,0.0935831132095566,60.152,13367.0,2024-11-12T12:35:12.486792302Z,2024-11-12T12:36:12.639058902Z,singapore,104857600,104119768.0,0.7036514282226562
194b6fe7-6294-4564-91f8-63db94c08a87,88909834-c2f6-4070-bfb2-987725d5c101,worker-b003f28b8c3340cd8cf7f858546499ef-1544107698,True,797200.0,0.1010929014080264,60.164,13379.0,2024-11-12T12:35:12.486445291Z,2024-11-12T12:36:12.651416866Z,singapore,104857600,104060400.0,0.7602691650390625
194b6fe7-6294-4564-91f8-63db94c08a87,88909834-c2f6-4070-bfb2-987725d5c101,worker-358593d91ac04fceb00ee0bdccc24f20-1544107698,True,818920.0,0.1037110331412985,60.243,13373.0,2024-11-12T12:35:12.486236100Z,2024-11-12T12:36:12.730213965Z,singapore,104857600,104038680.0,0.7809829711914062
194b6fe7-6294-4564-91f8-63db94c08a87,88909834-c2f6-4070-bfb2-987725d5c101,worker-317859f7a4494b4f89441014bb0791a9-1544107698,True,710320.0,0.0897311287927394,60.395,13379.0,2024-11-12T12:35:12.486054205Z,2024-11-12T12:36:12.881474853Z,singapore,104857600,104147280.0,0.6774139404296875
194b6fe7-6294-4564-91f8-63db94c08a87,88909834-c2f6-4070-bfb2-987725d5c101,worker-3109a4756c724d4387d76cb418f7b8a8-1544107698,True,1023088.0,0.1300793586005982,60.006,14787.0,2024-11-12T12:35:13.894645655Z,2024-11-12T12:36:13.900816662Z,singapore,104857600,103834512.0,0.9756927490234374
194b6fe7-6294-4564-91f8-63db94c08a87,312a0365-7d2b-45f0-add0-11c4a0e7a22c,worker-b003f28b8c3340cd8cf7f858546499ef-1544107698,True,930664.0,0.1174435613488909,60.458,11029.0,2024-11-12T12:36:35.326299679Z,2024-11-12T12:37:35.784838136Z,singapore,104857600,103926936.0,0.8875503540039062
194b6fe7-6294-4564-91f8-63db94c08a87,312a0365-7d2b-45f0-add0-11c4a0e7a22c,worker-358593d91ac04fceb00ee0bdccc24f20-1544107698,True,939104.0,0.1191887765021709,60.113,11921.0,2024-11-12T12:36:36.219803978Z,2024-11-12T12:37:36.333231086Z,singapore,104857600,103918496.0,0.8955993652343751
194b6fe7-6294-4564-91f8-63db94c08a87,312a0365-7d2b-45f0-add0-11c4a0e7a22c,worker-5f610ba13ac04a0a93228dcc653d54a7-1544107698,True,792856.0,0.1003951940262356,60.252,11915.0,2024-11-12T12:36:36.218962913Z,2024-11-12T12:37:36.471541363Z,singapore,104857600,104064744.0,0.7561264038085938
194b6fe7-6294-4564-91f8-63db94c08a87,312a0365-7d2b-45f0-add0-11c4a0e7a22c,worker-5e493b238cf348f6b37c7c7434581d2d-1544107698,True,797200.0,0.1012376131081677,60.078,12230.0,2024-11-12T12:36:36.527112429Z,2024-11-12T12:37:36.605484085Z,singapore,104857600,104060400.0,0.7602691650390625
194b6fe7-6294-4564-91f8-63db94c08a87,312a0365-7d2b-45f0-add0-11c4a0e7a22c,worker-d13164f093bb4ed3b524edf389cdea30-1544107698,True,901456.0,0.1144086814479572,60.114,12582.0,2024-11-12T12:36:36.878598072Z,2024-11-12T12:37:36.993341187Z,singapore,104857600,103956144.0,0.8596954345703125
194b6fe7-6294-4564-91f8-63db94c08a87,312a0365-7d2b-45f0-add0-11c4a0e7a22c,worker-530cf3818a79491980240c9408ecac94-1544107698,True,697288.0,0.0884304136356364,60.159,12562.0,2024-11-12T12:36:36.869812679Z,2024-11-12T12:37:37.029137958Z,singapore,104857600,104160312.0,0.6649856567382812
194b6fe7-6294-4564-91f8-63db94c08a87,312a0365-7d2b-45f0-add0-11c4a0e7a22c,worker-317859f7a4494b4f89441014bb0791a9-1544107698,True,655296.0,0.0832183983679278,60.077,13074.0,2024-11-12T12:36:37.382949487Z,2024-11-12T12:37:37.460017746Z,singapore,104857600,104202304.0,0.62493896484375
194b6fe7-6294-4564-91f8-63db94c08a87,312a0365-7d2b-45f0-add0-11c4a0e7a22c,worker-3109a4756c724d4387d76cb418f7b8a8-1544107698,True,736384.0,0.0933420402814467,60.189,13214.0,2024-11-12T12:36:37.510138088Z,2024-11-12T12:37:37.699608393Z,singapore,104857600,104121216.0,0.7022705078125
194b6fe7-6294-4564-91f8-63db94c08a87,312a0365-7d2b-45f0-add0-11c4a0e7a22c,worker-0ad6f0fdb17944d1baadcd6d7598af92-1544107698,True,1144720.0,0.1455150206240211,60.018,14014.0,2024-11-12T12:36:38.310021487Z,2024-11-12T12:37:38.328659696Z,singapore,104857600,103712880.0,1.0916900634765625
194b6fe7-6294-4564-91f8-63db94c08a87,312a0365-7d2b-45f0-add0-11c4a0e7a22c,worker-38837e2cab4d44d1b94eba46d6ed0752-1544107698,True,972408.0,0.1236398286338202,60.004,16723.0,2024-11-12T12:36:41.030103525Z,2024-11-12T12:37:41.034831253Z,singapore,104857600,103885192.0,0.9273605346679688
23971dd3-9346-452d-8fcc-8787633225a3,5d8af224-0d10-405b-a134-8635bd3e5d4d,worker-336602893cc3403c94a6172053df72fe-1544107698,True,970216.0,0.1230044309304272,60.178,11222.0,2024-11-12T12:32:19.949466591Z,2024-11-12T12:33:20.127777770Z,hong_kong,104857600,103887384.0,0.9252700805664062
23971dd3-9346-452d-8fcc-8787633225a3,5d8af224-0d10-405b-a134-8635bd3e5d4d,worker-55b74f68c378406fb338353f85e0bcc9-1544107698,True,930736.0,0.1182605070936381,60.045,11423.0,2024-11-12T12:32:20.149463647Z,2024-11-12T12:33:20.195310499Z,hong_kong,104857600,103926864.0,0.8876190185546875
23971dd3-9346-452d-8fcc-8787633225a3,5d8af224-0d10-405b-a134-8635bd3e5d4d,worker-689fb313f2b34c80b499936d812a064b-1544107698,True,764384.0,0.0969411733996309,60.158,11419.0,2024-11-12T12:32:20.147562399Z,2024-11-12T12:33:20.306416443Z,hong_kong,104857600,104093216.0,0.728973388671875
23971dd3-9346-452d-8fcc-8787633225a3,5d8af224-0d10-405b-a134-8635bd3e5d4d,worker-5dc0276a95104f5c81ef45e31564ee42-1544107698,True,672670.0,0.0855158852138026,60.013,12416.0,2024-11-12T12:32:21.142102848Z,2024-11-12T12:33:21.155664013Z,hong_kong,104857600,104184930.0,0.6415081024169922
23971dd3-9346-452d-8fcc-8787633225a3,5d8af224-0d10-405b-a134-8635bd3e5d4d,worker-3495f46c836e49ec9c583308b2285bee-1544107698,True,892766.0,0.1132907095253973,60.122,12650.0,2024-11-12T12:32:21.379557421Z,2024-11-12T12:33:21.501933276Z,hong_kong,104857600,103964834.0,0.8514080047607422
23971dd3-9346-452d-8fcc-8787633225a3,5d8af224-0d10-405b-a134-8635bd3e5d4d,worker-32463579859f4033b734d6b0f66bede6-1544107698,True,726246.0,0.0922562357139177,60.059,13264.0,2024-11-12T12:32:21.990487224Z,2024-11-12T12:33:22.050143808Z,hong_kong,104857600,104131354.0,0.6926021575927734
23971dd3-9346-452d-8fcc-8787633225a3,5d8af224-0d10-405b-a134-8635bd3e5d4d,worker-7024dfbd6f2949cc8e64f0a18bf95c3a-1544107698,True,779822.0,0.0990093308839666,60.091,13250.0,2024-11-12T12:32:21.982647478Z,2024-11-12T12:33:22.074081338Z,hong_kong,104857600,104077778.0,0.7436962127685547
23971dd3-9346-452d-8fcc-8787633225a3,5d8af224-0d10-405b-a134-8635bd3e5d4d,worker-3411be34b19249d79bc821e96ff58eb6-1544107698,True,936206.0,0.1187893518356107,60.129,13267.0,2024-11-12T12:32:21.994466960Z,2024-11-12T12:33:22.124451313Z,hong_kong,104857600,103921394.0,0.8928356170654297
23971dd3-9346-452d-8fcc-8787633225a3,5d8af224-0d10-405b-a134-8635bd3e5d4d,worker-02bf2b91b53341b59db9a49c1bec78be-1544107698,True,874190.0,0.1097559597359329,60.767,12652.0,2024-11-12T12:32:21.382044826Z,2024-11-12T12:33:22.149315662Z,hong_kong,104857600,103983410.0,0.8336925506591797
23971dd3-9346-452d-8fcc-8787633225a3,5d8af224-0d10-405b-a134-8635bd3e5d4d,worker-25a72e94d80445b3898ceb9973f89e90-1544107698,True,665430.0,0.0845856048472123,60.02,13444.0,2024-11-12T12:32:22.174899158Z,2024-11-12T12:33:22.195303923Z,hong_kong,104857600,104192170.0,0.6346035003662109
23971dd3-9346-452d-8fcc-8787633225a3,a14f7205-7557-412a-bdee-93ddf94c114d,worker-32463579859f4033b734d6b0f66bede6-1544107698,True,925782.0,0.1162085575506694,60.78,11152.0,2024-11-12T12:33:40.045784949Z,2024-11-12T12:34:40.826676812Z,hong_kong,104857600,103931818.0,0.8828945159912109
23971dd3-9346-452d-8fcc-8787633225a3,a14f7205-7557-412a-bdee-93ddf94c114d,worker-25a72e94d80445b3898ceb9973f89e90-1544107698,True,678710.0,0.0862262728307443,60.053,12431.0,2024-11-12T12:33:41.326716370Z,2024-11-12T12:34:41.379789988Z,hong_kong,104857600,104178890.0,0.6472682952880859
23971dd3-9346-452d-8fcc-8787633225a3,a14f7205-7557-412a-bdee-93ddf94c114d,worker-689fb313f2b34c80b499936d812a064b-1544107698,True,905798.0,0.1151263649294015,60.027,12800.0,2024-11-12T12:33:41.699064325Z,2024-11-12T12:34:41.726224833Z,hong_kong,104857600,103951802.0,0.8638362884521484
23971dd3-9346-452d-8fcc-8787633225a3,a14f7205-7557-412a-bdee-93ddf94c114d,worker-7024dfbd6f2949cc8e64f0a18bf95c3a-1544107698,True,913038.0,0.1158882550703461,60.109,12833.0,2024-11-12T12:33:41.738651380Z,2024-11-12T12:34:41.847775102Z,hong_kong,104857600,103944562.0,0.8707408905029296
23971dd3-9346-452d-8fcc-8787633225a3,a14f7205-7557-412a-bdee-93ddf94c114d,worker-336602893cc3403c94a6172053df72fe-1544107698,True,727942.0,0.0925071076332065,60.036,13178.0,2024-11-12T12:33:42.073458540Z,2024-11-12T12:34:42.109615311Z,hong_kong,104857600,104129658.0,0.6942195892333984
23971dd3-9346-452d-8fcc-8787633225a3,a14f7205-7557-412a-bdee-93ddf94c114d,worker-3411be34b19249d79bc821e96ff58eb6-1544107698,True,768238.0,0.0976393209265261,60.029,13213.0,2024-11-12T12:33:42.107762911Z,2024-11-12T12:34:42.137473529Z,hong_kong,104857600,104089362.0,0.7326488494873047
23971dd3-9346-452d-8fcc-8787633225a3,a14f7205-7557-412a-bdee-93ddf94c114d,worker-55b74f68c378406fb338353f85e0bcc9-1544107698,True,704526.0,0.0895642152085086,60.014,13280.0,2024-11-12T12:33:42.173669367Z,2024-11-12T12:34:42.187914345Z,hong_kong,104857600,104153074.0,0.6718883514404297
23971dd3-9346-452d-8fcc-8787633225a3,a14f7205-7557-412a-bdee-93ddf94c114d,worker-5dc0276a95104f5c81ef45e31564ee42-1544107698,True,726494.0,0.0922877395658592,60.059,13245.0,2024-11-12T12:33:42.138043059Z,2024-11-12T12:34:42.197175101Z,hong_kong,104857600,104131106.0,0.6928386688232422
23971dd3-9346-452d-8fcc-8787633225a3,a14f7205-7557-412a-bdee-93ddf94c114d,worker-02bf2b91b53341b59db9a49c1bec78be-1544107698,True,947790.0,0.1203452358748034,60.086,13271.0,2024-11-12T12:33:42.169040216Z,2024-11-12T12:34:42.255185436Z,hong_kong,104857600,103909810.0,0.9038829803466797
23971dd3-9346-452d-8fcc-8787633225a3,a14f7205-7557-412a-bdee-93ddf94c114d,worker-3495f46c836e49ec9c583308b2285bee-1544107698,True,914486.0,0.1161087450042384,60.09,14430.0,2024-11-12T12:33:43.324371441Z,2024-11-12T12:34:43.415079037Z,hong_kong,104857600,103943114.0,0.8721218109130859
0995ff58-e2f1-4758-856a-199a1130cc48,750378f3-3e06-485d-8a2c-8fe16a9f1f84,worker-d13164f093bb4ed3b524edf389cdea30-1544107698,True,916988.0,0.1157886038367765,60.421,11197.0,2024-11-12T12:29:24.541886519Z,2024-11-12T12:30:24.963038104Z,singapore,104857600,103940612.0,0.8745079040527343
0995ff58-e2f1-4758-856a-199a1130cc48,750378f3-3e06-485d-8a2c-8fe16a9f1f84,worker-530cf3818a79491980240c9408ecac94-1544107698,True,675564.0,0.0857024324427897,60.14,12577.0,2024-11-12T12:29:25.924177727Z,2024-11-12T12:30:26.064347256Z,singapore,104857600,104182036.0,0.6442680358886719
0995ff58-e2f1-4758-856a-199a1130cc48,750378f3-3e06-485d-8a2c-8fe16a9f1f84,worker-0ad6f0fdb17944d1baadcd6d7598af92-1544107698,True,807332.0,0.1024305181132344,60.133,12845.0,2024-11-12T12:29:26.187923151Z,2024-11-12T12:30:26.321286903Z,singapore,104857600,104050268.0,0.7699317932128906
0995ff58-e2f1-4758-856a-199a1130cc48,750378f3-3e06-485d-8a2c-8fe16a9f1f84,worker-38837e2cab4d44d1b94eba46d6ed0752-1544107698,True,903148.0,0.114783814961009,60.03,13035.0,2024-11-12T12:29:26.380233148Z,2024-11-12T12:30:26.411138005Z,singapore,104857600,103954452.0,0.8613090515136719
0995ff58-e2f1-4758-856a-199a1130cc48,750378f3-3e06-485d-8a2c-8fe16a9f1f84,worker-358593d91ac04fceb00ee0bdccc24f20-1544107698,True,730588.0,0.0928541886720897,60.029,13226.0,2024-11-12T12:29:26.571134754Z,2024-11-12T12:30:26.600208688Z,singapore,104857600,104127012.0,0.6967430114746094
0995ff58-e2f1-4758-856a-199a1130cc48,750378f3-3e06-485d-8a2c-8fe16a9f1f84,worker-317859f7a4494b4f89441014bb0791a9-1544107698,True,957924.0,0.1215510781850302,60.126,13225.0,2024-11-12T12:29:26.569806873Z,2024-11-12T12:30:26.696172023Z,singapore,104857600,103899676.0,0.9135475158691406
0995ff58-e2f1-4758-856a-199a1130cc48,750378f3-3e06-485d-8a2c-8fe16a9f1f84,worker-5f610ba13ac04a0a93228dcc653d54a7-1544107698,True,712012.0,0.0900253635005116,60.341,13022.0,2024-11-12T12:29:26.373988190Z,2024-11-12T12:30:26.715791185Z,singapore,104857600,104145588.0,0.6790275573730469
0995ff58-e2f1-4758-856a-199a1130cc48,750378f3-3e06-485d-8a2c-8fe16a9f1f84,worker-5e493b238cf348f6b37c7c7434581d2d-1544107698,True,843532.0,0.1058527982455734,60.798,13179.0,2024-11-12T12:29:26.533039742Z,2024-11-12T12:30:27.331290882Z,singapore,104857600,104014068.0,0.8044548034667969
0995ff58-e2f1-4758-856a-199a1130cc48,750378f3-3e06-485d-8a2c-8fe16a9f1f84,worker-b003f28b8c3340cd8cf7f858546499ef-1544107698,True,1067972.0,0.1357204919851441,60.035,14180.0,2024-11-12T12:29:27.525943289Z,2024-11-12T12:30:27.561050334Z,singapore,104857600,103789628.0,1.0184974670410156
0995ff58-e2f1-4758-856a-199a1130cc48,750378f3-3e06-485d-8a2c-8fe16a9f1f84,worker-3109a4756c724d4387d76cb418f7b8a8-1544107698,True,630676.0,0.0801184878597103,60.057,14208.0,2024-11-12T12:29:27.556861339Z,2024-11-12T12:30:27.614137261Z,singapore,104857600,104226924.0,0.6014595031738281
0995ff58-e2f1-4758-856a-199a1130cc48,0b063801-4312-4ae8-83dd-e317702afbcf,worker-3109a4756c724d4387d76cb418f7b8a8-1544107698,True,1015772.0,0.1287586452747537,60.188,10914.0,2024-11-12T12:30:49.440344392Z,2024-11-12T12:31:49.628739738Z,singapore,104857600,103841828.0,0.9687156677246093
0995ff58-e2f1-4758-856a-199a1130cc48,0b063801-4312-4ae8-83dd-e317702afbcf,worker-38837e2cab4d44d1b94eba46d6ed0752-1544107698,True,868148.0,0.1096469548813155,60.407,12241.0,2024-11-12T12:30:50.765925063Z,2024-11-12T12:31:51.173099368Z,singapore,104857600,103989452.0,0.8279304504394531
0995ff58-e2f1-4758-856a-199a1130cc48,0b063801-4312-4ae8-83dd-e317702afbcf,worker-530cf3818a79491980240c9408ecac94-1544107698,True,619092.0,0.0786665520658976,60.042,13002.0,2024-11-12T12:30:51.527093556Z,2024-11-12T12:31:51.569886511Z,singapore,104857600,104238508.0,0.5904121398925781
0995ff58-e2f1-4758-856a-199a1130cc48,0b063801-4312-4ae8-83dd-e317702afbcf,worker-5f610ba13ac04a0a93228dcc653d54a7-1544107698,True,816020.0,0.1037225484462726,60.023,12997.0,2024-11-12T12:30:51.526122473Z,2024-11-12T12:31:51.549485755Z,singapore,104857600,104041580.0,0.7782173156738281
0995ff58-e2f1-4758-856a-199a1130cc48,0b063801-4312-4ae8-83dd-e317702afbcf,worker-5e493b238cf348f6b37c7c7434581d2d-1544107698,True,817468.0,0.1038754499204189,60.041,13001.0,2024-11-12T12:30:51.526623133Z,2024-11-12T12:31:51.567624397Z,singapore,104857600,104040132.0,0.7795982360839844
0995ff58-e2f1-4758-856a-199a1130cc48,0b063801-4312-4ae8-83dd-e317702afbcf,worker-317859f7a4494b4f89441014bb0791a9-1544107698,True,711764.0,0.0902182779674806,60.191,12999.0,2024-11-12T12:30:51.525201777Z,2024-11-12T12:31:51.716213413Z,singapore,104857600,104145836.0,0.6787910461425781
0995ff58-e2f1-4758-856a-199a1130cc48,0b063801-4312-4ae8-83dd-e317702afbcf,worker-358593d91ac04fceb00ee0bdccc24f20-1544107698,True,726244.0,0.0921072212572831,60.156,12990.0,2024-11-12T12:30:51.526255774Z,2024-11-12T12:31:51.682922626Z,singapore,104857600,104131356.0,0.6926002502441406
0995ff58-e2f1-4758-856a-199a1130cc48,0b063801-4312-4ae8-83dd-e317702afbcf,worker-d13164f093bb4ed3b524edf389cdea30-1544107698,True,775724.0,0.098327038434281,60.19,13001.0,2024-11-12T12:30:51.526221421Z,2024-11-12T12:31:51.717197121Z,singapore,104857600,104081876.0,0.7397880554199219
0995ff58-e2f1-4758-856a-199a1130cc48,0b063801-4312-4ae8-83dd-e317702afbcf,worker-b003f28b8c3340cd8cf7f858546499ef-1544107698,True,863804.0,0.1092339308107119,60.332,13000.0,2024-11-12T12:30:51.526056849Z,2024-11-12T12:31:51.858755853Z,singapore,104857600,103993796.0,0.8237876892089845
0995ff58-e2f1-4758-856a-199a1130cc48,0b063801-4312-4ae8-83dd-e317702afbcf,worker-0ad6f0fdb17944d1baadcd6d7598af92-1544107698,True,933308.0,0.1185340083761465,60.072,14218.0,2024-11-12T12:30:52.742225281Z,2024-11-12T12:31:52.815215838Z,singapore,104857600,103924292.0,0.8900718688964844
bd7c0ffe-0168-40d2-b8c2-fc5bb47063b6,882d53dd-4589-41d3-bc7a-179557a6db3c,worker-a765493920fb47bf965b38720a93975e-1544107698,True,21400788.0,2.7210241635137176,60.005,11426.0,2024-11-12T12:22:38.737674847Z,2024-11-12T12:23:38.742792399Z,us_east,104857600,83456812.0,20.409381866455078
bd7c0ffe-0168-40d2-b8c2-fc5bb47063b6,882d53dd-4589-41d3-bc7a-179557a6db3c,worker-8c80a74669cb44ad8bfeea0c05d33004-1544107698,True,15762276.0,2.003675935793481,60.018,11414.0,2024-11-12T12:22:38.727561201Z,2024-11-12T12:23:38.746541551Z,us_east,104857600,89095324.0,15.03207778930664
bd7c0ffe-0168-40d2-b8c2-fc5bb47063b6,882d53dd-4589-41d3-bc7a-179557a6db3c,worker-c54df69524f44e18a4b82a7e644e674d-1544107698,True,15998300.0,2.0338483750070298,60.013,11429.0,2024-11-12T12:22:38.741619871Z,2024-11-12T12:23:38.754697821Z,us_east,104857600,88859300.0,15.25716781616211
bd7c0ffe-0168-40d2-b8c2-fc5bb47063b6,882d53dd-4589-41d3-bc7a-179557a6db3c,worker-2e2509d5868e40acaa90a6f48bb6e7d5-1544107698,True,20359676.0,2.533220273531783,61.318,11417.0,2024-11-12T12:22:38.729667639Z,2024-11-12T12:23:40.048410582Z,us_east,104857600,84497924.0,19.416500091552734
bd7c0ffe-0168-40d2-b8c2-fc5bb47063b6,882d53dd-4589-41d3-bc7a-179557a6db3c,worker-1f42b274d4f04ea6a8dee019a528feaa-1544107698,True,13061756.0,1.6243934569166374,61.348,11412.0,2024-11-12T12:22:38.725703934Z,2024-11-12T12:23:40.074671815Z,us_east,104857600,91795844.0,12.456661224365234
bd7c0ffe-0168-40d2-b8c2-fc5bb47063b6,882d53dd-4589-41d3-bc7a-179557a6db3c,worker-bf1c6d1c461743559b7d622a7d564fe2-1544107698,True,23714692.0,2.9488353454442615,61.356,11412.0,2024-11-12T12:22:38.725869782Z,2024-11-12T12:23:40.082804343Z,us_east,104857600,81142908.0,22.616092681884766
bd7c0ffe-0168-40d2-b8c2-fc5bb47063b6,882d53dd-4589-41d3-bc7a-179557a6db3c,worker-0a6f3d35ad3a433fada434aa8c64db04-1544107698,True,15804268.0,1.9651709804848572,61.357,11410.0,2024-11-12T12:22:38.724777924Z,2024-11-12T12:23:40.082257368Z,us_east,104857600,89053332.0,15.072124481201172
bd7c0ffe-0168-40d2-b8c2-fc5bb47063b6,882d53dd-4589-41d3-bc7a-179557a6db3c,worker-ff554b7db2794fcca654a1b57f95035e-1544107698,True,17337700.0,2.156020236739685,61.352,11414.0,2024-11-12T12:22:38.728900571Z,2024-11-12T12:23:40.081675374Z,us_east,104857600,87519900.0,16.53451919555664
bd7c0ffe-0168-40d2-b8c2-fc5bb47063b6,882d53dd-4589-41d3-bc7a-179557a6db3c,worker-1a3fcd605aa14849ab91da96ea2f2a2b-1544107698,True,16334236.0,2.031235017775246,61.352,11411.0,2024-11-12T12:22:38.730906485Z,2024-11-12T12:23:40.083601675Z,us_east,104857600,88523364.0,15.577541351318358
bd7c0ffe-0168-40d2-b8c2-fc5bb47063b6,882d53dd-4589-41d3-bc7a-179557a6db3c,worker-6288fd7fb22c4ed3a3ecf2956fc3fb54-1544107698,True,21929308.0,2.727496169434748,61.341,11429.0,2024-11-12T12:22:38.742128179Z,2024-11-12T12:23:40.083428597Z,us_east,104857600,82928292.0,20.91341781616211
bd7c0ffe-0168-40d2-b8c2-fc5bb47063b6,f956fe34-1c6d-49b8-add7-ad96dbbc6704,worker-a765493920fb47bf965b38720a93975e-1544107698,True,21586132.0,2.744818623860677,60.0,11088.0,2024-11-12T12:23:58.577725361Z,2024-11-12T12:24:58.578301255Z,us_east,104857600,83271468.0,20.586139678955078
bd7c0ffe-0168-40d2-b8c2-fc5bb47063b6,f956fe34-1c6d-49b8-add7-ad96dbbc6704,worker-ff554b7db2794fcca654a1b57f95035e-1544107698,True,17803956.0,2.2638146151964205,60.002,11120.0,2024-11-12T12:23:58.610414678Z,2024-11-12T12:24:58.612722501Z,us_east,104857600,87053644.0,16.979175567626953
bd7c0ffe-0168-40d2-b8c2-fc5bb47063b6,f956fe34-1c6d-49b8-add7-ad96dbbc6704,worker-bf1c6d1c461743559b7d622a7d564fe2-1544107698,True,13652540.0,1.7359813005395224,60.001,11125.0,2024-11-12T12:23:58.614265347Z,2024-11-12T12:24:58.615694063Z,us_east,104857600,91205060.0,13.020076751708984
bd7c0ffe-0168-40d2-b8c2-fc5bb47063b6,f956fe34-1c6d-49b8-add7-ad96dbbc6704,worker-1a3fcd605aa14849ab91da96ea2f2a2b-1544107698,True,21474636.0,2.7302316395704707,60.009,11122.0,2024-11-12T12:23:58.612608814Z,2024-11-12T12:24:58.622003951Z,us_east,104857600,83382964.0,20.479808807373047
bd7c0ffe-0168-40d2-b8c2-fc5bb47063b6,f956fe34-1c6d-49b8-add7-ad96dbbc6704,worker-1f42b274d4f04ea6a8dee019a528feaa-1544107698,True,16696236.0,2.1230008105008147,60.001,11127.0,2024-11-12T12:23:58.621249346Z,2024-11-12T12:24:58.622791694Z,us_east,104857600,88161364.0,15.92277145385742
bd7c0ffe-0168-40d2-b8c2-fc5bb47063b6,f956fe34-1c6d-49b8-add7-ad96dbbc6704,worker-c54df69524f44e18a4b82a7e644e674d-1544107698,True,19925276.0,2.5334187442387615,60.005,11126.0,2024-11-12T12:23:58.616652013Z,2024-11-12T12:24:58.621970251Z,us_east,104857600,84932324.0,19.00222396850586
bd7c0ffe-0168-40d2-b8c2-fc5bb47063b6,f956fe34-1c6d-49b8-add7-ad96dbbc6704,worker-8c80a74669cb44ad8bfeea0c05d33004-1544107698,True,22407148.0,2.8491212361606175,60.002,11127.0,2024-11-12T12:23:58.620491444Z,2024-11-12T12:24:58.623413712Z,us_east,104857600,82450452.0,21.369121551513672
bd7c0ffe-0168-40d2-b8c2-fc5bb47063b6,f956fe34-1c6d-49b8-add7-ad96dbbc6704,worker-6288fd7fb22c4ed3a3ecf2956fc3fb54-1544107698,True,7088756.0,0.9013518925996736,60.002,11134.0,2024-11-12T12:23:58.623380370Z,2024-11-12T12:24:58.626345040Z,us_east,104857600,97768844.0,6.760364532470703
bd7c0ffe-0168-40d2-b8c2-fc5bb47063b6,f956fe34-1c6d-49b8-add7-ad96dbbc6704,worker-0a6f3d35ad3a433fada434aa8c64db04-1544107698,True,10629116.0,1.351539465715936,60.001,11134.0,2024-11-12T12:23:58.625737026Z,2024-11-12T12:24:58.627115115Z,us_east,104857600,94228484.0,10.136714935302734
bd7c0ffe-0168-40d2-b8c2-fc5bb47063b6,f956fe34-1c6d-49b8-add7-ad96dbbc6704,worker-2e2509d5868e40acaa90a6f48bb6e7d5-1544107698,True,20158404.0,2.563273620605469,60.0,11135.0,2024-11-12T12:23:58.626946983Z,2024-11-12T12:24:58.627483572Z,us_east,104857600,84699196.0,19.224552154541016
aa710fdc-3432-4be0-a4d6-ffce3511c2ec,5509c73a-583c-4db9-8bc0-bbf2a97bd30a,worker-3495f46c836e49ec9c583308b2285bee-1544107698,True,894460.0,0.1136096064797954,60.067,11402.0,2024-11-12T12:16:47.859067221Z,2024-11-12T12:17:47.926247643Z,hong_kong,104857600,103963140.0,0.8530235290527344
aa710fdc-3432-4be0-a4d6-ffce3511c2ec,5509c73a-583c-4db9-8bc0-bbf2a97bd30a,worker-7024dfbd6f2949cc8e64f0a18bf95c3a-1544107698,True,1143268.0,0.1452699336634266,60.043,11547.0,2024-11-12T12:16:47.998835431Z,2024-11-12T12:17:48.042309269Z,hong_kong,104857600,103714332.0,1.0903053283691406
aa710fdc-3432-4be0-a4d6-ffce3511c2ec,5509c73a-583c-4db9-8bc0-bbf2a97bd30a,worker-3411be34b19249d79bc821e96ff58eb6-1544107698,True,598820.0,0.0759590668241134,60.146,11499.0,2024-11-12T12:16:47.951711058Z,2024-11-12T12:17:48.097930931Z,hong_kong,104857600,104258780.0,0.5710792541503906
aa710fdc-3432-4be0-a4d6-ffce3511c2ec,5509c73a-583c-4db9-8bc0-bbf2a97bd30a,worker-336602893cc3403c94a6172053df72fe-1544107698,True,600268.0,0.0762873366951688,60.032,11825.0,2024-11-12T12:16:48.282331752Z,2024-11-12T12:17:48.314802108Z,hong_kong,104857600,104257332.0,0.5724601745605469
aa710fdc-3432-4be0-a4d6-ffce3511c2ec,5509c73a-583c-4db9-8bc0-bbf2a97bd30a,worker-5dc0276a95104f5c81ef45e31564ee42-1544107698,True,565516.0,0.0709360715146305,60.823,11067.0,2024-11-12T12:16:47.519204617Z,2024-11-12T12:17:48.342304843Z,hong_kong,104857600,104292084.0,0.5393180847167969
aa710fdc-3432-4be0-a4d6-ffce3511c2ec,5509c73a-583c-4db9-8bc0-bbf2a97bd30a,worker-25a72e94d80445b3898ceb9973f89e90-1544107698,True,826156.0,0.1037542398083847,60.75,11395.0,2024-11-12T12:16:47.847860801Z,2024-11-12T12:17:48.598132511Z,hong_kong,104857600,104031444.0,0.7878837585449219
aa710fdc-3432-4be0-a4d6-ffce3511c2ec,5509c73a-583c-4db9-8bc0-bbf2a97bd30a,worker-02bf2b91b53341b59db9a49c1bec78be-1544107698,True,345420.0,0.0433338067743874,60.815,12130.0,2024-11-12T12:16:48.583308155Z,2024-11-12T12:17:49.398513168Z,hong_kong,104857600,104512180.0,0.3294181823730469
aa710fdc-3432-4be0-a4d6-ffce3511c2ec,5509c73a-583c-4db9-8bc0-bbf2a97bd30a,worker-55b74f68c378406fb338353f85e0bcc9-1544107698,True,1141820.0,0.1451729842130397,60.007,14962.0,2024-11-12T12:16:51.415218027Z,2024-11-12T12:17:51.422752173Z,hong_kong,104857600,103715780.0,1.0889244079589844
aa710fdc-3432-4be0-a4d6-ffce3511c2ec,5509c73a-583c-4db9-8bc0-bbf2a97bd30a,worker-689fb313f2b34c80b499936d812a064b-1544107698,True,652396.0,0.077095870178736,64.561,11200.0,2024-11-12T12:16:47.652459097Z,2024-11-12T12:17:52.214328748Z,hong_kong,104857600,104205204.0,0.6221733093261719
aa710fdc-3432-4be0-a4d6-ffce3511c2ec,5509c73a-583c-4db9-8bc0-bbf2a97bd30a,worker-32463579859f4033b734d6b0f66bede6-1544107698,True,1928820.0,0.1894964878860325,77.657,10642.0,2024-11-12T12:16:47.097538445Z,2024-11-12T12:18:04.755317281Z,hong_kong,104857600,102928780.0,1.8394660949707031
aa710fdc-3432-4be0-a4d6-ffce3511c2ec,5fb9e803-0031-43c0-a2c4-9a251333eab3,worker-02bf2b91b53341b59db9a49c1bec78be-1544107698,True,2108236.0,0.2670257687924891,60.236,10918.0,2024-11-12T12:18:22.574554206Z,2024-11-12T12:19:22.811456132Z,hong_kong,104857600,102749364.0,2.010570526123047
aa710fdc-3432-4be0-a4d6-ffce3511c2ec,5fb9e803-0031-43c0-a2c4-9a251333eab3,worker-55b74f68c378406fb338353f85e0bcc9-1544107698,True,811676.0,0.1031257212534242,60.049,13641.0,2024-11-12T12:18:25.297513104Z,2024-11-12T12:19:25.346565282Z,hong_kong,104857600,104045924.0,0.7740745544433594
aa710fdc-3432-4be0-a4d6-ffce3511c2ec,5fb9e803-0031-43c0-a2c4-9a251333eab3,worker-336602893cc3403c94a6172053df72fe-1544107698,True,614748.0,0.0780989614230005,60.054,13744.0,2024-11-12T12:18:25.402379092Z,2024-11-12T12:19:25.457070448Z,hong_kong,104857600,104242852.0,0.5862693786621094
aa710fdc-3432-4be0-a4d6-ffce3511c2ec,5fb9e803-0031-43c0-a2c4-9a251333eab3,worker-3411be34b19249d79bc821e96ff58eb6-1544107698,True,797444.0,0.1013158183610012,60.05,13742.0,2024-11-12T12:18:25.415289989Z,2024-11-12T12:19:25.466189675Z,hong_kong,104857600,104060156.0,0.7605018615722656
aa710fdc-3432-4be0-a4d6-ffce3511c2ec,5fb9e803-0031-43c0-a2c4-9a251333eab3,worker-25a72e94d80445b3898ceb9973f89e90-1544107698,True,986884.0,0.1248003081761967,60.331,13667.0,2024-11-12T12:18:25.323197222Z,2024-11-12T12:19:25.654463358Z,hong_kong,104857600,103870716.0,0.9411659240722656
aa710fdc-3432-4be0-a4d6-ffce3511c2ec,5fb9e803-0031-43c0-a2c4-9a251333eab3,worker-689fb313f2b34c80b499936d812a064b-1544107698,True,941996.0,0.1186341883601745,60.58,13415.0,2024-11-12T12:18:25.070640310Z,2024-11-12T12:19:25.651478238Z,hong_kong,104857600,103915604.0,0.8983573913574218
aa710fdc-3432-4be0-a4d6-ffce3511c2ec,5fb9e803-0031-43c0-a2c4-9a251333eab3,worker-5dc0276a95104f5c81ef45e31564ee42-1544107698,True,551284.0,0.0691497292970805,60.824,13463.0,2024-11-12T12:18:25.117687145Z,2024-11-12T12:19:25.942250203Z,hong_kong,104857600,104306316.0,0.5257453918457031
aa710fdc-3432-4be0-a4d6-ffce3511c2ec,5fb9e803-0031-43c0-a2c4-9a251333eab3,worker-3495f46c836e49ec9c583308b2285bee-1544107698,True,768484.0,0.0976738405543026,60.027,15212.0,2024-11-12T12:18:26.871563390Z,2024-11-12T12:19:26.898668519Z,hong_kong,104857600,104089116.0,0.7328834533691406
aa710fdc-3432-4be0-a4d6-ffce3511c2ec,5fb9e803-0031-43c0-a2c4-9a251333eab3,worker-32463579859f4033b734d6b0f66bede6-1544107698,True,503500.0,0.0604668757021891,63.529,13539.0,2024-11-12T12:18:25.193964980Z,2024-11-12T12:19:28.722991513Z,hong_kong,104857600,104354100.0,0.4801750183105469
aa710fdc-3432-4be0-a4d6-ffce3511c2ec,5fb9e803-0031-43c0-a2c4-9a251333eab3,worker-7024dfbd6f2949cc8e64f0a18bf95c3a-1544107698,True,2320492.0,0.2950166468023558,60.01,29455.0,2024-11-12T12:18:41.111119923Z,2024-11-12T12:19:41.121171576Z,hong_kong,104857600,102537108.0,2.212993621826172
1b04431c-1f53-4eea-95bc-3d7c84cde6b0,fa8e7d91-f803-4f66-9844-492453bb183e,worker-1f42b274d4f04ea6a8dee019a528feaa-1544107698,True,668574.0,0.0849116862987071,60.072,10993.0,2024-11-12T12:07:20.813462857Z,2024-11-12T12:08:20.885811270Z,us_east,104857600,104189026.0,0.6376018524169922
1b04431c-1f53-4eea-95bc-3d7c84cde6b0,fa8e7d91-f803-4f66-9844-492453bb183e,worker-c54df69524f44e18a4b82a7e644e674d-1544107698,True,876838.0,0.1113843330335029,60.06,11135.0,2024-11-12T12:07:20.962316651Z,2024-11-12T12:08:21.022538923Z,us_east,104857600,103980762.0,0.8362178802490233
1b04431c-1f53-4eea-95bc-3d7c84cde6b0,fa8e7d91-f803-4f66-9844-492453bb183e,worker-6288fd7fb22c4ed3a3ecf2956fc3fb54-1544107698,True,1456286.0,0.1846654330408526,60.166,11046.0,2024-11-12T12:07:20.867979444Z,2024-11-12T12:08:21.034558350Z,us_east,104857600,103401314.0,1.3888225555419922
1b04431c-1f53-4eea-95bc-3d7c84cde6b0,fa8e7d91-f803-4f66-9844-492453bb183e,worker-ff554b7db2794fcca654a1b57f95035e-1544107698,True,816270.0,0.1035593633434787,60.136,11417.0,2024-11-12T12:07:21.242458438Z,2024-11-12T12:08:21.379170547Z,us_east,104857600,104041330.0,0.7784557342529297
1b04431c-1f53-4eea-95bc-3d7c84cde6b0,fa8e7d91-f803-4f66-9844-492453bb183e,worker-8c80a74669cb44ad8bfeea0c05d33004-1544107698,True,1049398.0,0.1334289607743598,60.004,11597.0,2024-11-12T12:07:21.435718963Z,2024-11-12T12:08:21.439802408Z,us_east,104857600,103808202.0,1.000783920288086
1b04431c-1f53-4eea-95bc-3d7c84cde6b0,fa8e7d91-f803-4f66-9844-492453bb183e,worker-2e2509d5868e40acaa90a6f48bb6e7d5-1544107698,True,669774.0,0.0850103159669512,60.11,11749.0,2024-11-12T12:07:21.572496733Z,2024-11-12T12:08:21.682935334Z,us_east,104857600,104187826.0,0.6387462615966797
1b04431c-1f53-4eea-95bc-3d7c84cde6b0,fa8e7d91-f803-4f66-9844-492453bb183e,worker-a765493920fb47bf965b38720a93975e-1544107698,True,1249222.0,0.157625196313854,60.465,11420.0,2024-11-12T12:07:21.246814855Z,2024-11-12T12:08:21.712575112Z,us_east,104857600,103608378.0,1.1913509368896484
1b04431c-1f53-4eea-95bc-3d7c84cde6b0,fa8e7d91-f803-4f66-9844-492453bb183e,worker-0a6f3d35ad3a433fada434aa8c64db04-1544107698,True,881430.0,0.1104142060861946,60.905,11319.0,2024-11-12T12:07:21.143769315Z,2024-11-12T12:08:22.049656181Z,us_east,104857600,103976170.0,0.8405971527099608
1b04431c-1f53-4eea-95bc-3d7c84cde6b0,fa8e7d91-f803-4f66-9844-492453bb183e,worker-1a3fcd605aa14849ab91da96ea2f2a2b-1544107698,True,98062.0,0.0124034896137709,60.318,14866.0,2024-11-12T12:07:24.693571549Z,2024-11-12T12:08:25.012053695Z,us_east,104857600,104759538.0,0.09351921081542969
1b04431c-1f53-4eea-95bc-3d7c84cde6b0,fa8e7d91-f803-4f66-9844-492453bb183e,worker-bf1c6d1c461743559b7d622a7d564fe2-1544107698,True,15526.0,0.0011254748735575,105.248,15847.0,2024-11-12T12:07:25.687162500Z,2024-11-12T12:09:10.935538945Z,us_east,104857600,104842074.0,0.014806747436523438
1b04431c-1f53-4eea-95bc-3d7c84cde6b0,38f82f7a-4230-47b8-a84e-266bb4c09998,worker-0a6f3d35ad3a433fada434aa8c64db04-1544107698,True,1372054.0,0.1744453361137815,60.007,11230.0,2024-11-12T12:10:51.552264205Z,2024-11-12T12:11:51.560028566Z,us_east,104857600,103485546.0,1.308492660522461
1b04431c-1f53-4eea-95bc-3d7c84cde6b0,38f82f7a-4230-47b8-a84e-266bb4c09998,worker-c54df69524f44e18a4b82a7e644e674d-1544107698,True,1469318.0,0.1867867485439838,60.015,11321.0,2024-11-12T12:10:51.647718107Z,2024-11-12T12:11:51.663133750Z,us_east,104857600,103388282.0,1.4012508392333984
1b04431c-1f53-4eea-95bc-3d7c84cde6b0,38f82f7a-4230-47b8-a84e-266bb4c09998,worker-8c80a74669cb44ad8bfeea0c05d33004-1544107698,True,1089942.0,0.1382821573822181,60.135,11226.0,2024-11-12T12:10:51.553900013Z,2024-11-12T12:11:51.688943742Z,us_east,104857600,103767658.0,1.039449691772461
1b04431c-1f53-4eea-95bc-3d7c84cde6b0,38f82f7a-4230-47b8-a84e-266bb4c09998,worker-6288fd7fb22c4ed3a3ecf2956fc3fb54-1544107698,True,204966.0,0.0260107531518993,60.12,11310.0,2024-11-12T12:10:51.643177502Z,2024-11-12T12:11:51.763290011Z,us_east,104857600,104652634.0,0.19547080993652344
1b04431c-1f53-4eea-95bc-3d7c84cde6b0,38f82f7a-4230-47b8-a84e-266bb4c09998,worker-1f42b274d4f04ea6a8dee019a528feaa-1544107698,True,1376646.0,0.1747612350266591,60.099,11512.0,2024-11-12T12:10:51.842544298Z,2024-11-12T12:11:51.941665537Z,us_east,104857600,103480954.0,1.3128719329833984
1b04431c-1f53-4eea-95bc-3d7c84cde6b0,38f82f7a-4230-47b8-a84e-266bb4c09998,worker-a765493920fb47bf965b38720a93975e-1544107698,True,1404158.0,0.1774036691044585,60.387,11423.0,2024-11-12T12:10:51.745750795Z,2024-11-12T12:11:52.133414480Z,us_east,104857600,103453442.0,1.3391094207763672
1b04431c-1f53-4eea-95bc-3d7c84cde6b0,38f82f7a-4230-47b8-a84e-266bb4c09998,worker-2e2509d5868e40acaa90a6f48bb6e7d5-1544107698,True,280510.0,0.0347084245858082,61.66,10807.0,2024-11-12T12:10:51.129218748Z,2024-11-12T12:11:52.789871229Z,us_east,104857600,104577090.0,0.2675151824951172
1b04431c-1f53-4eea-95bc-3d7c84cde6b0,38f82f7a-4230-47b8-a84e-266bb4c09998,worker-1a3fcd605aa14849ab91da96ea2f2a2b-1544107698,True,2494.0,0.0003119757006925,60.991,12187.0,2024-11-12T12:10:52.522053009Z,2024-11-12T12:11:53.513239741Z,us_east,104857600,104855106.0,0.0023784637451171875
1b04431c-1f53-4eea-95bc-3d7c84cde6b0,38f82f7a-4230-47b8-a84e-266bb4c09998,worker-bf1c6d1c461743559b7d622a7d564fe2-1544107698,True,164670.0,0.0204524459514698,61.427,12060.0,2024-11-12T12:10:52.383399052Z,2024-11-12T12:11:53.811065167Z,us_east,104857600,104692930.0,0.1570415496826172
1b04431c-1f53-4eea-95bc-3d7c84cde6b0,38f82f7a-4230-47b8-a84e-266bb4c09998,worker-ff554b7db2794fcca654a1b57f95035e-1544107698,True,309470.0,0.0393327901243742,60.028,15278.0,2024-11-12T12:10:55.607421361Z,2024-11-12T12:11:55.635785743Z,us_east,104857600,104548130.0,0.2951335906982422
7c24c227-9f95-47f4-a1f5-aed45d741c1d,0dda668f-7681-4e7a-af57-caafca5f69b6,worker-1a3fcd605aa14849ab91da96ea2f2a2b-1544107698,True,1259630.0,0.1600955259778509,60.028,11344.0,2024-11-12T12:05:55.996984915Z,2024-11-12T12:06:56.025897330Z,us_east,104857600,103597970.0,1.2012767791748047
7c24c227-9f95-47f4-a1f5-aed45d741c1d,0dda668f-7681-4e7a-af57-caafca5f69b6,worker-a765493920fb47bf965b38720a93975e-1544107698,True,705974.0,0.0893344751344239,60.292,14243.0,2024-11-12T12:05:58.887355483Z,2024-11-12T12:06:59.179360344Z,us_east,104857600,104151626.0,0.6732692718505859
7c24c227-9f95-47f4-a1f5-aed45d741c1d,0dda668f-7681-4e7a-af57-caafca5f69b6,worker-1f42b274d4f04ea6a8dee019a528feaa-1544107698,True,871046.0,0.1105547002855914,60.111,14454.0,2024-11-12T12:05:59.100040802Z,2024-11-12T12:06:59.211639124Z,us_east,104857600,103986554.0,0.8306941986083983
7c24c227-9f95-47f4-a1f5-aed45d741c1d,0dda668f-7681-4e7a-af57-caafca5f69b6,worker-6288fd7fb22c4ed3a3ecf2956fc3fb54-1544107698,True,752310.0,0.0955306048368011,60.082,14767.0,2024-11-12T12:05:59.413304597Z,2024-11-12T12:06:59.495406997Z,us_east,104857600,104105290.0,0.7174587249755859
7c24c227-9f95-47f4-a1f5-aed45d741c1d,0dda668f-7681-4e7a-af57-caafca5f69b6,worker-0a6f3d35ad3a433fada434aa8c64db04-1544107698,True,889870.0,0.1130736702895213,60.042,15108.0,2024-11-12T12:05:59.752088348Z,2024-11-12T12:06:59.794652313Z,us_east,104857600,103967730.0,0.8486461639404298
7c24c227-9f95-47f4-a1f5-aed45d741c1d,0dda668f-7681-4e7a-af57-caafca5f69b6,worker-c54df69524f44e18a4b82a7e644e674d-1544107698,True,708870.0,0.0900324438383084,60.07,15105.0,2024-11-12T12:05:59.752024421Z,2024-11-12T12:06:59.822674158Z,us_east,104857600,104148730.0,0.6760311126708984
7c24c227-9f95-47f4-a1f5-aed45d741c1d,0dda668f-7681-4e7a-af57-caafca5f69b6,worker-bf1c6d1c461743559b7d622a7d564fe2-1544107698,True,839190.0,0.1056956103455169,60.575,14762.0,2024-11-12T12:05:59.404812718Z,2024-11-12T12:06:59.979940800Z,us_east,104857600,104018410.0,0.8003139495849609
7c24c227-9f95-47f4-a1f5-aed45d741c1d,0dda668f-7681-4e7a-af57-caafca5f69b6,worker-8c80a74669cb44ad8bfeea0c05d33004-1544107698,True,1085350.0,0.1377247580748484,60.124,15305.0,2024-11-12T12:05:59.948425214Z,2024-11-12T12:07:00.072661542Z,us_east,104857600,103772250.0,1.0350704193115234
7c24c227-9f95-47f4-a1f5-aed45d741c1d,0dda668f-7681-4e7a-af57-caafca5f69b6,worker-ff554b7db2794fcca654a1b57f95035e-1544107698,True,853670.0,0.1085153906178408,60.019,16133.0,2024-11-12T12:06:00.775842351Z,2024-11-12T12:07:00.795193581Z,us_east,104857600,104003930.0,0.8141231536865235
7c24c227-9f95-47f4-a1f5-aed45d741c1d,0dda668f-7681-4e7a-af57-caafca5f69b6,worker-2e2509d5868e40acaa90a6f48bb6e7d5-1544107698,True,747966.0,0.0949521241611497,60.099,16098.0,2024-11-12T12:06:00.743406798Z,2024-11-12T12:07:00.842507106Z,us_east,104857600,104109634.0,0.7133159637451172
7c24c227-9f95-47f4-a1f5-aed45d741c1d,5dd2076f-224e-429a-bacc-38dcf541701e,worker-a765493920fb47bf965b38720a93975e-1544107698,True,861158.0,0.1093397150184258,60.089,11192.0,2024-11-12T12:09:31.325331379Z,2024-11-12T12:10:31.414952095Z,us_east,104857600,103996442.0,0.8212642669677734
7c24c227-9f95-47f4-a1f5-aed45d741c1d,5dd2076f-224e-429a-bacc-38dcf541701e,worker-bf1c6d1c461743559b7d622a7d564fe2-1544107698,True,818918.0,0.1041169262555357,60.008,12163.0,2024-11-12T12:09:32.295482361Z,2024-11-12T12:10:32.303807591Z,us_east,104857600,104038682.0,0.7809810638427734
7c24c227-9f95-47f4-a1f5-aed45d741c1d,5dd2076f-224e-429a-bacc-38dcf541701e,worker-ff554b7db2794fcca654a1b57f95035e-1544107698,True,792854.0,0.100746077273903,60.042,12166.0,2024-11-12T12:09:32.300945394Z,2024-11-12T12:10:32.343193752Z,us_east,104857600,104064746.0,0.7561244964599609
7c24c227-9f95-47f4-a1f5-aed45d741c1d,5dd2076f-224e-429a-bacc-38dcf541701e,worker-1f42b274d4f04ea6a8dee019a528feaa-1544107698,True,863806.0,0.109732538087531,60.058,12163.0,2024-11-12T12:09:32.294718723Z,2024-11-12T12:10:32.353176361Z,us_east,104857600,103993794.0,0.8237895965576172
7c24c227-9f95-47f4-a1f5-aed45d741c1d,5dd2076f-224e-429a-bacc-38dcf541701e,worker-1a3fcd605aa14849ab91da96ea2f2a2b-1544107698,True,840638.0,0.1067627546478607,60.073,12159.0,2024-11-12T12:09:32.294922968Z,2024-11-12T12:10:32.368578544Z,us_east,104857600,104016962.0,0.8016948699951171
7c24c227-9f95-47f4-a1f5-aed45d741c1d,5dd2076f-224e-429a-bacc-38dcf541701e,worker-c54df69524f44e18a4b82a7e644e674d-1544107698,True,866702.0,0.1100033521156433,60.111,12164.0,2024-11-12T12:09:32.301194059Z,2024-11-12T12:10:32.413002795Z,us_east,104857600,103990898.0,0.8265514373779297
7c24c227-9f95-47f4-a1f5-aed45d741c1d,5dd2076f-224e-429a-bacc-38dcf541701e,worker-0a6f3d35ad3a433fada434aa8c64db04-1544107698,True,911590.0,0.1156659808202728,60.129,12148.0,2024-11-12T12:09:32.295529725Z,2024-11-12T12:10:32.425332117Z,us_east,104857600,103946010.0,0.8693599700927734
7c24c227-9f95-47f4-a1f5-aed45d741c1d,5dd2076f-224e-429a-bacc-38dcf541701e,worker-8c80a74669cb44ad8bfeea0c05d33004-1544107698,True,759550.0,0.0962177531042711,60.227,12326.0,2024-11-12T12:09:32.457745555Z,2024-11-12T12:10:32.685290169Z,us_east,104857600,104098050.0,0.7243633270263672
7c24c227-9f95-47f4-a1f5-aed45d741c1d,5dd2076f-224e-429a-bacc-38dcf541701e,worker-6288fd7fb22c4ed3a3ecf2956fc3fb54-1544107698,True,797198.0,0.1012845638888166,60.05,12722.0,2024-11-12T12:09:32.853500176Z,2024-11-12T12:10:32.903589003Z,us_east,104857600,104060402.0,0.7602672576904297
7c24c227-9f95-47f4-a1f5-aed45d741c1d,5dd2076f-224e-429a-bacc-38dcf541701e,worker-2e2509d5868e40acaa90a6f48bb6e7d5-1544107698,True,687150.0,0.0864007523797886,60.677,12162.0,2024-11-12T12:09:32.295189123Z,2024-11-12T12:10:32.972367732Z,us_east,104857600,104170450.0,0.6553173065185547
d244dc3a-186e-4af8-8970-1b83096e727c,c6c6149a-decf-41f2-a962-2027d9f62b02,worker-358593d91ac04fceb00ee0bdccc24f20-1544107698,True,2522056.0,0.319132256176506,60.294,10569.0,2024-11-12T11:55:43.869503163Z,2024-11-12T11:56:44.163645565Z,singapore,104857600,102335544.0,2.4052200317382812
d244dc3a-186e-4af8-8970-1b83096e727c,c6c6149a-decf-41f2-a962-2027d9f62b02,worker-3109a4756c724d4387d76cb418f7b8a8-1544107698,True,1044804.0,0.1325400206815224,60.142,14363.0,2024-11-12T11:55:47.668892397Z,2024-11-12T11:56:47.811792597Z,singapore,104857600,103812796.0,0.9964027404785157
d244dc3a-186e-4af8-8970-1b83096e727c,c6c6149a-decf-41f2-a962-2027d9f62b02,worker-0ad6f0fdb17944d1baadcd6d7598af92-1544107698,True,2492.0,0.0003168689050494,60.001,14590.0,2024-11-12T11:55:47.890741578Z,2024-11-12T11:56:47.892523522Z,singapore,104857600,104855108.0,0.002376556396484375
d244dc3a-186e-4af8-8970-1b83096e727c,c6c6149a-decf-41f2-a962-2027d9f62b02,worker-b003f28b8c3340cd8cf7f858546499ef-1544107698,True,695836.0,0.0882770855872638,60.138,14806.0,2024-11-12T11:55:48.109201382Z,2024-11-12T11:56:48.247663448Z,singapore,104857600,104161764.0,0.6636009216308594
d244dc3a-186e-4af8-8970-1b83096e727c,c6c6149a-decf-41f2-a962-2027d9f62b02,worker-317859f7a4494b4f89441014bb0791a9-1544107698,True,826404.0,0.1047353304573684,60.199,14755.0,2024-11-12T11:55:48.060253363Z,2024-11-12T11:56:48.259573450Z,singapore,104857600,104031196.0,0.7881202697753907
d244dc3a-186e-4af8-8970-1b83096e727c,c6c6149a-decf-41f2-a962-2027d9f62b02,worker-5f610ba13ac04a0a93228dcc653d54a7-1544107698,True,856812.0,0.1086992714607964,60.138,14808.0,2024-11-12T11:55:48.109428154Z,2024-11-12T11:56:48.248009627Z,singapore,104857600,104000788.0,0.817119598388672
d244dc3a-186e-4af8-8970-1b83096e727c,c6c6149a-decf-41f2-a962-2027d9f62b02,worker-5e493b238cf348f6b37c7c7434581d2d-1544107698,True,628940.0,0.0793863972682875,60.444,14531.0,2024-11-12T11:55:47.847099146Z,2024-11-12T11:56:48.291737126Z,singapore,104857600,104228660.0,0.5998039245605469
d244dc3a-186e-4af8-8970-1b83096e727c,c6c6149a-decf-41f2-a962-2027d9f62b02,worker-38837e2cab4d44d1b94eba46d6ed0752-1544107698,True,790204.0,0.0995389911366235,60.567,14807.0,2024-11-12T11:55:48.108876614Z,2024-11-12T11:56:48.675892890Z,singapore,104857600,104067396.0,0.7535972595214844
d244dc3a-186e-4af8-8970-1b83096e727c,c6c6149a-decf-41f2-a962-2027d9f62b02,worker-d13164f093bb4ed3b524edf389cdea30-1544107698,True,830748.0,0.105587556400401,60.027,15633.0,2024-11-12T11:55:48.932713992Z,2024-11-12T11:56:48.959984885Z,singapore,104857600,104026852.0,0.7922630310058594
d244dc3a-186e-4af8-8970-1b83096e727c,c6c6149a-decf-41f2-a962-2027d9f62b02,worker-530cf3818a79491980240c9408ecac94-1544107698,True,474540.0,0.0423128053954861,85.564,14540.0,2024-11-12T11:55:47.847738907Z,2024-11-12T11:57:13.412138208Z,singapore,104857600,104383060.0,0.4525566101074218
d244dc3a-186e-4af8-8970-1b83096e727c,316fb96f-c43e-43e7-bbaf-d853c61f41c1,worker-530cf3818a79491980240c9408ecac94-1544107698,True,2420696.0,0.3052231907221979,60.508,10454.0,2024-11-12T11:57:33.991255223Z,2024-11-12T11:58:34.499599489Z,singapore,104857600,102436904.0,2.3085556030273438
d244dc3a-186e-4af8-8970-1b83096e727c,316fb96f-c43e-43e7-bbaf-d853c61f41c1,worker-3109a4756c724d4387d76cb418f7b8a8-1544107698,True,920276.0,0.1163848472763542,60.327,13873.0,2024-11-12T11:57:37.435985613Z,2024-11-12T11:58:37.763487137Z,singapore,104857600,103937324.0,0.8776435852050781
d244dc3a-186e-4af8-8970-1b83096e727c,316fb96f-c43e-43e7-bbaf-d853c61f41c1,worker-d13164f093bb4ed3b524edf389cdea30-1544107698,True,962268.0,0.1220190838299545,60.167,14106.0,2024-11-12T11:57:37.652623331Z,2024-11-12T11:58:37.819841902Z,singapore,104857600,103895332.0,0.9176902770996094
d244dc3a-186e-4af8-8970-1b83096e727c,316fb96f-c43e-43e7-bbaf-d853c61f41c1,worker-5e493b238cf348f6b37c7c7434581d2d-1544107698,True,826404.0,0.1048677238029227,60.123,14161.0,2024-11-12T11:57:37.696456092Z,2024-11-12T11:58:37.819737545Z,singapore,104857600,104031196.0,0.7881202697753907
d244dc3a-186e-4af8-8970-1b83096e727c,316fb96f-c43e-43e7-bbaf-d853c61f41c1,worker-358593d91ac04fceb00ee0bdccc24f20-1544107698,True,810228.0,0.1026937746663392,60.194,14235.0,2024-11-12T11:57:37.777466180Z,2024-11-12T11:58:37.971912915Z,singapore,104857600,104047372.0,0.7726936340332031
d244dc3a-186e-4af8-8970-1b83096e727c,316fb96f-c43e-43e7-bbaf-d853c61f41c1,worker-38837e2cab4d44d1b94eba46d6ed0752-1544107698,True,848124.0,0.1077134920417138,60.073,14583.0,2024-11-12T11:57:38.118856429Z,2024-11-12T11:58:38.191920381Z,singapore,104857600,104009476.0,0.8088340759277344
d244dc3a-186e-4af8-8970-1b83096e727c,316fb96f-c43e-43e7-bbaf-d853c61f41c1,worker-0ad6f0fdb17944d1baadcd6d7598af92-1544107698,True,729140.0,0.0881111384891997,63.135,14550.0,2024-11-12T11:57:38.084214308Z,2024-11-12T11:58:41.219536016Z,singapore,104857600,104128460.0,0.6953620910644531
d244dc3a-186e-4af8-8970-1b83096e727c,316fb96f-c43e-43e7-bbaf-d853c61f41c1,worker-5f610ba13ac04a0a93228dcc653d54a7-1544107698,True,1500924.0,0.1902088161291276,60.203,20596.0,2024-11-12T11:57:44.132924227Z,2024-11-12T11:58:44.336023893Z,singapore,104857600,103356676.0,1.4313926696777344
d244dc3a-186e-4af8-8970-1b83096e727c,316fb96f-c43e-43e7-bbaf-d853c61f41c1,worker-b003f28b8c3340cd8cf7f858546499ef-1544107698,True,160076.0,0.0179357774626149,68.092,13943.0,2024-11-12T11:57:37.479711218Z,2024-11-12T11:58:45.572065491Z,singapore,104857600,104697524.0,0.15266036987304688
d244dc3a-186e-4af8-8970-1b83096e727c,316fb96f-c43e-43e7-bbaf-d853c61f41c1,worker-317859f7a4494b4f89441014bb0791a9-1544107698,True,176004.0,0.0191897671322347,69.975,14100.0,2024-11-12T11:57:37.644684324Z,2024-11-12T11:58:47.619826833Z,singapore,104857600,104681596.0,0.16785049438476562
4d642642-b99a-4278-880c-164621d01abb,651ad2dd-5862-4bc5-bf0b-8d9aebcb570e,worker-32463579859f4033b734d6b0f66bede6-1544107698,True,643710.0,0.0816994535818295,60.112,11927.0,2024-11-12T11:52:54.846005353Z,2024-11-12T11:53:54.959000278Z,hong_kong,104857600,104213890.0,0.6138896942138672
4d642642-b99a-4278-880c-164621d01abb,651ad2dd-5862-4bc5-bf0b-8d9aebcb570e,worker-7024dfbd6f2949cc8e64f0a18bf95c3a-1544107698,True,869598.0,0.1104940747715998,60.044,12278.0,2024-11-12T11:52:55.185524535Z,2024-11-12T11:53:55.229683492Z,hong_kong,104857600,103988002.0,0.8293132781982422
4d642642-b99a-4278-880c-164621d01abb,651ad2dd-5862-4bc5-bf0b-8d9aebcb570e,worker-689fb313f2b34c80b499936d812a064b-1544107698,True,830502.0,0.1051760742479282,60.244,12096.0,2024-11-12T11:52:55.002681126Z,2024-11-12T11:53:55.247191469Z,hong_kong,104857600,104027098.0,0.7920284271240234
4d642642-b99a-4278-880c-164621d01abb,651ad2dd-5862-4bc5-bf0b-8d9aebcb570e,worker-55b74f68c378406fb338353f85e0bcc9-1544107698,True,1012950.0,0.1287024362654202,60.047,12306.0,2024-11-12T11:52:55.220816699Z,2024-11-12T11:53:55.268066265Z,hong_kong,104857600,103844650.0,0.9660243988037109
4d642642-b99a-4278-880c-164621d01abb,651ad2dd-5862-4bc5-bf0b-8d9aebcb570e,worker-336602893cc3403c94a6172053df72fe-1544107698,True,734934.0,0.0933972089685964,60.035,12372.0,2024-11-12T11:52:55.279670304Z,2024-11-12T11:53:55.315137356Z,hong_kong,104857600,104122666.0,0.7008876800537109
4d642642-b99a-4278-880c-164621d01abb,651ad2dd-5862-4bc5-bf0b-8d9aebcb570e,worker-3411be34b19249d79bc821e96ff58eb6-1544107698,True,877086.0,0.1112417317524343,60.154,12367.0,2024-11-12T11:52:55.280637944Z,2024-11-12T11:53:55.435351688Z,hong_kong,104857600,103980514.0,0.8364543914794922
4d642642-b99a-4278-880c-164621d01abb,651ad2dd-5862-4bc5-bf0b-8d9aebcb570e,worker-25a72e94d80445b3898ceb9973f89e90-1544107698,True,797446.0,0.101114012819797,60.17,12369.0,2024-11-12T11:52:55.280712721Z,2024-11-12T11:53:55.451246211Z,hong_kong,104857600,104060154.0,0.7605037689208984
4d642642-b99a-4278-880c-164621d01abb,651ad2dd-5862-4bc5-bf0b-8d9aebcb570e,worker-3495f46c836e49ec9c583308b2285bee-1544107698,True,716110.0,0.0906261108345791,60.286,12344.0,2024-11-12T11:52:55.251394793Z,2024-11-12T11:53:55.537634537Z,hong_kong,104857600,104141490.0,0.6829357147216797
4d642642-b99a-4278-880c-164621d01abb,651ad2dd-5862-4bc5-bf0b-8d9aebcb570e,worker-02bf2b91b53341b59db9a49c1bec78be-1544107698,True,979094.0,0.1207099592647364,61.883,10966.0,2024-11-12T11:52:53.875984670Z,2024-11-12T11:53:55.759603337Z,hong_kong,104857600,103878506.0,0.9337368011474609
4d642642-b99a-4278-880c-164621d01abb,651ad2dd-5862-4bc5-bf0b-8d9aebcb570e,worker-5dc0276a95104f5c81ef45e31564ee42-1544107698,True,691494.0,0.0867282679926383,60.83,12376.0,2024-11-12T11:52:55.282281148Z,2024-11-12T11:53:56.113254653Z,hong_kong,104857600,104166106.0,0.6594600677490234
4d642642-b99a-4278-880c-164621d01abb,e8fe9bdf-6c63-4e7c-afa2-d69cd043ba7e,worker-336602893cc3403c94a6172053df72fe-1544107698,True,1115526.0,0.1418228289262987,60.01,10926.0,2024-11-12T11:54:14.009355356Z,2024-11-12T11:55:14.020194809Z,hong_kong,104857600,103742074.0,1.0638484954833984
4d642642-b99a-4278-880c-164621d01abb,e8fe9bdf-6c63-4e7c-afa2-d69cd043ba7e,worker-32463579859f4033b734d6b0f66bede6-1544107698,True,710318.0,0.0903095631357225,60.008,12052.0,2024-11-12T11:54:15.143148703Z,2024-11-12T11:55:15.151251908Z,hong_kong,104857600,104147282.0,0.6774120330810547
4d642642-b99a-4278-880c-164621d01abb,e8fe9bdf-6c63-4e7c-afa2-d69cd043ba7e,worker-3495f46c836e49ec9c583308b2285bee-1544107698,True,946342.0,0.1202734712559085,60.03,12053.0,2024-11-12T11:54:15.142580187Z,2024-11-12T11:55:15.172599453Z,hong_kong,104857600,103911258.0,0.9025020599365234
4d642642-b99a-4278-880c-164621d01abb,e8fe9bdf-6c63-4e7c-afa2-d69cd043ba7e,worker-02bf2b91b53341b59db9a49c1bec78be-1544107698,True,821814.0,0.1044503104768556,60.028,12330.0,2024-11-12T11:54:15.419295651Z,2024-11-12T11:55:15.447870740Z,hong_kong,104857600,104035786.0,0.7837429046630859
4d642642-b99a-4278-880c-164621d01abb,e8fe9bdf-6c63-4e7c-afa2-d69cd043ba7e,worker-55b74f68c378406fb338353f85e0bcc9-1544107698,True,966614.0,0.1226007375553545,60.152,12326.0,2024-11-12T11:54:15.414189329Z,2024-11-12T11:55:15.566806697Z,hong_kong,104857600,103890986.0,0.9218349456787109
4d642642-b99a-4278-880c-164621d01abb,e8fe9bdf-6c63-4e7c-afa2-d69cd043ba7e,worker-689fb313f2b34c80b499936d812a064b-1544107698,True,627782.0,0.0794518613475969,60.283,12330.0,2024-11-12T11:54:15.413136489Z,2024-11-12T11:55:15.696380175Z,hong_kong,104857600,104229818.0,0.5986995697021484
4d642642-b99a-4278-880c-164621d01abb,e8fe9bdf-6c63-4e7c-afa2-d69cd043ba7e,worker-3411be34b19249d79bc821e96ff58eb6-1544107698,True,813126.0,0.1028475116898023,60.319,12293.0,2024-11-12T11:54:15.378309288Z,2024-11-12T11:55:15.697676565Z,hong_kong,104857600,104044474.0,0.7754573822021484
4d642642-b99a-4278-880c-164621d01abb,e8fe9bdf-6c63-4e7c-afa2-d69cd043ba7e,worker-25a72e94d80445b3898ceb9973f89e90-1544107698,True,708870.0,0.0901284688425688,60.006,12824.0,2024-11-12T11:54:15.920495121Z,2024-11-12T11:55:15.926961350Z,hong_kong,104857600,104148730.0,0.6760311126708984
4d642642-b99a-4278-880c-164621d01abb,e8fe9bdf-6c63-4e7c-afa2-d69cd043ba7e,worker-5dc0276a95104f5c81ef45e31564ee42-1544107698,True,658190.0,0.0836750568464072,60.013,13959.0,2024-11-12T11:54:17.042381587Z,2024-11-12T11:55:17.055995974Z,hong_kong,104857600,104199410.0,0.6276988983154297
4d642642-b99a-4278-880c-164621d01abb,e8fe9bdf-6c63-4e7c-afa2-d69cd043ba7e,worker-7024dfbd6f2949cc8e64f0a18bf95c3a-1544107698,True,1112862.0,0.141389896033904,60.05,13956.0,2024-11-12T11:54:17.041194895Z,2024-11-12T11:55:17.091482017Z,hong_kong,104857600,103744738.0,1.0613079071044922
c2c89732-9315-4011-83df-e7531f6a0c2e,0890c051-ba3b-4b3a-9bdf-41fcc88c743c,worker-5e493b238cf348f6b37c7c7434581d2d-1544107698,True,844980.0,0.1061742117825953,60.718,10823.0,2024-11-12T11:45:12.649459284Z,2024-11-12T11:46:13.368206469Z,singapore,104857600,104012620.0,0.805835723876953
c2c89732-9315-4011-83df-e7531f6a0c2e,0890c051-ba3b-4b3a-9bdf-41fcc88c743c,worker-0ad6f0fdb17944d1baadcd6d7598af92-1544107698,True,811676.0,0.1030622180798667,60.086,13169.0,2024-11-12T11:45:14.991891683Z,2024-11-12T11:46:15.078337666Z,singapore,104857600,104045924.0,0.7740745544433594
c2c89732-9315-4011-83df-e7531f6a0c2e,0890c051-ba3b-4b3a-9bdf-41fcc88c743c,worker-5f610ba13ac04a0a93228dcc653d54a7-1544107698,True,881180.0,0.1120422291059926,60.003,13377.0,2024-11-12T11:45:15.205723595Z,2024-11-12T11:46:15.208860555Z,singapore,104857600,103976420.0,0.8403587341308593
c2c89732-9315-4011-83df-e7531f6a0c2e,0890c051-ba3b-4b3a-9bdf-41fcc88c743c,worker-38837e2cab4d44d1b94eba46d6ed0752-1544107698,True,856564.0,0.1088125594802628,60.058,13427.0,2024-11-12T11:45:15.263967602Z,2024-11-12T11:46:15.322329767Z,singapore,104857600,104001036.0,0.8168830871582031
c2c89732-9315-4011-83df-e7531f6a0c2e,0890c051-ba3b-4b3a-9bdf-41fcc88c743c,worker-358593d91ac04fceb00ee0bdccc24f20-1544107698,True,944892.0,0.1198476144606386,60.151,13436.0,2024-11-12T11:45:15.264441400Z,2024-11-12T11:46:15.415561Z,singapore,104857600,103912708.0,0.9011192321777344
c2c89732-9315-4011-83df-e7531f6a0c2e,0890c051-ba3b-4b3a-9bdf-41fcc88c743c,worker-d13164f093bb4ed3b524edf389cdea30-1544107698,True,808780.0,0.1028262712090582,60.009,13578.0,2024-11-12T11:45:15.415944943Z,2024-11-12T11:46:15.425096858Z,singapore,104857600,104048820.0,0.7713127136230469
c2c89732-9315-4011-83df-e7531f6a0c2e,0890c051-ba3b-4b3a-9bdf-41fcc88c743c,worker-3109a4756c724d4387d76cb418f7b8a8-1544107698,True,862356.0,0.1096030877322353,60.028,14133.0,2024-11-12T11:45:15.960078682Z,2024-11-12T11:46:15.988229626Z,singapore,104857600,103995244.0,0.8224067687988281
c2c89732-9315-4011-83df-e7531f6a0c2e,0890c051-ba3b-4b3a-9bdf-41fcc88c743c,worker-b003f28b8c3340cd8cf7f858546499ef-1544107698,True,650948.0,0.0827033990229496,60.05,14133.0,2024-11-12T11:45:15.960087564Z,2024-11-12T11:46:16.010705034Z,singapore,104857600,104206652.0,0.6207923889160156
c2c89732-9315-4011-83df-e7531f6a0c2e,0890c051-ba3b-4b3a-9bdf-41fcc88c743c,worker-317859f7a4494b4f89441014bb0791a9-1544107698,True,671220.0,0.0849987086254419,60.248,13955.0,2024-11-12T11:45:15.833499780Z,2024-11-12T11:46:16.082366259Z,singapore,104857600,104186380.0,0.6401252746582031
c2c89732-9315-4011-83df-e7531f6a0c2e,0890c051-ba3b-4b3a-9bdf-41fcc88c743c,worker-530cf3818a79491980240c9408ecac94-1544107698,True,600268.0,0.0678923933953654,67.455,14122.0,2024-11-12T11:45:15.960700287Z,2024-11-12T11:46:23.416080564Z,singapore,104857600,104257332.0,0.5724601745605469
c2c89732-9315-4011-83df-e7531f6a0c2e,5baf384c-dfa8-4f82-a412-001ee0637d84,worker-5e493b238cf348f6b37c7c7434581d2d-1544107698,True,1095788.0,0.138878351018462,60.198,10840.0,2024-11-12T11:46:42.951462592Z,2024-11-12T11:47:43.150017954Z,singapore,104857600,103761812.0,1.0450248718261719
c2c89732-9315-4011-83df-e7531f6a0c2e,5baf384c-dfa8-4f82-a412-001ee0637d84,worker-5f610ba13ac04a0a93228dcc653d54a7-1544107698,True,753756.0,0.0958035168809661,60.026,12177.0,2024-11-12T11:46:44.292994045Z,2024-11-12T11:47:44.319789240Z,singapore,104857600,104103844.0,0.7188377380371094
c2c89732-9315-4011-83df-e7531f6a0c2e,5baf384c-dfa8-4f82-a412-001ee0637d84,worker-b003f28b8c3340cd8cf7f858546499ef-1544107698,True,782716.0,0.0990750434668659,60.274,12181.0,2024-11-12T11:46:44.294226320Z,2024-11-12T11:47:44.568242299Z,singapore,104857600,104074884.0,0.7464561462402344
c2c89732-9315-4011-83df-e7531f6a0c2e,5baf384c-dfa8-4f82-a412-001ee0637d84,worker-358593d91ac04fceb00ee0bdccc24f20-1544107698,True,723596.0,0.0919686035489758,60.027,12555.0,2024-11-12T11:46:44.666492124Z,2024-11-12T11:47:44.693647837Z,singapore,104857600,104134004.0,0.6900749206542969
c2c89732-9315-4011-83df-e7531f6a0c2e,5baf384c-dfa8-4f82-a412-001ee0637d84,worker-3109a4756c724d4387d76cb418f7b8a8-1544107698,True,989780.0,0.1258507427818713,60.003,12672.0,2024-11-12T11:46:44.793666079Z,2024-11-12T11:47:44.796817621Z,singapore,104857600,103867820.0,0.943927764892578
c2c89732-9315-4011-83df-e7531f6a0c2e,5baf384c-dfa8-4f82-a412-001ee0637d84,worker-530cf3818a79491980240c9408ecac94-1544107698,True,814572.0,0.1030850956609115,60.287,12386.0,2024-11-12T11:46:44.504517023Z,2024-11-12T11:47:44.791577920Z,singapore,104857600,104043028.0,0.7768363952636719
c2c89732-9315-4011-83df-e7531f6a0c2e,5baf384c-dfa8-4f82-a412-001ee0637d84,worker-38837e2cab4d44d1b94eba46d6ed0752-1544107698,True,636468.0,0.0808408190606427,60.067,12674.0,2024-11-12T11:46:44.794407026Z,2024-11-12T11:47:44.861909722Z,singapore,104857600,104221132.0,0.6069831848144531
c2c89732-9315-4011-83df-e7531f6a0c2e,5baf384c-dfa8-4f82-a412-001ee0637d84,worker-317859f7a4494b4f89441014bb0791a9-1544107698,True,950684.0,0.1207609355423874,60.062,12684.0,2024-11-12T11:46:44.794491762Z,2024-11-12T11:47:44.857064596Z,singapore,104857600,103906916.0,0.9066429138183594
c2c89732-9315-4011-83df-e7531f6a0c2e,5baf384c-dfa8-4f82-a412-001ee0637d84,worker-0ad6f0fdb17944d1baadcd6d7598af92-1544107698,True,650948.0,0.0821153953592613,60.48,12392.0,2024-11-12T11:46:44.502999798Z,2024-11-12T11:47:44.983134387Z,singapore,104857600,104206652.0,0.6207923889160156
c2c89732-9315-4011-83df-e7531f6a0c2e,5baf384c-dfa8-4f82-a412-001ee0637d84,worker-d13164f093bb4ed3b524edf389cdea30-1544107698,True,878284.0,0.1112734377270359,60.219,12679.0,2024-11-12T11:46:44.794050863Z,2024-11-12T11:47:45.013231775Z,singapore,104857600,103979316.0,0.8375968933105469
00aefe85-2182-4102-a7b9-68a31c0ffe87,5cd429dc-5cab-44d9-a6dc-7449907878e2,worker-02bf2b91b53341b59db9a49c1bec78be-1544107698,True,2120718.0,0.269645262174579,60.004,10479.0,2024-11-12T11:42:06.898053841Z,2024-11-12T11:43:06.902403247Z,hong_kong,104857600,102736882.0,2.0224742889404297
00aefe85-2182-4102-a7b9-68a31c0ffe87,5cd429dc-5cab-44d9-a6dc-7449907878e2,worker-32463579859f4033b734d6b0f66bede6-1544107698,True,865254.0,0.1100154012356207,60.004,13999.0,2024-11-12T11:42:10.414704060Z,2024-11-12T11:43:10.418839170Z,hong_kong,104857600,103992346.0,0.8251705169677735
00aefe85-2182-4102-a7b9-68a31c0ffe87,5cd429dc-5cab-44d9-a6dc-7449907878e2,worker-5dc0276a95104f5c81ef45e31564ee42-1544107698,True,594478.0,0.0755024421459346,60.071,14198.0,2024-11-12T11:42:10.611039036Z,2024-11-12T11:43:10.682180865Z,hong_kong,104857600,104263122.0,0.5669384002685547
00aefe85-2182-4102-a7b9-68a31c0ffe87,5cd429dc-5cab-44d9-a6dc-7449907878e2,worker-336602893cc3403c94a6172053df72fe-1544107698,True,959374.0,0.1212049007107823,60.389,13976.0,2024-11-12T11:42:10.412896259Z,2024-11-12T11:43:10.802598283Z,hong_kong,104857600,103898226.0,0.9149303436279297
00aefe85-2182-4102-a7b9-68a31c0ffe87,5cd429dc-5cab-44d9-a6dc-7449907878e2,worker-7024dfbd6f2949cc8e64f0a18bf95c3a-1544107698,True,727942.0,0.0924547480250905,60.07,14440.0,2024-11-12T11:42:10.855851685Z,2024-11-12T11:43:10.926637040Z,hong_kong,104857600,104129658.0,0.6942195892333984
00aefe85-2182-4102-a7b9-68a31c0ffe87,5cd429dc-5cab-44d9-a6dc-7449907878e2,worker-3411be34b19249d79bc821e96ff58eb6-1544107698,True,850774.0,0.1080752344016664,60.059,15923.0,2024-11-12T11:42:12.339597142Z,2024-11-12T11:43:12.398882514Z,hong_kong,104857600,104006826.0,0.8113613128662109
00aefe85-2182-4102-a7b9-68a31c0ffe87,5cd429dc-5cab-44d9-a6dc-7449907878e2,worker-25a72e94d80445b3898ceb9973f89e90-1544107698,True,532462.0,0.0639178467949279,63.556,14035.0,2024-11-12T11:42:10.450219763Z,2024-11-12T11:43:14.006804709Z,hong_kong,104857600,104325138.0,0.5077953338623047
00aefe85-2182-4102-a7b9-68a31c0ffe87,5cd429dc-5cab-44d9-a6dc-7449907878e2,worker-55b74f68c378406fb338353f85e0bcc9-1544107698,True,920526.0,0.1170255782959265,60.013,17843.0,2024-11-12T11:42:14.260040525Z,2024-11-12T11:43:14.273804223Z,hong_kong,104857600,103937074.0,0.8778820037841797
00aefe85-2182-4102-a7b9-68a31c0ffe87,5cd429dc-5cab-44d9-a6dc-7449907878e2,worker-689fb313f2b34c80b499936d812a064b-1544107698,True,504702.0,0.0608968809399019,63.231,14870.0,2024-11-12T11:42:11.283892469Z,2024-11-12T11:43:14.515215597Z,hong_kong,104857600,104352898.0,0.48132133483886724
00aefe85-2182-4102-a7b9-68a31c0ffe87,5cd429dc-5cab-44d9-a6dc-7449907878e2,worker-3495f46c836e49ec9c583308b2285bee-1544107698,True,539702.0,0.0630576193709656,65.299,14335.0,2024-11-12T11:42:10.754976753Z,2024-11-12T11:43:16.054250127Z,hong_kong,104857600,104317898.0,0.5146999359130859
00aefe85-2182-4102-a7b9-68a31c0ffe87,19765f0e-cb5e-4c73-8dde-e1c419eb8d84,worker-7024dfbd6f2949cc8e64f0a18bf95c3a-1544107698,True,2437350.0,0.3096103088650236,60.061,10722.0,2024-11-12T11:43:37.326841027Z,2024-11-12T11:44:37.388601876Z,hong_kong,104857600,102420250.0,2.3244380950927734
00aefe85-2182-4102-a7b9-68a31c0ffe87,19765f0e-cb5e-4c73-8dde-e1c419eb8d84,worker-25a72e94d80445b3898ceb9973f89e90-1544107698,True,759550.0,0.0965093948906809,60.045,17956.0,2024-11-12T11:43:44.560736344Z,2024-11-12T11:44:44.605892029Z,hong_kong,104857600,104098050.0,0.7243633270263672
00aefe85-2182-4102-a7b9-68a31c0ffe87,19765f0e-cb5e-4c73-8dde-e1c419eb8d84,worker-02bf2b91b53341b59db9a49c1bec78be-1544107698,True,746518.0,0.0939646667658701,60.613,17957.0,2024-11-12T11:43:44.560771054Z,2024-11-12T11:44:45.174501100Z,hong_kong,104857600,104111082.0,0.7119350433349609
00aefe85-2182-4102-a7b9-68a31c0ffe87,19765f0e-cb5e-4c73-8dde-e1c419eb8d84,worker-3495f46c836e49ec9c583308b2285bee-1544107698,True,691742.0,0.0879346290523674,60.017,18562.0,2024-11-12T11:43:45.171332968Z,2024-11-12T11:44:45.189204024Z,hong_kong,104857600,104165858.0,0.6596965789794922
00aefe85-2182-4102-a7b9-68a31c0ffe87,19765f0e-cb5e-4c73-8dde-e1c419eb8d84,worker-3411be34b19249d79bc821e96ff58eb6-1544107698,True,671222.0,0.0851473564014879,60.143,18693.0,2024-11-12T11:43:45.302992714Z,2024-11-12T11:44:45.446422610Z,hong_kong,104857600,104186378.0,0.6401271820068359
00aefe85-2182-4102-a7b9-68a31c0ffe87,19765f0e-cb5e-4c73-8dde-e1c419eb8d84,worker-5dc0276a95104f5c81ef45e31564ee42-1544107698,True,911838.0,0.1137973246951063,61.133,17887.0,2024-11-12T11:43:44.489176657Z,2024-11-12T11:44:45.622579059Z,hong_kong,104857600,103945762.0,0.8695964813232421
00aefe85-2182-4102-a7b9-68a31c0ffe87,19765f0e-cb5e-4c73-8dde-e1c419eb8d84,worker-336602893cc3403c94a6172053df72fe-1544107698,True,911590.0,0.1158027200496551,60.058,19494.0,2024-11-12T11:43:46.103055810Z,2024-11-12T11:44:46.161130551Z,hong_kong,104857600,103946010.0,0.8693599700927734
00aefe85-2182-4102-a7b9-68a31c0ffe87,19765f0e-cb5e-4c73-8dde-e1c419eb8d84,worker-689fb313f2b34c80b499936d812a064b-1544107698,True,432302.0,0.0535813908642423,61.555,18009.0,2024-11-12T11:43:44.611362419Z,2024-11-12T11:44:46.166637629Z,hong_kong,104857600,104425298.0,0.41227531433105474
00aefe85-2182-4102-a7b9-68a31c0ffe87,19765f0e-cb5e-4c73-8dde-e1c419eb8d84,worker-55b74f68c378406fb338353f85e0bcc9-1544107698,True,795998.0,0.0987428708857444,61.503,18566.0,2024-11-12T11:43:45.171899936Z,2024-11-12T11:44:46.675219489Z,hong_kong,104857600,104061602.0,0.7591228485107422
00aefe85-2182-4102-a7b9-68a31c0ffe87,19765f0e-cb5e-4c73-8dde-e1c419eb8d84,worker-32463579859f4033b734d6b0f66bede6-1544107698,True,574454.0,0.0700699655633223,62.548,17741.0,2024-11-12T11:43:44.354061826Z,2024-11-12T11:44:46.902410521Z,hong_kong,104857600,104283146.0,0.5478420257568359
b1088d33-5118-4791-92d8-2764b1070355,4dc5f42f-8962-4831-a828-b021123d7b02,worker-5f610ba13ac04a0a93228dcc653d54a7-1544107698,True,2372886.0,0.3009906308158293,60.147,10800.0,2024-11-12T11:39:11.520641132Z,2024-11-12T11:40:11.668003663Z,singapore,104857600,102484714.0,2.262960433959961
b1088d33-5118-4791-92d8-2764b1070355,4dc5f42f-8962-4831-a828-b021123d7b02,worker-530cf3818a79491980240c9408ecac94-1544107698,True,578550.0,0.0735652106807334,60.001,16275.0,2024-11-12T11:39:16.994780468Z,2024-11-12T11:40:16.995889160Z,singapore,104857600,104279050.0,0.5517482757568359
b1088d33-5118-4791-92d8-2764b1070355,4dc5f42f-8962-4831-a828-b021123d7b02,worker-317859f7a4494b4f89441014bb0791a9-1544107698,True,776638.0,0.0984805243731769,60.167,16315.0,2024-11-12T11:39:17.035653818Z,2024-11-12T11:40:17.203508104Z,singapore,104857600,104080962.0,0.7406597137451172
b1088d33-5118-4791-92d8-2764b1070355,4dc5f42f-8962-4831-a828-b021123d7b02,worker-3109a4756c724d4387d76cb418f7b8a8-1544107698,True,627782.0,0.0796010729203454,60.17,16523.0,2024-11-12T11:39:17.240696366Z,2024-11-12T11:40:17.411662113Z,singapore,104857600,104229818.0,0.5986995697021484
b1088d33-5118-4791-92d8-2764b1070355,4dc5f42f-8962-4831-a828-b021123d7b02,worker-0ad6f0fdb17944d1baadcd6d7598af92-1544107698,True,668326.0,0.084452807895392,60.376,16321.0,2024-11-12T11:39:17.035826766Z,2024-11-12T11:40:17.411846882Z,singapore,104857600,104189274.0,0.6373653411865234
b1088d33-5118-4791-92d8-2764b1070355,4dc5f42f-8962-4831-a828-b021123d7b02,worker-38837e2cab4d44d1b94eba46d6ed0752-1544107698,True,635022.0,0.0799860225854524,60.571,16537.0,2024-11-12T11:39:17.256852686Z,2024-11-12T11:40:17.827888466Z,singapore,104857600,104222578.0,0.6056041717529297
b1088d33-5118-4791-92d8-2764b1070355,4dc5f42f-8962-4831-a828-b021123d7b02,worker-358593d91ac04fceb00ee0bdccc24f20-1544107698,True,710318.0,0.0896596175677652,60.443,16666.0,2024-11-12T11:39:17.384300121Z,2024-11-12T11:40:17.827659220Z,singapore,104857600,104147282.0,0.6774120330810547
b1088d33-5118-4791-92d8-2764b1070355,4dc5f42f-8962-4831-a828-b021123d7b02,worker-b003f28b8c3340cd8cf7f858546499ef-1544107698,True,617646.0,0.0779569708115942,60.447,17112.0,2024-11-12T11:39:17.828402601Z,2024-11-12T11:40:18.275716169Z,singapore,104857600,104239954.0,0.5890331268310547
b1088d33-5118-4791-92d8-2764b1070355,4dc5f42f-8962-4831-a828-b021123d7b02,worker-d13164f093bb4ed3b524edf389cdea30-1544107698,True,765342.0,0.0972939443361815,60.015,17783.0,2024-11-12T11:39:18.500495431Z,2024-11-12T11:40:18.515840483Z,singapore,104857600,104092258.0,0.7298870086669922
b1088d33-5118-4791-92d8-2764b1070355,4dc5f42f-8962-4831-a828-b021123d7b02,worker-5e493b238cf348f6b37c7c7434581d2d-1544107698,True,916182.0,0.1164985656738281,60.0,19416.0,2024-11-12T11:39:20.132937181Z,2024-11-12T11:40:20.133339169Z,singapore,104857600,103941418.0,0.8737392425537109
b1088d33-5118-4791-92d8-2764b1070355,83590a9f-1097-4efd-be32-8e97ea6197ca,worker-317859f7a4494b4f89441014bb0791a9-1544107698,True,1959022.0,0.2486839109731691,60.101,10455.0,2024-11-12T11:40:41.502561265Z,2024-11-12T11:41:41.603577001Z,singapore,104857600,102898578.0,1.8682689666748047
b1088d33-5118-4791-92d8-2764b1070355,83590a9f-1097-4efd-be32-8e97ea6197ca,worker-0ad6f0fdb17944d1baadcd6d7598af92-1544107698,True,555382.0,0.0704127555969006,60.177,11027.0,2024-11-12T11:40:42.066203450Z,2024-11-12T11:41:42.243460659Z,singapore,104857600,104302218.0,0.5296535491943359
b1088d33-5118-4791-92d8-2764b1070355,83590a9f-1097-4efd-be32-8e97ea6197ca,worker-5f610ba13ac04a0a93228dcc653d54a7-1544107698,True,753758.0,0.0955332108958392,60.196,11230.0,2024-11-12T11:40:42.271276577Z,2024-11-12T11:41:42.467861251Z,singapore,104857600,104103842.0,0.7188396453857422
b1088d33-5118-4791-92d8-2764b1070355,83590a9f-1097-4efd-be32-8e97ea6197ca,worker-530cf3818a79491980240c9408ecac94-1544107698,True,901702.0,0.114449422010301,60.109,11506.0,2024-11-12T11:40:42.549593063Z,2024-11-12T11:41:42.659566267Z,singapore,104857600,103955898.0,0.8599300384521484
b1088d33-5118-4791-92d8-2764b1070355,83590a9f-1097-4efd-be32-8e97ea6197ca,worker-5e493b238cf348f6b37c7c7434581d2d-1544107698,True,539454.0,0.0678879570715206,60.625,11026.0,2024-11-12T11:40:42.066529765Z,2024-11-12T11:41:42.691787486Z,singapore,104857600,104318146.0,0.5144634246826172
b1088d33-5118-4791-92d8-2764b1070355,83590a9f-1097-4efd-be32-8e97ea6197ca,worker-b003f28b8c3340cd8cf7f858546499ef-1544107698,True,490470.0,0.0617377891099336,60.611,11232.0,2024-11-12T11:40:42.272235156Z,2024-11-12T11:41:42.883736566Z,singapore,104857600,104367130.0,0.46774864196777344
b1088d33-5118-4791-92d8-2764b1070355,83590a9f-1097-4efd-be32-8e97ea6197ca,worker-38837e2cab4d44d1b94eba46d6ed0752-1544107698,True,775726.0,0.0984483282678228,60.116,11727.0,2024-11-12T11:40:42.768344006Z,2024-11-12T11:41:42.884565491Z,singapore,104857600,104081874.0,0.7397899627685547
b1088d33-5118-4791-92d8-2764b1070355,83590a9f-1097-4efd-be32-8e97ea6197ca,worker-3109a4756c724d4387d76cb418f7b8a8-1544107698,True,634734.0,0.0804197503761136,60.217,11860.0,2024-11-12T11:40:42.906077409Z,2024-11-12T11:41:43.123556280Z,singapore,104857600,104222866.0,0.6053295135498047
b1088d33-5118-4791-92d8-2764b1070355,83590a9f-1097-4efd-be32-8e97ea6197ca,worker-d13164f093bb4ed3b524edf389cdea30-1544107698,True,807334.0,0.1019661563145362,60.407,11659.0,2024-11-12T11:40:42.700179493Z,2024-11-12T11:41:43.107738069Z,singapore,104857600,104050266.0,0.7699337005615234
b1088d33-5118-4791-92d8-2764b1070355,83590a9f-1097-4efd-be32-8e97ea6197ca,worker-358593d91ac04fceb00ee0bdccc24f20-1544107698,True,470198.0,0.0585858056213203,61.232,11026.0,2024-11-12T11:40:42.067264904Z,2024-11-12T11:41:43.299685918Z,singapore,104857600,104387402.0,0.4484157562255859
e628ffc4-d29d-4dcd-8270-4617109ac914,ae467b13-6d06-4b14-8553-6f1276d3acc6,worker-6288fd7fb22c4ed3a3ecf2956fc3fb54-1544107698,True,1002288.0,0.1273923064328374,60.026,11597.0,2024-11-12T11:36:21.913593406Z,2024-11-12T11:37:21.940482654Z,us_east,104857600,103855312.0,0.9558563232421874
e628ffc4-d29d-4dcd-8270-4617109ac914,ae467b13-6d06-4b14-8553-6f1276d3acc6,worker-a765493920fb47bf965b38720a93975e-1544107698,True,973328.0,0.12357351638814,60.093,11597.0,2024-11-12T11:36:21.912519058Z,2024-11-12T11:37:22.006400132Z,us_east,104857600,103884272.0,0.9282379150390626
e628ffc4-d29d-4dcd-8270-4617109ac914,ae467b13-6d06-4b14-8553-6f1276d3acc6,worker-8c80a74669cb44ad8bfeea0c05d33004-1544107698,True,837742.0,0.1061740295923193,60.198,12405.0,2024-11-12T11:36:22.719266071Z,2024-11-12T11:37:22.917682077Z,us_east,104857600,104019858.0,0.7989330291748047
e628ffc4-d29d-4dcd-8270-4617109ac914,ae467b13-6d06-4b14-8553-6f1276d3acc6,worker-2e2509d5868e40acaa90a6f48bb6e7d5-1544107698,True,1150758.0,0.142667037033299,61.539,11177.0,2024-11-12T11:36:21.490924148Z,2024-11-12T11:37:23.030696006Z,us_east,104857600,103706842.0,1.0974483489990234
e628ffc4-d29d-4dcd-8270-4617109ac914,ae467b13-6d06-4b14-8553-6f1276d3acc6,worker-0a6f3d35ad3a433fada434aa8c64db04-1544107698,True,794550.0,0.1009313257543238,60.06,13205.0,2024-11-12T11:36:23.521574619Z,2024-11-12T11:37:23.581953728Z,us_east,104857600,104063050.0,0.7577419281005859
e628ffc4-d29d-4dcd-8270-4617109ac914,ae467b13-6d06-4b14-8553-6f1276d3acc6,worker-1f42b274d4f04ea6a8dee019a528feaa-1544107698,True,732038.0,0.0926049861360833,60.31,13206.0,2024-11-12T11:36:23.520025421Z,2024-11-12T11:37:23.831010384Z,us_east,104857600,104125562.0,0.6981258392333984
e628ffc4-d29d-4dcd-8270-4617109ac914,ae467b13-6d06-4b14-8553-6f1276d3acc6,worker-1a3fcd605aa14849ab91da96ea2f2a2b-1544107698,True,925168.0,0.1134164325490078,62.235,11595.0,2024-11-12T11:36:21.914056280Z,2024-11-12T11:37:24.149683408Z,us_east,104857600,103932432.0,0.8823089599609375
e628ffc4-d29d-4dcd-8270-4617109ac914,ae467b13-6d06-4b14-8553-6f1276d3acc6,worker-ff554b7db2794fcca654a1b57f95035e-1544107698,True,638166.0,0.0810537913138172,60.069,13948.0,2024-11-12T11:36:24.266821329Z,2024-11-12T11:37:24.336332935Z,us_east,104857600,104219434.0,0.6086025238037109
e628ffc4-d29d-4dcd-8270-4617109ac914,ae467b13-6d06-4b14-8553-6f1276d3acc6,worker-c54df69524f44e18a4b82a7e644e674d-1544107698,True,621990.0,0.0789782325787166,60.085,14441.0,2024-11-12T11:36:24.759700283Z,2024-11-12T11:37:24.845072404Z,us_east,104857600,104235610.0,0.5931758880615234
e628ffc4-d29d-4dcd-8270-4617109ac914,ae467b13-6d06-4b14-8553-6f1276d3acc6,worker-bf1c6d1c461743559b7d622a7d564fe2-1544107698,True,672918.0,0.0854036814914942,60.114,14445.0,2024-11-12T11:36:24.758754656Z,2024-11-12T11:37:24.873375034Z,us_east,104857600,104184682.0,0.6417446136474609
e628ffc4-d29d-4dcd-8270-4617109ac914,39c39f47-c73d-4d2a-9751-a63ea8e105c4,worker-2e2509d5868e40acaa90a6f48bb6e7d5-1544107698,True,1475110.0,0.1856637878941564,60.616,11102.0,2024-11-12T11:37:46.605871564Z,2024-11-12T11:38:47.221881863Z,us_east,104857600,103382490.0,1.4067745208740234
e628ffc4-d29d-4dcd-8270-4617109ac914,39c39f47-c73d-4d2a-9751-a63ea8e105c4,worker-a765493920fb47bf965b38720a93975e-1544107698,True,814574.0,0.1034921968509315,60.05,12100.0,2024-11-12T11:37:47.610300326Z,2024-11-12T11:38:47.660932742Z,us_east,104857600,104043026.0,0.7768383026123047
e628ffc4-d29d-4dcd-8270-4617109ac914,39c39f47-c73d-4d2a-9751-a63ea8e105c4,worker-1a3fcd605aa14849ab91da96ea2f2a2b-1544107698,True,722150.0,0.0916657060268228,60.105,12099.0,2024-11-12T11:37:47.605969521Z,2024-11-12T11:38:47.711676436Z,us_east,104857600,104135450.0,0.6886959075927734
e628ffc4-d29d-4dcd-8270-4617109ac914,39c39f47-c73d-4d2a-9751-a63ea8e105c4,worker-1f42b274d4f04ea6a8dee019a528feaa-1544107698,True,619094.0,0.0785817355371202,60.107,12103.0,2024-11-12T11:37:47.607831271Z,2024-11-12T11:38:47.715703148Z,us_east,104857600,104238506.0,0.5904140472412109
e628ffc4-d29d-4dcd-8270-4617109ac914,39c39f47-c73d-4d2a-9751-a63ea8e105c4,worker-0a6f3d35ad3a433fada434aa8c64db04-1544107698,True,745070.0,0.094510573993257,60.146,12106.0,2024-11-12T11:37:47.607388856Z,2024-11-12T11:38:47.754072235Z,us_east,104857600,104112530.0,0.7105541229248047
e628ffc4-d29d-4dcd-8270-4617109ac914,39c39f47-c73d-4d2a-9751-a63ea8e105c4,worker-6288fd7fb22c4ed3a3ecf2956fc3fb54-1544107698,True,617646.0,0.0782872311046058,60.192,12107.0,2024-11-12T11:37:47.606873661Z,2024-11-12T11:38:47.799130271Z,us_east,104857600,104239954.0,0.5890331268310547
e628ffc4-d29d-4dcd-8270-4617109ac914,39c39f47-c73d-4d2a-9751-a63ea8e105c4,worker-bf1c6d1c461743559b7d622a7d564fe2-1544107698,True,704774.0,0.08937533495175,60.162,12159.0,2024-11-12T11:37:47.669957389Z,2024-11-12T11:38:47.832816688Z,us_east,104857600,104152826.0,0.6721248626708984
e628ffc4-d29d-4dcd-8270-4617109ac914,39c39f47-c73d-4d2a-9751-a63ea8e105c4,worker-8c80a74669cb44ad8bfeea0c05d33004-1544107698,True,626582.0,0.0791123239032814,60.426,12397.0,2024-11-12T11:37:47.895584087Z,2024-11-12T11:38:48.322362678Z,us_east,104857600,104231018.0,0.5975551605224609
e628ffc4-d29d-4dcd-8270-4617109ac914,39c39f47-c73d-4d2a-9751-a63ea8e105c4,worker-c54df69524f44e18a4b82a7e644e674d-1544107698,True,988334.0,0.1245419112172506,60.545,12388.0,2024-11-12T11:37:47.892390877Z,2024-11-12T11:38:48.438370378Z,us_east,104857600,103869266.0,0.9425487518310547
e628ffc4-d29d-4dcd-8270-4617109ac914,39c39f47-c73d-4d2a-9751-a63ea8e105c4,worker-ff554b7db2794fcca654a1b57f95035e-1544107698,True,846678.0,0.1075477499114211,60.063,13375.0,2024-11-12T11:37:48.880879739Z,2024-11-12T11:38:48.944389497Z,us_east,104857600,104010922.0,0.807455062866211
37f79e12-592e-4bdd-818b-1b68bb73280f,90dcd4ed-2387-43a4-9bcb-25d676c8ed0e,worker-bf1c6d1c461743559b7d622a7d564fe2-1544107698,True,13845126.0,1.7478849070684426,60.433,10525.0,2024-11-12T11:33:35.432617612Z,2024-11-12T11:34:35.866273025Z,us_east,104857600,91012474.0,13.203741073608398
37f79e12-592e-4bdd-818b-1b68bb73280f,90dcd4ed-2387-43a4-9bcb-25d676c8ed0e,worker-c54df69524f44e18a4b82a7e644e674d-1544107698,True,24085382.0,3.0404699391741348,60.437,10535.0,2024-11-12T11:33:35.431151539Z,2024-11-12T11:34:35.868940997Z,us_east,104857600,80772218.0,22.9696102142334
37f79e12-592e-4bdd-818b-1b68bb73280f,90dcd4ed-2387-43a4-9bcb-25d676c8ed0e,worker-6288fd7fb22c4ed3a3ecf2956fc3fb54-1544107698,True,23536590.0,2.9707004653708773,60.447,10533.0,2024-11-12T11:33:35.430405415Z,2024-11-12T11:34:35.877938674Z,us_east,104857600,81321010.0,22.44624137878418
37f79e12-592e-4bdd-818b-1b68bb73280f,90dcd4ed-2387-43a4-9bcb-25d676c8ed0e,worker-2e2509d5868e40acaa90a6f48bb6e7d5-1544107698,True,23590166.0,2.977167112826157,60.453,10534.0,2024-11-12T11:33:35.431309108Z,2024-11-12T11:34:35.885074543Z,us_east,104857600,81267434.0,22.49733543395996
37f79e12-592e-4bdd-818b-1b68bb73280f,90dcd4ed-2387-43a4-9bcb-25d676c8ed0e,worker-a765493920fb47bf965b38720a93975e-1544107698,True,23164454.0,2.9233923093094285,60.454,10539.0,2024-11-12T11:33:35.436601873Z,2024-11-12T11:34:35.891349942Z,us_east,104857600,81693146.0,22.091344833374023
37f79e12-592e-4bdd-818b-1b68bb73280f,90dcd4ed-2387-43a4-9bcb-25d676c8ed0e,worker-ff554b7db2794fcca654a1b57f95035e-1544107698,True,23500390.0,2.9658370461059365,60.453,10537.0,2024-11-12T11:33:35.438644986Z,2024-11-12T11:34:35.892519085Z,us_east,104857600,81357210.0,22.411718368530273
37f79e12-592e-4bdd-818b-1b68bb73280f,90dcd4ed-2387-43a4-9bcb-25d676c8ed0e,worker-1a3fcd605aa14849ab91da96ea2f2a2b-1544107698,True,12851798.0,1.621596225613232,60.466,10545.0,2024-11-12T11:33:35.441567269Z,2024-11-12T11:34:35.907759573Z,us_east,104857600,92005802.0,12.256429672241211
37f79e12-592e-4bdd-818b-1b68bb73280f,90dcd4ed-2387-43a4-9bcb-25d676c8ed0e,worker-0a6f3d35ad3a433fada434aa8c64db04-1544107698,True,22705438.0,2.864279245801616,60.479,10535.0,2024-11-12T11:33:35.436190678Z,2024-11-12T11:34:35.915376344Z,us_east,104857600,82152162.0,21.653593063354492
37f79e12-592e-4bdd-818b-1b68bb73280f,90dcd4ed-2387-43a4-9bcb-25d676c8ed0e,worker-1f42b274d4f04ea6a8dee019a528feaa-1544107698,True,15665814.0,1.9543253537482168,61.157,10543.0,2024-11-12T11:33:35.444016785Z,2024-11-12T11:34:36.601502190Z,us_east,104857600,89191786.0,14.940084457397463
37f79e12-592e-4bdd-818b-1b68bb73280f,90dcd4ed-2387-43a4-9bcb-25d676c8ed0e,worker-8c80a74669cb44ad8bfeea0c05d33004-1544107698,True,12747542.0,1.5900081289204913,61.167,10536.0,2024-11-12T11:33:35.434481738Z,2024-11-12T11:34:36.601742156Z,us_east,104857600,92110058.0,12.157003402709961
37f79e12-592e-4bdd-818b-1b68bb73280f,d0ab0afb-6737-4be4-9dd7-cdf2fdc7027b,worker-ff554b7db2794fcca654a1b57f95035e-1544107698,True,10329382.0,1.3134269519173378,60.001,10487.0,2024-11-12T11:34:55.571105518Z,2024-11-12T11:35:55.572218990Z,us_east,104857600,94528218.0,9.850866317749023
37f79e12-592e-4bdd-818b-1b68bb73280f,d0ab0afb-6737-4be4-9dd7-cdf2fdc7027b,worker-0a6f3d35ad3a433fada434aa8c64db04-1544107698,True,28532190.0,3.6278741788008255,60.003,10485.0,2024-11-12T11:34:55.569054860Z,2024-11-12T11:35:55.572977752Z,us_east,104857600,76325410.0,27.210416793823246
37f79e12-592e-4bdd-818b-1b68bb73280f,d0ab0afb-6737-4be4-9dd7-cdf2fdc7027b,worker-1f42b274d4f04ea6a8dee019a528feaa-1544107698,True,17092990.0,2.173341184399556,60.004,10491.0,2024-11-12T11:34:55.572468194Z,2024-11-12T11:35:55.577439711Z,us_east,104857600,87764610.0,16.301145553588867
37f79e12-592e-4bdd-818b-1b68bb73280f,d0ab0afb-6737-4be4-9dd7-cdf2fdc7027b,worker-a765493920fb47bf965b38720a93975e-1544107698,True,18190574.0,2.312896903471409,60.004,10481.0,2024-11-12T11:34:55.574131803Z,2024-11-12T11:35:55.579106503Z,us_east,104857600,86667026.0,17.347883224487305
37f79e12-592e-4bdd-818b-1b68bb73280f,d0ab0afb-6737-4be4-9dd7-cdf2fdc7027b,worker-1a3fcd605aa14849ab91da96ea2f2a2b-1544107698,True,24699334.0,3.140578043150515,60.002,10495.0,2024-11-12T11:34:55.578524226Z,2024-11-12T11:35:55.580675120Z,us_east,104857600,80158266.0,23.55512046813965
37f79e12-592e-4bdd-818b-1b68bb73280f,d0ab0afb-6737-4be4-9dd7-cdf2fdc7027b,worker-bf1c6d1c461743559b7d622a7d564fe2-1544107698,True,18661174.0,2.3727723424212903,60.003,10496.0,2024-11-12T11:34:55.584606816Z,2024-11-12T11:35:55.588138727Z,us_east,104857600,86196426.0,17.796682357788086
37f79e12-592e-4bdd-818b-1b68bb73280f,d0ab0afb-6737-4be4-9dd7-cdf2fdc7027b,worker-8c80a74669cb44ad8bfeea0c05d33004-1544107698,True,28094894.0,3.5724505106608073,60.0,10502.0,2024-11-12T11:34:55.589401827Z,2024-11-12T11:35:55.589725258Z,us_east,104857600,76762706.0,26.793378829956055
37f79e12-592e-4bdd-818b-1b68bb73280f,d0ab0afb-6737-4be4-9dd7-cdf2fdc7027b,worker-c54df69524f44e18a4b82a7e644e674d-1544107698,True,11949694.0,1.5194568432811275,60.001,10497.0,2024-11-12T11:34:55.587432271Z,2024-11-12T11:35:55.589157618Z,us_east,104857600,92907906.0,11.396116256713867
37f79e12-592e-4bdd-818b-1b68bb73280f,d0ab0afb-6737-4be4-9dd7-cdf2fdc7027b,worker-6288fd7fb22c4ed3a3ecf2956fc3fb54-1544107698,True,17004662.0,2.161966325632494,60.008,10499.0,2024-11-12T11:34:55.582346400Z,2024-11-12T11:35:55.591131227Z,us_east,104857600,87852938.0,16.216909408569336
37f79e12-592e-4bdd-818b-1b68bb73280f,d0ab0afb-6737-4be4-9dd7-cdf2fdc7027b,worker-2e2509d5868e40acaa90a6f48bb6e7d5-1544107698,True,14735646.0,1.8732347541794845,60.016,10492.0,2024-11-12T11:34:55.576381052Z,2024-11-12T11:35:55.592865485Z,us_east,104857600,90121954.0,14.053007125854492
b2810b80-01cf-447a-bbdf-da65226d6f55,19e0ce5e-afea-43e8-86c6-2626302371c0,worker-0ad6f0fdb17944d1baadcd6d7598af92-1544107698,True,26340632.0,3.3483242594923066,60.019,10237.0,2024-11-12T11:28:49.474716391Z,2024-11-12T11:29:49.494000058Z,singapore,104857600,78516968.0,25.120384216308594
b2810b80-01cf-447a-bbdf-da65226d6f55,19e0ce5e-afea-43e8-86c6-2626302371c0,worker-38837e2cab4d44d1b94eba46d6ed0752-1544107698,True,28209432.0,3.584923565094841,60.035,10237.0,2024-11-12T11:28:49.474963228Z,2024-11-12T11:29:49.510553404Z,singapore,104857600,76648168.0,26.902610778808594
b2810b80-01cf-447a-bbdf-da65226d6f55,19e0ce5e-afea-43e8-86c6-2626302371c0,worker-5e493b238cf348f6b37c7c7434581d2d-1544107698,True,29552632.0,3.7566218858168874,60.019,10236.0,2024-11-12T11:28:49.474219213Z,2024-11-12T11:29:49.493300818Z,singapore,104857600,75304968.0,28.18358612060547
b2810b80-01cf-447a-bbdf-da65226d6f55,19e0ce5e-afea-43e8-86c6-2626302371c0,worker-d13164f093bb4ed3b524edf389cdea30-1544107698,True,26079292.0,3.314330580908365,60.033,10234.0,2024-11-12T11:28:49.474331691Z,2024-11-12T11:29:49.508317491Z,singapore,104857600,78778308.0,24.871150970458984
b2810b80-01cf-447a-bbdf-da65226d6f55,19e0ce5e-afea-43e8-86c6-2626302371c0,worker-3109a4756c724d4387d76cb418f7b8a8-1544107698,True,23867392.0,3.033682360389178,60.024,10469.0,2024-11-12T11:28:49.707335407Z,2024-11-12T11:29:49.731434561Z,singapore,104857600,80990208.0,22.76171875
b2810b80-01cf-447a-bbdf-da65226d6f55,19e0ce5e-afea-43e8-86c6-2626302371c0,worker-317859f7a4494b4f89441014bb0791a9-1544107698,True,26063232.0,3.3138904020981936,60.004,10498.0,2024-11-12T11:28:49.738511957Z,2024-11-12T11:29:49.743433420Z,singapore,104857600,78794368.0,24.8558349609375
b2810b80-01cf-447a-bbdf-da65226d6f55,19e0ce5e-afea-43e8-86c6-2626302371c0,worker-530cf3818a79491980240c9408ecac94-1544107698,True,25388712.0,3.226674559615553,60.031,10474.0,2024-11-12T11:28:49.715150016Z,2024-11-12T11:29:49.746782531Z,singapore,104857600,79468888.0,24.212562561035156
b2810b80-01cf-447a-bbdf-da65226d6f55,681fbd29-b6f8-4324-aadc-58cde4703b07,worker-0ad6f0fdb17944d1baadcd6d7598af92-1544107698,True,28348132.0,3.602789946060421,60.031,10162.0,2024-11-12T11:31:09.716339066Z,2024-11-12T11:32:09.747388966Z,singapore,104857600,76509468.0,27.03488540649414
b2810b80-01cf-447a-bbdf-da65226d6f55,681fbd29-b6f8-4324-aadc-58cde4703b07,worker-38837e2cab4d44d1b94eba46d6ed0752-1544107698,True,27480892.0,3.493386326185445,60.017,10151.0,2024-11-12T11:31:09.713971527Z,2024-11-12T11:32:09.731843032Z,singapore,104857600,77376708.0,26.207820892333984
b2810b80-01cf-447a-bbdf-da65226d6f55,681fbd29-b6f8-4324-aadc-58cde4703b07,worker-3109a4756c724d4387d76cb418f7b8a8-1544107698,True,27932032.0,3.5512680340537925,60.008,10195.0,2024-11-12T11:31:09.750481881Z,2024-11-12T11:32:09.759255178Z,singapore,104857600,76925568.0,26.6380615234375
b2810b80-01cf-447a-bbdf-da65226d6f55,681fbd29-b6f8-4324-aadc-58cde4703b07,worker-317859f7a4494b4f89441014bb0791a9-1544107698,True,25788752.0,3.2786629474514664,60.01,10159.0,2024-11-12T11:31:09.720397541Z,2024-11-12T11:32:09.730460122Z,singapore,104857600,79068848.0,24.594070434570312
b2810b80-01cf-447a-bbdf-da65226d6f55,681fbd29-b6f8-4324-aadc-58cde4703b07,worker-530cf3818a79491980240c9408ecac94-1544107698,True,25317172.0,3.21886935863342,60.007,10183.0,2024-11-12T11:31:09.739392667Z,2024-11-12T11:32:09.746770481Z,singapore,104857600,79540428.0,24.144336700439453
b2810b80-01cf-447a-bbdf-da65226d6f55,681fbd29-b6f8-4324-aadc-58cde4703b07,worker-d13164f093bb4ed3b524edf389cdea30-1544107698,True,21740172.0,2.7642215413178186,60.004,10190.0,2024-11-12T11:31:09.744813347Z,2024-11-12T11:32:09.749358599Z,singapore,104857600,83117428.0,20.733043670654297
b2810b80-01cf-447a-bbdf-da65226d6f55,681fbd29-b6f8-4324-aadc-58cde4703b07,worker-5e493b238cf348f6b37c7c7434581d2d-1544107698,True,25067512.0,3.1859060297325295,60.03,10175.0,2024-11-12T11:31:09.735729285Z,2024-11-12T11:32:09.766252887Z,singapore,104857600,79790088.0,23.90624237060547
57de4cfe-ff4e-4aa8-8e78-a270a99c2cbd,227632d6-329d-4776-a810-a1d83d25f8df,worker-4b687adc0e2a408389a1c420aedea020-1544107698,True,1538822.0,0.1941376484334952,60.474,11167.0,2024-11-12T10:21:01.604368969Z,2024-11-12T10:22:02.078975430Z,us_east,104857600,103318778.0,1.4675350189208984
57de4cfe-ff4e-4aa8-8e78-a270a99c2cbd,227632d6-329d-4776-a810-a1d83d25f8df,worker-bc75dc4b3d584433b33aabd7478dbf13-1544107698,True,571310.0,0.0725865441497516,60.049,11912.0,2024-11-12T10:21:02.345221703Z,2024-11-12T10:22:02.394510603Z,us_east,104857600,104286290.0,0.5448436737060547
57de4cfe-ff4e-4aa8-8e78-a270a99c2cbd,227632d6-329d-4776-a810-a1d83d25f8df,worker-5c51e8eba64648d0ac42b89e4c5a73c8-1544107698,True,747966.0,0.0947047216868185,60.256,11905.0,2024-11-12T10:21:02.343374599Z,2024-11-12T10:22:02.599707425Z,us_east,104857600,104109634.0,0.7133159637451172
57de4cfe-ff4e-4aa8-8e78-a270a99c2cbd,227632d6-329d-4776-a810-a1d83d25f8df,worker-0d5aa65da0d24ca7b89970287c25726b-1544107698,True,953830.0,0.1207464224089431,60.268,11909.0,2024-11-12T10:21:02.352675217Z,2024-11-12T10:22:02.620777977Z,us_east,104857600,103903770.0,0.9096431732177733
57de4cfe-ff4e-4aa8-8e78-a270a99c2cbd,227632d6-329d-4776-a810-a1d83d25f8df,worker-f399fad452f34a72a8c23706752dd7a5-1544107698,True,600518.0,0.0758440727240959,60.408,11915.0,2024-11-12T10:21:02.352503730Z,2024-11-12T10:22:02.760627407Z,us_east,104857600,104257082.0,0.5726985931396484
57de4cfe-ff4e-4aa8-8e78-a270a99c2cbd,227632d6-329d-4776-a810-a1d83d25f8df,worker-3062474353a6445b86d06852752f6261-1544107698,True,675566.0,0.0856201127263104,60.198,12230.0,2024-11-12T10:21:02.663442927Z,2024-11-12T10:22:02.862300420Z,us_east,104857600,104182034.0,0.6442699432373047
57de4cfe-ff4e-4aa8-8e78-a270a99c2cbd,227632d6-329d-4776-a810-a1d83d25f8df,worker-f8d032c0f695491497bd05a78f9f4ff5-1544107698,True,706222.0,0.0894578493217406,60.23,12360.0,2024-11-12T10:21:02.792792956Z,2024-11-12T10:22:03.023633368Z,us_east,104857600,104151378.0,0.6735057830810547
57de4cfe-ff4e-4aa8-8e78-a270a99c2cbd,227632d6-329d-4776-a810-a1d83d25f8df,worker-42fe5bbf4b5644c392bcff6cbd0e60d3-1544107698,True,753758.0,0.0947540354102904,60.691,11910.0,2024-11-12T10:21:02.350236163Z,2024-11-12T10:22:03.041974040Z,us_east,104857600,104103842.0,0.7188396453857422
57de4cfe-ff4e-4aa8-8e78-a270a99c2cbd,227632d6-329d-4776-a810-a1d83d25f8df,worker-7354c53fe6c64baeb72dcf6773f99d86-1544107698,True,927518.0,0.11641114622682,60.788,11905.0,2024-11-12T10:21:02.344654268Z,2024-11-12T10:22:03.133036287Z,us_east,104857600,103930082.0,0.8845500946044922
57de4cfe-ff4e-4aa8-8e78-a270a99c2cbd,227632d6-329d-4776-a810-a1d83d25f8df,worker-38e5d1a8c10a49c8a9d6af6bd41f87b6-1544107698,True,561174.0,0.0703995304965747,60.816,11913.0,2024-11-12T10:21:02.350046447Z,2024-11-12T10:22:03.166585099Z,us_east,104857600,104296426.0,0.5351772308349609
57de4cfe-ff4e-4aa8-8e78-a270a99c2cbd,05d0a4cf-b8f5-4a5d-8036-19f2630e47b0,worker-3062474353a6445b86d06852752f6261-1544107698,True,1215918.0,0.1544677990483621,60.056,11036.0,2024-11-12T10:22:21.641833485Z,2024-11-12T10:23:21.698048552Z,us_east,104857600,103641682.0,1.1595897674560547
57de4cfe-ff4e-4aa8-8e78-a270a99c2cbd,05d0a4cf-b8f5-4a5d-8036-19f2630e47b0,worker-f399fad452f34a72a8c23706752dd7a5-1544107698,True,775726.0,0.0984286805173702,60.128,11510.0,2024-11-12T10:22:22.120372182Z,2024-11-12T10:23:22.248502549Z,us_east,104857600,104081874.0,0.7397899627685547
57de4cfe-ff4e-4aa8-8e78-a270a99c2cbd,05d0a4cf-b8f5-4a5d-8036-19f2630e47b0,worker-f8d032c0f695491497bd05a78f9f4ff5-1544107698,True,658438.0,0.0836591882419969,60.047,11623.0,2024-11-12T10:22:22.239263031Z,2024-11-12T10:23:22.286850733Z,us_east,104857600,104199162.0,0.6279354095458984
57de4cfe-ff4e-4aa8-8e78-a270a99c2cbd,05d0a4cf-b8f5-4a5d-8036-19f2630e47b0,worker-5c51e8eba64648d0ac42b89e4c5a73c8-1544107698,True,710566.0,0.08973843098926,60.411,11505.0,2024-11-12T10:22:22.116434639Z,2024-11-12T10:23:22.528243105Z,us_east,104857600,104147034.0,0.6776485443115234
57de4cfe-ff4e-4aa8-8e78-a270a99c2cbd,05d0a4cf-b8f5-4a5d-8036-19f2630e47b0,worker-38e5d1a8c10a49c8a9d6af6bd41f87b6-1544107698,True,671222.0,0.0853446012941585,60.004,11918.0,2024-11-12T10:22:22.526210883Z,2024-11-12T10:23:22.530657036Z,us_east,104857600,104186378.0,0.6401271820068359
57de4cfe-ff4e-4aa8-8e78-a270a99c2cbd,05d0a4cf-b8f5-4a5d-8036-19f2630e47b0,worker-bc75dc4b3d584433b33aabd7478dbf13-1544107698,True,785862.0,0.0991442809325857,60.474,11507.0,2024-11-12T10:22:22.115615850Z,2024-11-12T10:23:22.590554149Z,us_east,104857600,104071738.0,0.7494564056396484
57de4cfe-ff4e-4aa8-8e78-a270a99c2cbd,05d0a4cf-b8f5-4a5d-8036-19f2630e47b0,worker-4b687adc0e2a408389a1c420aedea020-1544107698,True,895910.0,0.1128953811956757,60.545,11514.0,2024-11-12T10:22:22.121124195Z,2024-11-12T10:23:22.666632189Z,us_east,104857600,103961690.0,0.8544063568115234
57de4cfe-ff4e-4aa8-8e78-a270a99c2cbd,05d0a4cf-b8f5-4a5d-8036-19f2630e47b0,worker-7354c53fe6c64baeb72dcf6773f99d86-1544107698,True,805886.0,0.101914870811897,60.329,11763.0,2024-11-12T10:22:22.386620032Z,2024-11-12T10:23:22.716163753Z,us_east,104857600,104051714.0,0.7685527801513672
57de4cfe-ff4e-4aa8-8e78-a270a99c2cbd,05d0a4cf-b8f5-4a5d-8036-19f2630e47b0,worker-0d5aa65da0d24ca7b89970287c25726b-1544107698,True,729142.0,0.0925994504753173,60.075,12328.0,2024-11-12T10:22:22.935420503Z,2024-11-12T10:23:23.011071994Z,us_east,104857600,104128458.0,0.6953639984130859
57de4cfe-ff4e-4aa8-8e78-a270a99c2cbd,05d0a4cf-b8f5-4a5d-8036-19f2630e47b0,worker-42fe5bbf4b5644c392bcff6cbd0e60d3-1544107698,True,662534.0,0.0824602893418683,61.299,12050.0,2024-11-12T10:22:22.665579281Z,2024-11-12T10:23:23.964651705Z,us_east,104857600,104195066.0,0.6318416595458984
f84dd79d-0bfb-4c3b-9d43-a8a7dce26fa7,7bfa9347-e2a1-4a75-b067-6399346ffd21,worker-dc1da0d0dbd449bb87340f276e5ef259-1544107698,True,57800776.0,7.349748738606771,60.0,10902.0,2024-11-08T16:47:00.219115846Z,2024-11-08T16:48:00.219424893Z,us_east,104857600,47056824.0,55.12311553955078
f84dd79d-0bfb-4c3b-9d43-a8a7dce26fa7,7bfa9347-e2a1-4a75-b067-6399346ffd21,worker-b8034e85ca70433c866debd3a5e6c6db-1544107698,True,55679464.0,7.080009969075521,60.0,10904.0,2024-11-08T16:47:00.221146179Z,2024-11-08T16:48:00.221444652Z,us_east,104857600,49178136.0,53.100074768066406
f84dd79d-0bfb-4c3b-9d43-a8a7dce26fa7,7bfa9347-e2a1-4a75-b067-6399346ffd21,worker-67367439b933444697cc5bdd0c61c0a8-1544107698,True,58179728.0,7.397934977213541,60.0,10898.0,2024-11-08T16:47:00.224596594Z,2024-11-08T16:48:00.225550882Z,us_east,104857600,46677872.0,55.48451232910156
f84dd79d-0bfb-4c3b-9d43-a8a7dce26fa7,7bfa9347-e2a1-4a75-b067-6399346ffd21,worker-74708c31627c464480d1d5bbca7cebf4-1544107698,True,57782076.0,7.34663624701983,60.006,10907.0,2024-11-08T16:47:00.227086617Z,2024-11-08T16:48:00.234006822Z,us_east,104857600,47075524.0,55.105281829833984
f84dd79d-0bfb-4c3b-9d43-a8a7dce26fa7,7bfa9347-e2a1-4a75-b067-6399346ffd21,worker-c280e58926bc401eb417862ac2a7efa1-1544107698,True,57733632.0,7.339498387876162,60.014,10903.0,2024-11-08T16:47:00.220394182Z,2024-11-08T16:48:00.235178792Z,us_east,104857600,47123968.0,55.05908203124999
f84dd79d-0bfb-4c3b-9d43-a8a7dce26fa7,7bfa9347-e2a1-4a75-b067-6399346ffd21,worker-5dd9a8b35920432094d9b6115bd8a10c-1544107698,True,83600232.0,10.62589175896762,60.025,10901.0,2024-11-08T16:47:00.218866143Z,2024-11-08T16:48:00.243916653Z,us_east,104857600,21257368.0,79.7273941040039
f84dd79d-0bfb-4c3b-9d43-a8a7dce26fa7,7bfa9347-e2a1-4a75-b067-6399346ffd21,worker-c79158a3f38c478c8d175f6c167c3eff-1544107698,True,69966448.0,8.891359113568317,60.036,10899.0,2024-11-08T16:47:00.215382764Z,2024-11-08T16:48:00.251863507Z,us_east,104857600,34891152.0,66.72520446777344
f84dd79d-0bfb-4c3b-9d43-a8a7dce26fa7,7bfa9347-e2a1-4a75-b067-6399346ffd21,worker-7696a354e2a44b85be6c60ff2f3d43bf-1544107698,True,58136836.0,7.3885404224843105,60.032,10907.0,2024-11-08T16:47:00.224461664Z,2024-11-08T16:48:00.256639553Z,us_east,104857600,46720764.0,55.443607330322266
f84dd79d-0bfb-4c3b-9d43-a8a7dce26fa7,a40ae954-9fb9-436c-974e-a370148900ff,worker-c79158a3f38c478c8d175f6c167c3eff-1544107698,True,57164944.0,7.259944587222634,60.074,10686.0,2024-11-08T16:48:20.186414866Z,2024-11-08T16:49:20.261299800Z,us_east,104857600,47692656.0,54.516738891601555
f84dd79d-0bfb-4c3b-9d43-a8a7dce26fa7,a40ae954-9fb9-436c-974e-a370148900ff,worker-dc1da0d0dbd449bb87340f276e5ef259-1544107698,True,67765752.0,8.603955029370008,60.09,10683.0,2024-11-08T16:48:20.184246622Z,2024-11-08T16:49:20.274945698Z,us_east,104857600,37091848.0,64.62645721435547
f84dd79d-0bfb-4c3b-9d43-a8a7dce26fa7,a40ae954-9fb9-436c-974e-a370148900ff,worker-7696a354e2a44b85be6c60ff2f3d43bf-1544107698,True,46690112.0,5.922346298401443,60.148,10687.0,2024-11-08T16:48:20.188580754Z,2024-11-08T16:49:20.336996140Z,us_east,104857600,58167488.0,44.52716064453125
f84dd79d-0bfb-4c3b-9d43-a8a7dce26fa7,a40ae954-9fb9-436c-974e-a370148900ff,worker-67367439b933444697cc5bdd0c61c0a8-1544107698,True,39783152.0,5.045570887437455,60.156,10689.0,2024-11-08T16:48:20.189577901Z,2024-11-08T16:49:20.346254740Z,us_east,104857600,65074448.0,37.94017028808594
f84dd79d-0bfb-4c3b-9d43-a8a7dce26fa7,a40ae954-9fb9-436c-974e-a370148900ff,worker-5dd9a8b35920432094d9b6115bd8a10c-1544107698,True,87374552.0,11.079226984430573,60.168,10669.0,2024-11-08T16:48:20.180527245Z,2024-11-08T16:49:20.349329756Z,us_east,104857600,17483048.0,83.32686614990234
f84dd79d-0bfb-4c3b-9d43-a8a7dce26fa7,a40ae954-9fb9-436c-974e-a370148900ff,worker-74e32dbca44140389cd25543f5e549e5-1544107698,True,44521008.0,5.645425814166195,60.167,10680.0,2024-11-08T16:48:20.185933331Z,2024-11-08T16:49:20.353133554Z,us_east,104857600,60336592.0,42.45854187011719
f84dd79d-0bfb-4c3b-9d43-a8a7dce26fa7,a40ae954-9fb9-436c-974e-a370148900ff,worker-41b21a78039d443f896654f3d27f0c8e-1544107698,True,100107592.0,12.692530244647294,60.174,10661.0,2024-11-08T16:48:20.181774500Z,2024-11-08T16:49:20.356634786Z,us_east,104857600,4750008.0,95.47003936767578
f84dd79d-0bfb-4c3b-9d43-a8a7dce26fa7,a40ae954-9fb9-436c-974e-a370148900ff,worker-c280e58926bc401eb417862ac2a7efa1-1544107698,True,82822056.0,10.529087716216177,60.013,10871.0,2024-11-08T16:48:20.377128030Z,2024-11-08T16:49:20.390580490Z,us_east,104857600,22035544.0,78.98526763916016
f84dd79d-0bfb-4c3b-9d43-a8a7dce26fa7,a40ae954-9fb9-436c-974e-a370148900ff,worker-b8034e85ca70433c866debd3a5e6c6db-1544107698,True,75074656.0,9.530827993441852,60.097,10877.0,2024-11-08T16:48:20.386115253Z,2024-11-08T16:49:20.483170312Z,us_east,104857600,29782944.0,71.59677124023438
6fdc8043-0101-450a-9733-5a5c54de69e0,cab055bc-39d4-40a0-a59f-d34e3a3f2359,worker-fb90c3bbaff9427d8458e72825487ea9-1544107698,True,48710070.0,6.193805694580078,60.0,10825.0,2024-11-08T11:01:37.571556412Z,2024-11-08T11:02:37.571889298Z,us_east,104857600,56147530.0,46.453542709350586
6fdc8043-0101-450a-9733-5a5c54de69e0,cab055bc-39d4-40a0-a59f-d34e3a3f2359,worker-8aca8a06ac0a4d8a86704b35b541fe5a-1544107698,True,91074728.0,11.580750528971354,60.0,10821.0,2024-11-08T11:01:37.572755389Z,2024-11-08T11:02:37.573005350Z,us_east,104857600,13782872.0,86.85562896728516
6fdc8043-0101-450a-9733-5a5c54de69e0,cab055bc-39d4-40a0-a59f-d34e3a3f2359,worker-cf47c25fc4ce4f1fa3626a7053b31363-1544107698,True,68384046.0,8.695481109619141,60.0,10824.0,2024-11-08T11:01:37.572268256Z,2024-11-08T11:02:37.572651475Z,us_east,104857600,36473554.0,65.21610832214355
6fdc8043-0101-450a-9733-5a5c54de69e0,cab055bc-39d4-40a0-a59f-d34e3a3f2359,worker-2e76549f1fe24f7689ddb98e942c85e5-1544107698,True,95681312.0,12.166507975260416,60.0,10821.0,2024-11-08T11:01:37.576150390Z,2024-11-08T11:02:37.576703856Z,us_east,104857600,9176288.0,91.24880981445312
6fdc8043-0101-450a-9733-5a5c54de69e0,cab055bc-39d4-40a0-a59f-d34e3a3f2359,worker-9abab6fb7b0a46c68200081a45aff4d6-1544107698,True,88399424.0,11.240380694175933,60.001,10830.0,2024-11-08T11:01:37.578347770Z,2024-11-08T11:02:37.579436793Z,us_east,104857600,16458176.0,84.30426025390625
6fdc8043-0101-450a-9733-5a5c54de69e0,cab055bc-39d4-40a0-a59f-d34e3a3f2359,worker-4d8b271466bb41beb98d2ed5e5c6b23c-1544107698,True,68764870.0,8.742448310616851,60.01,10826.0,2024-11-08T11:01:37.572149891Z,2024-11-08T11:02:37.582615281Z,us_east,104857600,36092730.0,65.57929039001465
6fdc8043-0101-450a-9733-5a5c54de69e0,cab055bc-39d4-40a0-a59f-d34e3a3f2359,worker-382fed7efea6416eabb7a91f82bb97e8-1544107698,True,66143990.0,8.400003255560534,60.076,10829.0,2024-11-08T11:01:37.574834058Z,2024-11-08T11:02:37.651595117Z,us_east,104857600,38713610.0,63.079824447631836
6fdc8043-0101-450a-9733-5a5c54de69e0,cab055bc-39d4-40a0-a59f-d34e3a3f2359,worker-c01ec3a1830c4083a67ead4f7106404e-1544107698,True,44868526.0,5.705137943562688,60.002,10986.0,2024-11-08T11:01:37.742576854Z,2024-11-08T11:02:37.744890401Z,us_east,104857600,59989074.0,42.789960861206055
6fdc8043-0101-450a-9733-5a5c54de69e0,cab055bc-39d4-40a0-a59f-d34e3a3f2359,worker-f2e4e2f2440244afabdcfcf18af91a29-1544107698,True,35815630.0,4.547825904654707,60.084,11579.0,2024-11-08T11:01:38.326738303Z,2024-11-08T11:02:38.410807713Z,us_east,104857600,69041970.0,34.15644645690918
6fdc8043-0101-450a-9733-5a5c54de69e0,3f294494-3fe7-47fd-8f2a-f15a536fc8da,worker-4d8b271466bb41beb98d2ed5e5c6b23c-1544107698,True,52115766.0,6.626751889340256,60.001,10572.0,2024-11-08T11:02:57.493409311Z,2024-11-08T11:03:57.494468949Z,us_east,104857600,52741834.0,49.701467514038086
6fdc8043-0101-450a-9733-5a5c54de69e0,3f294494-3fe7-47fd-8f2a-f15a536fc8da,worker-c01ec3a1830c4083a67ead4f7106404e-1544107698,True,61117982.0,7.771553293863932,60.0,10582.0,2024-11-08T11:02:57.497589796Z,2024-11-08T11:03:57.497868587Z,us_east,104857600,43739618.0,58.286649703979485
6fdc8043-0101-450a-9733-5a5c54de69e0,3f294494-3fe7-47fd-8f2a-f15a536fc8da,worker-f2e4e2f2440244afabdcfcf18af91a29-1544107698,True,75192542.0,9.561226145426431,60.0,10584.0,2024-11-08T11:02:57.498597813Z,2024-11-08T11:03:57.499383002Z,us_east,104857600,29665058.0,71.70919609069824
6fdc8043-0101-450a-9733-5a5c54de69e0,3f294494-3fe7-47fd-8f2a-f15a536fc8da,worker-db4341c88cce41c0a086984de17d0783-1544107698,True,42405478.0,5.3921353658040365,60.0,10582.0,2024-11-08T11:02:57.499901703Z,2024-11-08T11:03:57.500135988Z,us_east,104857600,62452122.0,40.44101524353027
6fdc8043-0101-450a-9733-5a5c54de69e0,3f294494-3fe7-47fd-8f2a-f15a536fc8da,worker-fb90c3bbaff9427d8458e72825487ea9-1544107698,True,55375214.0,7.041322580973307,60.0,10589.0,2024-11-08T11:02:57.504452147Z,2024-11-08T11:03:57.504821440Z,us_east,104857600,49482386.0,52.809919357299805
6fdc8043-0101-450a-9733-5a5c54de69e0,3f294494-3fe7-47fd-8f2a-f15a536fc8da,worker-9abab6fb7b0a46c68200081a45aff4d6-1544107698,True,93462200.0,11.883541056572792,60.004,10577.0,2024-11-08T11:02:57.500919477Z,2024-11-08T11:03:57.504964206Z,us_east,104857600,11395400.0,89.13249969482422
6fdc8043-0101-450a-9733-5a5c54de69e0,3f294494-3fe7-47fd-8f2a-f15a536fc8da,worker-2e76549f1fe24f7689ddb98e942c85e5-1544107698,True,99382830.0,12.63718032836914,60.0,10585.0,2024-11-08T11:02:57.515929306Z,2024-11-08T11:03:57.516189745Z,us_east,104857600,5474770.0,94.77885246276855
6fdc8043-0101-450a-9733-5a5c54de69e0,3f294494-3fe7-47fd-8f2a-f15a536fc8da,worker-382fed7efea6416eabb7a91f82bb97e8-1544107698,True,43992486.0,5.590300173295561,60.039,10589.0,2024-11-08T11:02:57.503230698Z,2024-11-08T11:03:57.542695559Z,us_east,104857600,60865114.0,41.95450401306152
6fdc8043-0101-450a-9733-5a5c54de69e0,3f294494-3fe7-47fd-8f2a-f15a536fc8da,worker-8aca8a06ac0a4d8a86704b35b541fe5a-1544107698,True,80532766.0,10.23958810257376,60.004,11232.0,2024-11-08T11:02:58.149052678Z,2024-11-08T11:03:58.153603557Z,us_east,104857600,24324834.0,76.80203056335449
e1032366-5276-4375-9262-a854b777054e,96cfedb9-626e-4c3e-bb32-75d5016a8769,worker-f1297f305ba44a579f43cd6486251e3c-1544107698,True,62945358.0,8.003916168212891,60.0,10186.0,2024-11-08T10:57:11.060312928Z,2024-11-08T10:58:11.061092906Z,asia,104857600,41912242.0,60.02937126159667
e1032366-5276-4375-9262-a854b777054e,96cfedb9-626e-4c3e-bb32-75d5016a8769,worker-b65cafde55e9499a90c051c4316d5667-1544107698,True,87664166.0,11.146889362960488,60.001,10170.0,2024-11-08T10:57:11.050352980Z,2024-11-08T10:58:11.051942096Z,asia,104857600,17193434.0,83.60306358337402
e1032366-5276-4375-9262-a854b777054e,96cfedb9-626e-4c3e-bb32-75d5016a8769,worker-f3cc992f06f3482f9192713ff95f2b9a-1544107698,True,93496710.0,11.888721466064451,60.0,10173.0,2024-11-08T10:57:11.048692293Z,2024-11-08T10:58:11.049120944Z,asia,104857600,11360890.0,89.1654109954834
e1032366-5276-4375-9262-a854b777054e,96cfedb9-626e-4c3e-bb32-75d5016a8769,worker-2758d83a8e2a483094a1bb625ec61161-1544107698,True,69837838.0,8.879748338636148,60.004,10171.0,2024-11-08T10:57:11.053193769Z,2024-11-08T10:58:11.057552007Z,asia,104857600,35019762.0,66.60255241394043
e1032366-5276-4375-9262-a854b777054e,96cfedb9-626e-4c3e-bb32-75d5016a8769,worker-8344336a39e543b7bb96c151a49e0654-1544107698,True,76164150.0,9.683804111043974,60.006,10193.0,2024-11-08T10:57:11.063426159Z,2024-11-08T10:58:11.070244520Z,asia,104857600,28693450.0,72.63579368591309
e1032366-5276-4375-9262-a854b777054e,96cfedb9-626e-4c3e-bb32-75d5016a8769,worker-f28e6cafef444ddc88ee15d914d58dc3-1544107698,True,81551576.0,10.368782254261554,60.006,10198.0,2024-11-08T10:57:11.076802730Z,2024-11-08T10:58:11.082970454Z,asia,104857600,23306024.0,77.77364349365234
e1032366-5276-4375-9262-a854b777054e,96cfedb9-626e-4c3e-bb32-75d5016a8769,worker-f5862df4b0034f6681c344c627572ba4-1544107698,True,60341854.0,7.672863515218099,60.0,10188.0,2024-11-08T10:57:11.058098822Z,2024-11-08T10:58:11.058637869Z,asia,104857600,44515746.0,57.54647636413574
e1032366-5276-4375-9262-a854b777054e,96cfedb9-626e-4c3e-bb32-75d5016a8769,worker-0e628bd4c817425c850b54b14dfec76d-1544107698,True,63770718.0,8.108730973868536,60.001,10191.0,2024-11-08T10:57:11.061562353Z,2024-11-08T10:58:11.062982129Z,asia,104857600,41086882.0,60.81649589538575
e1032366-5276-4375-9262-a854b777054e,96cfedb9-626e-4c3e-bb32-75d5016a8769,worker-5e5a5bd2d15848399f66da8de3c46c78-1544107698,True,63741176.0,8.10510965983073,60.0,10179.0,2024-11-08T10:57:11.058766264Z,2024-11-08T10:58:11.058830939Z,asia,104857600,41116424.0,60.78832244873047
e1032366-5276-4375-9262-a854b777054e,96cfedb9-626e-4c3e-bb32-75d5016a8769,worker-2452d1da75c84f2d980ad41727a0de72-1544107698,True,63140838.0,8.028371317029851,60.003,10186.0,2024-11-08T10:57:11.063540422Z,2024-11-08T10:58:11.067420168Z,asia,104857600,41716762.0,60.21579551696777
e1032366-5276-4375-9262-a854b777054e,09f62e91-9705-464e-820b-827ac9983032,worker-2758d83a8e2a483094a1bb625ec61161-1544107698,True,75244670.0,9.567854563395182,60.0,10163.0,2024-11-08T10:58:31.204227726Z,2024-11-08T10:59:31.204767189Z,asia,104857600,29612930.0,71.75890922546387
e1032366-5276-4375-9262-a854b777054e,09f62e91-9705-464e-820b-827ac9983032,worker-f3cc992f06f3482f9192713ff95f2b9a-1544107698,True,86914102.0,11.050594515336876,60.006,10162.0,2024-11-08T10:58:31.202752450Z,2024-11-08T10:59:31.209217933Z,asia,104857600,17943498.0,82.88774681091309
e1032366-5276-4375-9262-a854b777054e,09f62e91-9705-464e-820b-827ac9983032,worker-b65cafde55e9499a90c051c4316d5667-1544107698,True,84967990.0,10.80351840272823,60.004,10167.0,2024-11-08T10:58:31.209958960Z,2024-11-08T10:59:31.214353152Z,asia,104857600,19889610.0,81.03178977966309
e1032366-5276-4375-9262-a854b777054e,09f62e91-9705-464e-820b-827ac9983032,worker-8344336a39e543b7bb96c151a49e0654-1544107698,True,57564590.0,7.3195941424251005,60.001,10185.0,2024-11-08T10:58:31.226712487Z,2024-11-08T10:59:31.228278407Z,asia,104857600,47293010.0,54.897871017456055
e1032366-5276-4375-9262-a854b777054e,09f62e91-9705-464e-820b-827ac9983032,worker-f28e6cafef444ddc88ee15d914d58dc3-1544107698,True,62421182.0,7.936866899737695,60.003,10190.0,2024-11-08T10:58:31.228843770Z,2024-11-08T10:59:31.232473521Z,asia,104857600,42436418.0,59.52947807312011
e1032366-5276-4375-9262-a854b777054e,09f62e91-9705-464e-820b-827ac9983032,worker-2452d1da75c84f2d980ad41727a0de72-1544107698,True,60589462.0,7.704348500569662,60.0,10183.0,2024-11-08T10:58:31.223267247Z,2024-11-08T10:59:31.223448329Z,asia,104857600,44268138.0,57.78261375427246
e1032366-5276-4375-9262-a854b777054e,09f62e91-9705-464e-820b-827ac9983032,worker-f5862df4b0034f6681c344c627572ba4-1544107698,True,65514110.0,8.330549875895182,60.0,10189.0,2024-11-08T10:58:31.228867655Z,2024-11-08T10:59:31.229173686Z,asia,104857600,39343490.0,62.47912406921387
e1032366-5276-4375-9262-a854b777054e,09f62e91-9705-464e-820b-827ac9983032,worker-f1297f305ba44a579f43cd6486251e3c-1544107698,True,79151374.0,10.063443597189051,60.007,10177.0,2024-11-08T10:58:31.223887884Z,2024-11-08T10:59:31.231712684Z,asia,104857600,25706226.0,75.48463249206543
e1032366-5276-4375-9262-a854b777054e,09f62e91-9705-464e-820b-827ac9983032,worker-0e628bd4c817425c850b54b14dfec76d-1544107698,True,45750358.0,5.8162955930135585,60.012,10179.0,2024-11-08T10:58:31.222479103Z,2024-11-08T10:59:31.235473461Z,asia,104857600,59107242.0,43.63094139099121
d0b3872b-b68c-417f-ac20-a9ec83b07a35,d72f2eac-0e00-4459-b0f1-dc3df3a3137e,worker-9962486dedbd42c687fee22d382823bb-1544107698,True,100998092.0,12.842357473566848,60.001,10247.0,2024-11-05T11:59:48.177196210Z,2024-11-05T12:00:48.178778587Z,all,104857600,3859508.0,96.31928634643555
d0b3872b-b68c-417f-ac20-a9ec83b07a35,d72f2eac-0e00-4459-b0f1-dc3df3a3137e,worker-d4413ddb1306403db433c6b56ce6c8cd-1544107698,True,70074092.0,8.910233067567363,60.001,10251.0,2024-11-05T11:59:48.181250620Z,2024-11-05T12:00:48.182848956Z,all,104857600,34783508.0,66.82786178588867
d0b3872b-b68c-417f-ac20-a9ec83b07a35,d72f2eac-0e00-4459-b0f1-dc3df3a3137e,worker-ee5197ad08f448428e08f421f7e1381e-1544107698,True,78354092.0,9.963238016764324,60.0,10247.0,2024-11-05T11:59:48.180828244Z,2024-11-05T12:00:48.181554119Z,all,104857600,26503508.0,74.72428512573242
d0b3872b-b68c-417f-ac20-a9ec83b07a35,d72f2eac-0e00-4459-b0f1-dc3df3a3137e,worker-25d7fa23621341e791cd37c80f19ab42-1544107698,True,82952012.0,10.547893778483074,60.0,10247.0,2024-11-05T11:59:48.184678937Z,2024-11-05T12:00:48.185330145Z,all,104857600,21905588.0,79.10920333862305
d0b3872b-b68c-417f-ac20-a9ec83b07a35,d72f2eac-0e00-4459-b0f1-dc3df3a3137e,worker-df423fe445d84865b7c7ccf11ddc3705-1544107698,True,73371692.0,9.329382115485473,60.002,10254.0,2024-11-05T11:59:48.184611401Z,2024-11-05T12:00:48.187379888Z,all,104857600,31485908.0,69.97269821166992
d0b3872b-b68c-417f-ac20-a9ec83b07a35,d72f2eac-0e00-4459-b0f1-dc3df3a3137e,worker-f642b5d8750c404e9e46722937e4f008-1544107698,True,78165452.0,9.93875426264494,60.003,10264.0,2024-11-05T11:59:48.192428376Z,2024-11-05T12:00:48.195873079Z,all,104857600,26692148.0,74.54438400268555
d0b3872b-b68c-417f-ac20-a9ec83b07a35,d72f2eac-0e00-4459-b0f1-dc3df3a3137e,worker-4c2b03d2e5d746eb9810c9a783167ff6-1544107698,True,60405932.0,7.681011454264323,60.0,10267.0,2024-11-05T11:59:48.200141515Z,2024-11-05T12:00:48.200184365Z,all,104857600,44451668.0,57.607585906982415
d0b3872b-b68c-417f-ac20-a9ec83b07a35,d72f2eac-0e00-4459-b0f1-dc3df3a3137e,worker-5bfc4adaa7804defa317918b629be751-1544107698,True,65068652.0,8.273906962076824,60.0,10271.0,2024-11-05T11:59:48.199642723Z,2024-11-05T12:00:48.200583889Z,all,104857600,39788948.0,62.05430221557617
d0b3872b-b68c-417f-ac20-a9ec83b07a35,d72f2eac-0e00-4459-b0f1-dc3df3a3137e,worker-72155be8a53c437683491837ec02098e-1544107698,True,74114732.0,9.423704331547745,60.003,10271.0,2024-11-05T11:59:48.200360434Z,2024-11-05T12:00:48.203656316Z,all,104857600,30742868.0,70.68131637573242
d0b3872b-b68c-417f-ac20-a9ec83b07a35,d72f2eac-0e00-4459-b0f1-dc3df3a3137e,worker-469d1be74e434451bee9374b1f0cb2c2-1544107698,True,68916332.0,8.760390650870715,60.019,10257.0,2024-11-05T11:59:48.195970072Z,2024-11-05T12:00:48.215121826Z,all,104857600,35941268.0,65.72373580932617
d0b3872b-b68c-417f-ac20-a9ec83b07a35,5cd6f07f-4f8f-4000-95e1-d118a119392b,worker-ee5197ad08f448428e08f421f7e1381e-1544107698,True,75849932.0,9.64433538983858,60.003,10182.0,2024-11-05T12:02:08.497022337Z,2024-11-05T12:03:08.500442753Z,all,104857600,29007668.0,72.33613204956055
d0b3872b-b68c-417f-ac20-a9ec83b07a35,5cd6f07f-4f8f-4000-95e1-d118a119392b,worker-5bfc4adaa7804defa317918b629be751-1544107698,True,67824812.0,8.624227092146121,60.001,10190.0,2024-11-05T12:02:08.505321318Z,2024-11-05T12:03:08.506998701Z,all,104857600,37032788.0,64.68278121948242
d0b3872b-b68c-417f-ac20-a9ec83b07a35,5cd6f07f-4f8f-4000-95e1-d118a119392b,worker-f642b5d8750c404e9e46722937e4f008-1544107698,True,73754732.0,9.378242845529398,60.001,10197.0,2024-11-05T12:02:08.514778779Z,2024-11-05T12:03:08.516525219Z,all,104857600,31102868.0,70.33799362182617
d0b3872b-b68c-417f-ac20-a9ec83b07a35,5cd6f07f-4f8f-4000-95e1-d118a119392b,worker-72155be8a53c437683491837ec02098e-1544107698,True,84632492.0,10.760860469816336,60.004,10210.0,2024-11-05T12:02:08.523642697Z,2024-11-05T12:03:08.528000229Z,all,104857600,20225108.0,80.71183395385742
d0b3872b-b68c-417f-ac20-a9ec83b07a35,5cd6f07f-4f8f-4000-95e1-d118a119392b,worker-d4413ddb1306403db433c6b56ce6c8cd-1544107698,True,69809132.0,8.875210963374593,60.01,10196.0,2024-11-05T12:02:08.518303383Z,2024-11-05T12:03:08.528793359Z,all,104857600,35048468.0,66.57517623901367
d0b3872b-b68c-417f-ac20-a9ec83b07a35,5cd6f07f-4f8f-4000-95e1-d118a119392b,worker-df423fe445d84865b7c7ccf11ddc3705-1544107698,True,88879052.0,11.301179181885344,60.002,10215.0,2024-11-05T12:02:08.527786482Z,2024-11-05T12:03:08.530496867Z,all,104857600,15978548.0,84.76166915893555
d0b3872b-b68c-417f-ac20-a9ec83b07a35,5cd6f07f-4f8f-4000-95e1-d118a119392b,worker-469d1be74e434451bee9374b1f0cb2c2-1544107698,True,95222252.0,12.107933678807177,60.001,10207.0,2024-11-05T12:02:08.532586974Z,2024-11-05T12:03:08.533601274Z,all,104857600,9635348.0,90.81101608276367
d0b3872b-b68c-417f-ac20-a9ec83b07a35,5cd6f07f-4f8f-4000-95e1-d118a119392b,worker-4c2b03d2e5d746eb9810c9a783167ff6-1544107698,True,60277772.0,7.6644595855593876,60.002,10219.0,2024-11-05T12:02:08.538672090Z,2024-11-05T12:03:08.541633118Z,all,104857600,44579828.0,57.4853630065918
d0b3872b-b68c-417f-ac20-a9ec83b07a35,5cd6f07f-4f8f-4000-95e1-d118a119392b,worker-9962486dedbd42c687fee22d382823bb-1544107698,True,70984172.0,9.024148995419482,60.013,10214.0,2024-11-05T12:02:08.530288096Z,2024-11-05T12:03:08.543525794Z,all,104857600,33873428.0,67.69578170776367
d0b3872b-b68c-417f-ac20-a9ec83b07a35,5cd6f07f-4f8f-4000-95e1-d118a119392b,worker-25d7fa23621341e791cd37c80f19ab42-1544107698,True,71817932.0,9.131057004124258,60.007,10224.0,2024-11-05T12:02:08.542796439Z,2024-11-05T12:03:08.550086738Z,all,104857600,33039668.0,68.49091720581055
7c626bba-3cbc-4664-a2e6-bfb7834978b5,02844f7a-7290-49ee-9809-c0b6af6c8ae5,worker-f642b5d8750c404e9e46722937e4f008-1544107698,True,89524172.0,11.383587137858074,60.0,10245.0,2024-11-05T11:50:17.475177857Z,2024-11-05T11:51:17.475893833Z,us_east,104857600,15333428.0,85.37690353393555
7c626bba-3cbc-4664-a2e6-bfb7834978b5,02844f7a-7290-49ee-9809-c0b6af6c8ae5,worker-469d1be74e434451bee9374b1f0cb2c2-1544107698,True,87132332.0,11.079448954264324,60.0,10248.0,2024-11-05T11:50:17.480219004Z,2024-11-05T11:51:17.480541368Z,us_east,104857600,17725268.0,83.09586715698242
7c626bba-3cbc-4664-a2e6-bfb7834978b5,02844f7a-7290-49ee-9809-c0b6af6c8ae5,worker-df423fe445d84865b7c7ccf11ddc3705-1544107698,True,81510572.0,10.364259728940024,60.002,10252.0,2024-11-05T11:50:17.479282446Z,2024-11-05T11:51:17.481550045Z,us_east,104857600,23347028.0,77.73453903198242
7c626bba-3cbc-4664-a2e6-bfb7834978b5,02844f7a-7290-49ee-9809-c0b6af6c8ae5,worker-ee5197ad08f448428e08f421f7e1381e-1544107698,True,72427052.0,9.208501582204732,60.007,10257.0,2024-11-05T11:50:17.485831986Z,2024-11-05T11:51:17.493410151Z,us_east,104857600,32430548.0,69.07181930541992
7c626bba-3cbc-4664-a2e6-bfb7834978b5,02844f7a-7290-49ee-9809-c0b6af6c8ae5,worker-25d7fa23621341e791cd37c80f19ab42-1544107698,True,69287852.0,8.809525033011022,60.006,10257.0,2024-11-05T11:50:17.494395263Z,2024-11-05T11:51:17.500946209Z,us_east,104857600,35569748.0,66.07804489135742
7c626bba-3cbc-4664-a2e6-bfb7834978b5,02844f7a-7290-49ee-9809-c0b6af6c8ae5,worker-5bfc4adaa7804defa317918b629be751-1544107698,True,52837292.0,6.718609110514323,60.0,10266.0,2024-11-05T11:50:17.506139888Z,2024-11-05T11:51:17.506574943Z,us_east,104857600,52020308.0,50.38956832885743
7c626bba-3cbc-4664-a2e6-bfb7834978b5,02844f7a-7290-49ee-9809-c0b6af6c8ae5,worker-9962486dedbd42c687fee22d382823bb-1544107698,True,73930412.0,9.39917148818296,60.01,10269.0,2024-11-05T11:50:17.494978978Z,2024-11-05T11:51:17.505451557Z,us_east,104857600,30927188.0,70.50553512573242
7c626bba-3cbc-4664-a2e6-bfb7834978b5,02844f7a-7290-49ee-9809-c0b6af6c8ae5,worker-d4413ddb1306403db433c6b56ce6c8cd-1544107698,True,65232812.0,8.29326055441268,60.011,10269.0,2024-11-05T11:50:17.497275823Z,2024-11-05T11:51:17.508381798Z,us_east,104857600,39624788.0,62.21085739135742
7c626bba-3cbc-4664-a2e6-bfb7834978b5,02844f7a-7290-49ee-9809-c0b6af6c8ae5,worker-72155be8a53c437683491837ec02098e-1544107698,True,72807212.0,9.257915751139324,60.0,10281.0,2024-11-05T11:50:17.509012839Z,2024-11-05T11:51:17.509200425Z,us_east,104857600,32050388.0,69.43436813354492
7c626bba-3cbc-4664-a2e6-bfb7834978b5,02844f7a-7290-49ee-9809-c0b6af6c8ae5,worker-4c2b03d2e5d746eb9810c9a783167ff6-1544107698,True,68183372.0,8.66866379141436,60.009,10273.0,2024-11-05T11:50:17.500774961Z,2024-11-05T11:51:17.510108473Z,us_east,104857600,36674228.0,65.02473068237305
7c626bba-3cbc-4664-a2e6-bfb7834978b5,f96b3600-8b22-41c9-bf56-2483e33ec301,worker-4c2b03d2e5d746eb9810c9a783167ff6-1544107698,True,76565612.0,9.73565876359743,60.001,10187.0,2024-11-05T11:51:37.610688600Z,2024-11-05T11:52:37.612382407Z,us_east,104857600,28291988.0,73.01865768432617
7c626bba-3cbc-4664-a2e6-bfb7834978b5,f96b3600-8b22-41c9-bf56-2483e33ec301,worker-9962486dedbd42c687fee22d382823bb-1544107698,True,82450892.0,10.48382361457092,60.002,10188.0,2024-11-05T11:51:37.614270913Z,2024-11-05T11:52:37.617169813Z,us_east,104857600,22406708.0,78.63129806518555
7c626bba-3cbc-4664-a2e6-bfb7834978b5,f96b3600-8b22-41c9-bf56-2483e33ec301,worker-72155be8a53c437683491837ec02098e-1544107698,True,64433612.0,8.192338216536418,60.006,10189.0,2024-11-05T11:51:37.611965684Z,2024-11-05T11:52:37.618183897Z,us_east,104857600,40423988.0,61.44868087768555
7c626bba-3cbc-4664-a2e6-bfb7834978b5,f96b3600-8b22-41c9-bf56-2483e33ec301,worker-d4413ddb1306403db433c6b56ce6c8cd-1544107698,True,64324172.0,8.176924639418571,60.017,10179.0,2024-11-05T11:51:37.604811527Z,2024-11-05T11:52:37.622678905Z,us_east,104857600,40533428.0,61.34431076049805
7c626bba-3cbc-4664-a2e6-bfb7834978b5,f96b3600-8b22-41c9-bf56-2483e33ec301,worker-469d1be74e434451bee9374b1f0cb2c2-1544107698,True,83038412.0,10.558880106608074,60.0,10203.0,2024-11-05T11:51:37.625091999Z,2024-11-05T11:52:37.625489384Z,us_east,104857600,21819188.0,79.19160079956055
7c626bba-3cbc-4664-a2e6-bfb7834978b5,f96b3600-8b22-41c9-bf56-2483e33ec301,worker-25d7fa23621341e791cd37c80f19ab42-1544107698,True,77449772.0,9.847919518405376,60.002,10188.0,2024-11-05T11:51:37.626461188Z,2024-11-05T11:52:37.629127156Z,us_east,104857600,27407828.0,73.86185836791992
7c626bba-3cbc-4664-a2e6-bfb7834978b5,f96b3600-8b22-41c9-bf56-2483e33ec301,worker-df423fe445d84865b7c7ccf11ddc3705-1544107698,True,77870252.0,9.901549553438432,60.001,10217.0,2024-11-05T11:51:37.639017835Z,2024-11-05T11:52:37.640195159Z,us_east,104857600,26987348.0,74.26285934448242
7c626bba-3cbc-4664-a2e6-bfb7834978b5,f96b3600-8b22-41c9-bf56-2483e33ec301,worker-f642b5d8750c404e9e46722937e4f008-1544107698,True,70061132.0,8.908585145813976,60.001,10222.0,2024-11-05T11:51:37.643830255Z,2024-11-05T11:52:37.645812278Z,us_east,104857600,34796468.0,66.81550216674805
7c626bba-3cbc-4664-a2e6-bfb7834978b5,f96b3600-8b22-41c9-bf56-2483e33ec301,worker-ee5197ad08f448428e08f421f7e1381e-1544107698,True,65323532.0,8.306039762053505,60.002,10228.0,2024-11-05T11:51:37.649449528Z,2024-11-05T11:52:37.651724364Z,us_east,104857600,39534068.0,62.29737472534179
7c626bba-3cbc-4664-a2e6-bfb7834978b5,f96b3600-8b22-41c9-bf56-2483e33ec301,worker-5bfc4adaa7804defa317918b629be751-1544107698,True,55691372.0,7.080344092228119,60.01,10229.0,2024-11-05T11:51:37.653013101Z,2024-11-05T11:52:37.663287896Z,us_east,104857600,49166228.0,53.11143112182617
