job_id,subjob_id,worker_name,ping_error
bd6c9540-117d-498c-8471-7e7e51979971,e8ee33a5-777f-48f9-b116-6d5b89800cfe,worker-5647894a3b164c0b99b2e3e7e3d0aafe-1154004514,Too many packets lost
bd6c9540-117d-498c-8471-7e7e51979971,e8ee33a5-777f-48f9-b116-6d5b89800cfe,worker-2c12f66fe6e746f8a3efb43b5c2fb3ba-1154004514,Too many packets lost
bd6c9540-117d-498c-8471-7e7e51979971,e8ee33a5-777f-48f9-b116-6d5b89800cfe,worker-fd0f000020cb4052b33f7e3ea5937a13-1154004514,Too many packets lost
bd6c9540-117d-498c-8471-7e7e51979971,e8ee33a5-777f-48f9-b116-6d5b89800cfe,worker-9bd4590f3d9d40ae9a5d54bf67212e25-1154004514,Too many packets lost
bd6c9540-117d-498c-8471-7e7e51979971,e8ee33a5-777f-48f9-b116-6d5b89800cfe,worker-5ffb64148f8644fd9d02f132db244968-1154004514,Too many packets lost
bd6c9540-117d-498c-8471-7e7e51979971,e8ee33a5-777f-48f9-b116-6d5b89800cfe,worker-5b1ad99a072c4e09b7082912fa67b24b-1154004514,Too many packets lost
bd6c9540-117d-498c-8471-7e7e51979971,e8ee33a5-777f-48f9-b116-6d5b89800cfe,worker-6ee52c81f0b24e6e976fd5829ee90a4d-1154004514,Too many packets lost
bd6c9540-117d-498c-8471-7e7e51979971,e8ee33a5-777f-48f9-b116-6d5b89800cfe,worker-d9b3f00ee45240f1a58334f4878f8adb-1154004514,Too many packets lost
bd6c9540-117d-498c-8471-7e7e51979971,f388d0bb-eb0e-4191-b23a-9dbfbd6b27b6,worker-5647894a3b164c0b99b2e3e7e3d0aafe-1154004514,Too many packets lost
bd6c9540-117d-498c-8471-7e7e51979971,f388d0bb-eb0e-4191-b23a-9dbfbd6b27b6,worker-fd0f000020cb4052b33f7e3ea5937a13-1154004514,Too many packets lost
bd6c9540-117d-498c-8471-7e7e51979971,f388d0bb-eb0e-4191-b23a-9dbfbd6b27b6,worker-086f34ccd9464d69929b27ffb6e7b546-1154004514,Too many packets lost
bd6c9540-117d-498c-8471-7e7e51979971,f388d0bb-eb0e-4191-b23a-9dbfbd6b27b6,worker-6ee52c81f0b24e6e976fd5829ee90a4d-1154004514,Too many packets lost
bd6c9540-117d-498c-8471-7e7e51979971,f388d0bb-eb0e-4191-b23a-9dbfbd6b27b6,worker-2c12f66fe6e746f8a3efb43b5c2fb3ba-1154004514,Too many packets lost
bd6c9540-117d-498c-8471-7e7e51979971,f388d0bb-eb0e-4191-b23a-9dbfbd6b27b6,worker-d9b3f00ee45240f1a58334f4878f8adb-1154004514,Too many packets lost
bd6c9540-117d-498c-8471-7e7e51979971,f388d0bb-eb0e-4191-b23a-9dbfbd6b27b6,worker-9bd4590f3d9d40ae9a5d54bf67212e25-1154004514,Too many packets lost
bd6c9540-117d-498c-8471-7e7e51979971,f388d0bb-eb0e-4191-b23a-9dbfbd6b27b6,worker-5ffb64148f8644fd9d02f132db244968-1154004514,Too many packets lost
bd6c9540-117d-498c-8471-7e7e51979971,f388d0bb-eb0e-4191-b23a-9dbfbd6b27b6,worker-5b1ad99a072c4e09b7082912fa67b24b-1154004514,Too many packets lost
bd6c9540-117d-498c-8471-7e7e51979971,f388d0bb-eb0e-4191-b23a-9dbfbd6b27b6,worker-2acdd506b6204069b2aea71772d72d55-1154004514,Too many packets lost
8a4238ad-6b9e-4959-8105-784c0659f6fe,5d48b120-8b3e-484c-bee0-c80a8f58e5b0,worker-fbb1d2cb30dc4a4b9bc80db32a9fda6d-1154004514,Too many packets lost
8a4238ad-6b9e-4959-8105-784c0659f6fe,303979f8-7f32-49cf-a6de-29e1e2576b86,worker-bb0ce4a0fdf94e5ea20fe036976743bc-1154004514,Too many packets lost
8a4238ad-6b9e-4959-8105-784c0659f6fe,303979f8-7f32-49cf-a6de-29e1e2576b86,worker-f077424b13794522a0e1a5734d24f216-1154004514,Too many packets lost
8a4238ad-6b9e-4959-8105-784c0659f6fe,303979f8-7f32-49cf-a6de-29e1e2576b86,worker-6cbfc188b00d4a7995418e1ab8fb24d5-1154004514,Too many packets lost
8a4238ad-6b9e-4959-8105-784c0659f6fe,303979f8-7f32-49cf-a6de-29e1e2576b86,worker-2b6115db204345f08b81fd5e1a52b439-1154004514,Too many packets lost
8a4238ad-6b9e-4959-8105-784c0659f6fe,303979f8-7f32-49cf-a6de-29e1e2576b86,worker-505c682c914b43fe8bde55065bd3743a-1154004514,Too many packets lost
8a4238ad-6b9e-4959-8105-784c0659f6fe,303979f8-7f32-49cf-a6de-29e1e2576b86,worker-a314a92bb22948639c9525b0432b66ba-1154004514,Too many packets lost
8a4238ad-6b9e-4959-8105-784c0659f6fe,303979f8-7f32-49cf-a6de-29e1e2576b86,worker-4c439972e7864fb4af9d4e125e79c8a6-1154004514,Too many packets lost
8a4238ad-6b9e-4959-8105-784c0659f6fe,303979f8-7f32-49cf-a6de-29e1e2576b86,worker-fbb1d2cb30dc4a4b9bc80db32a9fda6d-1154004514,Too many packets lost
8a4238ad-6b9e-4959-8105-784c0659f6fe,9cfebe39-6b65-4e82-b09a-b027a777f2fc,worker-032318152a1142d2901db006a8c3f6aa-1154004514,Too many packets lost
8a4238ad-6b9e-4959-8105-784c0659f6fe,9cfebe39-6b65-4e82-b09a-b027a777f2fc,worker-6cbfc188b00d4a7995418e1ab8fb24d5-1154004514,Too many packets lost
8a4238ad-6b9e-4959-8105-784c0659f6fe,9cfebe39-6b65-4e82-b09a-b027a777f2fc,worker-505c682c914b43fe8bde55065bd3743a-1154004514,Too many packets lost
8a4238ad-6b9e-4959-8105-784c0659f6fe,9cfebe39-6b65-4e82-b09a-b027a777f2fc,worker-bb0ce4a0fdf94e5ea20fe036976743bc-1154004514,Too many packets lost
8a4238ad-6b9e-4959-8105-784c0659f6fe,9cfebe39-6b65-4e82-b09a-b027a777f2fc,worker-4c439972e7864fb4af9d4e125e79c8a6-1154004514,Too many packets lost
8a4238ad-6b9e-4959-8105-784c0659f6fe,9cfebe39-6b65-4e82-b09a-b027a777f2fc,worker-fbb1d2cb30dc4a4b9bc80db32a9fda6d-1154004514,Too many packets lost
8a4238ad-6b9e-4959-8105-784c0659f6fe,9cfebe39-6b65-4e82-b09a-b027a777f2fc,worker-07b0fd8da99c48afa78450aa570912b9-1154004514,Too many packets lost
8a4238ad-6b9e-4959-8105-784c0659f6fe,9cfebe39-6b65-4e82-b09a-b027a777f2fc,worker-2b6115db204345f08b81fd5e1a52b439-1154004514,Too many packets lost
8a4238ad-6b9e-4959-8105-784c0659f6fe,9cfebe39-6b65-4e82-b09a-b027a777f2fc,worker-f077424b13794522a0e1a5734d24f216-1154004514,Too many packets lost
8a4238ad-6b9e-4959-8105-784c0659f6fe,9cfebe39-6b65-4e82-b09a-b027a777f2fc,worker-a314a92bb22948639c9525b0432b66ba-1154004514,Too many packets lost
37333d94-3012-4bcc-9bfd-4d15873af31b,d835600e-9215-4641-9ed0-50a9b11c926a,worker-f70687a33e7c40598acd2484435ce2e7-1154004514,Too many packets lost
37333d94-3012-4bcc-9bfd-4d15873af31b,2f031337-e8ab-4676-96f1-bea5d72c80c1,worker-c375345dd7c24e078b710cf1c48dc5d9-1154004514,Too many packets lost
37333d94-3012-4bcc-9bfd-4d15873af31b,2f031337-e8ab-4676-96f1-bea5d72c80c1,worker-f55837092fc04db7a7dd2c0457f88e3f-1154004514,Too many packets lost
37333d94-3012-4bcc-9bfd-4d15873af31b,2f031337-e8ab-4676-96f1-bea5d72c80c1,worker-32d691bb456f487f80f6bc8d860641f4-1154004514,Too many packets lost
37333d94-3012-4bcc-9bfd-4d15873af31b,2f031337-e8ab-4676-96f1-bea5d72c80c1,worker-a70baa1a3c184f8b81e4ccd8b84251f3-1154004514,Too many packets lost
37333d94-3012-4bcc-9bfd-4d15873af31b,2f031337-e8ab-4676-96f1-bea5d72c80c1,worker-df53e1db18a640ea89384a397db29ea3-1154004514,Too many packets lost
37333d94-3012-4bcc-9bfd-4d15873af31b,2f031337-e8ab-4676-96f1-bea5d72c80c1,worker-ca7d9b2766694046a27dd55ca44e0073-1154004514,Too many packets lost
37333d94-3012-4bcc-9bfd-4d15873af31b,2f031337-e8ab-4676-96f1-bea5d72c80c1,worker-f70687a33e7c40598acd2484435ce2e7-1154004514,Too many packets lost
37333d94-3012-4bcc-9bfd-4d15873af31b,2f031337-e8ab-4676-96f1-bea5d72c80c1,worker-5632c4fc6ba949db8723b00b1e2f1e0d-1154004514,Too many packets lost
37333d94-3012-4bcc-9bfd-4d15873af31b,5ac2a361-c4f0-4522-9892-76e64fa473cd,worker-c375345dd7c24e078b710cf1c48dc5d9-1154004514,Too many packets lost
37333d94-3012-4bcc-9bfd-4d15873af31b,5ac2a361-c4f0-4522-9892-76e64fa473cd,worker-04e25da58a43454ab87268a633a584ed-1154004514,Too many packets lost
37333d94-3012-4bcc-9bfd-4d15873af31b,5ac2a361-c4f0-4522-9892-76e64fa473cd,worker-f70687a33e7c40598acd2484435ce2e7-1154004514,Too many packets lost
37333d94-3012-4bcc-9bfd-4d15873af31b,5ac2a361-c4f0-4522-9892-76e64fa473cd,worker-5632c4fc6ba949db8723b00b1e2f1e0d-1154004514,Too many packets lost
37333d94-3012-4bcc-9bfd-4d15873af31b,5ac2a361-c4f0-4522-9892-76e64fa473cd,worker-ca7d9b2766694046a27dd55ca44e0073-1154004514,Too many packets lost
37333d94-3012-4bcc-9bfd-4d15873af31b,5ac2a361-c4f0-4522-9892-76e64fa473cd,worker-22f36f863a594252886c4e8682536833-1154004514,Too many packets lost
37333d94-3012-4bcc-9bfd-4d15873af31b,5ac2a361-c4f0-4522-9892-76e64fa473cd,worker-f55837092fc04db7a7dd2c0457f88e3f-1154004514,Too many packets lost
37333d94-3012-4bcc-9bfd-4d15873af31b,5ac2a361-c4f0-4522-9892-76e64fa473cd,worker-a70baa1a3c184f8b81e4ccd8b84251f3-1154004514,Too many packets lost
37333d94-3012-4bcc-9bfd-4d15873af31b,5ac2a361-c4f0-4522-9892-76e64fa473cd,worker-df53e1db18a640ea89384a397db29ea3-1154004514,Too many packets lost
37333d94-3012-4bcc-9bfd-4d15873af31b,5ac2a361-c4f0-4522-9892-76e64fa473cd,worker-32d691bb456f487f80f6bc8d860641f4-1154004514,Too many packets lost
e6d3cdac-31bf-4908-a83d-9419882d3f98,ae373666-6f39-46fb-b038-932a3f72e3d0,worker-40b303f273234cbdacdd89970e803e00-1154004514,Too many packets lost
e6d3cdac-31bf-4908-a83d-9419882d3f98,36ecf46d-7042-4d2a-b4e5-b15756bb7cf1,worker-a12ce84ac52f4fc2a04ab676821e7ae9-1154004514,Too many packets lost
e6d3cdac-31bf-4908-a83d-9419882d3f98,36ecf46d-7042-4d2a-b4e5-b15756bb7cf1,worker-f6c80973f7e34fd3ba0bc0efab427379-1154004514,Too many packets lost
e6d3cdac-31bf-4908-a83d-9419882d3f98,36ecf46d-7042-4d2a-b4e5-b15756bb7cf1,worker-ef503e26862b43cc82faf60d081e3c34-1154004514,Too many packets lost
e6d3cdac-31bf-4908-a83d-9419882d3f98,36ecf46d-7042-4d2a-b4e5-b15756bb7cf1,worker-8437459d691b4be0a0a210b087660aaf-1154004514,Too many packets lost
e6d3cdac-31bf-4908-a83d-9419882d3f98,36ecf46d-7042-4d2a-b4e5-b15756bb7cf1,worker-40b303f273234cbdacdd89970e803e00-1154004514,Too many packets lost
e6d3cdac-31bf-4908-a83d-9419882d3f98,36ecf46d-7042-4d2a-b4e5-b15756bb7cf1,worker-2a30b41b0b10414d8e9b69708ebe48ec-1154004514,Too many packets lost
e6d3cdac-31bf-4908-a83d-9419882d3f98,36ecf46d-7042-4d2a-b4e5-b15756bb7cf1,worker-0ca2f0586c2b4a80858c67d426638ce3-1154004514,Too many packets lost
e6d3cdac-31bf-4908-a83d-9419882d3f98,36ecf46d-7042-4d2a-b4e5-b15756bb7cf1,worker-a4d8321d78fb403796f57e023694413c-1154004514,Too many packets lost
e6d3cdac-31bf-4908-a83d-9419882d3f98,9f554205-d98a-4ee2-9874-2991cd94d3be,worker-a12ce84ac52f4fc2a04ab676821e7ae9-1154004514,Too many packets lost
e6d3cdac-31bf-4908-a83d-9419882d3f98,9f554205-d98a-4ee2-9874-2991cd94d3be,worker-f6c80973f7e34fd3ba0bc0efab427379-1154004514,Too many packets lost
e6d3cdac-31bf-4908-a83d-9419882d3f98,9f554205-d98a-4ee2-9874-2991cd94d3be,worker-2a30b41b0b10414d8e9b69708ebe48ec-1154004514,Too many packets lost
e6d3cdac-31bf-4908-a83d-9419882d3f98,9f554205-d98a-4ee2-9874-2991cd94d3be,worker-0ca2f0586c2b4a80858c67d426638ce3-1154004514,Too many packets lost
e6d3cdac-31bf-4908-a83d-9419882d3f98,9f554205-d98a-4ee2-9874-2991cd94d3be,worker-ef503e26862b43cc82faf60d081e3c34-1154004514,Too many packets lost
e6d3cdac-31bf-4908-a83d-9419882d3f98,9f554205-d98a-4ee2-9874-2991cd94d3be,worker-f189721b435d4529bd54be791b2af72c-1154004514,Too many packets lost
e6d3cdac-31bf-4908-a83d-9419882d3f98,9f554205-d98a-4ee2-9874-2991cd94d3be,worker-8437459d691b4be0a0a210b087660aaf-1154004514,Too many packets lost
e6d3cdac-31bf-4908-a83d-9419882d3f98,9f554205-d98a-4ee2-9874-2991cd94d3be,worker-93112956fa7b4b82af17cb5c0f417ea5-1154004514,Too many packets lost
e6d3cdac-31bf-4908-a83d-9419882d3f98,9f554205-d98a-4ee2-9874-2991cd94d3be,worker-40b303f273234cbdacdd89970e803e00-1154004514,Too many packets lost
e6d3cdac-31bf-4908-a83d-9419882d3f98,9f554205-d98a-4ee2-9874-2991cd94d3be,worker-a4d8321d78fb403796f57e023694413c-1154004514,Too many packets lost
eaae21ad-1c17-445e-8662-d29aa242b085,dc3bcae5-b074-445f-8951-32aff7aaa0bb,worker-ef503e26862b43cc82faf60d081e3c34-1154004514,Too many packets lost
eaae21ad-1c17-445e-8662-d29aa242b085,ad55438a-6f3e-44c8-b9fe-64cb5d8a7338,worker-f6c80973f7e34fd3ba0bc0efab427379-1154004514,Too many packets lost
eaae21ad-1c17-445e-8662-d29aa242b085,ad55438a-6f3e-44c8-b9fe-64cb5d8a7338,worker-0ca2f0586c2b4a80858c67d426638ce3-1154004514,Too many packets lost
eaae21ad-1c17-445e-8662-d29aa242b085,ad55438a-6f3e-44c8-b9fe-64cb5d8a7338,worker-ef503e26862b43cc82faf60d081e3c34-1154004514,Too many packets lost
eaae21ad-1c17-445e-8662-d29aa242b085,ad55438a-6f3e-44c8-b9fe-64cb5d8a7338,worker-93112956fa7b4b82af17cb5c0f417ea5-1154004514,Too many packets lost
eaae21ad-1c17-445e-8662-d29aa242b085,ad55438a-6f3e-44c8-b9fe-64cb5d8a7338,worker-a12ce84ac52f4fc2a04ab676821e7ae9-1154004514,Too many packets lost
eaae21ad-1c17-445e-8662-d29aa242b085,ad55438a-6f3e-44c8-b9fe-64cb5d8a7338,worker-f189721b435d4529bd54be791b2af72c-1154004514,Too many packets lost
eaae21ad-1c17-445e-8662-d29aa242b085,ad55438a-6f3e-44c8-b9fe-64cb5d8a7338,worker-a4d8321d78fb403796f57e023694413c-1154004514,Too many packets lost
eaae21ad-1c17-445e-8662-d29aa242b085,ad55438a-6f3e-44c8-b9fe-64cb5d8a7338,worker-40b303f273234cbdacdd89970e803e00-1154004514,Too many packets lost
eaae21ad-1c17-445e-8662-d29aa242b085,9dbe34ea-f164-4238-a664-8cce5a403a69,worker-f6c80973f7e34fd3ba0bc0efab427379-1154004514,Too many packets lost
eaae21ad-1c17-445e-8662-d29aa242b085,9dbe34ea-f164-4238-a664-8cce5a403a69,worker-0ca2f0586c2b4a80858c67d426638ce3-1154004514,Too many packets lost
eaae21ad-1c17-445e-8662-d29aa242b085,9dbe34ea-f164-4238-a664-8cce5a403a69,worker-93112956fa7b4b82af17cb5c0f417ea5-1154004514,Too many packets lost
eaae21ad-1c17-445e-8662-d29aa242b085,9dbe34ea-f164-4238-a664-8cce5a403a69,worker-40b303f273234cbdacdd89970e803e00-1154004514,Too many packets lost
eaae21ad-1c17-445e-8662-d29aa242b085,9dbe34ea-f164-4238-a664-8cce5a403a69,worker-ef503e26862b43cc82faf60d081e3c34-1154004514,Too many packets lost
eaae21ad-1c17-445e-8662-d29aa242b085,9dbe34ea-f164-4238-a664-8cce5a403a69,worker-a4d8321d78fb403796f57e023694413c-1154004514,Too many packets lost
eaae21ad-1c17-445e-8662-d29aa242b085,9dbe34ea-f164-4238-a664-8cce5a403a69,worker-a12ce84ac52f4fc2a04ab676821e7ae9-1154004514,Too many packets lost
eaae21ad-1c17-445e-8662-d29aa242b085,9dbe34ea-f164-4238-a664-8cce5a403a69,worker-2a30b41b0b10414d8e9b69708ebe48ec-1154004514,Too many packets lost
eaae21ad-1c17-445e-8662-d29aa242b085,9dbe34ea-f164-4238-a664-8cce5a403a69,worker-8437459d691b4be0a0a210b087660aaf-1154004514,Too many packets lost
eaae21ad-1c17-445e-8662-d29aa242b085,9dbe34ea-f164-4238-a664-8cce5a403a69,worker-f189721b435d4529bd54be791b2af72c-1154004514,Too many packets lost
041b3bbb-48e7-4ee1-8254-2218698ea01e,f8f3ceb0-cbc0-4a7c-983b-8d5bb0cb7c0a,worker-bddfc838ab094c178f20d3657dc1c48c-1154004514,Too many packets lost
041b3bbb-48e7-4ee1-8254-2218698ea01e,0c83fb84-1ada-4629-a142-6e5a648e5df8,worker-bddfc838ab094c178f20d3657dc1c48c-1154004514,Too many packets lost
041b3bbb-48e7-4ee1-8254-2218698ea01e,0c83fb84-1ada-4629-a142-6e5a648e5df8,worker-a06c5afc852247e2a17c2da5394eda84-1154004514,Too many packets lost
041b3bbb-48e7-4ee1-8254-2218698ea01e,0c83fb84-1ada-4629-a142-6e5a648e5df8,worker-17818100cc1f4e4d94c2166cd94a1bc6-1154004514,Too many packets lost
041b3bbb-48e7-4ee1-8254-2218698ea01e,0c83fb84-1ada-4629-a142-6e5a648e5df8,worker-ca82038a31cf45debdb15be4ef249d19-1154004514,Too many packets lost
041b3bbb-48e7-4ee1-8254-2218698ea01e,0c83fb84-1ada-4629-a142-6e5a648e5df8,worker-600a5fd23da84bfc8aad1e67fd5f03e6-1154004514,Too many packets lost
041b3bbb-48e7-4ee1-8254-2218698ea01e,0c83fb84-1ada-4629-a142-6e5a648e5df8,worker-1e1422da7bea41d492025e996fb6521c-1154004514,Too many packets lost
041b3bbb-48e7-4ee1-8254-2218698ea01e,0c83fb84-1ada-4629-a142-6e5a648e5df8,worker-5a5af54d31a54113a747129d7e8d60c8-1154004514,Too many packets lost
041b3bbb-48e7-4ee1-8254-2218698ea01e,0c83fb84-1ada-4629-a142-6e5a648e5df8,worker-9824d29e10fd490baf2b63fe853a8f9b-1154004514,Too many packets lost
041b3bbb-48e7-4ee1-8254-2218698ea01e,1a50dc56-eb14-4af2-a734-92eacf473633,worker-5a5af54d31a54113a747129d7e8d60c8-1154004514,Too many packets lost
041b3bbb-48e7-4ee1-8254-2218698ea01e,1a50dc56-eb14-4af2-a734-92eacf473633,worker-bddfc838ab094c178f20d3657dc1c48c-1154004514,Too many packets lost
041b3bbb-48e7-4ee1-8254-2218698ea01e,1a50dc56-eb14-4af2-a734-92eacf473633,worker-17818100cc1f4e4d94c2166cd94a1bc6-1154004514,Too many packets lost
041b3bbb-48e7-4ee1-8254-2218698ea01e,1a50dc56-eb14-4af2-a734-92eacf473633,worker-7e6e6d15a8b64727bffa78bb79c03b56-1154004514,Too many packets lost
041b3bbb-48e7-4ee1-8254-2218698ea01e,1a50dc56-eb14-4af2-a734-92eacf473633,worker-1e1422da7bea41d492025e996fb6521c-1154004514,Too many packets lost
041b3bbb-48e7-4ee1-8254-2218698ea01e,1a50dc56-eb14-4af2-a734-92eacf473633,worker-a06c5afc852247e2a17c2da5394eda84-1154004514,Too many packets lost
041b3bbb-48e7-4ee1-8254-2218698ea01e,1a50dc56-eb14-4af2-a734-92eacf473633,worker-9824d29e10fd490baf2b63fe853a8f9b-1154004514,Too many packets lost
041b3bbb-48e7-4ee1-8254-2218698ea01e,1a50dc56-eb14-4af2-a734-92eacf473633,worker-ca82038a31cf45debdb15be4ef249d19-1154004514,Too many packets lost
041b3bbb-48e7-4ee1-8254-2218698ea01e,1a50dc56-eb14-4af2-a734-92eacf473633,worker-600a5fd23da84bfc8aad1e67fd5f03e6-1154004514,Too many packets lost
041b3bbb-48e7-4ee1-8254-2218698ea01e,1a50dc56-eb14-4af2-a734-92eacf473633,worker-fe4e3bb44fd04377afcb2a47a3d1ebea-1154004514,Too many packets lost
4e39288f-028a-4649-8ddc-2846acceb89e,83fad3b0-81b4-4548-80f1-cde88ce8c944,worker-bddfc838ab094c178f20d3657dc1c48c-1154004514,Too many packets lost
4e39288f-028a-4649-8ddc-2846acceb89e,ac5da2a6-ac1b-4f45-bd82-00bfb001d84a,worker-600a5fd23da84bfc8aad1e67fd5f03e6-1154004514,Too many packets lost
4e39288f-028a-4649-8ddc-2846acceb89e,ac5da2a6-ac1b-4f45-bd82-00bfb001d84a,worker-9824d29e10fd490baf2b63fe853a8f9b-1154004514,Too many packets lost
4e39288f-028a-4649-8ddc-2846acceb89e,ac5da2a6-ac1b-4f45-bd82-00bfb001d84a,worker-ca82038a31cf45debdb15be4ef249d19-1154004514,Too many packets lost
4e39288f-028a-4649-8ddc-2846acceb89e,ac5da2a6-ac1b-4f45-bd82-00bfb001d84a,worker-17818100cc1f4e4d94c2166cd94a1bc6-1154004514,Too many packets lost
4e39288f-028a-4649-8ddc-2846acceb89e,ac5da2a6-ac1b-4f45-bd82-00bfb001d84a,worker-fe4e3bb44fd04377afcb2a47a3d1ebea-1154004514,Too many packets lost
4e39288f-028a-4649-8ddc-2846acceb89e,ac5da2a6-ac1b-4f45-bd82-00bfb001d84a,worker-bddfc838ab094c178f20d3657dc1c48c-1154004514,Too many packets lost
4e39288f-028a-4649-8ddc-2846acceb89e,ac5da2a6-ac1b-4f45-bd82-00bfb001d84a,worker-a06c5afc852247e2a17c2da5394eda84-1154004514,Too many packets lost
4e39288f-028a-4649-8ddc-2846acceb89e,ac5da2a6-ac1b-4f45-bd82-00bfb001d84a,worker-5a5af54d31a54113a747129d7e8d60c8-1154004514,Too many packets lost
4e39288f-028a-4649-8ddc-2846acceb89e,0d7afd25-323b-4832-8626-df72dc3f9b3f,worker-7e6e6d15a8b64727bffa78bb79c03b56-1154004514,Too many packets lost
4e39288f-028a-4649-8ddc-2846acceb89e,0d7afd25-323b-4832-8626-df72dc3f9b3f,worker-600a5fd23da84bfc8aad1e67fd5f03e6-1154004514,Too many packets lost
4e39288f-028a-4649-8ddc-2846acceb89e,0d7afd25-323b-4832-8626-df72dc3f9b3f,worker-17818100cc1f4e4d94c2166cd94a1bc6-1154004514,Too many packets lost
4e39288f-028a-4649-8ddc-2846acceb89e,0d7afd25-323b-4832-8626-df72dc3f9b3f,worker-fe4e3bb44fd04377afcb2a47a3d1ebea-1154004514,Too many packets lost
4e39288f-028a-4649-8ddc-2846acceb89e,0d7afd25-323b-4832-8626-df72dc3f9b3f,worker-ca82038a31cf45debdb15be4ef249d19-1154004514,Too many packets lost
4e39288f-028a-4649-8ddc-2846acceb89e,0d7afd25-323b-4832-8626-df72dc3f9b3f,worker-1e1422da7bea41d492025e996fb6521c-1154004514,Too many packets lost
4e39288f-028a-4649-8ddc-2846acceb89e,0d7afd25-323b-4832-8626-df72dc3f9b3f,worker-9824d29e10fd490baf2b63fe853a8f9b-1154004514,Too many packets lost
4e39288f-028a-4649-8ddc-2846acceb89e,0d7afd25-323b-4832-8626-df72dc3f9b3f,worker-bddfc838ab094c178f20d3657dc1c48c-1154004514,Too many packets lost
4e39288f-028a-4649-8ddc-2846acceb89e,0d7afd25-323b-4832-8626-df72dc3f9b3f,worker-a06c5afc852247e2a17c2da5394eda84-1154004514,Too many packets lost
4e39288f-028a-4649-8ddc-2846acceb89e,0d7afd25-323b-4832-8626-df72dc3f9b3f,worker-5a5af54d31a54113a747129d7e8d60c8-1154004514,Too many packets lost
bfc91625-a85a-4806-b066-54b6cf5d9acd,29e8616c-ab31-4c49-89f2-b014f89dad61,worker-f01aa71d93794e289e3f25523ec87134-1544107698,Start time is in the past
bfc91625-a85a-4806-b066-54b6cf5d9acd,29e8616c-ab31-4c49-89f2-b014f89dad61,worker-52cfdbba7ea848659d186584dfbb4ff1-1544107698,Start time is in the past
bfc91625-a85a-4806-b066-54b6cf5d9acd,29e8616c-ab31-4c49-89f2-b014f89dad61,worker-4c0e56d2ac0a480aa5940fa72ef1909b-1544107698,Start time is in the past
bfc91625-a85a-4806-b066-54b6cf5d9acd,29e8616c-ab31-4c49-89f2-b014f89dad61,worker-15069dba5e4e4e1f93576e6306aca031-1544107698,Start time is in the past
bfc91625-a85a-4806-b066-54b6cf5d9acd,29e8616c-ab31-4c49-89f2-b014f89dad61,worker-7ca55cea995047d281b1dbe3ca04ab1c-1544107698,Start time is in the past
bfc91625-a85a-4806-b066-54b6cf5d9acd,29e8616c-ab31-4c49-89f2-b014f89dad61,worker-1e899f60f79c4b00aae252663db138ac-1544107698,Start time is in the past
bfc91625-a85a-4806-b066-54b6cf5d9acd,29e8616c-ab31-4c49-89f2-b014f89dad61,worker-2f8b07d6a56240d98fcbc116404e2df4-1544107698,Start time is in the past
bfc91625-a85a-4806-b066-54b6cf5d9acd,29e8616c-ab31-4c49-89f2-b014f89dad61,worker-51a23d7066cd4c4ebb69c798d9531868-1544107698,Start time is in the past
17a8e3b2-e096-4950-9771-a8b9f7cbbd7f,e77cf1ba-4e98-40e3-aa61-eddb8b065fc8,worker-82a3d4ab42a74972a3da044c00a4d6b7-1544107698,Start time is in the past
17a8e3b2-e096-4950-9771-a8b9f7cbbd7f,e77cf1ba-4e98-40e3-aa61-eddb8b065fc8,worker-e40ade6969a840399d939e1435de2af7-1544107698,Start time is in the past
17a8e3b2-e096-4950-9771-a8b9f7cbbd7f,e77cf1ba-4e98-40e3-aa61-eddb8b065fc8,worker-16cf85fb692f424f962ae98f4d106eb4-1544107698,Start time is in the past
17a8e3b2-e096-4950-9771-a8b9f7cbbd7f,e77cf1ba-4e98-40e3-aa61-eddb8b065fc8,worker-cdef91fc42bd487fb0a0f53977d97aa0-1544107698,Start time is in the past
40f92fe0-aa82-402f-8fce-9486841745aa,a8c391d3-767a-46d3-a6fc-7f5ab43749d4,worker-82bc56ba50f947e88a2af6c26facc860-1544107698,Too many packets lost
40f92fe0-aa82-402f-8fce-9486841745aa,fcdd8b6c-1e1d-4714-87ba-dbbe94bbfe46,worker-2bb55820e08d4b73b33a984e3dc33631-1544107698,Too many packets lost
40f92fe0-aa82-402f-8fce-9486841745aa,fcdd8b6c-1e1d-4714-87ba-dbbe94bbfe46,worker-7501fb23976a4df39f97f2c6e1595f7e-1544107698,Too many packets lost
40f92fe0-aa82-402f-8fce-9486841745aa,fcdd8b6c-1e1d-4714-87ba-dbbe94bbfe46,worker-3ab9affb0bd14884bf828e32075df7d5-1544107698,Too many packets lost
40f92fe0-aa82-402f-8fce-9486841745aa,fcdd8b6c-1e1d-4714-87ba-dbbe94bbfe46,worker-0fe89cf787324cf48d221ebef7a57aa0-1544107698,Too many packets lost
40f92fe0-aa82-402f-8fce-9486841745aa,fcdd8b6c-1e1d-4714-87ba-dbbe94bbfe46,worker-6994a2026c6b42309660a689e7134c40-1544107698,Too many packets lost
40f92fe0-aa82-402f-8fce-9486841745aa,fcdd8b6c-1e1d-4714-87ba-dbbe94bbfe46,worker-e103e2eb381f41e7a34a107b0fa63ea1-1544107698,Too many packets lost
40f92fe0-aa82-402f-8fce-9486841745aa,fcdd8b6c-1e1d-4714-87ba-dbbe94bbfe46,worker-d1ff53d716f142f5ba87ab2116f72493-1544107698,Too many packets lost
40f92fe0-aa82-402f-8fce-9486841745aa,fcdd8b6c-1e1d-4714-87ba-dbbe94bbfe46,worker-82bc56ba50f947e88a2af6c26facc860-1544107698,Too many packets lost
40f92fe0-aa82-402f-8fce-9486841745aa,43ee8332-acdb-465f-be2d-c2779979d1af,worker-6994a2026c6b42309660a689e7134c40-1544107698,Too many packets lost
40f92fe0-aa82-402f-8fce-9486841745aa,43ee8332-acdb-465f-be2d-c2779979d1af,worker-0fe89cf787324cf48d221ebef7a57aa0-1544107698,Too many packets lost
40f92fe0-aa82-402f-8fce-9486841745aa,43ee8332-acdb-465f-be2d-c2779979d1af,worker-3ab9affb0bd14884bf828e32075df7d5-1544107698,Too many packets lost
40f92fe0-aa82-402f-8fce-9486841745aa,43ee8332-acdb-465f-be2d-c2779979d1af,worker-2bb55820e08d4b73b33a984e3dc33631-1544107698,Too many packets lost
40f92fe0-aa82-402f-8fce-9486841745aa,43ee8332-acdb-465f-be2d-c2779979d1af,worker-d2b73c00c10042c5b46b0c38cd746a29-1544107698,Too many packets lost
40f92fe0-aa82-402f-8fce-9486841745aa,43ee8332-acdb-465f-be2d-c2779979d1af,worker-e103e2eb381f41e7a34a107b0fa63ea1-1544107698,Too many packets lost
40f92fe0-aa82-402f-8fce-9486841745aa,43ee8332-acdb-465f-be2d-c2779979d1af,worker-7501fb23976a4df39f97f2c6e1595f7e-1544107698,Too many packets lost
40f92fe0-aa82-402f-8fce-9486841745aa,43ee8332-acdb-465f-be2d-c2779979d1af,worker-cec6abfb88e24b0bb4fc30086c4bedd7-1544107698,Too many packets lost
40f92fe0-aa82-402f-8fce-9486841745aa,43ee8332-acdb-465f-be2d-c2779979d1af,worker-82bc56ba50f947e88a2af6c26facc860-1544107698,Too many packets lost
40f92fe0-aa82-402f-8fce-9486841745aa,43ee8332-acdb-465f-be2d-c2779979d1af,worker-d1ff53d716f142f5ba87ab2116f72493-1544107698,Too many packets lost
f6f76215-da14-4f20-872c-8a890bf9aaad,21bf35ec-94e3-48f4-ba8b-30fef1983681,worker-bd0e90f8cfc34b56a88d3ffef54df0aa-1544107698,Too many packets lost
f6f76215-da14-4f20-872c-8a890bf9aaad,bafa95e1-0d90-4f71-aa04-0e1ea092462e,worker-3ac03f864f024837b456c7c0fc6d4c3e-1544107698,Too many packets lost
f6f76215-da14-4f20-872c-8a890bf9aaad,bafa95e1-0d90-4f71-aa04-0e1ea092462e,worker-b34593b2e8884a15bb1e68287655209f-1544107698,Too many packets lost
f6f76215-da14-4f20-872c-8a890bf9aaad,bafa95e1-0d90-4f71-aa04-0e1ea092462e,worker-0bc923d592cf4923ac745547a2575c8a-1544107698,Too many packets lost
f6f76215-da14-4f20-872c-8a890bf9aaad,bafa95e1-0d90-4f71-aa04-0e1ea092462e,worker-0d969b026759411dae564de798730659-1544107698,Too many packets lost
f6f76215-da14-4f20-872c-8a890bf9aaad,bafa95e1-0d90-4f71-aa04-0e1ea092462e,worker-61cd8ec6daaf494d97fb8d41a3b73be0-1544107698,Too many packets lost
f6f76215-da14-4f20-872c-8a890bf9aaad,bafa95e1-0d90-4f71-aa04-0e1ea092462e,worker-bd0e90f8cfc34b56a88d3ffef54df0aa-1544107698,Too many packets lost
f6f76215-da14-4f20-872c-8a890bf9aaad,bafa95e1-0d90-4f71-aa04-0e1ea092462e,worker-50d1cc4b17064a848d27b7e7aa902ccd-1544107698,Too many packets lost
f6f76215-da14-4f20-872c-8a890bf9aaad,bafa95e1-0d90-4f71-aa04-0e1ea092462e,worker-22d212959fda4b9a8190cfa016a60fa6-1544107698,Too many packets lost
f6f76215-da14-4f20-872c-8a890bf9aaad,879d1cb2-9800-4663-a9b6-4aa27d92815a,worker-22d212959fda4b9a8190cfa016a60fa6-1544107698,Too many packets lost
f6f76215-da14-4f20-872c-8a890bf9aaad,879d1cb2-9800-4663-a9b6-4aa27d92815a,worker-61cd8ec6daaf494d97fb8d41a3b73be0-1544107698,Too many packets lost
f6f76215-da14-4f20-872c-8a890bf9aaad,879d1cb2-9800-4663-a9b6-4aa27d92815a,worker-f1ee4ce68fb1439992d26a174e7c888d-1544107698,Too many packets lost
f6f76215-da14-4f20-872c-8a890bf9aaad,879d1cb2-9800-4663-a9b6-4aa27d92815a,worker-0bc923d592cf4923ac745547a2575c8a-1544107698,Too many packets lost
f6f76215-da14-4f20-872c-8a890bf9aaad,879d1cb2-9800-4663-a9b6-4aa27d92815a,worker-2e9760ff2c324641afbcbdd42cd97ec9-1544107698,Too many packets lost
f6f76215-da14-4f20-872c-8a890bf9aaad,879d1cb2-9800-4663-a9b6-4aa27d92815a,worker-bd0e90f8cfc34b56a88d3ffef54df0aa-1544107698,Too many packets lost
f6f76215-da14-4f20-872c-8a890bf9aaad,879d1cb2-9800-4663-a9b6-4aa27d92815a,worker-3ac03f864f024837b456c7c0fc6d4c3e-1544107698,Too many packets lost
f6f76215-da14-4f20-872c-8a890bf9aaad,879d1cb2-9800-4663-a9b6-4aa27d92815a,worker-b34593b2e8884a15bb1e68287655209f-1544107698,Too many packets lost
f6f76215-da14-4f20-872c-8a890bf9aaad,879d1cb2-9800-4663-a9b6-4aa27d92815a,worker-50d1cc4b17064a848d27b7e7aa902ccd-1544107698,Too many packets lost
f6f76215-da14-4f20-872c-8a890bf9aaad,879d1cb2-9800-4663-a9b6-4aa27d92815a,worker-0d969b026759411dae564de798730659-1544107698,Too many packets lost
45211aa4-334d-4511-a2d5-64dd635af558,7740ad43-21c7-464e-b7f9-fcd63e3621d8,worker-f2a7953884d944f0911eaeddc5121cab-1544107698,Too many packets lost
45211aa4-334d-4511-a2d5-64dd635af558,bdf27886-2456-4282-9e3d-f02f911d58d8,worker-4d801bd471204680b066c4ab29059ea3-1544107698,Too many packets lost
45211aa4-334d-4511-a2d5-64dd635af558,bdf27886-2456-4282-9e3d-f02f911d58d8,worker-a3f82edb11e544cf840e3bb3a40c0cb8-1544107698,Too many packets lost
45211aa4-334d-4511-a2d5-64dd635af558,bdf27886-2456-4282-9e3d-f02f911d58d8,worker-d8474c22329a4f9c9d8b5b15a4050c16-1544107698,Too many packets lost
45211aa4-334d-4511-a2d5-64dd635af558,bdf27886-2456-4282-9e3d-f02f911d58d8,worker-4940465561d9498f9a9b83cd3df83fe0-1544107698,Too many packets lost
45211aa4-334d-4511-a2d5-64dd635af558,bdf27886-2456-4282-9e3d-f02f911d58d8,worker-f2a7953884d944f0911eaeddc5121cab-1544107698,Too many packets lost
45211aa4-334d-4511-a2d5-64dd635af558,bdf27886-2456-4282-9e3d-f02f911d58d8,worker-6ba82886da384cb68456c19752df579e-1544107698,Too many packets lost
45211aa4-334d-4511-a2d5-64dd635af558,bdf27886-2456-4282-9e3d-f02f911d58d8,worker-6c1fa2e01c5f4bcd9f283752264af4cd-1544107698,Too many packets lost
45211aa4-334d-4511-a2d5-64dd635af558,bdf27886-2456-4282-9e3d-f02f911d58d8,worker-36e2402f87ac4e3084dc0fa5884a54d2-1544107698,Too many packets lost
45211aa4-334d-4511-a2d5-64dd635af558,853a7f44-64ed-4e31-8a47-80cb2c366ede,worker-f2a7953884d944f0911eaeddc5121cab-1544107698,Too many packets lost
45211aa4-334d-4511-a2d5-64dd635af558,853a7f44-64ed-4e31-8a47-80cb2c366ede,worker-6ba82886da384cb68456c19752df579e-1544107698,Too many packets lost
45211aa4-334d-4511-a2d5-64dd635af558,853a7f44-64ed-4e31-8a47-80cb2c366ede,worker-4940465561d9498f9a9b83cd3df83fe0-1544107698,Too many packets lost
45211aa4-334d-4511-a2d5-64dd635af558,853a7f44-64ed-4e31-8a47-80cb2c366ede,worker-a3f82edb11e544cf840e3bb3a40c0cb8-1544107698,Too many packets lost
45211aa4-334d-4511-a2d5-64dd635af558,853a7f44-64ed-4e31-8a47-80cb2c366ede,worker-6c1fa2e01c5f4bcd9f283752264af4cd-1544107698,Too many packets lost
45211aa4-334d-4511-a2d5-64dd635af558,853a7f44-64ed-4e31-8a47-80cb2c366ede,worker-36e2402f87ac4e3084dc0fa5884a54d2-1544107698,Too many packets lost
45211aa4-334d-4511-a2d5-64dd635af558,853a7f44-64ed-4e31-8a47-80cb2c366ede,worker-d8474c22329a4f9c9d8b5b15a4050c16-1544107698,Too many packets lost
45211aa4-334d-4511-a2d5-64dd635af558,853a7f44-64ed-4e31-8a47-80cb2c366ede,worker-c3ac58b56afe4acd80d3fc5e3d5ea4b1-1544107698,Too many packets lost
45211aa4-334d-4511-a2d5-64dd635af558,853a7f44-64ed-4e31-8a47-80cb2c366ede,worker-4d801bd471204680b066c4ab29059ea3-1544107698,Too many packets lost
45211aa4-334d-4511-a2d5-64dd635af558,853a7f44-64ed-4e31-8a47-80cb2c366ede,worker-675ad76da3504964b01c73dd3dcf8484-1544107698,Too many packets lost
9a7d8296-9d9d-48c5-86af-21460bc4ba69,ba90e1fc-bade-4c4f-bdf9-1980da6ab1ec,worker-bd0e90f8cfc34b56a88d3ffef54df0aa-1544107698,Too many packets lost
9a7d8296-9d9d-48c5-86af-21460bc4ba69,a8e99a2b-f45a-475f-8226-c23139d72606,worker-bd0e90f8cfc34b56a88d3ffef54df0aa-1544107698,Too many packets lost
e7cfd0e0-cb64-4cb6-be33-e736988fd089,835c57d6-bce6-4c93-8498-a9779133aa97,worker-e103e2eb381f41e7a34a107b0fa63ea1-1544107698,Too many packets lost
e7cfd0e0-cb64-4cb6-be33-e736988fd089,d2e19aa5-8593-46b0-8733-e6cade2d302e,worker-e103e2eb381f41e7a34a107b0fa63ea1-1544107698,Too many packets lost
e7cfd0e0-cb64-4cb6-be33-e736988fd089,d2e19aa5-8593-46b0-8733-e6cade2d302e,worker-6994a2026c6b42309660a689e7134c40-1544107698,Too many packets lost
e7cfd0e0-cb64-4cb6-be33-e736988fd089,d2e19aa5-8593-46b0-8733-e6cade2d302e,worker-2bb55820e08d4b73b33a984e3dc33631-1544107698,Too many packets lost
e7cfd0e0-cb64-4cb6-be33-e736988fd089,d2e19aa5-8593-46b0-8733-e6cade2d302e,worker-cec6abfb88e24b0bb4fc30086c4bedd7-1544107698,Too many packets lost
e7cfd0e0-cb64-4cb6-be33-e736988fd089,d2e19aa5-8593-46b0-8733-e6cade2d302e,worker-82bc56ba50f947e88a2af6c26facc860-1544107698,Too many packets lost
e7cfd0e0-cb64-4cb6-be33-e736988fd089,d2e19aa5-8593-46b0-8733-e6cade2d302e,worker-d2b73c00c10042c5b46b0c38cd746a29-1544107698,Too many packets lost
e7cfd0e0-cb64-4cb6-be33-e736988fd089,d2e19aa5-8593-46b0-8733-e6cade2d302e,worker-d1ff53d716f142f5ba87ab2116f72493-1544107698,Too many packets lost
e7cfd0e0-cb64-4cb6-be33-e736988fd089,d2e19aa5-8593-46b0-8733-e6cade2d302e,worker-0fe89cf787324cf48d221ebef7a57aa0-1544107698,Too many packets lost
e7cfd0e0-cb64-4cb6-be33-e736988fd089,86f7ed84-9097-437c-90a8-2095ca85cb26,worker-cec6abfb88e24b0bb4fc30086c4bedd7-1544107698,Too many packets lost
e7cfd0e0-cb64-4cb6-be33-e736988fd089,86f7ed84-9097-437c-90a8-2095ca85cb26,worker-2bb55820e08d4b73b33a984e3dc33631-1544107698,Too many packets lost
e7cfd0e0-cb64-4cb6-be33-e736988fd089,86f7ed84-9097-437c-90a8-2095ca85cb26,worker-3ab9affb0bd14884bf828e32075df7d5-1544107698,Too many packets lost
e7cfd0e0-cb64-4cb6-be33-e736988fd089,86f7ed84-9097-437c-90a8-2095ca85cb26,worker-82bc56ba50f947e88a2af6c26facc860-1544107698,Too many packets lost
e7cfd0e0-cb64-4cb6-be33-e736988fd089,86f7ed84-9097-437c-90a8-2095ca85cb26,worker-d1ff53d716f142f5ba87ab2116f72493-1544107698,Too many packets lost
e7cfd0e0-cb64-4cb6-be33-e736988fd089,86f7ed84-9097-437c-90a8-2095ca85cb26,worker-e103e2eb381f41e7a34a107b0fa63ea1-1544107698,Too many packets lost
e7cfd0e0-cb64-4cb6-be33-e736988fd089,86f7ed84-9097-437c-90a8-2095ca85cb26,worker-d2b73c00c10042c5b46b0c38cd746a29-1544107698,Too many packets lost
e7cfd0e0-cb64-4cb6-be33-e736988fd089,86f7ed84-9097-437c-90a8-2095ca85cb26,worker-7501fb23976a4df39f97f2c6e1595f7e-1544107698,Too many packets lost
e7cfd0e0-cb64-4cb6-be33-e736988fd089,86f7ed84-9097-437c-90a8-2095ca85cb26,worker-6994a2026c6b42309660a689e7134c40-1544107698,Too many packets lost
e7cfd0e0-cb64-4cb6-be33-e736988fd089,86f7ed84-9097-437c-90a8-2095ca85cb26,worker-0fe89cf787324cf48d221ebef7a57aa0-1544107698,Too many packets lost
5ab38e34-c1a6-478e-ae9b-b502608205e5,7174ea45-8644-481c-b767-b7f12c25fd68,worker-6c1fa2e01c5f4bcd9f283752264af4cd-1544107698,Too many packets lost
5ab38e34-c1a6-478e-ae9b-b502608205e5,a057e966-83a9-47e6-bf0f-b84c65994c34,worker-a3f82edb11e544cf840e3bb3a40c0cb8-1544107698,Too many packets lost
5ab38e34-c1a6-478e-ae9b-b502608205e5,a057e966-83a9-47e6-bf0f-b84c65994c34,worker-6c1fa2e01c5f4bcd9f283752264af4cd-1544107698,Too many packets lost
5ab38e34-c1a6-478e-ae9b-b502608205e5,a057e966-83a9-47e6-bf0f-b84c65994c34,worker-4940465561d9498f9a9b83cd3df83fe0-1544107698,Too many packets lost
5ab38e34-c1a6-478e-ae9b-b502608205e5,a057e966-83a9-47e6-bf0f-b84c65994c34,worker-4d801bd471204680b066c4ab29059ea3-1544107698,Too many packets lost
5ab38e34-c1a6-478e-ae9b-b502608205e5,a057e966-83a9-47e6-bf0f-b84c65994c34,worker-675ad76da3504964b01c73dd3dcf8484-1544107698,Too many packets lost
5ab38e34-c1a6-478e-ae9b-b502608205e5,a057e966-83a9-47e6-bf0f-b84c65994c34,worker-f2a7953884d944f0911eaeddc5121cab-1544107698,Too many packets lost
5ab38e34-c1a6-478e-ae9b-b502608205e5,a057e966-83a9-47e6-bf0f-b84c65994c34,worker-c3ac58b56afe4acd80d3fc5e3d5ea4b1-1544107698,Too many packets lost
5ab38e34-c1a6-478e-ae9b-b502608205e5,a057e966-83a9-47e6-bf0f-b84c65994c34,worker-d8474c22329a4f9c9d8b5b15a4050c16-1544107698,Too many packets lost
5ab38e34-c1a6-478e-ae9b-b502608205e5,bc325a7a-45c7-43f5-8b0f-0dcaf64a9e57,worker-c3ac58b56afe4acd80d3fc5e3d5ea4b1-1544107698,Too many packets lost
5ab38e34-c1a6-478e-ae9b-b502608205e5,bc325a7a-45c7-43f5-8b0f-0dcaf64a9e57,worker-a3f82edb11e544cf840e3bb3a40c0cb8-1544107698,Too many packets lost
5ab38e34-c1a6-478e-ae9b-b502608205e5,bc325a7a-45c7-43f5-8b0f-0dcaf64a9e57,worker-6ba82886da384cb68456c19752df579e-1544107698,Too many packets lost
5ab38e34-c1a6-478e-ae9b-b502608205e5,bc325a7a-45c7-43f5-8b0f-0dcaf64a9e57,worker-d8474c22329a4f9c9d8b5b15a4050c16-1544107698,Too many packets lost
5ab38e34-c1a6-478e-ae9b-b502608205e5,bc325a7a-45c7-43f5-8b0f-0dcaf64a9e57,worker-4940465561d9498f9a9b83cd3df83fe0-1544107698,Too many packets lost
5ab38e34-c1a6-478e-ae9b-b502608205e5,bc325a7a-45c7-43f5-8b0f-0dcaf64a9e57,worker-4d801bd471204680b066c4ab29059ea3-1544107698,Too many packets lost
5ab38e34-c1a6-478e-ae9b-b502608205e5,bc325a7a-45c7-43f5-8b0f-0dcaf64a9e57,worker-675ad76da3504964b01c73dd3dcf8484-1544107698,Too many packets lost
5ab38e34-c1a6-478e-ae9b-b502608205e5,bc325a7a-45c7-43f5-8b0f-0dcaf64a9e57,worker-36e2402f87ac4e3084dc0fa5884a54d2-1544107698,Too many packets lost
5ab38e34-c1a6-478e-ae9b-b502608205e5,bc325a7a-45c7-43f5-8b0f-0dcaf64a9e57,worker-f2a7953884d944f0911eaeddc5121cab-1544107698,Too many packets lost
5ab38e34-c1a6-478e-ae9b-b502608205e5,bc325a7a-45c7-43f5-8b0f-0dcaf64a9e57,worker-6c1fa2e01c5f4bcd9f283752264af4cd-1544107698,Too many packets lost
61e021aa-be64-478c-b629-2b765c056351,af91b855-9c07-4341-8426-f844a39ad14c,worker-22d212959fda4b9a8190cfa016a60fa6-1544107698,Too many packets lost
61e021aa-be64-478c-b629-2b765c056351,9401c51e-bd64-45ce-88a0-f9a5ecc224fc,worker-f1ee4ce68fb1439992d26a174e7c888d-1544107698,Too many packets lost
61e021aa-be64-478c-b629-2b765c056351,9401c51e-bd64-45ce-88a0-f9a5ecc224fc,worker-22d212959fda4b9a8190cfa016a60fa6-1544107698,Too many packets lost
61e021aa-be64-478c-b629-2b765c056351,9401c51e-bd64-45ce-88a0-f9a5ecc224fc,worker-0d969b026759411dae564de798730659-1544107698,Too many packets lost
61e021aa-be64-478c-b629-2b765c056351,9401c51e-bd64-45ce-88a0-f9a5ecc224fc,worker-0bc923d592cf4923ac745547a2575c8a-1544107698,Too many packets lost
61e021aa-be64-478c-b629-2b765c056351,9401c51e-bd64-45ce-88a0-f9a5ecc224fc,worker-61cd8ec6daaf494d97fb8d41a3b73be0-1544107698,Too many packets lost
61e021aa-be64-478c-b629-2b765c056351,9401c51e-bd64-45ce-88a0-f9a5ecc224fc,worker-b34593b2e8884a15bb1e68287655209f-1544107698,Too many packets lost
61e021aa-be64-478c-b629-2b765c056351,9401c51e-bd64-45ce-88a0-f9a5ecc224fc,worker-3ac03f864f024837b456c7c0fc6d4c3e-1544107698,Too many packets lost
61e021aa-be64-478c-b629-2b765c056351,9401c51e-bd64-45ce-88a0-f9a5ecc224fc,worker-bd0e90f8cfc34b56a88d3ffef54df0aa-1544107698,Too many packets lost
61e021aa-be64-478c-b629-2b765c056351,af07d920-533f-4b8f-bc72-bde5e1d6c61b,worker-0d969b026759411dae564de798730659-1544107698,Too many packets lost
61e021aa-be64-478c-b629-2b765c056351,af07d920-533f-4b8f-bc72-bde5e1d6c61b,worker-f1ee4ce68fb1439992d26a174e7c888d-1544107698,Too many packets lost
61e021aa-be64-478c-b629-2b765c056351,af07d920-533f-4b8f-bc72-bde5e1d6c61b,worker-bd0e90f8cfc34b56a88d3ffef54df0aa-1544107698,Too many packets lost
61e021aa-be64-478c-b629-2b765c056351,af07d920-533f-4b8f-bc72-bde5e1d6c61b,worker-61cd8ec6daaf494d97fb8d41a3b73be0-1544107698,Too many packets lost
61e021aa-be64-478c-b629-2b765c056351,af07d920-533f-4b8f-bc72-bde5e1d6c61b,worker-22d212959fda4b9a8190cfa016a60fa6-1544107698,Too many packets lost
61e021aa-be64-478c-b629-2b765c056351,af07d920-533f-4b8f-bc72-bde5e1d6c61b,worker-50d1cc4b17064a848d27b7e7aa902ccd-1544107698,Too many packets lost
61e021aa-be64-478c-b629-2b765c056351,af07d920-533f-4b8f-bc72-bde5e1d6c61b,worker-2e9760ff2c324641afbcbdd42cd97ec9-1544107698,Too many packets lost
61e021aa-be64-478c-b629-2b765c056351,af07d920-533f-4b8f-bc72-bde5e1d6c61b,worker-b34593b2e8884a15bb1e68287655209f-1544107698,Too many packets lost
61e021aa-be64-478c-b629-2b765c056351,af07d920-533f-4b8f-bc72-bde5e1d6c61b,worker-0bc923d592cf4923ac745547a2575c8a-1544107698,Too many packets lost
61e021aa-be64-478c-b629-2b765c056351,af07d920-533f-4b8f-bc72-bde5e1d6c61b,worker-3ac03f864f024837b456c7c0fc6d4c3e-1544107698,Too many packets lost
02d466c5-ba4f-4bed-8651-7efbbed94d54,f2257478-2a8e-436b-b3cf-97038db9a212,worker-e3b8f7f1189c4eab91245b2eeb2eb489-1544107698,Too many packets lost
02d466c5-ba4f-4bed-8651-7efbbed94d54,98f952e1-5d2b-493c-88e7-4b555578b430,worker-e9c4fe1bb87141a79436d827656f5666-1544107698,Too many packets lost
02d466c5-ba4f-4bed-8651-7efbbed94d54,98f952e1-5d2b-493c-88e7-4b555578b430,worker-42b7fde376504c94832aa6c0702592c0-1544107698,Too many packets lost
02d466c5-ba4f-4bed-8651-7efbbed94d54,98f952e1-5d2b-493c-88e7-4b555578b430,worker-e3b8f7f1189c4eab91245b2eeb2eb489-1544107698,Too many packets lost
02d466c5-ba4f-4bed-8651-7efbbed94d54,98f952e1-5d2b-493c-88e7-4b555578b430,worker-d8d8946ba4144b04ab4f7cc44788b9ca-1544107698,Too many packets lost
02d466c5-ba4f-4bed-8651-7efbbed94d54,98f952e1-5d2b-493c-88e7-4b555578b430,worker-ecb27e0e7e8c41debc67ee1d54ebcd2f-1544107698,Too many packets lost
02d466c5-ba4f-4bed-8651-7efbbed94d54,98f952e1-5d2b-493c-88e7-4b555578b430,worker-8aefe905ce304f4cb9e45cc78b04d66c-1544107698,Too many packets lost
02d466c5-ba4f-4bed-8651-7efbbed94d54,98f952e1-5d2b-493c-88e7-4b555578b430,worker-45a6b1435bf94d97be887bd0a0d35fa7-1544107698,Too many packets lost
02d466c5-ba4f-4bed-8651-7efbbed94d54,98f952e1-5d2b-493c-88e7-4b555578b430,worker-772d5ea8b13549169aae09dd38b6e80e-1544107698,Too many packets lost
02d466c5-ba4f-4bed-8651-7efbbed94d54,8ef4a069-c736-447d-bf20-d4f1dcb380fd,worker-772d5ea8b13549169aae09dd38b6e80e-1544107698,Too many packets lost
02d466c5-ba4f-4bed-8651-7efbbed94d54,8ef4a069-c736-447d-bf20-d4f1dcb380fd,worker-e3b8f7f1189c4eab91245b2eeb2eb489-1544107698,Too many packets lost
02d466c5-ba4f-4bed-8651-7efbbed94d54,8ef4a069-c736-447d-bf20-d4f1dcb380fd,worker-e9c4fe1bb87141a79436d827656f5666-1544107698,Too many packets lost
02d466c5-ba4f-4bed-8651-7efbbed94d54,8ef4a069-c736-447d-bf20-d4f1dcb380fd,worker-ecb27e0e7e8c41debc67ee1d54ebcd2f-1544107698,Too many packets lost
02d466c5-ba4f-4bed-8651-7efbbed94d54,8ef4a069-c736-447d-bf20-d4f1dcb380fd,worker-45a6b1435bf94d97be887bd0a0d35fa7-1544107698,Too many packets lost
02d466c5-ba4f-4bed-8651-7efbbed94d54,8ef4a069-c736-447d-bf20-d4f1dcb380fd,worker-42b7fde376504c94832aa6c0702592c0-1544107698,Too many packets lost
02d466c5-ba4f-4bed-8651-7efbbed94d54,8ef4a069-c736-447d-bf20-d4f1dcb380fd,worker-77f5e52ba32e4818a2e6fb72594690e7-1544107698,Too many packets lost
02d466c5-ba4f-4bed-8651-7efbbed94d54,8ef4a069-c736-447d-bf20-d4f1dcb380fd,worker-1efd550cc53c459dadd30259e47f5fb3-1544107698,Too many packets lost
02d466c5-ba4f-4bed-8651-7efbbed94d54,8ef4a069-c736-447d-bf20-d4f1dcb380fd,worker-8aefe905ce304f4cb9e45cc78b04d66c-1544107698,Too many packets lost
02d466c5-ba4f-4bed-8651-7efbbed94d54,8ef4a069-c736-447d-bf20-d4f1dcb380fd,worker-d8d8946ba4144b04ab4f7cc44788b9ca-1544107698,Too many packets lost
8a3107e8-772e-41ac-8d90-550684e1c371,2f4843a9-099f-44b2-a8e9-8e62b17770a9,worker-51673350c423460e9a484f8c187fc7b4-1544107698,Too many packets lost
8a3107e8-772e-41ac-8d90-550684e1c371,76878b9a-35a4-44dd-9197-e13383ccbcad,worker-0fe49aec809c4cb886995c6452bfd06f-1544107698,Too many packets lost
8a3107e8-772e-41ac-8d90-550684e1c371,76878b9a-35a4-44dd-9197-e13383ccbcad,worker-2992111522a34177a381c7144d6fb988-1544107698,Too many packets lost
8a3107e8-772e-41ac-8d90-550684e1c371,76878b9a-35a4-44dd-9197-e13383ccbcad,worker-6ee9c772e38f43b6a29692a846e14457-1544107698,Too many packets lost
8a3107e8-772e-41ac-8d90-550684e1c371,76878b9a-35a4-44dd-9197-e13383ccbcad,worker-cae8f495c74d48a78027fd2d4d2f1354-1544107698,Too many packets lost
8a3107e8-772e-41ac-8d90-550684e1c371,76878b9a-35a4-44dd-9197-e13383ccbcad,worker-a68f19a6b8554d2cafb581a58084f3a6-1544107698,Too many packets lost
8a3107e8-772e-41ac-8d90-550684e1c371,76878b9a-35a4-44dd-9197-e13383ccbcad,worker-a554d0c6da894574acfd4aa7a91b9422-1544107698,Too many packets lost
8a3107e8-772e-41ac-8d90-550684e1c371,76878b9a-35a4-44dd-9197-e13383ccbcad,worker-51673350c423460e9a484f8c187fc7b4-1544107698,Too many packets lost
8a3107e8-772e-41ac-8d90-550684e1c371,76878b9a-35a4-44dd-9197-e13383ccbcad,worker-1c0c90660cad4a77a05284db651a73f1-1544107698,Too many packets lost
8a3107e8-772e-41ac-8d90-550684e1c371,4c35d901-992b-4e79-82c9-821ff63c79fc,worker-2992111522a34177a381c7144d6fb988-1544107698,Too many packets lost
8a3107e8-772e-41ac-8d90-550684e1c371,4c35d901-992b-4e79-82c9-821ff63c79fc,worker-51673350c423460e9a484f8c187fc7b4-1544107698,Too many packets lost
8a3107e8-772e-41ac-8d90-550684e1c371,4c35d901-992b-4e79-82c9-821ff63c79fc,worker-e2302bd9c29340fba17c6f9eb4f5896d-1544107698,Too many packets lost
8a3107e8-772e-41ac-8d90-550684e1c371,4c35d901-992b-4e79-82c9-821ff63c79fc,worker-1c0c90660cad4a77a05284db651a73f1-1544107698,Too many packets lost
8a3107e8-772e-41ac-8d90-550684e1c371,4c35d901-992b-4e79-82c9-821ff63c79fc,worker-c891bcc4037c43ee847578f45e1d5201-1544107698,Too many packets lost
8a3107e8-772e-41ac-8d90-550684e1c371,4c35d901-992b-4e79-82c9-821ff63c79fc,worker-6ee9c772e38f43b6a29692a846e14457-1544107698,Too many packets lost
8a3107e8-772e-41ac-8d90-550684e1c371,4c35d901-992b-4e79-82c9-821ff63c79fc,worker-a68f19a6b8554d2cafb581a58084f3a6-1544107698,Too many packets lost
8a3107e8-772e-41ac-8d90-550684e1c371,4c35d901-992b-4e79-82c9-821ff63c79fc,worker-cae8f495c74d48a78027fd2d4d2f1354-1544107698,Too many packets lost
8a3107e8-772e-41ac-8d90-550684e1c371,4c35d901-992b-4e79-82c9-821ff63c79fc,worker-a554d0c6da894574acfd4aa7a91b9422-1544107698,Too many packets lost
8a3107e8-772e-41ac-8d90-550684e1c371,4c35d901-992b-4e79-82c9-821ff63c79fc,worker-0fe49aec809c4cb886995c6452bfd06f-1544107698,Too many packets lost
0ed9699b-b898-458d-9e49-907e4c907d65,2f9a98c9-b209-45b7-a10e-dd29248c9782,worker-4ade8181062e4119823f3dfec9f869f6-1544107698,Too many packets lost
0ed9699b-b898-458d-9e49-907e4c907d65,a560ddef-9b91-40f8-99c9-00c44216b8b9,worker-05f9418c7a7e4f848ed3ce9494a256a2-1544107698,Too many packets lost
0ed9699b-b898-458d-9e49-907e4c907d65,a560ddef-9b91-40f8-99c9-00c44216b8b9,worker-a98da27749c0447baa6f1b1dcf561cde-1544107698,Too many packets lost
0ed9699b-b898-458d-9e49-907e4c907d65,a560ddef-9b91-40f8-99c9-00c44216b8b9,worker-4ade8181062e4119823f3dfec9f869f6-1544107698,Too many packets lost
0ed9699b-b898-458d-9e49-907e4c907d65,a560ddef-9b91-40f8-99c9-00c44216b8b9,worker-8201fc83a3af47a0a02af9c05166448b-1544107698,Too many packets lost
0ed9699b-b898-458d-9e49-907e4c907d65,a560ddef-9b91-40f8-99c9-00c44216b8b9,worker-4565c1b498ed4df8a32f64c9d9b41c6a-1544107698,Too many packets lost
0ed9699b-b898-458d-9e49-907e4c907d65,a560ddef-9b91-40f8-99c9-00c44216b8b9,worker-bd0f708e4f8e4b26a15cf6b04d4e9c71-1544107698,Too many packets lost
0ed9699b-b898-458d-9e49-907e4c907d65,a560ddef-9b91-40f8-99c9-00c44216b8b9,worker-512d08349f6448358fb2f2dcb1ccd3d0-1544107698,Too many packets lost
0ed9699b-b898-458d-9e49-907e4c907d65,a560ddef-9b91-40f8-99c9-00c44216b8b9,worker-d9cf70f3398b472d8012749670593a5b-1544107698,Too many packets lost
0ed9699b-b898-458d-9e49-907e4c907d65,a31d9578-11bc-40bb-a86d-aafcb8087458,worker-8201fc83a3af47a0a02af9c05166448b-1544107698,Too many packets lost
0ed9699b-b898-458d-9e49-907e4c907d65,a31d9578-11bc-40bb-a86d-aafcb8087458,worker-4565c1b498ed4df8a32f64c9d9b41c6a-1544107698,Too many packets lost
0ed9699b-b898-458d-9e49-907e4c907d65,a31d9578-11bc-40bb-a86d-aafcb8087458,worker-05f9418c7a7e4f848ed3ce9494a256a2-1544107698,Too many packets lost
0ed9699b-b898-458d-9e49-907e4c907d65,a31d9578-11bc-40bb-a86d-aafcb8087458,worker-512d08349f6448358fb2f2dcb1ccd3d0-1544107698,Too many packets lost
0ed9699b-b898-458d-9e49-907e4c907d65,a31d9578-11bc-40bb-a86d-aafcb8087458,worker-bd0f708e4f8e4b26a15cf6b04d4e9c71-1544107698,Too many packets lost
0ed9699b-b898-458d-9e49-907e4c907d65,a31d9578-11bc-40bb-a86d-aafcb8087458,worker-d9cf70f3398b472d8012749670593a5b-1544107698,Too many packets lost
0ed9699b-b898-458d-9e49-907e4c907d65,a31d9578-11bc-40bb-a86d-aafcb8087458,worker-4ade8181062e4119823f3dfec9f869f6-1544107698,Too many packets lost
0ed9699b-b898-458d-9e49-907e4c907d65,a31d9578-11bc-40bb-a86d-aafcb8087458,worker-a98da27749c0447baa6f1b1dcf561cde-1544107698,Too many packets lost
0ed9699b-b898-458d-9e49-907e4c907d65,a31d9578-11bc-40bb-a86d-aafcb8087458,worker-ae578ceab4a24d5c9e0d30928111cb22-1544107698,Too many packets lost
0ed9699b-b898-458d-9e49-907e4c907d65,a31d9578-11bc-40bb-a86d-aafcb8087458,worker-ce065cdefe114b36846a1af272167aaa-1544107698,Too many packets lost
29ec95d8-cbee-4907-8444-3f12da6a7426,25518521-3908-4be7-b6e8-cbbb3db73b7d,worker-192271e7248e4f7790f10fe8ec7f7fa3-1544107698,Too many packets lost
29ec95d8-cbee-4907-8444-3f12da6a7426,25518521-3908-4be7-b6e8-cbbb3db73b7d,worker-ddaa86480cad404eb7fa70c50c09a341-1544107698,Too many packets lost
29ec95d8-cbee-4907-8444-3f12da6a7426,25518521-3908-4be7-b6e8-cbbb3db73b7d,worker-c387ebf5361045e5a3c75a6a9ec16f05-1544107698,Too many packets lost
29ec95d8-cbee-4907-8444-3f12da6a7426,25518521-3908-4be7-b6e8-cbbb3db73b7d,worker-63d8aae8e41943d1ba5372b12c7695ca-1544107698,Too many packets lost
29ec95d8-cbee-4907-8444-3f12da6a7426,25518521-3908-4be7-b6e8-cbbb3db73b7d,worker-3241827a4e994bbda88dc25efa5fd77c-1544107698,Too many packets lost
29ec95d8-cbee-4907-8444-3f12da6a7426,25518521-3908-4be7-b6e8-cbbb3db73b7d,worker-b78b9c9625be4721a789ae3b211b5237-1544107698,Too many packets lost
29ec95d8-cbee-4907-8444-3f12da6a7426,25518521-3908-4be7-b6e8-cbbb3db73b7d,worker-a1d391bd71164577874cd37fb2a21446-1544107698,Too many packets lost
29ec95d8-cbee-4907-8444-3f12da6a7426,25518521-3908-4be7-b6e8-cbbb3db73b7d,worker-cb40c1403b8a49dab9501edd29d79499-1544107698,Too many packets lost
29ec95d8-cbee-4907-8444-3f12da6a7426,b12d73b0-20be-4c8b-9f2e-bee48f0f36a4,worker-b78b9c9625be4721a789ae3b211b5237-1544107698,Too many packets lost
29ec95d8-cbee-4907-8444-3f12da6a7426,b12d73b0-20be-4c8b-9f2e-bee48f0f36a4,worker-0d61a51af1e24f43a58434dcae9af4bd-1544107698,Too many packets lost
29ec95d8-cbee-4907-8444-3f12da6a7426,b12d73b0-20be-4c8b-9f2e-bee48f0f36a4,worker-a1d391bd71164577874cd37fb2a21446-1544107698,Too many packets lost
29ec95d8-cbee-4907-8444-3f12da6a7426,b12d73b0-20be-4c8b-9f2e-bee48f0f36a4,worker-3241827a4e994bbda88dc25efa5fd77c-1544107698,Too many packets lost
29ec95d8-cbee-4907-8444-3f12da6a7426,b12d73b0-20be-4c8b-9f2e-bee48f0f36a4,worker-192271e7248e4f7790f10fe8ec7f7fa3-1544107698,Too many packets lost
29ec95d8-cbee-4907-8444-3f12da6a7426,b12d73b0-20be-4c8b-9f2e-bee48f0f36a4,worker-cb40c1403b8a49dab9501edd29d79499-1544107698,Too many packets lost
29ec95d8-cbee-4907-8444-3f12da6a7426,b12d73b0-20be-4c8b-9f2e-bee48f0f36a4,worker-c387ebf5361045e5a3c75a6a9ec16f05-1544107698,Too many packets lost
29ec95d8-cbee-4907-8444-3f12da6a7426,b12d73b0-20be-4c8b-9f2e-bee48f0f36a4,worker-012c4e5af7c74da1843ccae22f1aca56-1544107698,Too many packets lost
29ec95d8-cbee-4907-8444-3f12da6a7426,b12d73b0-20be-4c8b-9f2e-bee48f0f36a4,worker-ddaa86480cad404eb7fa70c50c09a341-1544107698,Too many packets lost
29ec95d8-cbee-4907-8444-3f12da6a7426,b12d73b0-20be-4c8b-9f2e-bee48f0f36a4,worker-63d8aae8e41943d1ba5372b12c7695ca-1544107698,Too many packets lost
aef4f589-395e-4fed-b4a0-90e6ad20134a,f0e62280-8141-43f2-98d4-99a8f1c4066e,worker-c387ebf5361045e5a3c75a6a9ec16f05-1544107698,Too many packets lost
aef4f589-395e-4fed-b4a0-90e6ad20134a,f0e62280-8141-43f2-98d4-99a8f1c4066e,worker-b78b9c9625be4721a789ae3b211b5237-1544107698,Too many packets lost
aef4f589-395e-4fed-b4a0-90e6ad20134a,f0e62280-8141-43f2-98d4-99a8f1c4066e,worker-192271e7248e4f7790f10fe8ec7f7fa3-1544107698,Too many packets lost
aef4f589-395e-4fed-b4a0-90e6ad20134a,f0e62280-8141-43f2-98d4-99a8f1c4066e,worker-63d8aae8e41943d1ba5372b12c7695ca-1544107698,Too many packets lost
aef4f589-395e-4fed-b4a0-90e6ad20134a,f0e62280-8141-43f2-98d4-99a8f1c4066e,worker-ddaa86480cad404eb7fa70c50c09a341-1544107698,Too many packets lost
aef4f589-395e-4fed-b4a0-90e6ad20134a,f0e62280-8141-43f2-98d4-99a8f1c4066e,worker-3241827a4e994bbda88dc25efa5fd77c-1544107698,Too many packets lost
aef4f589-395e-4fed-b4a0-90e6ad20134a,f0e62280-8141-43f2-98d4-99a8f1c4066e,worker-cb40c1403b8a49dab9501edd29d79499-1544107698,Too many packets lost
aef4f589-395e-4fed-b4a0-90e6ad20134a,f0e62280-8141-43f2-98d4-99a8f1c4066e,worker-a1d391bd71164577874cd37fb2a21446-1544107698,Too many packets lost
aef4f589-395e-4fed-b4a0-90e6ad20134a,05e81d10-ea99-46c5-9856-54482b14ddcf,worker-c387ebf5361045e5a3c75a6a9ec16f05-1544107698,Too many packets lost
aef4f589-395e-4fed-b4a0-90e6ad20134a,05e81d10-ea99-46c5-9856-54482b14ddcf,worker-b78b9c9625be4721a789ae3b211b5237-1544107698,Too many packets lost
aef4f589-395e-4fed-b4a0-90e6ad20134a,05e81d10-ea99-46c5-9856-54482b14ddcf,worker-192271e7248e4f7790f10fe8ec7f7fa3-1544107698,Too many packets lost
aef4f589-395e-4fed-b4a0-90e6ad20134a,05e81d10-ea99-46c5-9856-54482b14ddcf,worker-3241827a4e994bbda88dc25efa5fd77c-1544107698,Too many packets lost
aef4f589-395e-4fed-b4a0-90e6ad20134a,05e81d10-ea99-46c5-9856-54482b14ddcf,worker-a1d391bd71164577874cd37fb2a21446-1544107698,Too many packets lost
aef4f589-395e-4fed-b4a0-90e6ad20134a,05e81d10-ea99-46c5-9856-54482b14ddcf,worker-cb40c1403b8a49dab9501edd29d79499-1544107698,Too many packets lost
aef4f589-395e-4fed-b4a0-90e6ad20134a,05e81d10-ea99-46c5-9856-54482b14ddcf,worker-012c4e5af7c74da1843ccae22f1aca56-1544107698,Too many packets lost
aef4f589-395e-4fed-b4a0-90e6ad20134a,05e81d10-ea99-46c5-9856-54482b14ddcf,worker-63d8aae8e41943d1ba5372b12c7695ca-1544107698,Too many packets lost
aef4f589-395e-4fed-b4a0-90e6ad20134a,05e81d10-ea99-46c5-9856-54482b14ddcf,worker-ddaa86480cad404eb7fa70c50c09a341-1544107698,Too many packets lost
aef4f589-395e-4fed-b4a0-90e6ad20134a,05e81d10-ea99-46c5-9856-54482b14ddcf,worker-0d61a51af1e24f43a58434dcae9af4bd-1544107698,Too many packets lost
f1743201-f2e6-422e-b94f-44561cc3aa37,f6d641a5-8b16-4f58-b7d6-7776ab813d7f,worker-ca8b2812024149d1b919d63b0dfd55d6-1544107698,Too many packets lost
f1743201-f2e6-422e-b94f-44561cc3aa37,f6d641a5-8b16-4f58-b7d6-7776ab813d7f,worker-6ccd82060e54495b990766f2540a1439-1544107698,Too many packets lost
f1743201-f2e6-422e-b94f-44561cc3aa37,f6d641a5-8b16-4f58-b7d6-7776ab813d7f,worker-8b8ad7e35b67443499858fff8e1ef9ce-1544107698,Too many packets lost
f1743201-f2e6-422e-b94f-44561cc3aa37,f6d641a5-8b16-4f58-b7d6-7776ab813d7f,worker-df8995c05ca04bfa9edd50b2ba697469-1544107698,Too many packets lost
f1743201-f2e6-422e-b94f-44561cc3aa37,f6d641a5-8b16-4f58-b7d6-7776ab813d7f,worker-81fefd0ccb5642d7a56786fb3a2d9b24-1544107698,Too many packets lost
f1743201-f2e6-422e-b94f-44561cc3aa37,f6d641a5-8b16-4f58-b7d6-7776ab813d7f,worker-3ca5fbe6d34b499d9377a88e47e1a718-1544107698,Too many packets lost
f1743201-f2e6-422e-b94f-44561cc3aa37,f6d641a5-8b16-4f58-b7d6-7776ab813d7f,worker-3dd9a95588fb4a4f850b68a8ee0aad1e-1544107698,Too many packets lost
f1743201-f2e6-422e-b94f-44561cc3aa37,f6d641a5-8b16-4f58-b7d6-7776ab813d7f,worker-db8959a0a41048e590e27e62bc0b5139-1544107698,Too many packets lost
f1743201-f2e6-422e-b94f-44561cc3aa37,0827d378-0c4c-4af9-9fa6-5a330ba98c97,worker-3a505583760e41579c92fb2c01ac2d0f-1544107698,Too many packets lost
f1743201-f2e6-422e-b94f-44561cc3aa37,0827d378-0c4c-4af9-9fa6-5a330ba98c97,worker-3ca5fbe6d34b499d9377a88e47e1a718-1544107698,Too many packets lost
f1743201-f2e6-422e-b94f-44561cc3aa37,0827d378-0c4c-4af9-9fa6-5a330ba98c97,worker-8b8ad7e35b67443499858fff8e1ef9ce-1544107698,Too many packets lost
f1743201-f2e6-422e-b94f-44561cc3aa37,0827d378-0c4c-4af9-9fa6-5a330ba98c97,worker-81fefd0ccb5642d7a56786fb3a2d9b24-1544107698,Too many packets lost
f1743201-f2e6-422e-b94f-44561cc3aa37,0827d378-0c4c-4af9-9fa6-5a330ba98c97,worker-6ccd82060e54495b990766f2540a1439-1544107698,Too many packets lost
f1743201-f2e6-422e-b94f-44561cc3aa37,0827d378-0c4c-4af9-9fa6-5a330ba98c97,worker-22d3061d167f486191c760a06ec5350f-1544107698,Too many packets lost
f1743201-f2e6-422e-b94f-44561cc3aa37,0827d378-0c4c-4af9-9fa6-5a330ba98c97,worker-ca8b2812024149d1b919d63b0dfd55d6-1544107698,Too many packets lost
f1743201-f2e6-422e-b94f-44561cc3aa37,0827d378-0c4c-4af9-9fa6-5a330ba98c97,worker-3dd9a95588fb4a4f850b68a8ee0aad1e-1544107698,Too many packets lost
f1743201-f2e6-422e-b94f-44561cc3aa37,0827d378-0c4c-4af9-9fa6-5a330ba98c97,worker-db8959a0a41048e590e27e62bc0b5139-1544107698,Too many packets lost
f1743201-f2e6-422e-b94f-44561cc3aa37,0827d378-0c4c-4af9-9fa6-5a330ba98c97,worker-df8995c05ca04bfa9edd50b2ba697469-1544107698,Too many packets lost
3c8196f3-313b-4a84-94a1-c49684dc10fe,b24a58fa-3499-4f06-941d-cf4f89e75edf,worker-6ccd82060e54495b990766f2540a1439-1544107698,Too many packets lost
3c8196f3-313b-4a84-94a1-c49684dc10fe,b24a58fa-3499-4f06-941d-cf4f89e75edf,worker-3dd9a95588fb4a4f850b68a8ee0aad1e-1544107698,Too many packets lost
3c8196f3-313b-4a84-94a1-c49684dc10fe,b24a58fa-3499-4f06-941d-cf4f89e75edf,worker-8b8ad7e35b67443499858fff8e1ef9ce-1544107698,Too many packets lost
3c8196f3-313b-4a84-94a1-c49684dc10fe,b24a58fa-3499-4f06-941d-cf4f89e75edf,worker-81fefd0ccb5642d7a56786fb3a2d9b24-1544107698,Too many packets lost
3c8196f3-313b-4a84-94a1-c49684dc10fe,b24a58fa-3499-4f06-941d-cf4f89e75edf,worker-3ca5fbe6d34b499d9377a88e47e1a718-1544107698,Too many packets lost
3c8196f3-313b-4a84-94a1-c49684dc10fe,b24a58fa-3499-4f06-941d-cf4f89e75edf,worker-df8995c05ca04bfa9edd50b2ba697469-1544107698,Too many packets lost
3c8196f3-313b-4a84-94a1-c49684dc10fe,b24a58fa-3499-4f06-941d-cf4f89e75edf,worker-db8959a0a41048e590e27e62bc0b5139-1544107698,Too many packets lost
3c8196f3-313b-4a84-94a1-c49684dc10fe,b24a58fa-3499-4f06-941d-cf4f89e75edf,worker-ca8b2812024149d1b919d63b0dfd55d6-1544107698,Too many packets lost
3c8196f3-313b-4a84-94a1-c49684dc10fe,65de365a-da58-4b2d-b2c0-695695c558ec,worker-6ccd82060e54495b990766f2540a1439-1544107698,Too many packets lost
3c8196f3-313b-4a84-94a1-c49684dc10fe,65de365a-da58-4b2d-b2c0-695695c558ec,worker-db8959a0a41048e590e27e62bc0b5139-1544107698,Too many packets lost
3c8196f3-313b-4a84-94a1-c49684dc10fe,65de365a-da58-4b2d-b2c0-695695c558ec,worker-3a505583760e41579c92fb2c01ac2d0f-1544107698,Too many packets lost
3c8196f3-313b-4a84-94a1-c49684dc10fe,65de365a-da58-4b2d-b2c0-695695c558ec,worker-3dd9a95588fb4a4f850b68a8ee0aad1e-1544107698,Too many packets lost
3c8196f3-313b-4a84-94a1-c49684dc10fe,65de365a-da58-4b2d-b2c0-695695c558ec,worker-df8995c05ca04bfa9edd50b2ba697469-1544107698,Too many packets lost
3c8196f3-313b-4a84-94a1-c49684dc10fe,65de365a-da58-4b2d-b2c0-695695c558ec,worker-8b8ad7e35b67443499858fff8e1ef9ce-1544107698,Too many packets lost
3c8196f3-313b-4a84-94a1-c49684dc10fe,65de365a-da58-4b2d-b2c0-695695c558ec,worker-81fefd0ccb5642d7a56786fb3a2d9b24-1544107698,Too many packets lost
3c8196f3-313b-4a84-94a1-c49684dc10fe,65de365a-da58-4b2d-b2c0-695695c558ec,worker-22d3061d167f486191c760a06ec5350f-1544107698,Too many packets lost
3c8196f3-313b-4a84-94a1-c49684dc10fe,65de365a-da58-4b2d-b2c0-695695c558ec,worker-3ca5fbe6d34b499d9377a88e47e1a718-1544107698,Too many packets lost
3c8196f3-313b-4a84-94a1-c49684dc10fe,65de365a-da58-4b2d-b2c0-695695c558ec,worker-ca8b2812024149d1b919d63b0dfd55d6-1544107698,Too many packets lost
023624df-e299-4cdd-8228-2c529182642d,bb21188c-3636-4633-bf6f-b269bbc54048,worker-df8995c05ca04bfa9edd50b2ba697469-1544107698,Too many packets lost
023624df-e299-4cdd-8228-2c529182642d,bb21188c-3636-4633-bf6f-b269bbc54048,worker-3ca5fbe6d34b499d9377a88e47e1a718-1544107698,Too many packets lost
023624df-e299-4cdd-8228-2c529182642d,bb21188c-3636-4633-bf6f-b269bbc54048,worker-3dd9a95588fb4a4f850b68a8ee0aad1e-1544107698,Too many packets lost
023624df-e299-4cdd-8228-2c529182642d,bb21188c-3636-4633-bf6f-b269bbc54048,worker-6ccd82060e54495b990766f2540a1439-1544107698,Too many packets lost
023624df-e299-4cdd-8228-2c529182642d,bb21188c-3636-4633-bf6f-b269bbc54048,worker-db8959a0a41048e590e27e62bc0b5139-1544107698,Too many packets lost
023624df-e299-4cdd-8228-2c529182642d,bb21188c-3636-4633-bf6f-b269bbc54048,worker-ca8b2812024149d1b919d63b0dfd55d6-1544107698,Too many packets lost
023624df-e299-4cdd-8228-2c529182642d,bb21188c-3636-4633-bf6f-b269bbc54048,worker-81fefd0ccb5642d7a56786fb3a2d9b24-1544107698,Too many packets lost
023624df-e299-4cdd-8228-2c529182642d,bb21188c-3636-4633-bf6f-b269bbc54048,worker-8b8ad7e35b67443499858fff8e1ef9ce-1544107698,Too many packets lost
023624df-e299-4cdd-8228-2c529182642d,ee6af797-848b-477f-a57f-2491762e3a67,worker-df8995c05ca04bfa9edd50b2ba697469-1544107698,Too many packets lost
023624df-e299-4cdd-8228-2c529182642d,ee6af797-848b-477f-a57f-2491762e3a67,worker-db8959a0a41048e590e27e62bc0b5139-1544107698,Too many packets lost
023624df-e299-4cdd-8228-2c529182642d,ee6af797-848b-477f-a57f-2491762e3a67,worker-3ca5fbe6d34b499d9377a88e47e1a718-1544107698,Too many packets lost
023624df-e299-4cdd-8228-2c529182642d,ee6af797-848b-477f-a57f-2491762e3a67,worker-81fefd0ccb5642d7a56786fb3a2d9b24-1544107698,Too many packets lost
023624df-e299-4cdd-8228-2c529182642d,ee6af797-848b-477f-a57f-2491762e3a67,worker-3a505583760e41579c92fb2c01ac2d0f-1544107698,Too many packets lost
023624df-e299-4cdd-8228-2c529182642d,ee6af797-848b-477f-a57f-2491762e3a67,worker-6ccd82060e54495b990766f2540a1439-1544107698,Too many packets lost
023624df-e299-4cdd-8228-2c529182642d,ee6af797-848b-477f-a57f-2491762e3a67,worker-ca8b2812024149d1b919d63b0dfd55d6-1544107698,Too many packets lost
023624df-e299-4cdd-8228-2c529182642d,ee6af797-848b-477f-a57f-2491762e3a67,worker-3dd9a95588fb4a4f850b68a8ee0aad1e-1544107698,Too many packets lost
023624df-e299-4cdd-8228-2c529182642d,ee6af797-848b-477f-a57f-2491762e3a67,worker-8b8ad7e35b67443499858fff8e1ef9ce-1544107698,Too many packets lost
023624df-e299-4cdd-8228-2c529182642d,ee6af797-848b-477f-a57f-2491762e3a67,worker-22d3061d167f486191c760a06ec5350f-1544107698,Too many packets lost
4625d744-d723-4fd3-914f-7f2847c566d1,4e631cda-0ce6-41af-a997-a6a36f80b79a,worker-6ccd82060e54495b990766f2540a1439-1544107698,Too many packets lost
4625d744-d723-4fd3-914f-7f2847c566d1,4e631cda-0ce6-41af-a997-a6a36f80b79a,worker-81fefd0ccb5642d7a56786fb3a2d9b24-1544107698,Too many packets lost
4625d744-d723-4fd3-914f-7f2847c566d1,4e631cda-0ce6-41af-a997-a6a36f80b79a,worker-df8995c05ca04bfa9edd50b2ba697469-1544107698,Too many packets lost
4625d744-d723-4fd3-914f-7f2847c566d1,4e631cda-0ce6-41af-a997-a6a36f80b79a,worker-ca8b2812024149d1b919d63b0dfd55d6-1544107698,Too many packets lost
4625d744-d723-4fd3-914f-7f2847c566d1,4e631cda-0ce6-41af-a997-a6a36f80b79a,worker-db8959a0a41048e590e27e62bc0b5139-1544107698,Too many packets lost
4625d744-d723-4fd3-914f-7f2847c566d1,4e631cda-0ce6-41af-a997-a6a36f80b79a,worker-3ca5fbe6d34b499d9377a88e47e1a718-1544107698,Too many packets lost
4625d744-d723-4fd3-914f-7f2847c566d1,4e631cda-0ce6-41af-a997-a6a36f80b79a,worker-3dd9a95588fb4a4f850b68a8ee0aad1e-1544107698,Too many packets lost
4625d744-d723-4fd3-914f-7f2847c566d1,4e631cda-0ce6-41af-a997-a6a36f80b79a,worker-8b8ad7e35b67443499858fff8e1ef9ce-1544107698,Too many packets lost
4625d744-d723-4fd3-914f-7f2847c566d1,ca3717c3-902b-4c92-b616-f9ac505da8b9,worker-3dd9a95588fb4a4f850b68a8ee0aad1e-1544107698,Too many packets lost
4625d744-d723-4fd3-914f-7f2847c566d1,ca3717c3-902b-4c92-b616-f9ac505da8b9,worker-3a505583760e41579c92fb2c01ac2d0f-1544107698,Too many packets lost
4625d744-d723-4fd3-914f-7f2847c566d1,ca3717c3-902b-4c92-b616-f9ac505da8b9,worker-ca8b2812024149d1b919d63b0dfd55d6-1544107698,Too many packets lost
4625d744-d723-4fd3-914f-7f2847c566d1,ca3717c3-902b-4c92-b616-f9ac505da8b9,worker-df8995c05ca04bfa9edd50b2ba697469-1544107698,Too many packets lost
4625d744-d723-4fd3-914f-7f2847c566d1,ca3717c3-902b-4c92-b616-f9ac505da8b9,worker-81fefd0ccb5642d7a56786fb3a2d9b24-1544107698,Too many packets lost
4625d744-d723-4fd3-914f-7f2847c566d1,ca3717c3-902b-4c92-b616-f9ac505da8b9,worker-8b8ad7e35b67443499858fff8e1ef9ce-1544107698,Too many packets lost
4625d744-d723-4fd3-914f-7f2847c566d1,ca3717c3-902b-4c92-b616-f9ac505da8b9,worker-22d3061d167f486191c760a06ec5350f-1544107698,Too many packets lost
4625d744-d723-4fd3-914f-7f2847c566d1,ca3717c3-902b-4c92-b616-f9ac505da8b9,worker-db8959a0a41048e590e27e62bc0b5139-1544107698,Too many packets lost
4625d744-d723-4fd3-914f-7f2847c566d1,ca3717c3-902b-4c92-b616-f9ac505da8b9,worker-3ca5fbe6d34b499d9377a88e47e1a718-1544107698,Too many packets lost
4625d744-d723-4fd3-914f-7f2847c566d1,ca3717c3-902b-4c92-b616-f9ac505da8b9,worker-6ccd82060e54495b990766f2540a1439-1544107698,Too many packets lost
887bf991-5683-4bfb-8e38-09e2d344a333,bc439237-b3f3-4e0f-95c2-f03048006564,worker-9a8851ff33e64fd690844e42d38219a1-1544107698,Too many packets lost
887bf991-5683-4bfb-8e38-09e2d344a333,bc439237-b3f3-4e0f-95c2-f03048006564,worker-795780e220f7430795aad863b88ed6c2-1544107698,Too many packets lost
887bf991-5683-4bfb-8e38-09e2d344a333,bc439237-b3f3-4e0f-95c2-f03048006564,worker-d713451ca3a14768a7621b534ff2f9cf-1544107698,Too many packets lost
887bf991-5683-4bfb-8e38-09e2d344a333,bc439237-b3f3-4e0f-95c2-f03048006564,worker-ecb636fe5b1e4ac2a034222e9c153156-1544107698,Too many packets lost
887bf991-5683-4bfb-8e38-09e2d344a333,bc439237-b3f3-4e0f-95c2-f03048006564,worker-9d825bbfcbe5435ca8b45331e36e7c2b-1544107698,Too many packets lost
887bf991-5683-4bfb-8e38-09e2d344a333,bc439237-b3f3-4e0f-95c2-f03048006564,worker-a7b86a763065437c91d14744f9499223-1544107698,Too many packets lost
887bf991-5683-4bfb-8e38-09e2d344a333,bc439237-b3f3-4e0f-95c2-f03048006564,worker-fee5cd7329c944d8825a32efe6aafd7e-1544107698,Too many packets lost
887bf991-5683-4bfb-8e38-09e2d344a333,bc439237-b3f3-4e0f-95c2-f03048006564,worker-fd92d929cf2b4410be5787a5136d56be-1544107698,Too many packets lost
887bf991-5683-4bfb-8e38-09e2d344a333,bc439237-b3f3-4e0f-95c2-f03048006564,worker-70401d3106fc41b9b26d6c4881b588b1-1544107698,Too many packets lost
887bf991-5683-4bfb-8e38-09e2d344a333,bc439237-b3f3-4e0f-95c2-f03048006564,worker-1f0fd314d8704363a3a38c82bf34d3ce-1544107698,Too many packets lost
887bf991-5683-4bfb-8e38-09e2d344a333,fb3b51aa-f6e2-45ab-bef8-9c83b0ef5d60,worker-9d825bbfcbe5435ca8b45331e36e7c2b-1544107698,Too many packets lost
887bf991-5683-4bfb-8e38-09e2d344a333,fb3b51aa-f6e2-45ab-bef8-9c83b0ef5d60,worker-a7b86a763065437c91d14744f9499223-1544107698,Too many packets lost
887bf991-5683-4bfb-8e38-09e2d344a333,fb3b51aa-f6e2-45ab-bef8-9c83b0ef5d60,worker-d713451ca3a14768a7621b534ff2f9cf-1544107698,Too many packets lost
887bf991-5683-4bfb-8e38-09e2d344a333,fb3b51aa-f6e2-45ab-bef8-9c83b0ef5d60,worker-795780e220f7430795aad863b88ed6c2-1544107698,Too many packets lost
887bf991-5683-4bfb-8e38-09e2d344a333,fb3b51aa-f6e2-45ab-bef8-9c83b0ef5d60,worker-ecb636fe5b1e4ac2a034222e9c153156-1544107698,Too many packets lost
887bf991-5683-4bfb-8e38-09e2d344a333,fb3b51aa-f6e2-45ab-bef8-9c83b0ef5d60,worker-9a8851ff33e64fd690844e42d38219a1-1544107698,Too many packets lost
887bf991-5683-4bfb-8e38-09e2d344a333,fb3b51aa-f6e2-45ab-bef8-9c83b0ef5d60,worker-fd92d929cf2b4410be5787a5136d56be-1544107698,Too many packets lost
887bf991-5683-4bfb-8e38-09e2d344a333,fb3b51aa-f6e2-45ab-bef8-9c83b0ef5d60,worker-1f0fd314d8704363a3a38c82bf34d3ce-1544107698,Too many packets lost
887bf991-5683-4bfb-8e38-09e2d344a333,fb3b51aa-f6e2-45ab-bef8-9c83b0ef5d60,worker-fee5cd7329c944d8825a32efe6aafd7e-1544107698,Too many packets lost
887bf991-5683-4bfb-8e38-09e2d344a333,fb3b51aa-f6e2-45ab-bef8-9c83b0ef5d60,worker-70401d3106fc41b9b26d6c4881b588b1-1544107698,Too many packets lost
e9f94805-e0ba-430d-ab6d-eb022ce9e6d5,9b6b74aa-de3c-46ea-a42c-df737ab824ae,worker-0f1e6c5d1bc94f2f944b25da06a047a0-1544107698,Too many packets lost
e9f94805-e0ba-430d-ab6d-eb022ce9e6d5,9b6b74aa-de3c-46ea-a42c-df737ab824ae,worker-5fcfe25d36d5467fa80b283191e5e6b3-1544107698,Too many packets lost
e9f94805-e0ba-430d-ab6d-eb022ce9e6d5,9b6b74aa-de3c-46ea-a42c-df737ab824ae,worker-722af65a999e4b1d80cc9a57d1c73eba-1544107698,Too many packets lost
e9f94805-e0ba-430d-ab6d-eb022ce9e6d5,9b6b74aa-de3c-46ea-a42c-df737ab824ae,worker-3eb2886177454119a1a81928103323df-1544107698,Too many packets lost
e9f94805-e0ba-430d-ab6d-eb022ce9e6d5,9b6b74aa-de3c-46ea-a42c-df737ab824ae,worker-7ce7555618184aec89df1037f2478afa-1544107698,Too many packets lost
e9f94805-e0ba-430d-ab6d-eb022ce9e6d5,9b6b74aa-de3c-46ea-a42c-df737ab824ae,worker-890e7fe13f7447d1b05593641091695b-1544107698,Too many packets lost
e9f94805-e0ba-430d-ab6d-eb022ce9e6d5,9b6b74aa-de3c-46ea-a42c-df737ab824ae,worker-d985e2c5bb8742fea88fb473b7523fc8-1544107698,Too many packets lost
e9f94805-e0ba-430d-ab6d-eb022ce9e6d5,9b6b74aa-de3c-46ea-a42c-df737ab824ae,worker-9160190514cd4dcdbfa133f8c94bf059-1544107698,Too many packets lost
e9f94805-e0ba-430d-ab6d-eb022ce9e6d5,9b6b74aa-de3c-46ea-a42c-df737ab824ae,worker-03f1b39a638942ab9d7755dae2aa8699-1544107698,Too many packets lost
e9f94805-e0ba-430d-ab6d-eb022ce9e6d5,9b6b74aa-de3c-46ea-a42c-df737ab824ae,worker-38014c6a78d648f48b514b8ef094d1dd-1544107698,Too many packets lost
e9f94805-e0ba-430d-ab6d-eb022ce9e6d5,21b95281-18e7-45df-814b-70635dc55764,worker-0f1e6c5d1bc94f2f944b25da06a047a0-1544107698,Too many packets lost
e9f94805-e0ba-430d-ab6d-eb022ce9e6d5,21b95281-18e7-45df-814b-70635dc55764,worker-5fcfe25d36d5467fa80b283191e5e6b3-1544107698,Too many packets lost
e9f94805-e0ba-430d-ab6d-eb022ce9e6d5,21b95281-18e7-45df-814b-70635dc55764,worker-d985e2c5bb8742fea88fb473b7523fc8-1544107698,Too many packets lost
e9f94805-e0ba-430d-ab6d-eb022ce9e6d5,21b95281-18e7-45df-814b-70635dc55764,worker-9160190514cd4dcdbfa133f8c94bf059-1544107698,Too many packets lost
e9f94805-e0ba-430d-ab6d-eb022ce9e6d5,21b95281-18e7-45df-814b-70635dc55764,worker-3eb2886177454119a1a81928103323df-1544107698,Too many packets lost
e9f94805-e0ba-430d-ab6d-eb022ce9e6d5,21b95281-18e7-45df-814b-70635dc55764,worker-03f1b39a638942ab9d7755dae2aa8699-1544107698,Too many packets lost
e9f94805-e0ba-430d-ab6d-eb022ce9e6d5,21b95281-18e7-45df-814b-70635dc55764,worker-722af65a999e4b1d80cc9a57d1c73eba-1544107698,Too many packets lost
e9f94805-e0ba-430d-ab6d-eb022ce9e6d5,21b95281-18e7-45df-814b-70635dc55764,worker-7ce7555618184aec89df1037f2478afa-1544107698,Too many packets lost
e9f94805-e0ba-430d-ab6d-eb022ce9e6d5,21b95281-18e7-45df-814b-70635dc55764,worker-38014c6a78d648f48b514b8ef094d1dd-1544107698,Start time is in the past
e9f94805-e0ba-430d-ab6d-eb022ce9e6d5,21b95281-18e7-45df-814b-70635dc55764,worker-890e7fe13f7447d1b05593641091695b-1544107698,Too many packets lost
aafdc19e-7c35-4413-8c84-5e70a28b0c97,23573a99-b1bb-4faa-95ef-f68ba1972596,worker-ca63b6b59a174f518b265ebfe0c317b7-1544107698,Too many packets lost
aafdc19e-7c35-4413-8c84-5e70a28b0c97,23573a99-b1bb-4faa-95ef-f68ba1972596,worker-220cd1c59fa44005ab3b7c763ebc36ca-1544107698,Too many packets lost
aafdc19e-7c35-4413-8c84-5e70a28b0c97,23573a99-b1bb-4faa-95ef-f68ba1972596,worker-175d097d8edb4a21914859c9380c6b7f-1544107698,Too many packets lost
aafdc19e-7c35-4413-8c84-5e70a28b0c97,23573a99-b1bb-4faa-95ef-f68ba1972596,worker-9878e5db143845ad83edbf1ba738cb84-1544107698,Too many packets lost
aafdc19e-7c35-4413-8c84-5e70a28b0c97,23573a99-b1bb-4faa-95ef-f68ba1972596,worker-3064bf5ec7524b7db77d892d00312b20-1544107698,Too many packets lost
aafdc19e-7c35-4413-8c84-5e70a28b0c97,23573a99-b1bb-4faa-95ef-f68ba1972596,worker-313062e39ee04fc98e9b450bff7204e7-1544107698,Too many packets lost
aafdc19e-7c35-4413-8c84-5e70a28b0c97,23573a99-b1bb-4faa-95ef-f68ba1972596,worker-26c7dfaec87a4eecbd3f13d2c213223a-1544107698,Too many packets lost
aafdc19e-7c35-4413-8c84-5e70a28b0c97,23573a99-b1bb-4faa-95ef-f68ba1972596,worker-3e8ac1b1242a4f6c9fba9b725a8c73ad-1544107698,Too many packets lost
aafdc19e-7c35-4413-8c84-5e70a28b0c97,23573a99-b1bb-4faa-95ef-f68ba1972596,worker-775527b2822c497f85097bce4d55ff33-1544107698,Too many packets lost
aafdc19e-7c35-4413-8c84-5e70a28b0c97,23573a99-b1bb-4faa-95ef-f68ba1972596,worker-0d9f23a00ed04d32b6b93384dff2746f-1544107698,Too many packets lost
aafdc19e-7c35-4413-8c84-5e70a28b0c97,fa867e00-8cfe-4e59-8b20-5657746c407f,worker-9878e5db143845ad83edbf1ba738cb84-1544107698,Too many packets lost
aafdc19e-7c35-4413-8c84-5e70a28b0c97,fa867e00-8cfe-4e59-8b20-5657746c407f,worker-220cd1c59fa44005ab3b7c763ebc36ca-1544107698,Too many packets lost
aafdc19e-7c35-4413-8c84-5e70a28b0c97,fa867e00-8cfe-4e59-8b20-5657746c407f,worker-3064bf5ec7524b7db77d892d00312b20-1544107698,Too many packets lost
aafdc19e-7c35-4413-8c84-5e70a28b0c97,fa867e00-8cfe-4e59-8b20-5657746c407f,worker-175d097d8edb4a21914859c9380c6b7f-1544107698,Too many packets lost
aafdc19e-7c35-4413-8c84-5e70a28b0c97,fa867e00-8cfe-4e59-8b20-5657746c407f,worker-ca63b6b59a174f518b265ebfe0c317b7-1544107698,Too many packets lost
aafdc19e-7c35-4413-8c84-5e70a28b0c97,fa867e00-8cfe-4e59-8b20-5657746c407f,worker-775527b2822c497f85097bce4d55ff33-1544107698,Too many packets lost
aafdc19e-7c35-4413-8c84-5e70a28b0c97,fa867e00-8cfe-4e59-8b20-5657746c407f,worker-26c7dfaec87a4eecbd3f13d2c213223a-1544107698,Too many packets lost
aafdc19e-7c35-4413-8c84-5e70a28b0c97,fa867e00-8cfe-4e59-8b20-5657746c407f,worker-313062e39ee04fc98e9b450bff7204e7-1544107698,Too many packets lost
aafdc19e-7c35-4413-8c84-5e70a28b0c97,fa867e00-8cfe-4e59-8b20-5657746c407f,worker-0d9f23a00ed04d32b6b93384dff2746f-1544107698,Too many packets lost
aafdc19e-7c35-4413-8c84-5e70a28b0c97,fa867e00-8cfe-4e59-8b20-5657746c407f,worker-3e8ac1b1242a4f6c9fba9b725a8c73ad-1544107698,Too many packets lost
96bcb907-fcaf-46fb-8fb8-2346a615bff4,7846e223-742c-4253-8cc5-f5898dfb850b,worker-38014c6a78d648f48b514b8ef094d1dd-1544107698,Too many packets lost
96bcb907-fcaf-46fb-8fb8-2346a615bff4,a130ea89-8457-4238-8d48-d02340e4af86,worker-9160190514cd4dcdbfa133f8c94bf059-1544107698,Start time is in the past
96bcb907-fcaf-46fb-8fb8-2346a615bff4,a130ea89-8457-4238-8d48-d02340e4af86,worker-38014c6a78d648f48b514b8ef094d1dd-1544107698,Start time is in the past
96bcb907-fcaf-46fb-8fb8-2346a615bff4,a130ea89-8457-4238-8d48-d02340e4af86,worker-7ce7555618184aec89df1037f2478afa-1544107698,Too many packets lost
96bcb907-fcaf-46fb-8fb8-2346a615bff4,a130ea89-8457-4238-8d48-d02340e4af86,worker-890e7fe13f7447d1b05593641091695b-1544107698,Too many packets lost
96bcb907-fcaf-46fb-8fb8-2346a615bff4,a130ea89-8457-4238-8d48-d02340e4af86,worker-d985e2c5bb8742fea88fb473b7523fc8-1544107698,Too many packets lost
96bcb907-fcaf-46fb-8fb8-2346a615bff4,a130ea89-8457-4238-8d48-d02340e4af86,worker-0f1e6c5d1bc94f2f944b25da06a047a0-1544107698,Too many packets lost
96bcb907-fcaf-46fb-8fb8-2346a615bff4,a130ea89-8457-4238-8d48-d02340e4af86,worker-5fcfe25d36d5467fa80b283191e5e6b3-1544107698,Too many packets lost
96bcb907-fcaf-46fb-8fb8-2346a615bff4,a130ea89-8457-4238-8d48-d02340e4af86,worker-3eb2886177454119a1a81928103323df-1544107698,Too many packets lost
d91afa3b-be78-4f10-8de1-e385d0e28c21,77944449-4aec-41b4-aecd-dff8bc91b7ee,worker-38014c6a78d648f48b514b8ef094d1dd-1544107698,Too many packets lost
d91afa3b-be78-4f10-8de1-e385d0e28c21,8a195fa0-d38d-4abc-85e2-ba85d7063007,worker-38014c6a78d648f48b514b8ef094d1dd-1544107698,Start time is in the past
fe5f3e98-238a-4288-b48f-eae5cd4f3584,96ce0407-dd17-46c2-86f9-9c6cdc0422c8,worker-38014c6a78d648f48b514b8ef094d1dd-1544107698,Too many packets lost
fe5f3e98-238a-4288-b48f-eae5cd4f3584,236adce9-d8f8-4aa6-b325-f320c0b35e71,worker-38014c6a78d648f48b514b8ef094d1dd-1544107698,Start time is in the past
db415af2-770a-40ce-a7ad-b319626cd356,042cf651-d5e7-4e53-8808-36cb94f93fc0,worker-1f0fd314d8704363a3a38c82bf34d3ce-1544107698,Too many packets lost
db415af2-770a-40ce-a7ad-b319626cd356,042cf651-d5e7-4e53-8808-36cb94f93fc0,worker-fd92d929cf2b4410be5787a5136d56be-1544107698,Too many packets lost
db415af2-770a-40ce-a7ad-b319626cd356,042cf651-d5e7-4e53-8808-36cb94f93fc0,worker-9d825bbfcbe5435ca8b45331e36e7c2b-1544107698,Too many packets lost
db415af2-770a-40ce-a7ad-b319626cd356,042cf651-d5e7-4e53-8808-36cb94f93fc0,worker-a7b86a763065437c91d14744f9499223-1544107698,Too many packets lost
db415af2-770a-40ce-a7ad-b319626cd356,042cf651-d5e7-4e53-8808-36cb94f93fc0,worker-795780e220f7430795aad863b88ed6c2-1544107698,Too many packets lost
db415af2-770a-40ce-a7ad-b319626cd356,042cf651-d5e7-4e53-8808-36cb94f93fc0,worker-9a8851ff33e64fd690844e42d38219a1-1544107698,Too many packets lost
db415af2-770a-40ce-a7ad-b319626cd356,042cf651-d5e7-4e53-8808-36cb94f93fc0,worker-70401d3106fc41b9b26d6c4881b588b1-1544107698,Too many packets lost
db415af2-770a-40ce-a7ad-b319626cd356,042cf651-d5e7-4e53-8808-36cb94f93fc0,worker-d713451ca3a14768a7621b534ff2f9cf-1544107698,Too many packets lost
db415af2-770a-40ce-a7ad-b319626cd356,042cf651-d5e7-4e53-8808-36cb94f93fc0,worker-ecb636fe5b1e4ac2a034222e9c153156-1544107698,Too many packets lost
db415af2-770a-40ce-a7ad-b319626cd356,042cf651-d5e7-4e53-8808-36cb94f93fc0,worker-fee5cd7329c944d8825a32efe6aafd7e-1544107698,Too many packets lost
db415af2-770a-40ce-a7ad-b319626cd356,f7212e3e-549e-4bc0-b780-84fb08ae0eab,worker-9a8851ff33e64fd690844e42d38219a1-1544107698,Too many packets lost
db415af2-770a-40ce-a7ad-b319626cd356,f7212e3e-549e-4bc0-b780-84fb08ae0eab,worker-d713451ca3a14768a7621b534ff2f9cf-1544107698,Too many packets lost
db415af2-770a-40ce-a7ad-b319626cd356,f7212e3e-549e-4bc0-b780-84fb08ae0eab,worker-795780e220f7430795aad863b88ed6c2-1544107698,Too many packets lost
db415af2-770a-40ce-a7ad-b319626cd356,f7212e3e-549e-4bc0-b780-84fb08ae0eab,worker-fee5cd7329c944d8825a32efe6aafd7e-1544107698,Too many packets lost
db415af2-770a-40ce-a7ad-b319626cd356,f7212e3e-549e-4bc0-b780-84fb08ae0eab,worker-ecb636fe5b1e4ac2a034222e9c153156-1544107698,Too many packets lost
db415af2-770a-40ce-a7ad-b319626cd356,f7212e3e-549e-4bc0-b780-84fb08ae0eab,worker-70401d3106fc41b9b26d6c4881b588b1-1544107698,Too many packets lost
db415af2-770a-40ce-a7ad-b319626cd356,f7212e3e-549e-4bc0-b780-84fb08ae0eab,worker-1f0fd314d8704363a3a38c82bf34d3ce-1544107698,Too many packets lost
db415af2-770a-40ce-a7ad-b319626cd356,f7212e3e-549e-4bc0-b780-84fb08ae0eab,worker-fd92d929cf2b4410be5787a5136d56be-1544107698,Too many packets lost
db415af2-770a-40ce-a7ad-b319626cd356,f7212e3e-549e-4bc0-b780-84fb08ae0eab,worker-9d825bbfcbe5435ca8b45331e36e7c2b-1544107698,Too many packets lost
db415af2-770a-40ce-a7ad-b319626cd356,f7212e3e-549e-4bc0-b780-84fb08ae0eab,worker-a7b86a763065437c91d14744f9499223-1544107698,Too many packets lost
c2c2157c-a1fc-467a-a06a-d823ced51648,a060f665-db3b-4796-91ba-de68a213e1f2,worker-7ce7555618184aec89df1037f2478afa-1544107698,Too many packets lost
c2c2157c-a1fc-467a-a06a-d823ced51648,a060f665-db3b-4796-91ba-de68a213e1f2,worker-5fcfe25d36d5467fa80b283191e5e6b3-1544107698,Too many packets lost
c2c2157c-a1fc-467a-a06a-d823ced51648,a060f665-db3b-4796-91ba-de68a213e1f2,worker-d985e2c5bb8742fea88fb473b7523fc8-1544107698,Too many packets lost
c2c2157c-a1fc-467a-a06a-d823ced51648,a060f665-db3b-4796-91ba-de68a213e1f2,worker-0f1e6c5d1bc94f2f944b25da06a047a0-1544107698,Too many packets lost
c2c2157c-a1fc-467a-a06a-d823ced51648,a060f665-db3b-4796-91ba-de68a213e1f2,worker-890e7fe13f7447d1b05593641091695b-1544107698,Too many packets lost
c2c2157c-a1fc-467a-a06a-d823ced51648,a060f665-db3b-4796-91ba-de68a213e1f2,worker-3eb2886177454119a1a81928103323df-1544107698,Too many packets lost
c2c2157c-a1fc-467a-a06a-d823ced51648,a060f665-db3b-4796-91ba-de68a213e1f2,worker-03f1b39a638942ab9d7755dae2aa8699-1544107698,Too many packets lost
c2c2157c-a1fc-467a-a06a-d823ced51648,a060f665-db3b-4796-91ba-de68a213e1f2,worker-9160190514cd4dcdbfa133f8c94bf059-1544107698,Too many packets lost
c2c2157c-a1fc-467a-a06a-d823ced51648,a060f665-db3b-4796-91ba-de68a213e1f2,worker-722af65a999e4b1d80cc9a57d1c73eba-1544107698,Too many packets lost
c2c2157c-a1fc-467a-a06a-d823ced51648,a060f665-db3b-4796-91ba-de68a213e1f2,worker-38014c6a78d648f48b514b8ef094d1dd-1544107698,Too many packets lost
c2c2157c-a1fc-467a-a06a-d823ced51648,86f236b8-bf65-47be-aa7d-f5ba8c6f66b7,worker-38014c6a78d648f48b514b8ef094d1dd-1544107698,Start time is in the past
c2c2157c-a1fc-467a-a06a-d823ced51648,86f236b8-bf65-47be-aa7d-f5ba8c6f66b7,worker-722af65a999e4b1d80cc9a57d1c73eba-1544107698,Too many packets lost
c2c2157c-a1fc-467a-a06a-d823ced51648,86f236b8-bf65-47be-aa7d-f5ba8c6f66b7,worker-03f1b39a638942ab9d7755dae2aa8699-1544107698,Too many packets lost
c2c2157c-a1fc-467a-a06a-d823ced51648,86f236b8-bf65-47be-aa7d-f5ba8c6f66b7,worker-890e7fe13f7447d1b05593641091695b-1544107698,Too many packets lost
c2c2157c-a1fc-467a-a06a-d823ced51648,86f236b8-bf65-47be-aa7d-f5ba8c6f66b7,worker-3eb2886177454119a1a81928103323df-1544107698,Too many packets lost
c2c2157c-a1fc-467a-a06a-d823ced51648,86f236b8-bf65-47be-aa7d-f5ba8c6f66b7,worker-7ce7555618184aec89df1037f2478afa-1544107698,Too many packets lost
c2c2157c-a1fc-467a-a06a-d823ced51648,86f236b8-bf65-47be-aa7d-f5ba8c6f66b7,worker-d985e2c5bb8742fea88fb473b7523fc8-1544107698,Too many packets lost
c2c2157c-a1fc-467a-a06a-d823ced51648,86f236b8-bf65-47be-aa7d-f5ba8c6f66b7,worker-0f1e6c5d1bc94f2f944b25da06a047a0-1544107698,Too many packets lost
c2c2157c-a1fc-467a-a06a-d823ced51648,86f236b8-bf65-47be-aa7d-f5ba8c6f66b7,worker-9160190514cd4dcdbfa133f8c94bf059-1544107698,Too many packets lost
c2c2157c-a1fc-467a-a06a-d823ced51648,86f236b8-bf65-47be-aa7d-f5ba8c6f66b7,worker-5fcfe25d36d5467fa80b283191e5e6b3-1544107698,Too many packets lost
cda01835-c064-4d98-bec2-aa681a1b33be,2c1b76dd-520f-47b1-bced-b4930b66f6b3,worker-313062e39ee04fc98e9b450bff7204e7-1544107698,Too many packets lost
cda01835-c064-4d98-bec2-aa681a1b33be,2c1b76dd-520f-47b1-bced-b4930b66f6b3,worker-3e8ac1b1242a4f6c9fba9b725a8c73ad-1544107698,Too many packets lost
cda01835-c064-4d98-bec2-aa681a1b33be,2c1b76dd-520f-47b1-bced-b4930b66f6b3,worker-26c7dfaec87a4eecbd3f13d2c213223a-1544107698,Too many packets lost
cda01835-c064-4d98-bec2-aa681a1b33be,2c1b76dd-520f-47b1-bced-b4930b66f6b3,worker-220cd1c59fa44005ab3b7c763ebc36ca-1544107698,Too many packets lost
cda01835-c064-4d98-bec2-aa681a1b33be,2c1b76dd-520f-47b1-bced-b4930b66f6b3,worker-ca63b6b59a174f518b265ebfe0c317b7-1544107698,Too many packets lost
cda01835-c064-4d98-bec2-aa681a1b33be,2c1b76dd-520f-47b1-bced-b4930b66f6b3,worker-9878e5db143845ad83edbf1ba738cb84-1544107698,Too many packets lost
cda01835-c064-4d98-bec2-aa681a1b33be,2c1b76dd-520f-47b1-bced-b4930b66f6b3,worker-775527b2822c497f85097bce4d55ff33-1544107698,Too many packets lost
cda01835-c064-4d98-bec2-aa681a1b33be,2c1b76dd-520f-47b1-bced-b4930b66f6b3,worker-175d097d8edb4a21914859c9380c6b7f-1544107698,Too many packets lost
cda01835-c064-4d98-bec2-aa681a1b33be,2c1b76dd-520f-47b1-bced-b4930b66f6b3,worker-3064bf5ec7524b7db77d892d00312b20-1544107698,Too many packets lost
cda01835-c064-4d98-bec2-aa681a1b33be,2c1b76dd-520f-47b1-bced-b4930b66f6b3,worker-0d9f23a00ed04d32b6b93384dff2746f-1544107698,Too many packets lost
cda01835-c064-4d98-bec2-aa681a1b33be,c594674c-4fc8-47f0-aa9d-ded657afc987,worker-0d9f23a00ed04d32b6b93384dff2746f-1544107698,Too many packets lost
cda01835-c064-4d98-bec2-aa681a1b33be,c594674c-4fc8-47f0-aa9d-ded657afc987,worker-313062e39ee04fc98e9b450bff7204e7-1544107698,Too many packets lost
cda01835-c064-4d98-bec2-aa681a1b33be,c594674c-4fc8-47f0-aa9d-ded657afc987,worker-9878e5db143845ad83edbf1ba738cb84-1544107698,Too many packets lost
cda01835-c064-4d98-bec2-aa681a1b33be,c594674c-4fc8-47f0-aa9d-ded657afc987,worker-3064bf5ec7524b7db77d892d00312b20-1544107698,Too many packets lost
cda01835-c064-4d98-bec2-aa681a1b33be,c594674c-4fc8-47f0-aa9d-ded657afc987,worker-220cd1c59fa44005ab3b7c763ebc36ca-1544107698,Too many packets lost
cda01835-c064-4d98-bec2-aa681a1b33be,c594674c-4fc8-47f0-aa9d-ded657afc987,worker-ca63b6b59a174f518b265ebfe0c317b7-1544107698,Too many packets lost
cda01835-c064-4d98-bec2-aa681a1b33be,c594674c-4fc8-47f0-aa9d-ded657afc987,worker-3e8ac1b1242a4f6c9fba9b725a8c73ad-1544107698,Too many packets lost
cda01835-c064-4d98-bec2-aa681a1b33be,c594674c-4fc8-47f0-aa9d-ded657afc987,worker-775527b2822c497f85097bce4d55ff33-1544107698,Too many packets lost
cda01835-c064-4d98-bec2-aa681a1b33be,c594674c-4fc8-47f0-aa9d-ded657afc987,worker-175d097d8edb4a21914859c9380c6b7f-1544107698,Too many packets lost
cda01835-c064-4d98-bec2-aa681a1b33be,c594674c-4fc8-47f0-aa9d-ded657afc987,worker-26c7dfaec87a4eecbd3f13d2c213223a-1544107698,Too many packets lost
eab0091f-88ff-4c06-bce0-88ca2ce3d248,7dfed73d-1ab0-4755-8e55-3c6dc114de9e,worker-d13164f093bb4ed3b524edf389cdea30-1544107698,Too many packets lost
eab0091f-88ff-4c06-bce0-88ca2ce3d248,7dfed73d-1ab0-4755-8e55-3c6dc114de9e,worker-317859f7a4494b4f89441014bb0791a9-1544107698,Too many packets lost
eab0091f-88ff-4c06-bce0-88ca2ce3d248,7dfed73d-1ab0-4755-8e55-3c6dc114de9e,worker-38837e2cab4d44d1b94eba46d6ed0752-1544107698,Too many packets lost
eab0091f-88ff-4c06-bce0-88ca2ce3d248,7dfed73d-1ab0-4755-8e55-3c6dc114de9e,worker-3109a4756c724d4387d76cb418f7b8a8-1544107698,Too many packets lost
eab0091f-88ff-4c06-bce0-88ca2ce3d248,7dfed73d-1ab0-4755-8e55-3c6dc114de9e,worker-5f610ba13ac04a0a93228dcc653d54a7-1544107698,Too many packets lost
eab0091f-88ff-4c06-bce0-88ca2ce3d248,7dfed73d-1ab0-4755-8e55-3c6dc114de9e,worker-b003f28b8c3340cd8cf7f858546499ef-1544107698,Too many packets lost
eab0091f-88ff-4c06-bce0-88ca2ce3d248,7dfed73d-1ab0-4755-8e55-3c6dc114de9e,worker-530cf3818a79491980240c9408ecac94-1544107698,Too many packets lost
eab0091f-88ff-4c06-bce0-88ca2ce3d248,7dfed73d-1ab0-4755-8e55-3c6dc114de9e,worker-5e493b238cf348f6b37c7c7434581d2d-1544107698,Too many packets lost
eab0091f-88ff-4c06-bce0-88ca2ce3d248,7dfed73d-1ab0-4755-8e55-3c6dc114de9e,worker-358593d91ac04fceb00ee0bdccc24f20-1544107698,Too many packets lost
eab0091f-88ff-4c06-bce0-88ca2ce3d248,7dfed73d-1ab0-4755-8e55-3c6dc114de9e,worker-0ad6f0fdb17944d1baadcd6d7598af92-1544107698,Too many packets lost
eab0091f-88ff-4c06-bce0-88ca2ce3d248,e22d95c0-6b7e-42ae-8302-cd1e121fffb4,worker-d13164f093bb4ed3b524edf389cdea30-1544107698,Too many packets lost
eab0091f-88ff-4c06-bce0-88ca2ce3d248,e22d95c0-6b7e-42ae-8302-cd1e121fffb4,worker-38837e2cab4d44d1b94eba46d6ed0752-1544107698,Too many packets lost
eab0091f-88ff-4c06-bce0-88ca2ce3d248,e22d95c0-6b7e-42ae-8302-cd1e121fffb4,worker-530cf3818a79491980240c9408ecac94-1544107698,Too many packets lost
eab0091f-88ff-4c06-bce0-88ca2ce3d248,e22d95c0-6b7e-42ae-8302-cd1e121fffb4,worker-317859f7a4494b4f89441014bb0791a9-1544107698,Too many packets lost
eab0091f-88ff-4c06-bce0-88ca2ce3d248,e22d95c0-6b7e-42ae-8302-cd1e121fffb4,worker-0ad6f0fdb17944d1baadcd6d7598af92-1544107698,Too many packets lost
eab0091f-88ff-4c06-bce0-88ca2ce3d248,e22d95c0-6b7e-42ae-8302-cd1e121fffb4,worker-358593d91ac04fceb00ee0bdccc24f20-1544107698,Too many packets lost
eab0091f-88ff-4c06-bce0-88ca2ce3d248,e22d95c0-6b7e-42ae-8302-cd1e121fffb4,worker-5f610ba13ac04a0a93228dcc653d54a7-1544107698,Too many packets lost
eab0091f-88ff-4c06-bce0-88ca2ce3d248,e22d95c0-6b7e-42ae-8302-cd1e121fffb4,worker-b003f28b8c3340cd8cf7f858546499ef-1544107698,Too many packets lost
eab0091f-88ff-4c06-bce0-88ca2ce3d248,e22d95c0-6b7e-42ae-8302-cd1e121fffb4,worker-5e493b238cf348f6b37c7c7434581d2d-1544107698,Too many packets lost
eab0091f-88ff-4c06-bce0-88ca2ce3d248,e22d95c0-6b7e-42ae-8302-cd1e121fffb4,worker-3109a4756c724d4387d76cb418f7b8a8-1544107698,Too many packets lost
89a08ee5-4ac5-4521-8d6e-791d3c771a03,15fd166e-bf23-49c2-9d5c-fd07b55e3b43,worker-55b74f68c378406fb338353f85e0bcc9-1544107698,Too many packets lost
89a08ee5-4ac5-4521-8d6e-791d3c771a03,15fd166e-bf23-49c2-9d5c-fd07b55e3b43,worker-336602893cc3403c94a6172053df72fe-1544107698,Too many packets lost
89a08ee5-4ac5-4521-8d6e-791d3c771a03,15fd166e-bf23-49c2-9d5c-fd07b55e3b43,worker-3495f46c836e49ec9c583308b2285bee-1544107698,Too many packets lost
89a08ee5-4ac5-4521-8d6e-791d3c771a03,15fd166e-bf23-49c2-9d5c-fd07b55e3b43,worker-689fb313f2b34c80b499936d812a064b-1544107698,Too many packets lost
89a08ee5-4ac5-4521-8d6e-791d3c771a03,15fd166e-bf23-49c2-9d5c-fd07b55e3b43,worker-25a72e94d80445b3898ceb9973f89e90-1544107698,Too many packets lost
89a08ee5-4ac5-4521-8d6e-791d3c771a03,15fd166e-bf23-49c2-9d5c-fd07b55e3b43,worker-3411be34b19249d79bc821e96ff58eb6-1544107698,Too many packets lost
89a08ee5-4ac5-4521-8d6e-791d3c771a03,15fd166e-bf23-49c2-9d5c-fd07b55e3b43,worker-7024dfbd6f2949cc8e64f0a18bf95c3a-1544107698,Too many packets lost
89a08ee5-4ac5-4521-8d6e-791d3c771a03,15fd166e-bf23-49c2-9d5c-fd07b55e3b43,worker-5dc0276a95104f5c81ef45e31564ee42-1544107698,Too many packets lost
89a08ee5-4ac5-4521-8d6e-791d3c771a03,15fd166e-bf23-49c2-9d5c-fd07b55e3b43,worker-32463579859f4033b734d6b0f66bede6-1544107698,Too many packets lost
89a08ee5-4ac5-4521-8d6e-791d3c771a03,15fd166e-bf23-49c2-9d5c-fd07b55e3b43,worker-02bf2b91b53341b59db9a49c1bec78be-1544107698,Too many packets lost
89a08ee5-4ac5-4521-8d6e-791d3c771a03,9fc0bc38-154a-4387-b1e5-9f2143fa5815,worker-02bf2b91b53341b59db9a49c1bec78be-1544107698,Too many packets lost
89a08ee5-4ac5-4521-8d6e-791d3c771a03,9fc0bc38-154a-4387-b1e5-9f2143fa5815,worker-7024dfbd6f2949cc8e64f0a18bf95c3a-1544107698,Too many packets lost
89a08ee5-4ac5-4521-8d6e-791d3c771a03,9fc0bc38-154a-4387-b1e5-9f2143fa5815,worker-3495f46c836e49ec9c583308b2285bee-1544107698,Too many packets lost
89a08ee5-4ac5-4521-8d6e-791d3c771a03,9fc0bc38-154a-4387-b1e5-9f2143fa5815,worker-5dc0276a95104f5c81ef45e31564ee42-1544107698,Too many packets lost
89a08ee5-4ac5-4521-8d6e-791d3c771a03,9fc0bc38-154a-4387-b1e5-9f2143fa5815,worker-32463579859f4033b734d6b0f66bede6-1544107698,Too many packets lost
89a08ee5-4ac5-4521-8d6e-791d3c771a03,9fc0bc38-154a-4387-b1e5-9f2143fa5815,worker-55b74f68c378406fb338353f85e0bcc9-1544107698,Too many packets lost
89a08ee5-4ac5-4521-8d6e-791d3c771a03,9fc0bc38-154a-4387-b1e5-9f2143fa5815,worker-25a72e94d80445b3898ceb9973f89e90-1544107698,Too many packets lost
89a08ee5-4ac5-4521-8d6e-791d3c771a03,9fc0bc38-154a-4387-b1e5-9f2143fa5815,worker-3411be34b19249d79bc821e96ff58eb6-1544107698,Too many packets lost
89a08ee5-4ac5-4521-8d6e-791d3c771a03,9fc0bc38-154a-4387-b1e5-9f2143fa5815,worker-336602893cc3403c94a6172053df72fe-1544107698,Too many packets lost
89a08ee5-4ac5-4521-8d6e-791d3c771a03,9fc0bc38-154a-4387-b1e5-9f2143fa5815,worker-689fb313f2b34c80b499936d812a064b-1544107698,Too many packets lost
23bcaba1-e419-4e9c-a4c8-2632873d454e,7662125c-57c0-4c0f-a696-c8dda81ad2b7,worker-5f610ba13ac04a0a93228dcc653d54a7-1544107698,Too many packets lost
23bcaba1-e419-4e9c-a4c8-2632873d454e,7662125c-57c0-4c0f-a696-c8dda81ad2b7,worker-b003f28b8c3340cd8cf7f858546499ef-1544107698,Too many packets lost
23bcaba1-e419-4e9c-a4c8-2632873d454e,7662125c-57c0-4c0f-a696-c8dda81ad2b7,worker-358593d91ac04fceb00ee0bdccc24f20-1544107698,Too many packets lost
23bcaba1-e419-4e9c-a4c8-2632873d454e,9f342142-275c-498d-9b47-8f953ec3b8bf,worker-358593d91ac04fceb00ee0bdccc24f20-1544107698,Start time is in the past
23bcaba1-e419-4e9c-a4c8-2632873d454e,9f342142-275c-498d-9b47-8f953ec3b8bf,worker-5f610ba13ac04a0a93228dcc653d54a7-1544107698,Too many packets lost
23bcaba1-e419-4e9c-a4c8-2632873d454e,9f342142-275c-498d-9b47-8f953ec3b8bf,worker-b003f28b8c3340cd8cf7f858546499ef-1544107698,Too many packets lost
69acafca-47c2-4e59-a191-d8528d4f1e2d,10619138-f294-420b-b387-1f510da29e5a,worker-3411be34b19249d79bc821e96ff58eb6-1544107698,Too many packets lost
69acafca-47c2-4e59-a191-d8528d4f1e2d,10619138-f294-420b-b387-1f510da29e5a,worker-5dc0276a95104f5c81ef45e31564ee42-1544107698,Too many packets lost
69acafca-47c2-4e59-a191-d8528d4f1e2d,10619138-f294-420b-b387-1f510da29e5a,worker-55b74f68c378406fb338353f85e0bcc9-1544107698,Too many packets lost
69acafca-47c2-4e59-a191-d8528d4f1e2d,10619138-f294-420b-b387-1f510da29e5a,worker-25a72e94d80445b3898ceb9973f89e90-1544107698,Too many packets lost
69acafca-47c2-4e59-a191-d8528d4f1e2d,10619138-f294-420b-b387-1f510da29e5a,worker-3495f46c836e49ec9c583308b2285bee-1544107698,Too many packets lost
69acafca-47c2-4e59-a191-d8528d4f1e2d,10619138-f294-420b-b387-1f510da29e5a,worker-7024dfbd6f2949cc8e64f0a18bf95c3a-1544107698,Too many packets lost
69acafca-47c2-4e59-a191-d8528d4f1e2d,10619138-f294-420b-b387-1f510da29e5a,worker-336602893cc3403c94a6172053df72fe-1544107698,Too many packets lost
69acafca-47c2-4e59-a191-d8528d4f1e2d,10619138-f294-420b-b387-1f510da29e5a,worker-02bf2b91b53341b59db9a49c1bec78be-1544107698,Too many packets lost
69acafca-47c2-4e59-a191-d8528d4f1e2d,10619138-f294-420b-b387-1f510da29e5a,worker-32463579859f4033b734d6b0f66bede6-1544107698,Too many packets lost
69acafca-47c2-4e59-a191-d8528d4f1e2d,10619138-f294-420b-b387-1f510da29e5a,worker-689fb313f2b34c80b499936d812a064b-1544107698,Too many packets lost
69acafca-47c2-4e59-a191-d8528d4f1e2d,e547b5a3-63ef-4ae0-a2a0-939feed488be,worker-5dc0276a95104f5c81ef45e31564ee42-1544107698,Too many packets lost
69acafca-47c2-4e59-a191-d8528d4f1e2d,e547b5a3-63ef-4ae0-a2a0-939feed488be,worker-02bf2b91b53341b59db9a49c1bec78be-1544107698,Too many packets lost
69acafca-47c2-4e59-a191-d8528d4f1e2d,e547b5a3-63ef-4ae0-a2a0-939feed488be,worker-25a72e94d80445b3898ceb9973f89e90-1544107698,Too many packets lost
69acafca-47c2-4e59-a191-d8528d4f1e2d,e547b5a3-63ef-4ae0-a2a0-939feed488be,worker-3411be34b19249d79bc821e96ff58eb6-1544107698,Too many packets lost
69acafca-47c2-4e59-a191-d8528d4f1e2d,e547b5a3-63ef-4ae0-a2a0-939feed488be,worker-3495f46c836e49ec9c583308b2285bee-1544107698,Too many packets lost
69acafca-47c2-4e59-a191-d8528d4f1e2d,e547b5a3-63ef-4ae0-a2a0-939feed488be,worker-32463579859f4033b734d6b0f66bede6-1544107698,Too many packets lost
69acafca-47c2-4e59-a191-d8528d4f1e2d,e547b5a3-63ef-4ae0-a2a0-939feed488be,worker-7024dfbd6f2949cc8e64f0a18bf95c3a-1544107698,Too many packets lost
69acafca-47c2-4e59-a191-d8528d4f1e2d,e547b5a3-63ef-4ae0-a2a0-939feed488be,worker-689fb313f2b34c80b499936d812a064b-1544107698,Too many packets lost
69acafca-47c2-4e59-a191-d8528d4f1e2d,e547b5a3-63ef-4ae0-a2a0-939feed488be,worker-336602893cc3403c94a6172053df72fe-1544107698,Too many packets lost
69acafca-47c2-4e59-a191-d8528d4f1e2d,e547b5a3-63ef-4ae0-a2a0-939feed488be,worker-55b74f68c378406fb338353f85e0bcc9-1544107698,Too many packets lost
3113c5d2-29b3-4968-8d59-79d7b4730cb3,ab66b178-317a-43bd-b6da-70da8fe155b9,worker-6288fd7fb22c4ed3a3ecf2956fc3fb54-1544107698,Too many packets lost
3113c5d2-29b3-4968-8d59-79d7b4730cb3,ab66b178-317a-43bd-b6da-70da8fe155b9,worker-bf1c6d1c461743559b7d622a7d564fe2-1544107698,Too many packets lost
3113c5d2-29b3-4968-8d59-79d7b4730cb3,ab66b178-317a-43bd-b6da-70da8fe155b9,worker-1f42b274d4f04ea6a8dee019a528feaa-1544107698,Too many packets lost
3113c5d2-29b3-4968-8d59-79d7b4730cb3,ab66b178-317a-43bd-b6da-70da8fe155b9,worker-c54df69524f44e18a4b82a7e644e674d-1544107698,Too many packets lost
3113c5d2-29b3-4968-8d59-79d7b4730cb3,ab66b178-317a-43bd-b6da-70da8fe155b9,worker-8c80a74669cb44ad8bfeea0c05d33004-1544107698,Too many packets lost
3113c5d2-29b3-4968-8d59-79d7b4730cb3,ab66b178-317a-43bd-b6da-70da8fe155b9,worker-a765493920fb47bf965b38720a93975e-1544107698,Too many packets lost
3113c5d2-29b3-4968-8d59-79d7b4730cb3,ab66b178-317a-43bd-b6da-70da8fe155b9,worker-ff554b7db2794fcca654a1b57f95035e-1544107698,Too many packets lost
3113c5d2-29b3-4968-8d59-79d7b4730cb3,ab66b178-317a-43bd-b6da-70da8fe155b9,worker-2e2509d5868e40acaa90a6f48bb6e7d5-1544107698,Too many packets lost
3113c5d2-29b3-4968-8d59-79d7b4730cb3,ab66b178-317a-43bd-b6da-70da8fe155b9,worker-0a6f3d35ad3a433fada434aa8c64db04-1544107698,Too many packets lost
3113c5d2-29b3-4968-8d59-79d7b4730cb3,ab66b178-317a-43bd-b6da-70da8fe155b9,worker-1a3fcd605aa14849ab91da96ea2f2a2b-1544107698,Too many packets lost
3113c5d2-29b3-4968-8d59-79d7b4730cb3,8019c4c1-f562-43f0-8f0a-9e04f6da43b7,worker-1f42b274d4f04ea6a8dee019a528feaa-1544107698,Too many packets lost
3113c5d2-29b3-4968-8d59-79d7b4730cb3,8019c4c1-f562-43f0-8f0a-9e04f6da43b7,worker-0a6f3d35ad3a433fada434aa8c64db04-1544107698,Too many packets lost
3113c5d2-29b3-4968-8d59-79d7b4730cb3,8019c4c1-f562-43f0-8f0a-9e04f6da43b7,worker-c54df69524f44e18a4b82a7e644e674d-1544107698,Too many packets lost
3113c5d2-29b3-4968-8d59-79d7b4730cb3,8019c4c1-f562-43f0-8f0a-9e04f6da43b7,worker-8c80a74669cb44ad8bfeea0c05d33004-1544107698,Too many packets lost
3113c5d2-29b3-4968-8d59-79d7b4730cb3,8019c4c1-f562-43f0-8f0a-9e04f6da43b7,worker-1a3fcd605aa14849ab91da96ea2f2a2b-1544107698,Too many packets lost
3113c5d2-29b3-4968-8d59-79d7b4730cb3,8019c4c1-f562-43f0-8f0a-9e04f6da43b7,worker-2e2509d5868e40acaa90a6f48bb6e7d5-1544107698,Too many packets lost
3113c5d2-29b3-4968-8d59-79d7b4730cb3,8019c4c1-f562-43f0-8f0a-9e04f6da43b7,worker-bf1c6d1c461743559b7d622a7d564fe2-1544107698,Too many packets lost
3113c5d2-29b3-4968-8d59-79d7b4730cb3,8019c4c1-f562-43f0-8f0a-9e04f6da43b7,worker-ff554b7db2794fcca654a1b57f95035e-1544107698,Too many packets lost
3113c5d2-29b3-4968-8d59-79d7b4730cb3,8019c4c1-f562-43f0-8f0a-9e04f6da43b7,worker-a765493920fb47bf965b38720a93975e-1544107698,Too many packets lost
3113c5d2-29b3-4968-8d59-79d7b4730cb3,8019c4c1-f562-43f0-8f0a-9e04f6da43b7,worker-6288fd7fb22c4ed3a3ecf2956fc3fb54-1544107698,Too many packets lost
06fa6c3f-bd69-4e21-aea5-3b30c758cdac,22b23c8d-cf13-44c6-99c0-f6da535d7c30,worker-a765493920fb47bf965b38720a93975e-1544107698,Too many packets lost
06fa6c3f-bd69-4e21-aea5-3b30c758cdac,22b23c8d-cf13-44c6-99c0-f6da535d7c30,worker-bf1c6d1c461743559b7d622a7d564fe2-1544107698,Too many packets lost
06fa6c3f-bd69-4e21-aea5-3b30c758cdac,22b23c8d-cf13-44c6-99c0-f6da535d7c30,worker-0a6f3d35ad3a433fada434aa8c64db04-1544107698,Too many packets lost
06fa6c3f-bd69-4e21-aea5-3b30c758cdac,22b23c8d-cf13-44c6-99c0-f6da535d7c30,worker-1a3fcd605aa14849ab91da96ea2f2a2b-1544107698,Too many packets lost
06fa6c3f-bd69-4e21-aea5-3b30c758cdac,22b23c8d-cf13-44c6-99c0-f6da535d7c30,worker-2e2509d5868e40acaa90a6f48bb6e7d5-1544107698,Too many packets lost
06fa6c3f-bd69-4e21-aea5-3b30c758cdac,22b23c8d-cf13-44c6-99c0-f6da535d7c30,worker-6288fd7fb22c4ed3a3ecf2956fc3fb54-1544107698,Too many packets lost
06fa6c3f-bd69-4e21-aea5-3b30c758cdac,22b23c8d-cf13-44c6-99c0-f6da535d7c30,worker-8c80a74669cb44ad8bfeea0c05d33004-1544107698,Too many packets lost
06fa6c3f-bd69-4e21-aea5-3b30c758cdac,22b23c8d-cf13-44c6-99c0-f6da535d7c30,worker-ff554b7db2794fcca654a1b57f95035e-1544107698,Too many packets lost
06fa6c3f-bd69-4e21-aea5-3b30c758cdac,22b23c8d-cf13-44c6-99c0-f6da535d7c30,worker-c54df69524f44e18a4b82a7e644e674d-1544107698,Too many packets lost
06fa6c3f-bd69-4e21-aea5-3b30c758cdac,22b23c8d-cf13-44c6-99c0-f6da535d7c30,worker-1f42b274d4f04ea6a8dee019a528feaa-1544107698,Too many packets lost
06fa6c3f-bd69-4e21-aea5-3b30c758cdac,23877fa4-56b9-4043-aa3e-1d52c266a0fa,worker-1a3fcd605aa14849ab91da96ea2f2a2b-1544107698,Too many packets lost
06fa6c3f-bd69-4e21-aea5-3b30c758cdac,23877fa4-56b9-4043-aa3e-1d52c266a0fa,worker-a765493920fb47bf965b38720a93975e-1544107698,Too many packets lost
06fa6c3f-bd69-4e21-aea5-3b30c758cdac,23877fa4-56b9-4043-aa3e-1d52c266a0fa,worker-0a6f3d35ad3a433fada434aa8c64db04-1544107698,Too many packets lost
06fa6c3f-bd69-4e21-aea5-3b30c758cdac,23877fa4-56b9-4043-aa3e-1d52c266a0fa,worker-2e2509d5868e40acaa90a6f48bb6e7d5-1544107698,Too many packets lost
06fa6c3f-bd69-4e21-aea5-3b30c758cdac,23877fa4-56b9-4043-aa3e-1d52c266a0fa,worker-6288fd7fb22c4ed3a3ecf2956fc3fb54-1544107698,Too many packets lost
06fa6c3f-bd69-4e21-aea5-3b30c758cdac,23877fa4-56b9-4043-aa3e-1d52c266a0fa,worker-8c80a74669cb44ad8bfeea0c05d33004-1544107698,Too many packets lost
06fa6c3f-bd69-4e21-aea5-3b30c758cdac,23877fa4-56b9-4043-aa3e-1d52c266a0fa,worker-bf1c6d1c461743559b7d622a7d564fe2-1544107698,Too many packets lost
06fa6c3f-bd69-4e21-aea5-3b30c758cdac,23877fa4-56b9-4043-aa3e-1d52c266a0fa,worker-ff554b7db2794fcca654a1b57f95035e-1544107698,Too many packets lost
06fa6c3f-bd69-4e21-aea5-3b30c758cdac,23877fa4-56b9-4043-aa3e-1d52c266a0fa,worker-1f42b274d4f04ea6a8dee019a528feaa-1544107698,Too many packets lost
06fa6c3f-bd69-4e21-aea5-3b30c758cdac,23877fa4-56b9-4043-aa3e-1d52c266a0fa,worker-c54df69524f44e18a4b82a7e644e674d-1544107698,Too many packets lost
55b54989-740c-47a9-b33d-19afda9f8753,6eb93c38-c3fb-432a-a232-93207240f77c,worker-689fb313f2b34c80b499936d812a064b-1544107698,Too many packets lost
55b54989-740c-47a9-b33d-19afda9f8753,6eb93c38-c3fb-432a-a232-93207240f77c,worker-7024dfbd6f2949cc8e64f0a18bf95c3a-1544107698,Too many packets lost
55b54989-740c-47a9-b33d-19afda9f8753,6eb93c38-c3fb-432a-a232-93207240f77c,worker-3411be34b19249d79bc821e96ff58eb6-1544107698,Too many packets lost
55b54989-740c-47a9-b33d-19afda9f8753,6eb93c38-c3fb-432a-a232-93207240f77c,worker-55b74f68c378406fb338353f85e0bcc9-1544107698,Too many packets lost
55b54989-740c-47a9-b33d-19afda9f8753,6eb93c38-c3fb-432a-a232-93207240f77c,worker-02bf2b91b53341b59db9a49c1bec78be-1544107698,Too many packets lost
55b54989-740c-47a9-b33d-19afda9f8753,6eb93c38-c3fb-432a-a232-93207240f77c,worker-25a72e94d80445b3898ceb9973f89e90-1544107698,Too many packets lost
55b54989-740c-47a9-b33d-19afda9f8753,6eb93c38-c3fb-432a-a232-93207240f77c,worker-5dc0276a95104f5c81ef45e31564ee42-1544107698,Too many packets lost
55b54989-740c-47a9-b33d-19afda9f8753,6eb93c38-c3fb-432a-a232-93207240f77c,worker-336602893cc3403c94a6172053df72fe-1544107698,Too many packets lost
55b54989-740c-47a9-b33d-19afda9f8753,6eb93c38-c3fb-432a-a232-93207240f77c,worker-32463579859f4033b734d6b0f66bede6-1544107698,Too many packets lost
55b54989-740c-47a9-b33d-19afda9f8753,6eb93c38-c3fb-432a-a232-93207240f77c,worker-3495f46c836e49ec9c583308b2285bee-1544107698,Too many packets lost
55b54989-740c-47a9-b33d-19afda9f8753,a86e3979-8f37-4d4f-92ae-8969d2056fbc,worker-3411be34b19249d79bc821e96ff58eb6-1544107698,Too many packets lost
55b54989-740c-47a9-b33d-19afda9f8753,a86e3979-8f37-4d4f-92ae-8969d2056fbc,worker-689fb313f2b34c80b499936d812a064b-1544107698,Too many packets lost
55b54989-740c-47a9-b33d-19afda9f8753,a86e3979-8f37-4d4f-92ae-8969d2056fbc,worker-55b74f68c378406fb338353f85e0bcc9-1544107698,Too many packets lost
55b54989-740c-47a9-b33d-19afda9f8753,a86e3979-8f37-4d4f-92ae-8969d2056fbc,worker-02bf2b91b53341b59db9a49c1bec78be-1544107698,Too many packets lost
55b54989-740c-47a9-b33d-19afda9f8753,a86e3979-8f37-4d4f-92ae-8969d2056fbc,worker-3495f46c836e49ec9c583308b2285bee-1544107698,Too many packets lost
55b54989-740c-47a9-b33d-19afda9f8753,a86e3979-8f37-4d4f-92ae-8969d2056fbc,worker-25a72e94d80445b3898ceb9973f89e90-1544107698,Too many packets lost
55b54989-740c-47a9-b33d-19afda9f8753,a86e3979-8f37-4d4f-92ae-8969d2056fbc,worker-336602893cc3403c94a6172053df72fe-1544107698,Too many packets lost
55b54989-740c-47a9-b33d-19afda9f8753,a86e3979-8f37-4d4f-92ae-8969d2056fbc,worker-7024dfbd6f2949cc8e64f0a18bf95c3a-1544107698,Too many packets lost
55b54989-740c-47a9-b33d-19afda9f8753,a86e3979-8f37-4d4f-92ae-8969d2056fbc,worker-5dc0276a95104f5c81ef45e31564ee42-1544107698,Too many packets lost
55b54989-740c-47a9-b33d-19afda9f8753,a86e3979-8f37-4d4f-92ae-8969d2056fbc,worker-32463579859f4033b734d6b0f66bede6-1544107698,Too many packets lost
56bba3ef-1420-4874-9f21-c624d27a7066,d5fab82d-4423-45e6-bdba-aea92cbf7832,worker-b003f28b8c3340cd8cf7f858546499ef-1544107698,Too many packets lost
56bba3ef-1420-4874-9f21-c624d27a7066,d5fab82d-4423-45e6-bdba-aea92cbf7832,worker-358593d91ac04fceb00ee0bdccc24f20-1544107698,Too many packets lost
56bba3ef-1420-4874-9f21-c624d27a7066,d5fab82d-4423-45e6-bdba-aea92cbf7832,worker-3109a4756c724d4387d76cb418f7b8a8-1544107698,Too many packets lost
56bba3ef-1420-4874-9f21-c624d27a7066,d5fab82d-4423-45e6-bdba-aea92cbf7832,worker-d13164f093bb4ed3b524edf389cdea30-1544107698,Too many packets lost
56bba3ef-1420-4874-9f21-c624d27a7066,d5fab82d-4423-45e6-bdba-aea92cbf7832,worker-317859f7a4494b4f89441014bb0791a9-1544107698,Too many packets lost
56bba3ef-1420-4874-9f21-c624d27a7066,d5fab82d-4423-45e6-bdba-aea92cbf7832,worker-5f610ba13ac04a0a93228dcc653d54a7-1544107698,Too many packets lost
56bba3ef-1420-4874-9f21-c624d27a7066,d5fab82d-4423-45e6-bdba-aea92cbf7832,worker-0ad6f0fdb17944d1baadcd6d7598af92-1544107698,Too many packets lost
56bba3ef-1420-4874-9f21-c624d27a7066,d5fab82d-4423-45e6-bdba-aea92cbf7832,worker-38837e2cab4d44d1b94eba46d6ed0752-1544107698,Too many packets lost
56bba3ef-1420-4874-9f21-c624d27a7066,d5fab82d-4423-45e6-bdba-aea92cbf7832,worker-5e493b238cf348f6b37c7c7434581d2d-1544107698,Too many packets lost
56bba3ef-1420-4874-9f21-c624d27a7066,d5fab82d-4423-45e6-bdba-aea92cbf7832,worker-530cf3818a79491980240c9408ecac94-1544107698,Too many packets lost
56bba3ef-1420-4874-9f21-c624d27a7066,db0ccf59-602c-45bc-8a49-4a334853400c,worker-3109a4756c724d4387d76cb418f7b8a8-1544107698,Too many packets lost
56bba3ef-1420-4874-9f21-c624d27a7066,db0ccf59-602c-45bc-8a49-4a334853400c,worker-b003f28b8c3340cd8cf7f858546499ef-1544107698,Too many packets lost
56bba3ef-1420-4874-9f21-c624d27a7066,db0ccf59-602c-45bc-8a49-4a334853400c,worker-358593d91ac04fceb00ee0bdccc24f20-1544107698,Too many packets lost
56bba3ef-1420-4874-9f21-c624d27a7066,db0ccf59-602c-45bc-8a49-4a334853400c,worker-5f610ba13ac04a0a93228dcc653d54a7-1544107698,Too many packets lost
56bba3ef-1420-4874-9f21-c624d27a7066,db0ccf59-602c-45bc-8a49-4a334853400c,worker-317859f7a4494b4f89441014bb0791a9-1544107698,Too many packets lost
56bba3ef-1420-4874-9f21-c624d27a7066,db0ccf59-602c-45bc-8a49-4a334853400c,worker-530cf3818a79491980240c9408ecac94-1544107698,Too many packets lost
56bba3ef-1420-4874-9f21-c624d27a7066,db0ccf59-602c-45bc-8a49-4a334853400c,worker-0ad6f0fdb17944d1baadcd6d7598af92-1544107698,Too many packets lost
56bba3ef-1420-4874-9f21-c624d27a7066,db0ccf59-602c-45bc-8a49-4a334853400c,worker-5e493b238cf348f6b37c7c7434581d2d-1544107698,Too many packets lost
56bba3ef-1420-4874-9f21-c624d27a7066,db0ccf59-602c-45bc-8a49-4a334853400c,worker-d13164f093bb4ed3b524edf389cdea30-1544107698,Too many packets lost
56bba3ef-1420-4874-9f21-c624d27a7066,db0ccf59-602c-45bc-8a49-4a334853400c,worker-38837e2cab4d44d1b94eba46d6ed0752-1544107698,Too many packets lost
4092d50b-9e15-484d-89f1-56a49edc2eeb,f856950a-93b7-443f-8e06-7e1088e04376,worker-2e2509d5868e40acaa90a6f48bb6e7d5-1544107698,Too many packets lost
4092d50b-9e15-484d-89f1-56a49edc2eeb,f856950a-93b7-443f-8e06-7e1088e04376,worker-bf1c6d1c461743559b7d622a7d564fe2-1544107698,Too many packets lost
4092d50b-9e15-484d-89f1-56a49edc2eeb,f856950a-93b7-443f-8e06-7e1088e04376,worker-8c80a74669cb44ad8bfeea0c05d33004-1544107698,Too many packets lost
4092d50b-9e15-484d-89f1-56a49edc2eeb,f856950a-93b7-443f-8e06-7e1088e04376,worker-1a3fcd605aa14849ab91da96ea2f2a2b-1544107698,Too many packets lost
4092d50b-9e15-484d-89f1-56a49edc2eeb,f856950a-93b7-443f-8e06-7e1088e04376,worker-0a6f3d35ad3a433fada434aa8c64db04-1544107698,Too many packets lost
4092d50b-9e15-484d-89f1-56a49edc2eeb,f856950a-93b7-443f-8e06-7e1088e04376,worker-ff554b7db2794fcca654a1b57f95035e-1544107698,Too many packets lost
4092d50b-9e15-484d-89f1-56a49edc2eeb,f856950a-93b7-443f-8e06-7e1088e04376,worker-6288fd7fb22c4ed3a3ecf2956fc3fb54-1544107698,Too many packets lost
4092d50b-9e15-484d-89f1-56a49edc2eeb,f856950a-93b7-443f-8e06-7e1088e04376,worker-1f42b274d4f04ea6a8dee019a528feaa-1544107698,Too many packets lost
4092d50b-9e15-484d-89f1-56a49edc2eeb,f856950a-93b7-443f-8e06-7e1088e04376,worker-a765493920fb47bf965b38720a93975e-1544107698,Too many packets lost
4092d50b-9e15-484d-89f1-56a49edc2eeb,f856950a-93b7-443f-8e06-7e1088e04376,worker-c54df69524f44e18a4b82a7e644e674d-1544107698,Too many packets lost
4092d50b-9e15-484d-89f1-56a49edc2eeb,c46680d9-7db6-4cf7-9710-5fee077e33e0,worker-bf1c6d1c461743559b7d622a7d564fe2-1544107698,Too many packets lost
4092d50b-9e15-484d-89f1-56a49edc2eeb,c46680d9-7db6-4cf7-9710-5fee077e33e0,worker-0a6f3d35ad3a433fada434aa8c64db04-1544107698,Too many packets lost
4092d50b-9e15-484d-89f1-56a49edc2eeb,c46680d9-7db6-4cf7-9710-5fee077e33e0,worker-8c80a74669cb44ad8bfeea0c05d33004-1544107698,Too many packets lost
4092d50b-9e15-484d-89f1-56a49edc2eeb,c46680d9-7db6-4cf7-9710-5fee077e33e0,worker-2e2509d5868e40acaa90a6f48bb6e7d5-1544107698,Too many packets lost
4092d50b-9e15-484d-89f1-56a49edc2eeb,c46680d9-7db6-4cf7-9710-5fee077e33e0,worker-1a3fcd605aa14849ab91da96ea2f2a2b-1544107698,Too many packets lost
4092d50b-9e15-484d-89f1-56a49edc2eeb,c46680d9-7db6-4cf7-9710-5fee077e33e0,worker-ff554b7db2794fcca654a1b57f95035e-1544107698,Too many packets lost
4092d50b-9e15-484d-89f1-56a49edc2eeb,c46680d9-7db6-4cf7-9710-5fee077e33e0,worker-6288fd7fb22c4ed3a3ecf2956fc3fb54-1544107698,Too many packets lost
4092d50b-9e15-484d-89f1-56a49edc2eeb,c46680d9-7db6-4cf7-9710-5fee077e33e0,worker-a765493920fb47bf965b38720a93975e-1544107698,Too many packets lost
4092d50b-9e15-484d-89f1-56a49edc2eeb,c46680d9-7db6-4cf7-9710-5fee077e33e0,worker-c54df69524f44e18a4b82a7e644e674d-1544107698,Too many packets lost
4092d50b-9e15-484d-89f1-56a49edc2eeb,c46680d9-7db6-4cf7-9710-5fee077e33e0,worker-1f42b274d4f04ea6a8dee019a528feaa-1544107698,Too many packets lost
5173efe2-20d5-4131-a67e-8cfbd90a6eef,60402fe5-d6a8-4746-971a-8ce846c1f126,worker-55b74f68c378406fb338353f85e0bcc9-1544107698,Too many packets lost
5173efe2-20d5-4131-a67e-8cfbd90a6eef,60402fe5-d6a8-4746-971a-8ce846c1f126,worker-5dc0276a95104f5c81ef45e31564ee42-1544107698,Too many packets lost
5173efe2-20d5-4131-a67e-8cfbd90a6eef,60402fe5-d6a8-4746-971a-8ce846c1f126,worker-02bf2b91b53341b59db9a49c1bec78be-1544107698,Too many packets lost
5173efe2-20d5-4131-a67e-8cfbd90a6eef,60402fe5-d6a8-4746-971a-8ce846c1f126,worker-32463579859f4033b734d6b0f66bede6-1544107698,Too many packets lost
5173efe2-20d5-4131-a67e-8cfbd90a6eef,60402fe5-d6a8-4746-971a-8ce846c1f126,worker-3411be34b19249d79bc821e96ff58eb6-1544107698,Too many packets lost
5173efe2-20d5-4131-a67e-8cfbd90a6eef,60402fe5-d6a8-4746-971a-8ce846c1f126,worker-336602893cc3403c94a6172053df72fe-1544107698,Too many packets lost
5173efe2-20d5-4131-a67e-8cfbd90a6eef,60402fe5-d6a8-4746-971a-8ce846c1f126,worker-25a72e94d80445b3898ceb9973f89e90-1544107698,Too many packets lost
5173efe2-20d5-4131-a67e-8cfbd90a6eef,60402fe5-d6a8-4746-971a-8ce846c1f126,worker-689fb313f2b34c80b499936d812a064b-1544107698,Too many packets lost
5173efe2-20d5-4131-a67e-8cfbd90a6eef,60402fe5-d6a8-4746-971a-8ce846c1f126,worker-3495f46c836e49ec9c583308b2285bee-1544107698,Too many packets lost
5173efe2-20d5-4131-a67e-8cfbd90a6eef,60402fe5-d6a8-4746-971a-8ce846c1f126,worker-7024dfbd6f2949cc8e64f0a18bf95c3a-1544107698,Too many packets lost
5173efe2-20d5-4131-a67e-8cfbd90a6eef,75c26e75-ee0d-448b-afa0-52a856f2ad5f,worker-25a72e94d80445b3898ceb9973f89e90-1544107698,Too many packets lost
5173efe2-20d5-4131-a67e-8cfbd90a6eef,75c26e75-ee0d-448b-afa0-52a856f2ad5f,worker-7024dfbd6f2949cc8e64f0a18bf95c3a-1544107698,Too many packets lost
5173efe2-20d5-4131-a67e-8cfbd90a6eef,75c26e75-ee0d-448b-afa0-52a856f2ad5f,worker-02bf2b91b53341b59db9a49c1bec78be-1544107698,Too many packets lost
5173efe2-20d5-4131-a67e-8cfbd90a6eef,75c26e75-ee0d-448b-afa0-52a856f2ad5f,worker-3411be34b19249d79bc821e96ff58eb6-1544107698,Too many packets lost
5173efe2-20d5-4131-a67e-8cfbd90a6eef,75c26e75-ee0d-448b-afa0-52a856f2ad5f,worker-32463579859f4033b734d6b0f66bede6-1544107698,Too many packets lost
5173efe2-20d5-4131-a67e-8cfbd90a6eef,75c26e75-ee0d-448b-afa0-52a856f2ad5f,worker-3495f46c836e49ec9c583308b2285bee-1544107698,Too many packets lost
5173efe2-20d5-4131-a67e-8cfbd90a6eef,75c26e75-ee0d-448b-afa0-52a856f2ad5f,worker-689fb313f2b34c80b499936d812a064b-1544107698,Too many packets lost
5173efe2-20d5-4131-a67e-8cfbd90a6eef,75c26e75-ee0d-448b-afa0-52a856f2ad5f,worker-336602893cc3403c94a6172053df72fe-1544107698,Too many packets lost
5173efe2-20d5-4131-a67e-8cfbd90a6eef,75c26e75-ee0d-448b-afa0-52a856f2ad5f,worker-55b74f68c378406fb338353f85e0bcc9-1544107698,Too many packets lost
5173efe2-20d5-4131-a67e-8cfbd90a6eef,75c26e75-ee0d-448b-afa0-52a856f2ad5f,worker-5dc0276a95104f5c81ef45e31564ee42-1544107698,Too many packets lost
50e3de30-efbe-4d79-8da6-13a09c1a83a7,57d0cb1e-cda7-4851-8a62-b7662ec2002e,worker-317859f7a4494b4f89441014bb0791a9-1544107698,Too many packets lost
50e3de30-efbe-4d79-8da6-13a09c1a83a7,57d0cb1e-cda7-4851-8a62-b7662ec2002e,worker-d13164f093bb4ed3b524edf389cdea30-1544107698,Too many packets lost
50e3de30-efbe-4d79-8da6-13a09c1a83a7,57d0cb1e-cda7-4851-8a62-b7662ec2002e,worker-3109a4756c724d4387d76cb418f7b8a8-1544107698,Too many packets lost
50e3de30-efbe-4d79-8da6-13a09c1a83a7,57d0cb1e-cda7-4851-8a62-b7662ec2002e,worker-5f610ba13ac04a0a93228dcc653d54a7-1544107698,Too many packets lost
50e3de30-efbe-4d79-8da6-13a09c1a83a7,57d0cb1e-cda7-4851-8a62-b7662ec2002e,worker-5e493b238cf348f6b37c7c7434581d2d-1544107698,Too many packets lost
50e3de30-efbe-4d79-8da6-13a09c1a83a7,57d0cb1e-cda7-4851-8a62-b7662ec2002e,worker-530cf3818a79491980240c9408ecac94-1544107698,Too many packets lost
50e3de30-efbe-4d79-8da6-13a09c1a83a7,57d0cb1e-cda7-4851-8a62-b7662ec2002e,worker-38837e2cab4d44d1b94eba46d6ed0752-1544107698,Too many packets lost
50e3de30-efbe-4d79-8da6-13a09c1a83a7,57d0cb1e-cda7-4851-8a62-b7662ec2002e,worker-358593d91ac04fceb00ee0bdccc24f20-1544107698,Too many packets lost
50e3de30-efbe-4d79-8da6-13a09c1a83a7,57d0cb1e-cda7-4851-8a62-b7662ec2002e,worker-0ad6f0fdb17944d1baadcd6d7598af92-1544107698,Too many packets lost
50e3de30-efbe-4d79-8da6-13a09c1a83a7,57d0cb1e-cda7-4851-8a62-b7662ec2002e,worker-b003f28b8c3340cd8cf7f858546499ef-1544107698,Too many packets lost
50e3de30-efbe-4d79-8da6-13a09c1a83a7,544c0676-3d35-4521-9213-f200d01f6ab6,worker-d13164f093bb4ed3b524edf389cdea30-1544107698,Too many packets lost
50e3de30-efbe-4d79-8da6-13a09c1a83a7,544c0676-3d35-4521-9213-f200d01f6ab6,worker-0ad6f0fdb17944d1baadcd6d7598af92-1544107698,Too many packets lost
50e3de30-efbe-4d79-8da6-13a09c1a83a7,544c0676-3d35-4521-9213-f200d01f6ab6,worker-5f610ba13ac04a0a93228dcc653d54a7-1544107698,Too many packets lost
50e3de30-efbe-4d79-8da6-13a09c1a83a7,544c0676-3d35-4521-9213-f200d01f6ab6,worker-317859f7a4494b4f89441014bb0791a9-1544107698,Too many packets lost
50e3de30-efbe-4d79-8da6-13a09c1a83a7,544c0676-3d35-4521-9213-f200d01f6ab6,worker-530cf3818a79491980240c9408ecac94-1544107698,Too many packets lost
50e3de30-efbe-4d79-8da6-13a09c1a83a7,544c0676-3d35-4521-9213-f200d01f6ab6,worker-38837e2cab4d44d1b94eba46d6ed0752-1544107698,Too many packets lost
50e3de30-efbe-4d79-8da6-13a09c1a83a7,544c0676-3d35-4521-9213-f200d01f6ab6,worker-3109a4756c724d4387d76cb418f7b8a8-1544107698,Too many packets lost
50e3de30-efbe-4d79-8da6-13a09c1a83a7,544c0676-3d35-4521-9213-f200d01f6ab6,worker-5e493b238cf348f6b37c7c7434581d2d-1544107698,Too many packets lost
50e3de30-efbe-4d79-8da6-13a09c1a83a7,544c0676-3d35-4521-9213-f200d01f6ab6,worker-358593d91ac04fceb00ee0bdccc24f20-1544107698,Too many packets lost
50e3de30-efbe-4d79-8da6-13a09c1a83a7,544c0676-3d35-4521-9213-f200d01f6ab6,worker-b003f28b8c3340cd8cf7f858546499ef-1544107698,Too many packets lost
1555dffd-62cd-4024-bed5-42a0b2a4e0f7,dd144e66-a450-441f-88e6-2403277bccba,worker-ff554b7db2794fcca654a1b57f95035e-1544107698,Too many packets lost
1555dffd-62cd-4024-bed5-42a0b2a4e0f7,dd144e66-a450-441f-88e6-2403277bccba,worker-a765493920fb47bf965b38720a93975e-1544107698,Too many packets lost
1555dffd-62cd-4024-bed5-42a0b2a4e0f7,dd144e66-a450-441f-88e6-2403277bccba,worker-1f42b274d4f04ea6a8dee019a528feaa-1544107698,Too many packets lost
1555dffd-62cd-4024-bed5-42a0b2a4e0f7,dd144e66-a450-441f-88e6-2403277bccba,worker-bf1c6d1c461743559b7d622a7d564fe2-1544107698,Too many packets lost
1555dffd-62cd-4024-bed5-42a0b2a4e0f7,dd144e66-a450-441f-88e6-2403277bccba,worker-6288fd7fb22c4ed3a3ecf2956fc3fb54-1544107698,Too many packets lost
1555dffd-62cd-4024-bed5-42a0b2a4e0f7,dd144e66-a450-441f-88e6-2403277bccba,worker-2e2509d5868e40acaa90a6f48bb6e7d5-1544107698,Too many packets lost
1555dffd-62cd-4024-bed5-42a0b2a4e0f7,dd144e66-a450-441f-88e6-2403277bccba,worker-0a6f3d35ad3a433fada434aa8c64db04-1544107698,Too many packets lost
1555dffd-62cd-4024-bed5-42a0b2a4e0f7,dd144e66-a450-441f-88e6-2403277bccba,worker-c54df69524f44e18a4b82a7e644e674d-1544107698,Too many packets lost
1555dffd-62cd-4024-bed5-42a0b2a4e0f7,dd144e66-a450-441f-88e6-2403277bccba,worker-8c80a74669cb44ad8bfeea0c05d33004-1544107698,Too many packets lost
1555dffd-62cd-4024-bed5-42a0b2a4e0f7,dd144e66-a450-441f-88e6-2403277bccba,worker-1a3fcd605aa14849ab91da96ea2f2a2b-1544107698,Too many packets lost
1555dffd-62cd-4024-bed5-42a0b2a4e0f7,ce53945e-0bf2-44b2-a525-929291efb570,worker-8c80a74669cb44ad8bfeea0c05d33004-1544107698,Too many packets lost
1555dffd-62cd-4024-bed5-42a0b2a4e0f7,ce53945e-0bf2-44b2-a525-929291efb570,worker-0a6f3d35ad3a433fada434aa8c64db04-1544107698,Too many packets lost
1555dffd-62cd-4024-bed5-42a0b2a4e0f7,ce53945e-0bf2-44b2-a525-929291efb570,worker-c54df69524f44e18a4b82a7e644e674d-1544107698,Too many packets lost
1555dffd-62cd-4024-bed5-42a0b2a4e0f7,ce53945e-0bf2-44b2-a525-929291efb570,worker-bf1c6d1c461743559b7d622a7d564fe2-1544107698,Too many packets lost
1555dffd-62cd-4024-bed5-42a0b2a4e0f7,ce53945e-0bf2-44b2-a525-929291efb570,worker-2e2509d5868e40acaa90a6f48bb6e7d5-1544107698,Too many packets lost
1555dffd-62cd-4024-bed5-42a0b2a4e0f7,ce53945e-0bf2-44b2-a525-929291efb570,worker-ff554b7db2794fcca654a1b57f95035e-1544107698,Too many packets lost
1555dffd-62cd-4024-bed5-42a0b2a4e0f7,ce53945e-0bf2-44b2-a525-929291efb570,worker-1a3fcd605aa14849ab91da96ea2f2a2b-1544107698,Too many packets lost
1555dffd-62cd-4024-bed5-42a0b2a4e0f7,ce53945e-0bf2-44b2-a525-929291efb570,worker-6288fd7fb22c4ed3a3ecf2956fc3fb54-1544107698,Too many packets lost
1555dffd-62cd-4024-bed5-42a0b2a4e0f7,ce53945e-0bf2-44b2-a525-929291efb570,worker-1f42b274d4f04ea6a8dee019a528feaa-1544107698,Too many packets lost
1555dffd-62cd-4024-bed5-42a0b2a4e0f7,ce53945e-0bf2-44b2-a525-929291efb570,worker-a765493920fb47bf965b38720a93975e-1544107698,Too many packets lost
d9ec93b7-a37b-4a66-89e1-b9e215e7c25d,7b912d1b-5b3b-4fad-89e5-adc5ffdcb4a8,worker-32463579859f4033b734d6b0f66bede6-1544107698,Too many packets lost
d9ec93b7-a37b-4a66-89e1-b9e215e7c25d,7b912d1b-5b3b-4fad-89e5-adc5ffdcb4a8,worker-336602893cc3403c94a6172053df72fe-1544107698,Too many packets lost
d9ec93b7-a37b-4a66-89e1-b9e215e7c25d,7b912d1b-5b3b-4fad-89e5-adc5ffdcb4a8,worker-3495f46c836e49ec9c583308b2285bee-1544107698,Too many packets lost
d9ec93b7-a37b-4a66-89e1-b9e215e7c25d,7b912d1b-5b3b-4fad-89e5-adc5ffdcb4a8,worker-689fb313f2b34c80b499936d812a064b-1544107698,Too many packets lost
d9ec93b7-a37b-4a66-89e1-b9e215e7c25d,7b912d1b-5b3b-4fad-89e5-adc5ffdcb4a8,worker-02bf2b91b53341b59db9a49c1bec78be-1544107698,Too many packets lost
d9ec93b7-a37b-4a66-89e1-b9e215e7c25d,7b912d1b-5b3b-4fad-89e5-adc5ffdcb4a8,worker-3411be34b19249d79bc821e96ff58eb6-1544107698,Too many packets lost
d9ec93b7-a37b-4a66-89e1-b9e215e7c25d,7b912d1b-5b3b-4fad-89e5-adc5ffdcb4a8,worker-55b74f68c378406fb338353f85e0bcc9-1544107698,Too many packets lost
d9ec93b7-a37b-4a66-89e1-b9e215e7c25d,7b912d1b-5b3b-4fad-89e5-adc5ffdcb4a8,worker-5dc0276a95104f5c81ef45e31564ee42-1544107698,Too many packets lost
d9ec93b7-a37b-4a66-89e1-b9e215e7c25d,7b912d1b-5b3b-4fad-89e5-adc5ffdcb4a8,worker-7024dfbd6f2949cc8e64f0a18bf95c3a-1544107698,Too many packets lost
d9ec93b7-a37b-4a66-89e1-b9e215e7c25d,7b912d1b-5b3b-4fad-89e5-adc5ffdcb4a8,worker-25a72e94d80445b3898ceb9973f89e90-1544107698,Too many packets lost
d9ec93b7-a37b-4a66-89e1-b9e215e7c25d,60c2f62d-5c74-49bf-97cb-d19f1d318c0b,worker-3495f46c836e49ec9c583308b2285bee-1544107698,Too many packets lost
d9ec93b7-a37b-4a66-89e1-b9e215e7c25d,60c2f62d-5c74-49bf-97cb-d19f1d318c0b,worker-5dc0276a95104f5c81ef45e31564ee42-1544107698,Too many packets lost
d9ec93b7-a37b-4a66-89e1-b9e215e7c25d,60c2f62d-5c74-49bf-97cb-d19f1d318c0b,worker-689fb313f2b34c80b499936d812a064b-1544107698,Too many packets lost
d9ec93b7-a37b-4a66-89e1-b9e215e7c25d,60c2f62d-5c74-49bf-97cb-d19f1d318c0b,worker-336602893cc3403c94a6172053df72fe-1544107698,Too many packets lost
d9ec93b7-a37b-4a66-89e1-b9e215e7c25d,60c2f62d-5c74-49bf-97cb-d19f1d318c0b,worker-3411be34b19249d79bc821e96ff58eb6-1544107698,Too many packets lost
d9ec93b7-a37b-4a66-89e1-b9e215e7c25d,60c2f62d-5c74-49bf-97cb-d19f1d318c0b,worker-7024dfbd6f2949cc8e64f0a18bf95c3a-1544107698,Too many packets lost
d9ec93b7-a37b-4a66-89e1-b9e215e7c25d,60c2f62d-5c74-49bf-97cb-d19f1d318c0b,worker-25a72e94d80445b3898ceb9973f89e90-1544107698,Too many packets lost
d9ec93b7-a37b-4a66-89e1-b9e215e7c25d,60c2f62d-5c74-49bf-97cb-d19f1d318c0b,worker-55b74f68c378406fb338353f85e0bcc9-1544107698,Too many packets lost
d9ec93b7-a37b-4a66-89e1-b9e215e7c25d,60c2f62d-5c74-49bf-97cb-d19f1d318c0b,worker-32463579859f4033b734d6b0f66bede6-1544107698,Too many packets lost
d9ec93b7-a37b-4a66-89e1-b9e215e7c25d,60c2f62d-5c74-49bf-97cb-d19f1d318c0b,worker-02bf2b91b53341b59db9a49c1bec78be-1544107698,Too many packets lost
27c30a3a-e893-4d49-a059-691a9c68d28a,c5b4f757-4e3d-4bf5-9392-ff798c5de974,worker-c54df69524f44e18a4b82a7e644e674d-1544107698,Too many packets lost
27c30a3a-e893-4d49-a059-691a9c68d28a,c5b4f757-4e3d-4bf5-9392-ff798c5de974,worker-8c80a74669cb44ad8bfeea0c05d33004-1544107698,Too many packets lost
27c30a3a-e893-4d49-a059-691a9c68d28a,c5b4f757-4e3d-4bf5-9392-ff798c5de974,worker-1a3fcd605aa14849ab91da96ea2f2a2b-1544107698,Too many packets lost
27c30a3a-e893-4d49-a059-691a9c68d28a,c5b4f757-4e3d-4bf5-9392-ff798c5de974,worker-0a6f3d35ad3a433fada434aa8c64db04-1544107698,Too many packets lost
27c30a3a-e893-4d49-a059-691a9c68d28a,c5b4f757-4e3d-4bf5-9392-ff798c5de974,worker-a765493920fb47bf965b38720a93975e-1544107698,Too many packets lost
27c30a3a-e893-4d49-a059-691a9c68d28a,c5b4f757-4e3d-4bf5-9392-ff798c5de974,worker-bf1c6d1c461743559b7d622a7d564fe2-1544107698,Too many packets lost
27c30a3a-e893-4d49-a059-691a9c68d28a,c5b4f757-4e3d-4bf5-9392-ff798c5de974,worker-6288fd7fb22c4ed3a3ecf2956fc3fb54-1544107698,Too many packets lost
27c30a3a-e893-4d49-a059-691a9c68d28a,c5b4f757-4e3d-4bf5-9392-ff798c5de974,worker-2e2509d5868e40acaa90a6f48bb6e7d5-1544107698,Too many packets lost
27c30a3a-e893-4d49-a059-691a9c68d28a,c5b4f757-4e3d-4bf5-9392-ff798c5de974,worker-1f42b274d4f04ea6a8dee019a528feaa-1544107698,Too many packets lost
27c30a3a-e893-4d49-a059-691a9c68d28a,c5b4f757-4e3d-4bf5-9392-ff798c5de974,worker-ff554b7db2794fcca654a1b57f95035e-1544107698,Too many packets lost
27c30a3a-e893-4d49-a059-691a9c68d28a,bb3e9226-f97d-4df5-8ed5-6e6b85816b91,worker-c54df69524f44e18a4b82a7e644e674d-1544107698,Too many packets lost
27c30a3a-e893-4d49-a059-691a9c68d28a,bb3e9226-f97d-4df5-8ed5-6e6b85816b91,worker-bf1c6d1c461743559b7d622a7d564fe2-1544107698,Too many packets lost
27c30a3a-e893-4d49-a059-691a9c68d28a,bb3e9226-f97d-4df5-8ed5-6e6b85816b91,worker-0a6f3d35ad3a433fada434aa8c64db04-1544107698,Too many packets lost
27c30a3a-e893-4d49-a059-691a9c68d28a,bb3e9226-f97d-4df5-8ed5-6e6b85816b91,worker-a765493920fb47bf965b38720a93975e-1544107698,Too many packets lost
27c30a3a-e893-4d49-a059-691a9c68d28a,bb3e9226-f97d-4df5-8ed5-6e6b85816b91,worker-6288fd7fb22c4ed3a3ecf2956fc3fb54-1544107698,Too many packets lost
27c30a3a-e893-4d49-a059-691a9c68d28a,bb3e9226-f97d-4df5-8ed5-6e6b85816b91,worker-1f42b274d4f04ea6a8dee019a528feaa-1544107698,Too many packets lost
27c30a3a-e893-4d49-a059-691a9c68d28a,bb3e9226-f97d-4df5-8ed5-6e6b85816b91,worker-2e2509d5868e40acaa90a6f48bb6e7d5-1544107698,Too many packets lost
27c30a3a-e893-4d49-a059-691a9c68d28a,bb3e9226-f97d-4df5-8ed5-6e6b85816b91,worker-1a3fcd605aa14849ab91da96ea2f2a2b-1544107698,Too many packets lost
27c30a3a-e893-4d49-a059-691a9c68d28a,bb3e9226-f97d-4df5-8ed5-6e6b85816b91,worker-8c80a74669cb44ad8bfeea0c05d33004-1544107698,Too many packets lost
27c30a3a-e893-4d49-a059-691a9c68d28a,bb3e9226-f97d-4df5-8ed5-6e6b85816b91,worker-ff554b7db2794fcca654a1b57f95035e-1544107698,Too many packets lost
764df5aa-ae55-46db-b185-6d43be3bd179,f0dc35a3-4e0d-4b5f-91a9-46388d113690,worker-3109a4756c724d4387d76cb418f7b8a8-1544107698,Too many packets lost
764df5aa-ae55-46db-b185-6d43be3bd179,f0dc35a3-4e0d-4b5f-91a9-46388d113690,worker-5e493b238cf348f6b37c7c7434581d2d-1544107698,Too many packets lost
764df5aa-ae55-46db-b185-6d43be3bd179,f0dc35a3-4e0d-4b5f-91a9-46388d113690,worker-530cf3818a79491980240c9408ecac94-1544107698,Too many packets lost
764df5aa-ae55-46db-b185-6d43be3bd179,f0dc35a3-4e0d-4b5f-91a9-46388d113690,worker-5f610ba13ac04a0a93228dcc653d54a7-1544107698,Too many packets lost
764df5aa-ae55-46db-b185-6d43be3bd179,f0dc35a3-4e0d-4b5f-91a9-46388d113690,worker-0ad6f0fdb17944d1baadcd6d7598af92-1544107698,Too many packets lost
764df5aa-ae55-46db-b185-6d43be3bd179,f0dc35a3-4e0d-4b5f-91a9-46388d113690,worker-d13164f093bb4ed3b524edf389cdea30-1544107698,Too many packets lost
764df5aa-ae55-46db-b185-6d43be3bd179,f0dc35a3-4e0d-4b5f-91a9-46388d113690,worker-358593d91ac04fceb00ee0bdccc24f20-1544107698,Too many packets lost
764df5aa-ae55-46db-b185-6d43be3bd179,f0dc35a3-4e0d-4b5f-91a9-46388d113690,worker-b003f28b8c3340cd8cf7f858546499ef-1544107698,Too many packets lost
764df5aa-ae55-46db-b185-6d43be3bd179,f0dc35a3-4e0d-4b5f-91a9-46388d113690,worker-38837e2cab4d44d1b94eba46d6ed0752-1544107698,Too many packets lost
764df5aa-ae55-46db-b185-6d43be3bd179,f0dc35a3-4e0d-4b5f-91a9-46388d113690,worker-317859f7a4494b4f89441014bb0791a9-1544107698,Too many packets lost
764df5aa-ae55-46db-b185-6d43be3bd179,d186de20-a4da-4369-9864-3646ff421db6,worker-5e493b238cf348f6b37c7c7434581d2d-1544107698,Too many packets lost
764df5aa-ae55-46db-b185-6d43be3bd179,d186de20-a4da-4369-9864-3646ff421db6,worker-3109a4756c724d4387d76cb418f7b8a8-1544107698,Too many packets lost
764df5aa-ae55-46db-b185-6d43be3bd179,d186de20-a4da-4369-9864-3646ff421db6,worker-5f610ba13ac04a0a93228dcc653d54a7-1544107698,Too many packets lost
764df5aa-ae55-46db-b185-6d43be3bd179,d186de20-a4da-4369-9864-3646ff421db6,worker-0ad6f0fdb17944d1baadcd6d7598af92-1544107698,Too many packets lost
764df5aa-ae55-46db-b185-6d43be3bd179,d186de20-a4da-4369-9864-3646ff421db6,worker-d13164f093bb4ed3b524edf389cdea30-1544107698,Too many packets lost
764df5aa-ae55-46db-b185-6d43be3bd179,d186de20-a4da-4369-9864-3646ff421db6,worker-530cf3818a79491980240c9408ecac94-1544107698,Too many packets lost
764df5aa-ae55-46db-b185-6d43be3bd179,d186de20-a4da-4369-9864-3646ff421db6,worker-b003f28b8c3340cd8cf7f858546499ef-1544107698,Too many packets lost
764df5aa-ae55-46db-b185-6d43be3bd179,d186de20-a4da-4369-9864-3646ff421db6,worker-38837e2cab4d44d1b94eba46d6ed0752-1544107698,Too many packets lost
764df5aa-ae55-46db-b185-6d43be3bd179,d186de20-a4da-4369-9864-3646ff421db6,worker-358593d91ac04fceb00ee0bdccc24f20-1544107698,Too many packets lost
764df5aa-ae55-46db-b185-6d43be3bd179,d186de20-a4da-4369-9864-3646ff421db6,worker-317859f7a4494b4f89441014bb0791a9-1544107698,Too many packets lost
1f74596c-ef4b-4469-b225-391947f17174,ba69ad08-aa04-4401-9b76-53768b15554a,worker-6288fd7fb22c4ed3a3ecf2956fc3fb54-1544107698,Too many packets lost
1f74596c-ef4b-4469-b225-391947f17174,ba69ad08-aa04-4401-9b76-53768b15554a,worker-1f42b274d4f04ea6a8dee019a528feaa-1544107698,Too many packets lost
1f74596c-ef4b-4469-b225-391947f17174,ba69ad08-aa04-4401-9b76-53768b15554a,worker-8c80a74669cb44ad8bfeea0c05d33004-1544107698,Too many packets lost
1f74596c-ef4b-4469-b225-391947f17174,ba69ad08-aa04-4401-9b76-53768b15554a,worker-2e2509d5868e40acaa90a6f48bb6e7d5-1544107698,Too many packets lost
1f74596c-ef4b-4469-b225-391947f17174,ba69ad08-aa04-4401-9b76-53768b15554a,worker-a765493920fb47bf965b38720a93975e-1544107698,Too many packets lost
1f74596c-ef4b-4469-b225-391947f17174,ba69ad08-aa04-4401-9b76-53768b15554a,worker-c54df69524f44e18a4b82a7e644e674d-1544107698,Too many packets lost
1f74596c-ef4b-4469-b225-391947f17174,ba69ad08-aa04-4401-9b76-53768b15554a,worker-ff554b7db2794fcca654a1b57f95035e-1544107698,Too many packets lost
1f74596c-ef4b-4469-b225-391947f17174,ba69ad08-aa04-4401-9b76-53768b15554a,worker-1a3fcd605aa14849ab91da96ea2f2a2b-1544107698,Too many packets lost
1f74596c-ef4b-4469-b225-391947f17174,ba69ad08-aa04-4401-9b76-53768b15554a,worker-bf1c6d1c461743559b7d622a7d564fe2-1544107698,Too many packets lost
1f74596c-ef4b-4469-b225-391947f17174,ba69ad08-aa04-4401-9b76-53768b15554a,worker-0a6f3d35ad3a433fada434aa8c64db04-1544107698,Too many packets lost
1f74596c-ef4b-4469-b225-391947f17174,5a0c7500-f8d9-4fc2-b4aa-6417ad27ae1b,worker-8c80a74669cb44ad8bfeea0c05d33004-1544107698,Too many packets lost
1f74596c-ef4b-4469-b225-391947f17174,5a0c7500-f8d9-4fc2-b4aa-6417ad27ae1b,worker-1a3fcd605aa14849ab91da96ea2f2a2b-1544107698,Too many packets lost
1f74596c-ef4b-4469-b225-391947f17174,5a0c7500-f8d9-4fc2-b4aa-6417ad27ae1b,worker-6288fd7fb22c4ed3a3ecf2956fc3fb54-1544107698,Too many packets lost
1f74596c-ef4b-4469-b225-391947f17174,5a0c7500-f8d9-4fc2-b4aa-6417ad27ae1b,worker-2e2509d5868e40acaa90a6f48bb6e7d5-1544107698,Too many packets lost
1f74596c-ef4b-4469-b225-391947f17174,5a0c7500-f8d9-4fc2-b4aa-6417ad27ae1b,worker-a765493920fb47bf965b38720a93975e-1544107698,Too many packets lost
1f74596c-ef4b-4469-b225-391947f17174,5a0c7500-f8d9-4fc2-b4aa-6417ad27ae1b,worker-ff554b7db2794fcca654a1b57f95035e-1544107698,Too many packets lost
1f74596c-ef4b-4469-b225-391947f17174,5a0c7500-f8d9-4fc2-b4aa-6417ad27ae1b,worker-0a6f3d35ad3a433fada434aa8c64db04-1544107698,Too many packets lost
1f74596c-ef4b-4469-b225-391947f17174,5a0c7500-f8d9-4fc2-b4aa-6417ad27ae1b,worker-1f42b274d4f04ea6a8dee019a528feaa-1544107698,Too many packets lost
1f74596c-ef4b-4469-b225-391947f17174,5a0c7500-f8d9-4fc2-b4aa-6417ad27ae1b,worker-bf1c6d1c461743559b7d622a7d564fe2-1544107698,Too many packets lost
1f74596c-ef4b-4469-b225-391947f17174,5a0c7500-f8d9-4fc2-b4aa-6417ad27ae1b,worker-c54df69524f44e18a4b82a7e644e674d-1544107698,Too many packets lost
75ab2357-a408-40d4-b6ae-8b15df90c15f,b64e9450-e294-4bd6-a13c-17545105f102,worker-8c80a74669cb44ad8bfeea0c05d33004-1544107698,Too many packets lost
75ab2357-a408-40d4-b6ae-8b15df90c15f,b64e9450-e294-4bd6-a13c-17545105f102,worker-ff554b7db2794fcca654a1b57f95035e-1544107698,Too many packets lost
75ab2357-a408-40d4-b6ae-8b15df90c15f,b64e9450-e294-4bd6-a13c-17545105f102,worker-a765493920fb47bf965b38720a93975e-1544107698,Too many packets lost
75ab2357-a408-40d4-b6ae-8b15df90c15f,b64e9450-e294-4bd6-a13c-17545105f102,worker-c54df69524f44e18a4b82a7e644e674d-1544107698,Too many packets lost
75ab2357-a408-40d4-b6ae-8b15df90c15f,b64e9450-e294-4bd6-a13c-17545105f102,worker-6288fd7fb22c4ed3a3ecf2956fc3fb54-1544107698,Too many packets lost
75ab2357-a408-40d4-b6ae-8b15df90c15f,b64e9450-e294-4bd6-a13c-17545105f102,worker-2e2509d5868e40acaa90a6f48bb6e7d5-1544107698,Too many packets lost
75ab2357-a408-40d4-b6ae-8b15df90c15f,b64e9450-e294-4bd6-a13c-17545105f102,worker-1f42b274d4f04ea6a8dee019a528feaa-1544107698,Too many packets lost
75ab2357-a408-40d4-b6ae-8b15df90c15f,b64e9450-e294-4bd6-a13c-17545105f102,worker-bf1c6d1c461743559b7d622a7d564fe2-1544107698,Too many packets lost
75ab2357-a408-40d4-b6ae-8b15df90c15f,b64e9450-e294-4bd6-a13c-17545105f102,worker-1a3fcd605aa14849ab91da96ea2f2a2b-1544107698,Too many packets lost
75ab2357-a408-40d4-b6ae-8b15df90c15f,b64e9450-e294-4bd6-a13c-17545105f102,worker-0a6f3d35ad3a433fada434aa8c64db04-1544107698,Too many packets lost
75ab2357-a408-40d4-b6ae-8b15df90c15f,853eab54-9593-4467-91e7-1cd895cff0bf,worker-bf1c6d1c461743559b7d622a7d564fe2-1544107698,Too many packets lost
75ab2357-a408-40d4-b6ae-8b15df90c15f,853eab54-9593-4467-91e7-1cd895cff0bf,worker-0a6f3d35ad3a433fada434aa8c64db04-1544107698,Too many packets lost
75ab2357-a408-40d4-b6ae-8b15df90c15f,853eab54-9593-4467-91e7-1cd895cff0bf,worker-c54df69524f44e18a4b82a7e644e674d-1544107698,Too many packets lost
75ab2357-a408-40d4-b6ae-8b15df90c15f,853eab54-9593-4467-91e7-1cd895cff0bf,worker-8c80a74669cb44ad8bfeea0c05d33004-1544107698,Too many packets lost
75ab2357-a408-40d4-b6ae-8b15df90c15f,853eab54-9593-4467-91e7-1cd895cff0bf,worker-1f42b274d4f04ea6a8dee019a528feaa-1544107698,Too many packets lost
75ab2357-a408-40d4-b6ae-8b15df90c15f,853eab54-9593-4467-91e7-1cd895cff0bf,worker-1a3fcd605aa14849ab91da96ea2f2a2b-1544107698,Too many packets lost
75ab2357-a408-40d4-b6ae-8b15df90c15f,853eab54-9593-4467-91e7-1cd895cff0bf,worker-ff554b7db2794fcca654a1b57f95035e-1544107698,Too many packets lost
75ab2357-a408-40d4-b6ae-8b15df90c15f,853eab54-9593-4467-91e7-1cd895cff0bf,worker-a765493920fb47bf965b38720a93975e-1544107698,Too many packets lost
75ab2357-a408-40d4-b6ae-8b15df90c15f,853eab54-9593-4467-91e7-1cd895cff0bf,worker-2e2509d5868e40acaa90a6f48bb6e7d5-1544107698,Too many packets lost
75ab2357-a408-40d4-b6ae-8b15df90c15f,853eab54-9593-4467-91e7-1cd895cff0bf,worker-6288fd7fb22c4ed3a3ecf2956fc3fb54-1544107698,Too many packets lost
4c5bda2e-cf5b-4beb-8735-a712d13badaa,d5fa4f27-abd8-4a27-a8a8-61d50eb8ec3f,worker-32463579859f4033b734d6b0f66bede6-1544107698,Too many packets lost
4c5bda2e-cf5b-4beb-8735-a712d13badaa,d5fa4f27-abd8-4a27-a8a8-61d50eb8ec3f,worker-02bf2b91b53341b59db9a49c1bec78be-1544107698,Too many packets lost
4c5bda2e-cf5b-4beb-8735-a712d13badaa,d5fa4f27-abd8-4a27-a8a8-61d50eb8ec3f,worker-25a72e94d80445b3898ceb9973f89e90-1544107698,Too many packets lost
4c5bda2e-cf5b-4beb-8735-a712d13badaa,d5fa4f27-abd8-4a27-a8a8-61d50eb8ec3f,worker-3411be34b19249d79bc821e96ff58eb6-1544107698,Too many packets lost
4c5bda2e-cf5b-4beb-8735-a712d13badaa,d5fa4f27-abd8-4a27-a8a8-61d50eb8ec3f,worker-5dc0276a95104f5c81ef45e31564ee42-1544107698,Too many packets lost
4c5bda2e-cf5b-4beb-8735-a712d13badaa,d5fa4f27-abd8-4a27-a8a8-61d50eb8ec3f,worker-689fb313f2b34c80b499936d812a064b-1544107698,Too many packets lost
4c5bda2e-cf5b-4beb-8735-a712d13badaa,d5fa4f27-abd8-4a27-a8a8-61d50eb8ec3f,worker-336602893cc3403c94a6172053df72fe-1544107698,Too many packets lost
4c5bda2e-cf5b-4beb-8735-a712d13badaa,d5fa4f27-abd8-4a27-a8a8-61d50eb8ec3f,worker-3495f46c836e49ec9c583308b2285bee-1544107698,Too many packets lost
4c5bda2e-cf5b-4beb-8735-a712d13badaa,d5fa4f27-abd8-4a27-a8a8-61d50eb8ec3f,worker-7024dfbd6f2949cc8e64f0a18bf95c3a-1544107698,Too many packets lost
4c5bda2e-cf5b-4beb-8735-a712d13badaa,d5fa4f27-abd8-4a27-a8a8-61d50eb8ec3f,worker-55b74f68c378406fb338353f85e0bcc9-1544107698,Too many packets lost
4c5bda2e-cf5b-4beb-8735-a712d13badaa,95649ddf-e6d1-433c-a1be-b5bfd0a5e0ad,worker-336602893cc3403c94a6172053df72fe-1544107698,Too many packets lost
4c5bda2e-cf5b-4beb-8735-a712d13badaa,95649ddf-e6d1-433c-a1be-b5bfd0a5e0ad,worker-3495f46c836e49ec9c583308b2285bee-1544107698,Too many packets lost
4c5bda2e-cf5b-4beb-8735-a712d13badaa,95649ddf-e6d1-433c-a1be-b5bfd0a5e0ad,worker-02bf2b91b53341b59db9a49c1bec78be-1544107698,Too many packets lost
4c5bda2e-cf5b-4beb-8735-a712d13badaa,95649ddf-e6d1-433c-a1be-b5bfd0a5e0ad,worker-689fb313f2b34c80b499936d812a064b-1544107698,Too many packets lost
4c5bda2e-cf5b-4beb-8735-a712d13badaa,95649ddf-e6d1-433c-a1be-b5bfd0a5e0ad,worker-7024dfbd6f2949cc8e64f0a18bf95c3a-1544107698,Too many packets lost
4c5bda2e-cf5b-4beb-8735-a712d13badaa,95649ddf-e6d1-433c-a1be-b5bfd0a5e0ad,worker-25a72e94d80445b3898ceb9973f89e90-1544107698,Too many packets lost
4c5bda2e-cf5b-4beb-8735-a712d13badaa,95649ddf-e6d1-433c-a1be-b5bfd0a5e0ad,worker-5dc0276a95104f5c81ef45e31564ee42-1544107698,Too many packets lost
4c5bda2e-cf5b-4beb-8735-a712d13badaa,95649ddf-e6d1-433c-a1be-b5bfd0a5e0ad,worker-3411be34b19249d79bc821e96ff58eb6-1544107698,Too many packets lost
4c5bda2e-cf5b-4beb-8735-a712d13badaa,95649ddf-e6d1-433c-a1be-b5bfd0a5e0ad,worker-32463579859f4033b734d6b0f66bede6-1544107698,Too many packets lost
4c5bda2e-cf5b-4beb-8735-a712d13badaa,95649ddf-e6d1-433c-a1be-b5bfd0a5e0ad,worker-55b74f68c378406fb338353f85e0bcc9-1544107698,Too many packets lost
8dbdf583-3975-4f29-8294-c6068b3f6278,804d4927-32b9-401f-8343-eee21adabd31,worker-3495f46c836e49ec9c583308b2285bee-1544107698,Too many packets lost
8dbdf583-3975-4f29-8294-c6068b3f6278,804d4927-32b9-401f-8343-eee21adabd31,worker-3411be34b19249d79bc821e96ff58eb6-1544107698,Too many packets lost
8dbdf583-3975-4f29-8294-c6068b3f6278,804d4927-32b9-401f-8343-eee21adabd31,worker-7024dfbd6f2949cc8e64f0a18bf95c3a-1544107698,Too many packets lost
8dbdf583-3975-4f29-8294-c6068b3f6278,804d4927-32b9-401f-8343-eee21adabd31,worker-689fb313f2b34c80b499936d812a064b-1544107698,Too many packets lost
8dbdf583-3975-4f29-8294-c6068b3f6278,804d4927-32b9-401f-8343-eee21adabd31,worker-32463579859f4033b734d6b0f66bede6-1544107698,Too many packets lost
8dbdf583-3975-4f29-8294-c6068b3f6278,804d4927-32b9-401f-8343-eee21adabd31,worker-5dc0276a95104f5c81ef45e31564ee42-1544107698,Too many packets lost
8dbdf583-3975-4f29-8294-c6068b3f6278,804d4927-32b9-401f-8343-eee21adabd31,worker-02bf2b91b53341b59db9a49c1bec78be-1544107698,Too many packets lost
8dbdf583-3975-4f29-8294-c6068b3f6278,804d4927-32b9-401f-8343-eee21adabd31,worker-25a72e94d80445b3898ceb9973f89e90-1544107698,Too many packets lost
8dbdf583-3975-4f29-8294-c6068b3f6278,804d4927-32b9-401f-8343-eee21adabd31,worker-336602893cc3403c94a6172053df72fe-1544107698,Too many packets lost
8dbdf583-3975-4f29-8294-c6068b3f6278,804d4927-32b9-401f-8343-eee21adabd31,worker-55b74f68c378406fb338353f85e0bcc9-1544107698,Too many packets lost
8dbdf583-3975-4f29-8294-c6068b3f6278,880f65ae-7f5a-4741-8ad5-e254c23c987b,worker-55b74f68c378406fb338353f85e0bcc9-1544107698,Too many packets lost
8dbdf583-3975-4f29-8294-c6068b3f6278,880f65ae-7f5a-4741-8ad5-e254c23c987b,worker-3495f46c836e49ec9c583308b2285bee-1544107698,Too many packets lost
8dbdf583-3975-4f29-8294-c6068b3f6278,880f65ae-7f5a-4741-8ad5-e254c23c987b,worker-5dc0276a95104f5c81ef45e31564ee42-1544107698,Too many packets lost
8dbdf583-3975-4f29-8294-c6068b3f6278,880f65ae-7f5a-4741-8ad5-e254c23c987b,worker-689fb313f2b34c80b499936d812a064b-1544107698,Too many packets lost
8dbdf583-3975-4f29-8294-c6068b3f6278,880f65ae-7f5a-4741-8ad5-e254c23c987b,worker-7024dfbd6f2949cc8e64f0a18bf95c3a-1544107698,Too many packets lost
8dbdf583-3975-4f29-8294-c6068b3f6278,880f65ae-7f5a-4741-8ad5-e254c23c987b,worker-25a72e94d80445b3898ceb9973f89e90-1544107698,Too many packets lost
8dbdf583-3975-4f29-8294-c6068b3f6278,880f65ae-7f5a-4741-8ad5-e254c23c987b,worker-02bf2b91b53341b59db9a49c1bec78be-1544107698,Too many packets lost
8dbdf583-3975-4f29-8294-c6068b3f6278,880f65ae-7f5a-4741-8ad5-e254c23c987b,worker-32463579859f4033b734d6b0f66bede6-1544107698,Too many packets lost
8dbdf583-3975-4f29-8294-c6068b3f6278,880f65ae-7f5a-4741-8ad5-e254c23c987b,worker-336602893cc3403c94a6172053df72fe-1544107698,Too many packets lost
8dbdf583-3975-4f29-8294-c6068b3f6278,880f65ae-7f5a-4741-8ad5-e254c23c987b,worker-3411be34b19249d79bc821e96ff58eb6-1544107698,Too many packets lost
ae51b993-7de7-4333-8b0c-b304aa2e14eb,84b03ce9-eb8e-4041-9e9e-d98b72757f20,worker-317859f7a4494b4f89441014bb0791a9-1544107698,Too many packets lost
ae51b993-7de7-4333-8b0c-b304aa2e14eb,84b03ce9-eb8e-4041-9e9e-d98b72757f20,worker-d13164f093bb4ed3b524edf389cdea30-1544107698,Too many packets lost
ae51b993-7de7-4333-8b0c-b304aa2e14eb,84b03ce9-eb8e-4041-9e9e-d98b72757f20,worker-530cf3818a79491980240c9408ecac94-1544107698,Too many packets lost
ae51b993-7de7-4333-8b0c-b304aa2e14eb,84b03ce9-eb8e-4041-9e9e-d98b72757f20,worker-38837e2cab4d44d1b94eba46d6ed0752-1544107698,Too many packets lost
ae51b993-7de7-4333-8b0c-b304aa2e14eb,84b03ce9-eb8e-4041-9e9e-d98b72757f20,worker-5e493b238cf348f6b37c7c7434581d2d-1544107698,Too many packets lost
ae51b993-7de7-4333-8b0c-b304aa2e14eb,84b03ce9-eb8e-4041-9e9e-d98b72757f20,worker-3109a4756c724d4387d76cb418f7b8a8-1544107698,Too many packets lost
ae51b993-7de7-4333-8b0c-b304aa2e14eb,84b03ce9-eb8e-4041-9e9e-d98b72757f20,worker-0ad6f0fdb17944d1baadcd6d7598af92-1544107698,Too many packets lost
ae51b993-7de7-4333-8b0c-b304aa2e14eb,84b03ce9-eb8e-4041-9e9e-d98b72757f20,worker-358593d91ac04fceb00ee0bdccc24f20-1544107698,Too many packets lost
ae51b993-7de7-4333-8b0c-b304aa2e14eb,84b03ce9-eb8e-4041-9e9e-d98b72757f20,worker-5f610ba13ac04a0a93228dcc653d54a7-1544107698,Too many packets lost
ae51b993-7de7-4333-8b0c-b304aa2e14eb,84b03ce9-eb8e-4041-9e9e-d98b72757f20,worker-b003f28b8c3340cd8cf7f858546499ef-1544107698,Too many packets lost
ae51b993-7de7-4333-8b0c-b304aa2e14eb,17d14387-f757-4734-9211-5c9c08567a27,worker-5f610ba13ac04a0a93228dcc653d54a7-1544107698,Start time is in the past
ae51b993-7de7-4333-8b0c-b304aa2e14eb,17d14387-f757-4734-9211-5c9c08567a27,worker-b003f28b8c3340cd8cf7f858546499ef-1544107698,Start time is in the past
ae51b993-7de7-4333-8b0c-b304aa2e14eb,17d14387-f757-4734-9211-5c9c08567a27,worker-38837e2cab4d44d1b94eba46d6ed0752-1544107698,Too many packets lost
ae51b993-7de7-4333-8b0c-b304aa2e14eb,17d14387-f757-4734-9211-5c9c08567a27,worker-d13164f093bb4ed3b524edf389cdea30-1544107698,Too many packets lost
ae51b993-7de7-4333-8b0c-b304aa2e14eb,17d14387-f757-4734-9211-5c9c08567a27,worker-5e493b238cf348f6b37c7c7434581d2d-1544107698,Too many packets lost
ae51b993-7de7-4333-8b0c-b304aa2e14eb,17d14387-f757-4734-9211-5c9c08567a27,worker-0ad6f0fdb17944d1baadcd6d7598af92-1544107698,Too many packets lost
ae51b993-7de7-4333-8b0c-b304aa2e14eb,17d14387-f757-4734-9211-5c9c08567a27,worker-3109a4756c724d4387d76cb418f7b8a8-1544107698,Too many packets lost
ae51b993-7de7-4333-8b0c-b304aa2e14eb,17d14387-f757-4734-9211-5c9c08567a27,worker-317859f7a4494b4f89441014bb0791a9-1544107698,Too many packets lost
ae51b993-7de7-4333-8b0c-b304aa2e14eb,17d14387-f757-4734-9211-5c9c08567a27,worker-530cf3818a79491980240c9408ecac94-1544107698,Too many packets lost
ae51b993-7de7-4333-8b0c-b304aa2e14eb,17d14387-f757-4734-9211-5c9c08567a27,worker-358593d91ac04fceb00ee0bdccc24f20-1544107698,Too many packets lost
408fc2c0-a8eb-4503-9ee5-ccefb6896cad,c1cf686f-a822-4676-8227-2e8f33d70c33,worker-530cf3818a79491980240c9408ecac94-1544107698,Too many packets lost
408fc2c0-a8eb-4503-9ee5-ccefb6896cad,c1cf686f-a822-4676-8227-2e8f33d70c33,worker-38837e2cab4d44d1b94eba46d6ed0752-1544107698,Too many packets lost
408fc2c0-a8eb-4503-9ee5-ccefb6896cad,c1cf686f-a822-4676-8227-2e8f33d70c33,worker-3109a4756c724d4387d76cb418f7b8a8-1544107698,Too many packets lost
408fc2c0-a8eb-4503-9ee5-ccefb6896cad,c1cf686f-a822-4676-8227-2e8f33d70c33,worker-d13164f093bb4ed3b524edf389cdea30-1544107698,Too many packets lost
408fc2c0-a8eb-4503-9ee5-ccefb6896cad,c1cf686f-a822-4676-8227-2e8f33d70c33,worker-317859f7a4494b4f89441014bb0791a9-1544107698,Too many packets lost
408fc2c0-a8eb-4503-9ee5-ccefb6896cad,c1cf686f-a822-4676-8227-2e8f33d70c33,worker-0ad6f0fdb17944d1baadcd6d7598af92-1544107698,Too many packets lost
408fc2c0-a8eb-4503-9ee5-ccefb6896cad,c1cf686f-a822-4676-8227-2e8f33d70c33,worker-5e493b238cf348f6b37c7c7434581d2d-1544107698,Too many packets lost
408fc2c0-a8eb-4503-9ee5-ccefb6896cad,c1cf686f-a822-4676-8227-2e8f33d70c33,worker-5f610ba13ac04a0a93228dcc653d54a7-1544107698,Too many packets lost
408fc2c0-a8eb-4503-9ee5-ccefb6896cad,c1cf686f-a822-4676-8227-2e8f33d70c33,worker-b003f28b8c3340cd8cf7f858546499ef-1544107698,Too many packets lost
408fc2c0-a8eb-4503-9ee5-ccefb6896cad,c1cf686f-a822-4676-8227-2e8f33d70c33,worker-358593d91ac04fceb00ee0bdccc24f20-1544107698,Too many packets lost
408fc2c0-a8eb-4503-9ee5-ccefb6896cad,90b9640b-e12c-41a1-978e-d2f488bf82a3,worker-d13164f093bb4ed3b524edf389cdea30-1544107698,Too many packets lost
408fc2c0-a8eb-4503-9ee5-ccefb6896cad,90b9640b-e12c-41a1-978e-d2f488bf82a3,worker-317859f7a4494b4f89441014bb0791a9-1544107698,Too many packets lost
408fc2c0-a8eb-4503-9ee5-ccefb6896cad,90b9640b-e12c-41a1-978e-d2f488bf82a3,worker-5e493b238cf348f6b37c7c7434581d2d-1544107698,Too many packets lost
408fc2c0-a8eb-4503-9ee5-ccefb6896cad,90b9640b-e12c-41a1-978e-d2f488bf82a3,worker-3109a4756c724d4387d76cb418f7b8a8-1544107698,Too many packets lost
408fc2c0-a8eb-4503-9ee5-ccefb6896cad,90b9640b-e12c-41a1-978e-d2f488bf82a3,worker-38837e2cab4d44d1b94eba46d6ed0752-1544107698,Too many packets lost
408fc2c0-a8eb-4503-9ee5-ccefb6896cad,90b9640b-e12c-41a1-978e-d2f488bf82a3,worker-530cf3818a79491980240c9408ecac94-1544107698,Too many packets lost
408fc2c0-a8eb-4503-9ee5-ccefb6896cad,90b9640b-e12c-41a1-978e-d2f488bf82a3,worker-0ad6f0fdb17944d1baadcd6d7598af92-1544107698,Too many packets lost
408fc2c0-a8eb-4503-9ee5-ccefb6896cad,90b9640b-e12c-41a1-978e-d2f488bf82a3,worker-5f610ba13ac04a0a93228dcc653d54a7-1544107698,Too many packets lost
408fc2c0-a8eb-4503-9ee5-ccefb6896cad,90b9640b-e12c-41a1-978e-d2f488bf82a3,worker-b003f28b8c3340cd8cf7f858546499ef-1544107698,Too many packets lost
408fc2c0-a8eb-4503-9ee5-ccefb6896cad,90b9640b-e12c-41a1-978e-d2f488bf82a3,worker-358593d91ac04fceb00ee0bdccc24f20-1544107698,Too many packets lost
b2810b80-01cf-447a-bbdf-da65226d6f55,19e0ce5e-afea-43e8-86c6-2626302371c0,worker-0ad6f0fdb17944d1baadcd6d7598af92-1544107698,Too many packets lost
b2810b80-01cf-447a-bbdf-da65226d6f55,19e0ce5e-afea-43e8-86c6-2626302371c0,worker-38837e2cab4d44d1b94eba46d6ed0752-1544107698,Too many packets lost
b2810b80-01cf-447a-bbdf-da65226d6f55,19e0ce5e-afea-43e8-86c6-2626302371c0,worker-5e493b238cf348f6b37c7c7434581d2d-1544107698,Too many packets lost
b2810b80-01cf-447a-bbdf-da65226d6f55,19e0ce5e-afea-43e8-86c6-2626302371c0,worker-d13164f093bb4ed3b524edf389cdea30-1544107698,Too many packets lost
b2810b80-01cf-447a-bbdf-da65226d6f55,19e0ce5e-afea-43e8-86c6-2626302371c0,worker-3109a4756c724d4387d76cb418f7b8a8-1544107698,Too many packets lost
b2810b80-01cf-447a-bbdf-da65226d6f55,19e0ce5e-afea-43e8-86c6-2626302371c0,worker-317859f7a4494b4f89441014bb0791a9-1544107698,Too many packets lost
b2810b80-01cf-447a-bbdf-da65226d6f55,19e0ce5e-afea-43e8-86c6-2626302371c0,worker-530cf3818a79491980240c9408ecac94-1544107698,Too many packets lost
b2810b80-01cf-447a-bbdf-da65226d6f55,19e0ce5e-afea-43e8-86c6-2626302371c0,worker-5f610ba13ac04a0a93228dcc653d54a7-1544107698,Too many packets lost
b2810b80-01cf-447a-bbdf-da65226d6f55,19e0ce5e-afea-43e8-86c6-2626302371c0,worker-b003f28b8c3340cd8cf7f858546499ef-1544107698,Too many packets lost
b2810b80-01cf-447a-bbdf-da65226d6f55,19e0ce5e-afea-43e8-86c6-2626302371c0,worker-358593d91ac04fceb00ee0bdccc24f20-1544107698,Too many packets lost
b2810b80-01cf-447a-bbdf-da65226d6f55,681fbd29-b6f8-4324-aadc-58cde4703b07,worker-b003f28b8c3340cd8cf7f858546499ef-1544107698,Start time is in the past
b2810b80-01cf-447a-bbdf-da65226d6f55,681fbd29-b6f8-4324-aadc-58cde4703b07,worker-358593d91ac04fceb00ee0bdccc24f20-1544107698,Start time is in the past
b2810b80-01cf-447a-bbdf-da65226d6f55,681fbd29-b6f8-4324-aadc-58cde4703b07,worker-0ad6f0fdb17944d1baadcd6d7598af92-1544107698,Too many packets lost
b2810b80-01cf-447a-bbdf-da65226d6f55,681fbd29-b6f8-4324-aadc-58cde4703b07,worker-38837e2cab4d44d1b94eba46d6ed0752-1544107698,Too many packets lost
b2810b80-01cf-447a-bbdf-da65226d6f55,681fbd29-b6f8-4324-aadc-58cde4703b07,worker-3109a4756c724d4387d76cb418f7b8a8-1544107698,Too many packets lost
b2810b80-01cf-447a-bbdf-da65226d6f55,681fbd29-b6f8-4324-aadc-58cde4703b07,worker-317859f7a4494b4f89441014bb0791a9-1544107698,Too many packets lost
b2810b80-01cf-447a-bbdf-da65226d6f55,681fbd29-b6f8-4324-aadc-58cde4703b07,worker-530cf3818a79491980240c9408ecac94-1544107698,Too many packets lost
b2810b80-01cf-447a-bbdf-da65226d6f55,681fbd29-b6f8-4324-aadc-58cde4703b07,worker-d13164f093bb4ed3b524edf389cdea30-1544107698,Too many packets lost
b2810b80-01cf-447a-bbdf-da65226d6f55,681fbd29-b6f8-4324-aadc-58cde4703b07,worker-5e493b238cf348f6b37c7c7434581d2d-1544107698,Too many packets lost
b2810b80-01cf-447a-bbdf-da65226d6f55,681fbd29-b6f8-4324-aadc-58cde4703b07,worker-5f610ba13ac04a0a93228dcc653d54a7-1544107698,Too many packets lost
b6e26c12-eebf-413d-b190-f8d1e5402c13,eca3a3be-aa12-4de0-96dc-8036c011cf50,worker-1f42b274d4f04ea6a8dee019a528feaa-1544107698,Too many packets lost
b6e26c12-eebf-413d-b190-f8d1e5402c13,eca3a3be-aa12-4de0-96dc-8036c011cf50,worker-c54df69524f44e18a4b82a7e644e674d-1544107698,Too many packets lost
b6e26c12-eebf-413d-b190-f8d1e5402c13,eca3a3be-aa12-4de0-96dc-8036c011cf50,worker-0a6f3d35ad3a433fada434aa8c64db04-1544107698,Too many packets lost
b6e26c12-eebf-413d-b190-f8d1e5402c13,eca3a3be-aa12-4de0-96dc-8036c011cf50,worker-8c80a74669cb44ad8bfeea0c05d33004-1544107698,Too many packets lost
b6e26c12-eebf-413d-b190-f8d1e5402c13,eca3a3be-aa12-4de0-96dc-8036c011cf50,worker-2e2509d5868e40acaa90a6f48bb6e7d5-1544107698,Too many packets lost
b6e26c12-eebf-413d-b190-f8d1e5402c13,eca3a3be-aa12-4de0-96dc-8036c011cf50,worker-6288fd7fb22c4ed3a3ecf2956fc3fb54-1544107698,Too many packets lost
b6e26c12-eebf-413d-b190-f8d1e5402c13,eca3a3be-aa12-4de0-96dc-8036c011cf50,worker-ff554b7db2794fcca654a1b57f95035e-1544107698,Too many packets lost
b6e26c12-eebf-413d-b190-f8d1e5402c13,eca3a3be-aa12-4de0-96dc-8036c011cf50,worker-1a3fcd605aa14849ab91da96ea2f2a2b-1544107698,Too many packets lost
b6e26c12-eebf-413d-b190-f8d1e5402c13,eca3a3be-aa12-4de0-96dc-8036c011cf50,worker-bf1c6d1c461743559b7d622a7d564fe2-1544107698,Too many packets lost
b6e26c12-eebf-413d-b190-f8d1e5402c13,eca3a3be-aa12-4de0-96dc-8036c011cf50,worker-a765493920fb47bf965b38720a93975e-1544107698,Too many packets lost
b6e26c12-eebf-413d-b190-f8d1e5402c13,91054405-330d-4f3d-b648-b8ee64527891,worker-1a3fcd605aa14849ab91da96ea2f2a2b-1544107698,Too many packets lost
b6e26c12-eebf-413d-b190-f8d1e5402c13,91054405-330d-4f3d-b648-b8ee64527891,worker-a765493920fb47bf965b38720a93975e-1544107698,Too many packets lost
b6e26c12-eebf-413d-b190-f8d1e5402c13,91054405-330d-4f3d-b648-b8ee64527891,worker-2e2509d5868e40acaa90a6f48bb6e7d5-1544107698,Too many packets lost
b6e26c12-eebf-413d-b190-f8d1e5402c13,91054405-330d-4f3d-b648-b8ee64527891,worker-6288fd7fb22c4ed3a3ecf2956fc3fb54-1544107698,Too many packets lost
b6e26c12-eebf-413d-b190-f8d1e5402c13,91054405-330d-4f3d-b648-b8ee64527891,worker-0a6f3d35ad3a433fada434aa8c64db04-1544107698,Too many packets lost
b6e26c12-eebf-413d-b190-f8d1e5402c13,91054405-330d-4f3d-b648-b8ee64527891,worker-8c80a74669cb44ad8bfeea0c05d33004-1544107698,Too many packets lost
b6e26c12-eebf-413d-b190-f8d1e5402c13,91054405-330d-4f3d-b648-b8ee64527891,worker-1f42b274d4f04ea6a8dee019a528feaa-1544107698,Too many packets lost
b6e26c12-eebf-413d-b190-f8d1e5402c13,91054405-330d-4f3d-b648-b8ee64527891,worker-bf1c6d1c461743559b7d622a7d564fe2-1544107698,Too many packets lost
b6e26c12-eebf-413d-b190-f8d1e5402c13,91054405-330d-4f3d-b648-b8ee64527891,worker-ff554b7db2794fcca654a1b57f95035e-1544107698,Too many packets lost
b6e26c12-eebf-413d-b190-f8d1e5402c13,91054405-330d-4f3d-b648-b8ee64527891,worker-c54df69524f44e18a4b82a7e644e674d-1544107698,Too many packets lost
5b7c9c8d-6819-4b49-a091-b10155a10ed8,03b9a246-32ef-4d0e-951c-418ecf2850ed,worker-5f610ba13ac04a0a93228dcc653d54a7-1544107698,Too many packets lost
5b7c9c8d-6819-4b49-a091-b10155a10ed8,03b9a246-32ef-4d0e-951c-418ecf2850ed,worker-530cf3818a79491980240c9408ecac94-1544107698,Too many packets lost
5b7c9c8d-6819-4b49-a091-b10155a10ed8,03b9a246-32ef-4d0e-951c-418ecf2850ed,worker-d13164f093bb4ed3b524edf389cdea30-1544107698,Too many packets lost
5b7c9c8d-6819-4b49-a091-b10155a10ed8,03b9a246-32ef-4d0e-951c-418ecf2850ed,worker-0ad6f0fdb17944d1baadcd6d7598af92-1544107698,Too many packets lost
5b7c9c8d-6819-4b49-a091-b10155a10ed8,03b9a246-32ef-4d0e-951c-418ecf2850ed,worker-38837e2cab4d44d1b94eba46d6ed0752-1544107698,Too many packets lost
5b7c9c8d-6819-4b49-a091-b10155a10ed8,03b9a246-32ef-4d0e-951c-418ecf2850ed,worker-317859f7a4494b4f89441014bb0791a9-1544107698,Too many packets lost
5b7c9c8d-6819-4b49-a091-b10155a10ed8,03b9a246-32ef-4d0e-951c-418ecf2850ed,worker-5e493b238cf348f6b37c7c7434581d2d-1544107698,Too many packets lost
5b7c9c8d-6819-4b49-a091-b10155a10ed8,03b9a246-32ef-4d0e-951c-418ecf2850ed,worker-358593d91ac04fceb00ee0bdccc24f20-1544107698,Too many packets lost
5b7c9c8d-6819-4b49-a091-b10155a10ed8,03b9a246-32ef-4d0e-951c-418ecf2850ed,worker-3109a4756c724d4387d76cb418f7b8a8-1544107698,Too many packets lost
5b7c9c8d-6819-4b49-a091-b10155a10ed8,03b9a246-32ef-4d0e-951c-418ecf2850ed,worker-b003f28b8c3340cd8cf7f858546499ef-1544107698,Too many packets lost
5b7c9c8d-6819-4b49-a091-b10155a10ed8,6436bbc6-8cb3-455b-9fc5-b0e7a932c08f,worker-358593d91ac04fceb00ee0bdccc24f20-1544107698,Too many packets lost
5b7c9c8d-6819-4b49-a091-b10155a10ed8,6436bbc6-8cb3-455b-9fc5-b0e7a932c08f,worker-b003f28b8c3340cd8cf7f858546499ef-1544107698,Too many packets lost
5b7c9c8d-6819-4b49-a091-b10155a10ed8,6436bbc6-8cb3-455b-9fc5-b0e7a932c08f,worker-5f610ba13ac04a0a93228dcc653d54a7-1544107698,Too many packets lost
5b7c9c8d-6819-4b49-a091-b10155a10ed8,6436bbc6-8cb3-455b-9fc5-b0e7a932c08f,worker-0ad6f0fdb17944d1baadcd6d7598af92-1544107698,Too many packets lost
5b7c9c8d-6819-4b49-a091-b10155a10ed8,6436bbc6-8cb3-455b-9fc5-b0e7a932c08f,worker-d13164f093bb4ed3b524edf389cdea30-1544107698,Too many packets lost
5b7c9c8d-6819-4b49-a091-b10155a10ed8,6436bbc6-8cb3-455b-9fc5-b0e7a932c08f,worker-5e493b238cf348f6b37c7c7434581d2d-1544107698,Too many packets lost
5b7c9c8d-6819-4b49-a091-b10155a10ed8,6436bbc6-8cb3-455b-9fc5-b0e7a932c08f,worker-317859f7a4494b4f89441014bb0791a9-1544107698,Too many packets lost
5b7c9c8d-6819-4b49-a091-b10155a10ed8,6436bbc6-8cb3-455b-9fc5-b0e7a932c08f,worker-3109a4756c724d4387d76cb418f7b8a8-1544107698,Too many packets lost
5b7c9c8d-6819-4b49-a091-b10155a10ed8,6436bbc6-8cb3-455b-9fc5-b0e7a932c08f,worker-38837e2cab4d44d1b94eba46d6ed0752-1544107698,Too many packets lost
5b7c9c8d-6819-4b49-a091-b10155a10ed8,6436bbc6-8cb3-455b-9fc5-b0e7a932c08f,worker-530cf3818a79491980240c9408ecac94-1544107698,Too many packets lost
64ef3cc4-215c-43cb-b89a-b87dfd78a047,4083e653-1fcc-40c4-8a71-9f9a12d0287c,worker-5dc0276a95104f5c81ef45e31564ee42-1544107698,Too many packets lost
64ef3cc4-215c-43cb-b89a-b87dfd78a047,4083e653-1fcc-40c4-8a71-9f9a12d0287c,worker-3411be34b19249d79bc821e96ff58eb6-1544107698,Too many packets lost
64ef3cc4-215c-43cb-b89a-b87dfd78a047,4083e653-1fcc-40c4-8a71-9f9a12d0287c,worker-25a72e94d80445b3898ceb9973f89e90-1544107698,Too many packets lost
64ef3cc4-215c-43cb-b89a-b87dfd78a047,4083e653-1fcc-40c4-8a71-9f9a12d0287c,worker-7024dfbd6f2949cc8e64f0a18bf95c3a-1544107698,Too many packets lost
64ef3cc4-215c-43cb-b89a-b87dfd78a047,4083e653-1fcc-40c4-8a71-9f9a12d0287c,worker-02bf2b91b53341b59db9a49c1bec78be-1544107698,Too many packets lost
64ef3cc4-215c-43cb-b89a-b87dfd78a047,4083e653-1fcc-40c4-8a71-9f9a12d0287c,worker-55b74f68c378406fb338353f85e0bcc9-1544107698,Too many packets lost
64ef3cc4-215c-43cb-b89a-b87dfd78a047,4083e653-1fcc-40c4-8a71-9f9a12d0287c,worker-336602893cc3403c94a6172053df72fe-1544107698,Too many packets lost
64ef3cc4-215c-43cb-b89a-b87dfd78a047,4083e653-1fcc-40c4-8a71-9f9a12d0287c,worker-32463579859f4033b734d6b0f66bede6-1544107698,Too many packets lost
64ef3cc4-215c-43cb-b89a-b87dfd78a047,4083e653-1fcc-40c4-8a71-9f9a12d0287c,worker-3495f46c836e49ec9c583308b2285bee-1544107698,Too many packets lost
64ef3cc4-215c-43cb-b89a-b87dfd78a047,4083e653-1fcc-40c4-8a71-9f9a12d0287c,worker-689fb313f2b34c80b499936d812a064b-1544107698,Too many packets lost
64ef3cc4-215c-43cb-b89a-b87dfd78a047,16c29ef3-f51c-4c8b-a726-32e0bd8de72e,worker-689fb313f2b34c80b499936d812a064b-1544107698,Too many packets lost
64ef3cc4-215c-43cb-b89a-b87dfd78a047,16c29ef3-f51c-4c8b-a726-32e0bd8de72e,worker-3411be34b19249d79bc821e96ff58eb6-1544107698,Too many packets lost
64ef3cc4-215c-43cb-b89a-b87dfd78a047,16c29ef3-f51c-4c8b-a726-32e0bd8de72e,worker-336602893cc3403c94a6172053df72fe-1544107698,Too many packets lost
64ef3cc4-215c-43cb-b89a-b87dfd78a047,16c29ef3-f51c-4c8b-a726-32e0bd8de72e,worker-55b74f68c378406fb338353f85e0bcc9-1544107698,Too many packets lost
64ef3cc4-215c-43cb-b89a-b87dfd78a047,16c29ef3-f51c-4c8b-a726-32e0bd8de72e,worker-5dc0276a95104f5c81ef45e31564ee42-1544107698,Too many packets lost
64ef3cc4-215c-43cb-b89a-b87dfd78a047,16c29ef3-f51c-4c8b-a726-32e0bd8de72e,worker-25a72e94d80445b3898ceb9973f89e90-1544107698,Too many packets lost
64ef3cc4-215c-43cb-b89a-b87dfd78a047,16c29ef3-f51c-4c8b-a726-32e0bd8de72e,worker-02bf2b91b53341b59db9a49c1bec78be-1544107698,Too many packets lost
64ef3cc4-215c-43cb-b89a-b87dfd78a047,16c29ef3-f51c-4c8b-a726-32e0bd8de72e,worker-7024dfbd6f2949cc8e64f0a18bf95c3a-1544107698,Too many packets lost
64ef3cc4-215c-43cb-b89a-b87dfd78a047,16c29ef3-f51c-4c8b-a726-32e0bd8de72e,worker-32463579859f4033b734d6b0f66bede6-1544107698,Too many packets lost
64ef3cc4-215c-43cb-b89a-b87dfd78a047,16c29ef3-f51c-4c8b-a726-32e0bd8de72e,worker-3495f46c836e49ec9c583308b2285bee-1544107698,Too many packets lost
6cdcf5d0-a6db-4be1-b758-5789b32b4237,21623201-f500-42af-8b23-7e03c641176e,worker-02bf2b91b53341b59db9a49c1bec78be-1544107698,Too many packets lost
6cdcf5d0-a6db-4be1-b758-5789b32b4237,21623201-f500-42af-8b23-7e03c641176e,worker-25a72e94d80445b3898ceb9973f89e90-1544107698,Too many packets lost
6cdcf5d0-a6db-4be1-b758-5789b32b4237,21623201-f500-42af-8b23-7e03c641176e,worker-3411be34b19249d79bc821e96ff58eb6-1544107698,Too many packets lost
6cdcf5d0-a6db-4be1-b758-5789b32b4237,21623201-f500-42af-8b23-7e03c641176e,worker-3495f46c836e49ec9c583308b2285bee-1544107698,Too many packets lost
6cdcf5d0-a6db-4be1-b758-5789b32b4237,21623201-f500-42af-8b23-7e03c641176e,worker-689fb313f2b34c80b499936d812a064b-1544107698,Too many packets lost
6cdcf5d0-a6db-4be1-b758-5789b32b4237,21623201-f500-42af-8b23-7e03c641176e,worker-7024dfbd6f2949cc8e64f0a18bf95c3a-1544107698,Too many packets lost
6cdcf5d0-a6db-4be1-b758-5789b32b4237,21623201-f500-42af-8b23-7e03c641176e,worker-55b74f68c378406fb338353f85e0bcc9-1544107698,Too many packets lost
6cdcf5d0-a6db-4be1-b758-5789b32b4237,21623201-f500-42af-8b23-7e03c641176e,worker-32463579859f4033b734d6b0f66bede6-1544107698,Too many packets lost
6cdcf5d0-a6db-4be1-b758-5789b32b4237,21623201-f500-42af-8b23-7e03c641176e,worker-5dc0276a95104f5c81ef45e31564ee42-1544107698,Too many packets lost
6cdcf5d0-a6db-4be1-b758-5789b32b4237,21623201-f500-42af-8b23-7e03c641176e,worker-336602893cc3403c94a6172053df72fe-1544107698,Too many packets lost
6cdcf5d0-a6db-4be1-b758-5789b32b4237,4b1335a8-ea18-4722-976c-eb6d5b59109b,worker-689fb313f2b34c80b499936d812a064b-1544107698,Too many packets lost
6cdcf5d0-a6db-4be1-b758-5789b32b4237,4b1335a8-ea18-4722-976c-eb6d5b59109b,worker-7024dfbd6f2949cc8e64f0a18bf95c3a-1544107698,Too many packets lost
6cdcf5d0-a6db-4be1-b758-5789b32b4237,4b1335a8-ea18-4722-976c-eb6d5b59109b,worker-3495f46c836e49ec9c583308b2285bee-1544107698,Too many packets lost
6cdcf5d0-a6db-4be1-b758-5789b32b4237,4b1335a8-ea18-4722-976c-eb6d5b59109b,worker-5dc0276a95104f5c81ef45e31564ee42-1544107698,Too many packets lost
6cdcf5d0-a6db-4be1-b758-5789b32b4237,4b1335a8-ea18-4722-976c-eb6d5b59109b,worker-32463579859f4033b734d6b0f66bede6-1544107698,Too many packets lost
6cdcf5d0-a6db-4be1-b758-5789b32b4237,4b1335a8-ea18-4722-976c-eb6d5b59109b,worker-02bf2b91b53341b59db9a49c1bec78be-1544107698,Too many packets lost
6cdcf5d0-a6db-4be1-b758-5789b32b4237,4b1335a8-ea18-4722-976c-eb6d5b59109b,worker-25a72e94d80445b3898ceb9973f89e90-1544107698,Too many packets lost
6cdcf5d0-a6db-4be1-b758-5789b32b4237,4b1335a8-ea18-4722-976c-eb6d5b59109b,worker-3411be34b19249d79bc821e96ff58eb6-1544107698,Too many packets lost
6cdcf5d0-a6db-4be1-b758-5789b32b4237,4b1335a8-ea18-4722-976c-eb6d5b59109b,worker-55b74f68c378406fb338353f85e0bcc9-1544107698,Too many packets lost
6cdcf5d0-a6db-4be1-b758-5789b32b4237,4b1335a8-ea18-4722-976c-eb6d5b59109b,worker-336602893cc3403c94a6172053df72fe-1544107698,Too many packets lost
dc100bbf-b6bc-436d-90a4-8d0921e97afb,dc5d74a1-906f-42f1-a978-12830e9f215e,worker-bf1c6d1c461743559b7d622a7d564fe2-1544107698,Too many packets lost
dc100bbf-b6bc-436d-90a4-8d0921e97afb,dc5d74a1-906f-42f1-a978-12830e9f215e,worker-ff554b7db2794fcca654a1b57f95035e-1544107698,Too many packets lost
dc100bbf-b6bc-436d-90a4-8d0921e97afb,dc5d74a1-906f-42f1-a978-12830e9f215e,worker-6288fd7fb22c4ed3a3ecf2956fc3fb54-1544107698,Too many packets lost
dc100bbf-b6bc-436d-90a4-8d0921e97afb,dc5d74a1-906f-42f1-a978-12830e9f215e,worker-1f42b274d4f04ea6a8dee019a528feaa-1544107698,Too many packets lost
dc100bbf-b6bc-436d-90a4-8d0921e97afb,dc5d74a1-906f-42f1-a978-12830e9f215e,worker-0a6f3d35ad3a433fada434aa8c64db04-1544107698,Too many packets lost
dc100bbf-b6bc-436d-90a4-8d0921e97afb,dc5d74a1-906f-42f1-a978-12830e9f215e,worker-2e2509d5868e40acaa90a6f48bb6e7d5-1544107698,Too many packets lost
dc100bbf-b6bc-436d-90a4-8d0921e97afb,dc5d74a1-906f-42f1-a978-12830e9f215e,worker-a765493920fb47bf965b38720a93975e-1544107698,Too many packets lost
dc100bbf-b6bc-436d-90a4-8d0921e97afb,dc5d74a1-906f-42f1-a978-12830e9f215e,worker-1a3fcd605aa14849ab91da96ea2f2a2b-1544107698,Too many packets lost
dc100bbf-b6bc-436d-90a4-8d0921e97afb,dc5d74a1-906f-42f1-a978-12830e9f215e,worker-c54df69524f44e18a4b82a7e644e674d-1544107698,Too many packets lost
dc100bbf-b6bc-436d-90a4-8d0921e97afb,dc5d74a1-906f-42f1-a978-12830e9f215e,worker-8c80a74669cb44ad8bfeea0c05d33004-1544107698,Too many packets lost
dc100bbf-b6bc-436d-90a4-8d0921e97afb,1bfbdcc8-25ec-4989-a764-172d5792eb49,worker-1f42b274d4f04ea6a8dee019a528feaa-1544107698,Too many packets lost
dc100bbf-b6bc-436d-90a4-8d0921e97afb,1bfbdcc8-25ec-4989-a764-172d5792eb49,worker-2e2509d5868e40acaa90a6f48bb6e7d5-1544107698,Too many packets lost
dc100bbf-b6bc-436d-90a4-8d0921e97afb,1bfbdcc8-25ec-4989-a764-172d5792eb49,worker-bf1c6d1c461743559b7d622a7d564fe2-1544107698,Too many packets lost
dc100bbf-b6bc-436d-90a4-8d0921e97afb,1bfbdcc8-25ec-4989-a764-172d5792eb49,worker-a765493920fb47bf965b38720a93975e-1544107698,Too many packets lost
dc100bbf-b6bc-436d-90a4-8d0921e97afb,1bfbdcc8-25ec-4989-a764-172d5792eb49,worker-8c80a74669cb44ad8bfeea0c05d33004-1544107698,Too many packets lost
dc100bbf-b6bc-436d-90a4-8d0921e97afb,1bfbdcc8-25ec-4989-a764-172d5792eb49,worker-ff554b7db2794fcca654a1b57f95035e-1544107698,Too many packets lost
dc100bbf-b6bc-436d-90a4-8d0921e97afb,1bfbdcc8-25ec-4989-a764-172d5792eb49,worker-0a6f3d35ad3a433fada434aa8c64db04-1544107698,Too many packets lost
dc100bbf-b6bc-436d-90a4-8d0921e97afb,1bfbdcc8-25ec-4989-a764-172d5792eb49,worker-6288fd7fb22c4ed3a3ecf2956fc3fb54-1544107698,Too many packets lost
dc100bbf-b6bc-436d-90a4-8d0921e97afb,1bfbdcc8-25ec-4989-a764-172d5792eb49,worker-c54df69524f44e18a4b82a7e644e674d-1544107698,Too many packets lost
dc100bbf-b6bc-436d-90a4-8d0921e97afb,1bfbdcc8-25ec-4989-a764-172d5792eb49,worker-1a3fcd605aa14849ab91da96ea2f2a2b-1544107698,Too many packets lost
dc4872b5-7c9d-40f5-8511-b55c6f98475e,db123cc5-2452-4184-8904-dacb535c397f,worker-b003f28b8c3340cd8cf7f858546499ef-1544107698,Too many packets lost
dc4872b5-7c9d-40f5-8511-b55c6f98475e,db123cc5-2452-4184-8904-dacb535c397f,worker-3109a4756c724d4387d76cb418f7b8a8-1544107698,Too many packets lost
dc4872b5-7c9d-40f5-8511-b55c6f98475e,db123cc5-2452-4184-8904-dacb535c397f,worker-5f610ba13ac04a0a93228dcc653d54a7-1544107698,Too many packets lost
dc4872b5-7c9d-40f5-8511-b55c6f98475e,db123cc5-2452-4184-8904-dacb535c397f,worker-0ad6f0fdb17944d1baadcd6d7598af92-1544107698,Too many packets lost
dc4872b5-7c9d-40f5-8511-b55c6f98475e,db123cc5-2452-4184-8904-dacb535c397f,worker-5e493b238cf348f6b37c7c7434581d2d-1544107698,Too many packets lost
dc4872b5-7c9d-40f5-8511-b55c6f98475e,db123cc5-2452-4184-8904-dacb535c397f,worker-530cf3818a79491980240c9408ecac94-1544107698,Too many packets lost
dc4872b5-7c9d-40f5-8511-b55c6f98475e,db123cc5-2452-4184-8904-dacb535c397f,worker-358593d91ac04fceb00ee0bdccc24f20-1544107698,Too many packets lost
dc4872b5-7c9d-40f5-8511-b55c6f98475e,db123cc5-2452-4184-8904-dacb535c397f,worker-38837e2cab4d44d1b94eba46d6ed0752-1544107698,Too many packets lost
dc4872b5-7c9d-40f5-8511-b55c6f98475e,db123cc5-2452-4184-8904-dacb535c397f,worker-317859f7a4494b4f89441014bb0791a9-1544107698,Too many packets lost
dc4872b5-7c9d-40f5-8511-b55c6f98475e,db123cc5-2452-4184-8904-dacb535c397f,worker-d13164f093bb4ed3b524edf389cdea30-1544107698,Too many packets lost
dc4872b5-7c9d-40f5-8511-b55c6f98475e,e1800760-4ea8-493d-ae08-d557ae5128df,worker-358593d91ac04fceb00ee0bdccc24f20-1544107698,Too many packets lost
dc4872b5-7c9d-40f5-8511-b55c6f98475e,e1800760-4ea8-493d-ae08-d557ae5128df,worker-5e493b238cf348f6b37c7c7434581d2d-1544107698,Too many packets lost
dc4872b5-7c9d-40f5-8511-b55c6f98475e,e1800760-4ea8-493d-ae08-d557ae5128df,worker-317859f7a4494b4f89441014bb0791a9-1544107698,Too many packets lost
dc4872b5-7c9d-40f5-8511-b55c6f98475e,e1800760-4ea8-493d-ae08-d557ae5128df,worker-b003f28b8c3340cd8cf7f858546499ef-1544107698,Too many packets lost
dc4872b5-7c9d-40f5-8511-b55c6f98475e,e1800760-4ea8-493d-ae08-d557ae5128df,worker-d13164f093bb4ed3b524edf389cdea30-1544107698,Too many packets lost
dc4872b5-7c9d-40f5-8511-b55c6f98475e,e1800760-4ea8-493d-ae08-d557ae5128df,worker-0ad6f0fdb17944d1baadcd6d7598af92-1544107698,Too many packets lost
dc4872b5-7c9d-40f5-8511-b55c6f98475e,e1800760-4ea8-493d-ae08-d557ae5128df,worker-38837e2cab4d44d1b94eba46d6ed0752-1544107698,Too many packets lost
dc4872b5-7c9d-40f5-8511-b55c6f98475e,e1800760-4ea8-493d-ae08-d557ae5128df,worker-5f610ba13ac04a0a93228dcc653d54a7-1544107698,Too many packets lost
dc4872b5-7c9d-40f5-8511-b55c6f98475e,e1800760-4ea8-493d-ae08-d557ae5128df,worker-3109a4756c724d4387d76cb418f7b8a8-1544107698,Too many packets lost
dc4872b5-7c9d-40f5-8511-b55c6f98475e,e1800760-4ea8-493d-ae08-d557ae5128df,worker-530cf3818a79491980240c9408ecac94-1544107698,Too many packets lost
0c66d895-471b-4059-a1ff-9a7926ed099e,c40afbb4-0293-491b-b2b4-6cc57abba68b,worker-38837e2cab4d44d1b94eba46d6ed0752-1544107698,Too many packets lost
0c66d895-471b-4059-a1ff-9a7926ed099e,c40afbb4-0293-491b-b2b4-6cc57abba68b,worker-0ad6f0fdb17944d1baadcd6d7598af92-1544107698,Too many packets lost
0c66d895-471b-4059-a1ff-9a7926ed099e,c40afbb4-0293-491b-b2b4-6cc57abba68b,worker-317859f7a4494b4f89441014bb0791a9-1544107698,Too many packets lost
0c66d895-471b-4059-a1ff-9a7926ed099e,c40afbb4-0293-491b-b2b4-6cc57abba68b,worker-358593d91ac04fceb00ee0bdccc24f20-1544107698,Too many packets lost
0c66d895-471b-4059-a1ff-9a7926ed099e,c40afbb4-0293-491b-b2b4-6cc57abba68b,worker-3109a4756c724d4387d76cb418f7b8a8-1544107698,Too many packets lost
0c66d895-471b-4059-a1ff-9a7926ed099e,c40afbb4-0293-491b-b2b4-6cc57abba68b,worker-d13164f093bb4ed3b524edf389cdea30-1544107698,Too many packets lost
0c66d895-471b-4059-a1ff-9a7926ed099e,c40afbb4-0293-491b-b2b4-6cc57abba68b,worker-b003f28b8c3340cd8cf7f858546499ef-1544107698,Too many packets lost
0c66d895-471b-4059-a1ff-9a7926ed099e,c40afbb4-0293-491b-b2b4-6cc57abba68b,worker-5f610ba13ac04a0a93228dcc653d54a7-1544107698,Too many packets lost
0c66d895-471b-4059-a1ff-9a7926ed099e,c40afbb4-0293-491b-b2b4-6cc57abba68b,worker-5e493b238cf348f6b37c7c7434581d2d-1544107698,Too many packets lost
0c66d895-471b-4059-a1ff-9a7926ed099e,c40afbb4-0293-491b-b2b4-6cc57abba68b,worker-530cf3818a79491980240c9408ecac94-1544107698,Too many packets lost
0c66d895-471b-4059-a1ff-9a7926ed099e,a686db8a-50cc-4775-8295-e79df5e312e3,worker-317859f7a4494b4f89441014bb0791a9-1544107698,Too many packets lost
0c66d895-471b-4059-a1ff-9a7926ed099e,a686db8a-50cc-4775-8295-e79df5e312e3,worker-38837e2cab4d44d1b94eba46d6ed0752-1544107698,Too many packets lost
0c66d895-471b-4059-a1ff-9a7926ed099e,a686db8a-50cc-4775-8295-e79df5e312e3,worker-530cf3818a79491980240c9408ecac94-1544107698,Too many packets lost
0c66d895-471b-4059-a1ff-9a7926ed099e,a686db8a-50cc-4775-8295-e79df5e312e3,worker-d13164f093bb4ed3b524edf389cdea30-1544107698,Too many packets lost
0c66d895-471b-4059-a1ff-9a7926ed099e,a686db8a-50cc-4775-8295-e79df5e312e3,worker-b003f28b8c3340cd8cf7f858546499ef-1544107698,Too many packets lost
0c66d895-471b-4059-a1ff-9a7926ed099e,a686db8a-50cc-4775-8295-e79df5e312e3,worker-358593d91ac04fceb00ee0bdccc24f20-1544107698,Too many packets lost
0c66d895-471b-4059-a1ff-9a7926ed099e,a686db8a-50cc-4775-8295-e79df5e312e3,worker-5f610ba13ac04a0a93228dcc653d54a7-1544107698,Too many packets lost
0c66d895-471b-4059-a1ff-9a7926ed099e,a686db8a-50cc-4775-8295-e79df5e312e3,worker-0ad6f0fdb17944d1baadcd6d7598af92-1544107698,Too many packets lost
0c66d895-471b-4059-a1ff-9a7926ed099e,a686db8a-50cc-4775-8295-e79df5e312e3,worker-5e493b238cf348f6b37c7c7434581d2d-1544107698,Too many packets lost
0c66d895-471b-4059-a1ff-9a7926ed099e,a686db8a-50cc-4775-8295-e79df5e312e3,worker-3109a4756c724d4387d76cb418f7b8a8-1544107698,Too many packets lost
b32db341-8233-426e-a82a-eb5c6f358ebf,c2d64a94-f1f1-4f90-88ed-06a5d19ee940,worker-1a3fcd605aa14849ab91da96ea2f2a2b-1544107698,Too many packets lost
b32db341-8233-426e-a82a-eb5c6f358ebf,c2d64a94-f1f1-4f90-88ed-06a5d19ee940,worker-1f42b274d4f04ea6a8dee019a528feaa-1544107698,Too many packets lost
b32db341-8233-426e-a82a-eb5c6f358ebf,c2d64a94-f1f1-4f90-88ed-06a5d19ee940,worker-a765493920fb47bf965b38720a93975e-1544107698,Too many packets lost
b32db341-8233-426e-a82a-eb5c6f358ebf,c2d64a94-f1f1-4f90-88ed-06a5d19ee940,worker-bf1c6d1c461743559b7d622a7d564fe2-1544107698,Too many packets lost
b32db341-8233-426e-a82a-eb5c6f358ebf,c2d64a94-f1f1-4f90-88ed-06a5d19ee940,worker-c54df69524f44e18a4b82a7e644e674d-1544107698,Too many packets lost
b32db341-8233-426e-a82a-eb5c6f358ebf,c2d64a94-f1f1-4f90-88ed-06a5d19ee940,worker-6288fd7fb22c4ed3a3ecf2956fc3fb54-1544107698,Too many packets lost
b32db341-8233-426e-a82a-eb5c6f358ebf,c2d64a94-f1f1-4f90-88ed-06a5d19ee940,worker-0a6f3d35ad3a433fada434aa8c64db04-1544107698,Too many packets lost
b32db341-8233-426e-a82a-eb5c6f358ebf,c2d64a94-f1f1-4f90-88ed-06a5d19ee940,worker-8c80a74669cb44ad8bfeea0c05d33004-1544107698,Too many packets lost
b32db341-8233-426e-a82a-eb5c6f358ebf,c2d64a94-f1f1-4f90-88ed-06a5d19ee940,worker-ff554b7db2794fcca654a1b57f95035e-1544107698,Too many packets lost
b32db341-8233-426e-a82a-eb5c6f358ebf,c2d64a94-f1f1-4f90-88ed-06a5d19ee940,worker-2e2509d5868e40acaa90a6f48bb6e7d5-1544107698,Too many packets lost
b32db341-8233-426e-a82a-eb5c6f358ebf,b003ece1-ff38-48f8-84f6-0cac153b5bcd,worker-a765493920fb47bf965b38720a93975e-1544107698,Too many packets lost
b32db341-8233-426e-a82a-eb5c6f358ebf,b003ece1-ff38-48f8-84f6-0cac153b5bcd,worker-1a3fcd605aa14849ab91da96ea2f2a2b-1544107698,Too many packets lost
b32db341-8233-426e-a82a-eb5c6f358ebf,b003ece1-ff38-48f8-84f6-0cac153b5bcd,worker-2e2509d5868e40acaa90a6f48bb6e7d5-1544107698,Too many packets lost
b32db341-8233-426e-a82a-eb5c6f358ebf,b003ece1-ff38-48f8-84f6-0cac153b5bcd,worker-8c80a74669cb44ad8bfeea0c05d33004-1544107698,Too many packets lost
b32db341-8233-426e-a82a-eb5c6f358ebf,b003ece1-ff38-48f8-84f6-0cac153b5bcd,worker-6288fd7fb22c4ed3a3ecf2956fc3fb54-1544107698,Too many packets lost
b32db341-8233-426e-a82a-eb5c6f358ebf,b003ece1-ff38-48f8-84f6-0cac153b5bcd,worker-0a6f3d35ad3a433fada434aa8c64db04-1544107698,Too many packets lost
b32db341-8233-426e-a82a-eb5c6f358ebf,b003ece1-ff38-48f8-84f6-0cac153b5bcd,worker-c54df69524f44e18a4b82a7e644e674d-1544107698,Too many packets lost
b32db341-8233-426e-a82a-eb5c6f358ebf,b003ece1-ff38-48f8-84f6-0cac153b5bcd,worker-ff554b7db2794fcca654a1b57f95035e-1544107698,Too many packets lost
b32db341-8233-426e-a82a-eb5c6f358ebf,b003ece1-ff38-48f8-84f6-0cac153b5bcd,worker-bf1c6d1c461743559b7d622a7d564fe2-1544107698,Too many packets lost
b32db341-8233-426e-a82a-eb5c6f358ebf,b003ece1-ff38-48f8-84f6-0cac153b5bcd,worker-1f42b274d4f04ea6a8dee019a528feaa-1544107698,Too many packets lost
414d998b-a49d-4e65-b6f9-dc9379b1d288,ff98f515-293e-453e-841c-2b3e5adda780,worker-5dc0276a95104f5c81ef45e31564ee42-1544107698,Too many packets lost
414d998b-a49d-4e65-b6f9-dc9379b1d288,ff98f515-293e-453e-841c-2b3e5adda780,worker-7024dfbd6f2949cc8e64f0a18bf95c3a-1544107698,Too many packets lost
414d998b-a49d-4e65-b6f9-dc9379b1d288,ff98f515-293e-453e-841c-2b3e5adda780,worker-32463579859f4033b734d6b0f66bede6-1544107698,Too many packets lost
414d998b-a49d-4e65-b6f9-dc9379b1d288,ff98f515-293e-453e-841c-2b3e5adda780,worker-02bf2b91b53341b59db9a49c1bec78be-1544107698,Too many packets lost
414d998b-a49d-4e65-b6f9-dc9379b1d288,ff98f515-293e-453e-841c-2b3e5adda780,worker-3411be34b19249d79bc821e96ff58eb6-1544107698,Too many packets lost
414d998b-a49d-4e65-b6f9-dc9379b1d288,ff98f515-293e-453e-841c-2b3e5adda780,worker-336602893cc3403c94a6172053df72fe-1544107698,Too many packets lost
414d998b-a49d-4e65-b6f9-dc9379b1d288,ff98f515-293e-453e-841c-2b3e5adda780,worker-3495f46c836e49ec9c583308b2285bee-1544107698,Too many packets lost
414d998b-a49d-4e65-b6f9-dc9379b1d288,ff98f515-293e-453e-841c-2b3e5adda780,worker-25a72e94d80445b3898ceb9973f89e90-1544107698,Too many packets lost
414d998b-a49d-4e65-b6f9-dc9379b1d288,ff98f515-293e-453e-841c-2b3e5adda780,worker-55b74f68c378406fb338353f85e0bcc9-1544107698,Too many packets lost
414d998b-a49d-4e65-b6f9-dc9379b1d288,ff98f515-293e-453e-841c-2b3e5adda780,worker-689fb313f2b34c80b499936d812a064b-1544107698,Too many packets lost
414d998b-a49d-4e65-b6f9-dc9379b1d288,edb86760-ae45-42c4-8f27-4dc60dfe4dc6,worker-25a72e94d80445b3898ceb9973f89e90-1544107698,Too many packets lost
414d998b-a49d-4e65-b6f9-dc9379b1d288,edb86760-ae45-42c4-8f27-4dc60dfe4dc6,worker-02bf2b91b53341b59db9a49c1bec78be-1544107698,Too many packets lost
414d998b-a49d-4e65-b6f9-dc9379b1d288,edb86760-ae45-42c4-8f27-4dc60dfe4dc6,worker-5dc0276a95104f5c81ef45e31564ee42-1544107698,Too many packets lost
414d998b-a49d-4e65-b6f9-dc9379b1d288,edb86760-ae45-42c4-8f27-4dc60dfe4dc6,worker-32463579859f4033b734d6b0f66bede6-1544107698,Too many packets lost
414d998b-a49d-4e65-b6f9-dc9379b1d288,edb86760-ae45-42c4-8f27-4dc60dfe4dc6,worker-336602893cc3403c94a6172053df72fe-1544107698,Too many packets lost
414d998b-a49d-4e65-b6f9-dc9379b1d288,edb86760-ae45-42c4-8f27-4dc60dfe4dc6,worker-689fb313f2b34c80b499936d812a064b-1544107698,Too many packets lost
414d998b-a49d-4e65-b6f9-dc9379b1d288,edb86760-ae45-42c4-8f27-4dc60dfe4dc6,worker-3411be34b19249d79bc821e96ff58eb6-1544107698,Too many packets lost
414d998b-a49d-4e65-b6f9-dc9379b1d288,edb86760-ae45-42c4-8f27-4dc60dfe4dc6,worker-7024dfbd6f2949cc8e64f0a18bf95c3a-1544107698,Too many packets lost
414d998b-a49d-4e65-b6f9-dc9379b1d288,edb86760-ae45-42c4-8f27-4dc60dfe4dc6,worker-3495f46c836e49ec9c583308b2285bee-1544107698,Too many packets lost
414d998b-a49d-4e65-b6f9-dc9379b1d288,edb86760-ae45-42c4-8f27-4dc60dfe4dc6,worker-55b74f68c378406fb338353f85e0bcc9-1544107698,Too many packets lost
c854ca33-b6dd-4e56-bb20-385e8f712b25,16dcbb2a-03ef-4ae8-9195-8e2bf6299f8f,worker-bc75dc4b3d584433b33aabd7478dbf13-1544107698,Too many packets lost
c854ca33-b6dd-4e56-bb20-385e8f712b25,16dcbb2a-03ef-4ae8-9195-8e2bf6299f8f,worker-3062474353a6445b86d06852752f6261-1544107698,Too many packets lost
c854ca33-b6dd-4e56-bb20-385e8f712b25,16dcbb2a-03ef-4ae8-9195-8e2bf6299f8f,worker-7354c53fe6c64baeb72dcf6773f99d86-1544107698,Too many packets lost
c854ca33-b6dd-4e56-bb20-385e8f712b25,16dcbb2a-03ef-4ae8-9195-8e2bf6299f8f,worker-f8d032c0f695491497bd05a78f9f4ff5-1544107698,Too many packets lost
c854ca33-b6dd-4e56-bb20-385e8f712b25,16dcbb2a-03ef-4ae8-9195-8e2bf6299f8f,worker-0d5aa65da0d24ca7b89970287c25726b-1544107698,Too many packets lost
c854ca33-b6dd-4e56-bb20-385e8f712b25,16dcbb2a-03ef-4ae8-9195-8e2bf6299f8f,worker-5c51e8eba64648d0ac42b89e4c5a73c8-1544107698,Too many packets lost
c854ca33-b6dd-4e56-bb20-385e8f712b25,16dcbb2a-03ef-4ae8-9195-8e2bf6299f8f,worker-4b687adc0e2a408389a1c420aedea020-1544107698,Too many packets lost
c854ca33-b6dd-4e56-bb20-385e8f712b25,16dcbb2a-03ef-4ae8-9195-8e2bf6299f8f,worker-38e5d1a8c10a49c8a9d6af6bd41f87b6-1544107698,Too many packets lost
c854ca33-b6dd-4e56-bb20-385e8f712b25,16dcbb2a-03ef-4ae8-9195-8e2bf6299f8f,worker-f399fad452f34a72a8c23706752dd7a5-1544107698,Too many packets lost
c854ca33-b6dd-4e56-bb20-385e8f712b25,16dcbb2a-03ef-4ae8-9195-8e2bf6299f8f,worker-42fe5bbf4b5644c392bcff6cbd0e60d3-1544107698,Too many packets lost
c854ca33-b6dd-4e56-bb20-385e8f712b25,0d68e0f4-0fb0-47af-9444-240532ea6a05,worker-0d5aa65da0d24ca7b89970287c25726b-1544107698,Too many packets lost
c854ca33-b6dd-4e56-bb20-385e8f712b25,0d68e0f4-0fb0-47af-9444-240532ea6a05,worker-3062474353a6445b86d06852752f6261-1544107698,Too many packets lost
c854ca33-b6dd-4e56-bb20-385e8f712b25,0d68e0f4-0fb0-47af-9444-240532ea6a05,worker-f399fad452f34a72a8c23706752dd7a5-1544107698,Too many packets lost
c854ca33-b6dd-4e56-bb20-385e8f712b25,0d68e0f4-0fb0-47af-9444-240532ea6a05,worker-4b687adc0e2a408389a1c420aedea020-1544107698,Too many packets lost
c854ca33-b6dd-4e56-bb20-385e8f712b25,0d68e0f4-0fb0-47af-9444-240532ea6a05,worker-7354c53fe6c64baeb72dcf6773f99d86-1544107698,Too many packets lost
c854ca33-b6dd-4e56-bb20-385e8f712b25,0d68e0f4-0fb0-47af-9444-240532ea6a05,worker-38e5d1a8c10a49c8a9d6af6bd41f87b6-1544107698,Too many packets lost
c854ca33-b6dd-4e56-bb20-385e8f712b25,0d68e0f4-0fb0-47af-9444-240532ea6a05,worker-42fe5bbf4b5644c392bcff6cbd0e60d3-1544107698,Too many packets lost
c854ca33-b6dd-4e56-bb20-385e8f712b25,0d68e0f4-0fb0-47af-9444-240532ea6a05,worker-5c51e8eba64648d0ac42b89e4c5a73c8-1544107698,Too many packets lost
c854ca33-b6dd-4e56-bb20-385e8f712b25,0d68e0f4-0fb0-47af-9444-240532ea6a05,worker-bc75dc4b3d584433b33aabd7478dbf13-1544107698,Too many packets lost
c854ca33-b6dd-4e56-bb20-385e8f712b25,0d68e0f4-0fb0-47af-9444-240532ea6a05,worker-f8d032c0f695491497bd05a78f9f4ff5-1544107698,Too many packets lost
6fdc8043-0101-450a-9733-5a5c54de69e0,cab055bc-39d4-40a0-a59f-d34e3a3f2359,worker-8aca8a06ac0a4d8a86704b35b541fe5a-1544107698,Too many packets lost
d0b3872b-b68c-417f-ac20-a9ec83b07a35,d72f2eac-0e00-4459-b0f1-dc3df3a3137e,worker-9962486dedbd42c687fee22d382823bb-1544107698,Too many packets lost
d0b3872b-b68c-417f-ac20-a9ec83b07a35,d72f2eac-0e00-4459-b0f1-dc3df3a3137e,worker-d4413ddb1306403db433c6b56ce6c8cd-1544107698,Too many packets lost
d0b3872b-b68c-417f-ac20-a9ec83b07a35,d72f2eac-0e00-4459-b0f1-dc3df3a3137e,worker-ee5197ad08f448428e08f421f7e1381e-1544107698,Too many packets lost
d0b3872b-b68c-417f-ac20-a9ec83b07a35,d72f2eac-0e00-4459-b0f1-dc3df3a3137e,worker-25d7fa23621341e791cd37c80f19ab42-1544107698,Too many packets lost
d0b3872b-b68c-417f-ac20-a9ec83b07a35,d72f2eac-0e00-4459-b0f1-dc3df3a3137e,worker-df423fe445d84865b7c7ccf11ddc3705-1544107698,Too many packets lost
d0b3872b-b68c-417f-ac20-a9ec83b07a35,d72f2eac-0e00-4459-b0f1-dc3df3a3137e,worker-f642b5d8750c404e9e46722937e4f008-1544107698,Too many packets lost
d0b3872b-b68c-417f-ac20-a9ec83b07a35,d72f2eac-0e00-4459-b0f1-dc3df3a3137e,worker-4c2b03d2e5d746eb9810c9a783167ff6-1544107698,Too many packets lost
d0b3872b-b68c-417f-ac20-a9ec83b07a35,d72f2eac-0e00-4459-b0f1-dc3df3a3137e,worker-5bfc4adaa7804defa317918b629be751-1544107698,Too many packets lost
d0b3872b-b68c-417f-ac20-a9ec83b07a35,d72f2eac-0e00-4459-b0f1-dc3df3a3137e,worker-72155be8a53c437683491837ec02098e-1544107698,Too many packets lost
d0b3872b-b68c-417f-ac20-a9ec83b07a35,d72f2eac-0e00-4459-b0f1-dc3df3a3137e,worker-469d1be74e434451bee9374b1f0cb2c2-1544107698,Too many packets lost
d0b3872b-b68c-417f-ac20-a9ec83b07a35,5cd6f07f-4f8f-4000-95e1-d118a119392b,worker-ee5197ad08f448428e08f421f7e1381e-1544107698,Too many packets lost
d0b3872b-b68c-417f-ac20-a9ec83b07a35,5cd6f07f-4f8f-4000-95e1-d118a119392b,worker-5bfc4adaa7804defa317918b629be751-1544107698,Too many packets lost
d0b3872b-b68c-417f-ac20-a9ec83b07a35,5cd6f07f-4f8f-4000-95e1-d118a119392b,worker-f642b5d8750c404e9e46722937e4f008-1544107698,Too many packets lost
d0b3872b-b68c-417f-ac20-a9ec83b07a35,5cd6f07f-4f8f-4000-95e1-d118a119392b,worker-72155be8a53c437683491837ec02098e-1544107698,Too many packets lost
d0b3872b-b68c-417f-ac20-a9ec83b07a35,5cd6f07f-4f8f-4000-95e1-d118a119392b,worker-d4413ddb1306403db433c6b56ce6c8cd-1544107698,Too many packets lost
d0b3872b-b68c-417f-ac20-a9ec83b07a35,5cd6f07f-4f8f-4000-95e1-d118a119392b,worker-df423fe445d84865b7c7ccf11ddc3705-1544107698,Too many packets lost
d0b3872b-b68c-417f-ac20-a9ec83b07a35,5cd6f07f-4f8f-4000-95e1-d118a119392b,worker-469d1be74e434451bee9374b1f0cb2c2-1544107698,Too many packets lost
d0b3872b-b68c-417f-ac20-a9ec83b07a35,5cd6f07f-4f8f-4000-95e1-d118a119392b,worker-4c2b03d2e5d746eb9810c9a783167ff6-1544107698,Too many packets lost
d0b3872b-b68c-417f-ac20-a9ec83b07a35,5cd6f07f-4f8f-4000-95e1-d118a119392b,worker-9962486dedbd42c687fee22d382823bb-1544107698,Too many packets lost
d0b3872b-b68c-417f-ac20-a9ec83b07a35,5cd6f07f-4f8f-4000-95e1-d118a119392b,worker-25d7fa23621341e791cd37c80f19ab42-1544107698,Too many packets lost
7c626bba-3cbc-4664-a2e6-bfb7834978b5,02844f7a-7290-49ee-9809-c0b6af6c8ae5,worker-f642b5d8750c404e9e46722937e4f008-1544107698,Too many packets lost
7c626bba-3cbc-4664-a2e6-bfb7834978b5,02844f7a-7290-49ee-9809-c0b6af6c8ae5,worker-469d1be74e434451bee9374b1f0cb2c2-1544107698,Too many packets lost
7c626bba-3cbc-4664-a2e6-bfb7834978b5,02844f7a-7290-49ee-9809-c0b6af6c8ae5,worker-df423fe445d84865b7c7ccf11ddc3705-1544107698,Too many packets lost
7c626bba-3cbc-4664-a2e6-bfb7834978b5,02844f7a-7290-49ee-9809-c0b6af6c8ae5,worker-ee5197ad08f448428e08f421f7e1381e-1544107698,Too many packets lost
7c626bba-3cbc-4664-a2e6-bfb7834978b5,02844f7a-7290-49ee-9809-c0b6af6c8ae5,worker-25d7fa23621341e791cd37c80f19ab42-1544107698,Too many packets lost
7c626bba-3cbc-4664-a2e6-bfb7834978b5,02844f7a-7290-49ee-9809-c0b6af6c8ae5,worker-5bfc4adaa7804defa317918b629be751-1544107698,Too many packets lost
7c626bba-3cbc-4664-a2e6-bfb7834978b5,02844f7a-7290-49ee-9809-c0b6af6c8ae5,worker-9962486dedbd42c687fee22d382823bb-1544107698,Too many packets lost
7c626bba-3cbc-4664-a2e6-bfb7834978b5,02844f7a-7290-49ee-9809-c0b6af6c8ae5,worker-d4413ddb1306403db433c6b56ce6c8cd-1544107698,Too many packets lost
7c626bba-3cbc-4664-a2e6-bfb7834978b5,02844f7a-7290-49ee-9809-c0b6af6c8ae5,worker-72155be8a53c437683491837ec02098e-1544107698,Too many packets lost
7c626bba-3cbc-4664-a2e6-bfb7834978b5,02844f7a-7290-49ee-9809-c0b6af6c8ae5,worker-4c2b03d2e5d746eb9810c9a783167ff6-1544107698,Too many packets lost
7c626bba-3cbc-4664-a2e6-bfb7834978b5,f96b3600-8b22-41c9-bf56-2483e33ec301,worker-4c2b03d2e5d746eb9810c9a783167ff6-1544107698,Too many packets lost
7c626bba-3cbc-4664-a2e6-bfb7834978b5,f96b3600-8b22-41c9-bf56-2483e33ec301,worker-9962486dedbd42c687fee22d382823bb-1544107698,Too many packets lost
7c626bba-3cbc-4664-a2e6-bfb7834978b5,f96b3600-8b22-41c9-bf56-2483e33ec301,worker-72155be8a53c437683491837ec02098e-1544107698,Too many packets lost
7c626bba-3cbc-4664-a2e6-bfb7834978b5,f96b3600-8b22-41c9-bf56-2483e33ec301,worker-d4413ddb1306403db433c6b56ce6c8cd-1544107698,Too many packets lost
7c626bba-3cbc-4664-a2e6-bfb7834978b5,f96b3600-8b22-41c9-bf56-2483e33ec301,worker-469d1be74e434451bee9374b1f0cb2c2-1544107698,Too many packets lost
7c626bba-3cbc-4664-a2e6-bfb7834978b5,f96b3600-8b22-41c9-bf56-2483e33ec301,worker-25d7fa23621341e791cd37c80f19ab42-1544107698,Too many packets lost
7c626bba-3cbc-4664-a2e6-bfb7834978b5,f96b3600-8b22-41c9-bf56-2483e33ec301,worker-df423fe445d84865b7c7ccf11ddc3705-1544107698,Too many packets lost
7c626bba-3cbc-4664-a2e6-bfb7834978b5,f96b3600-8b22-41c9-bf56-2483e33ec301,worker-f642b5d8750c404e9e46722937e4f008-1544107698,Too many packets lost
7c626bba-3cbc-4664-a2e6-bfb7834978b5,f96b3600-8b22-41c9-bf56-2483e33ec301,worker-ee5197ad08f448428e08f421f7e1381e-1544107698,Too many packets lost
7c626bba-3cbc-4664-a2e6-bfb7834978b5,f96b3600-8b22-41c9-bf56-2483e33ec301,worker-5bfc4adaa7804defa317918b629be751-1544107698,Too many packets lost
