job_id,subjob_id,worker_name,is_success,total_bytes,download_speed,elapsed_secs,ttfb_ms,download_start_time,end_time,routing_key
bd6c9540-117d-498c-8471-7e7e51979971,e8ee33a5-777f-48f9-b116-6d5b89800cfe,worker-5647894a3b164c0b99b2e3e7e3d0aafe-1154004514,True,9464492.0,1.2031916470466786,60.014,10580.0,2025-05-29T14:52:29.668072600Z,2025-05-29T14:53:29.682886335Z,us_east
bd6c9540-117d-498c-8471-7e7e51979971,e8ee33a5-777f-48f9-b116-6d5b89800cfe,worker-2c12f66fe6e746f8a3efb43b5c2fb3ba-1154004514,True,7070092.0,0.8987390656175543,60.018,10572.0,2025-05-29T14:52:29.665406144Z,2025-05-29T14:53:29.683932798Z,us_east
bd6c9540-117d-498c-8471-7e7e51979971,e8ee33a5-777f-48f9-b116-6d5b89800cfe,worker-fd0f000020cb4052b33f7e3ea5937a13-1154004514,True,7108052.0,0.9035945923860408,60.016,10585.0,2025-05-29T14:52:29.671811268Z,2025-05-29T14:53:29.688567158Z,us_east
bd6c9540-117d-498c-8471-7e7e51979971,e8ee33a5-777f-48f9-b116-6d5b89800cfe,worker-9bd4590f3d9d40ae9a5d54bf67212e25-1154004514,True,8389932.0,1.0664084585892206,60.024,10578.0,2025-05-29T14:52:29.673983764Z,2025-05-29T14:53:29.698951568Z,us_east
bd6c9540-117d-498c-8471-7e7e51979971,e8ee33a5-777f-48f9-b116-6d5b89800cfe,worker-5ffb64148f8644fd9d02f132db244968-1154004514,True,7020452.0,0.8910333726328041,60.112,10579.0,2025-05-29T14:52:29.671600465Z,2025-05-29T14:53:29.784117304Z,us_east
bd6c9540-117d-498c-8471-7e7e51979971,e8ee33a5-777f-48f9-b116-6d5b89800cfe,worker-5b1ad99a072c4e09b7082912fa67b24b-1154004514,True,6764952.0,0.8595920888857776,60.043,11365.0,2025-05-29T14:52:30.453153981Z,2025-05-29T14:53:30.496578525Z,us_east
bd6c9540-117d-498c-8471-7e7e51979971,e8ee33a5-777f-48f9-b116-6d5b89800cfe,worker-6ee52c81f0b24e6e976fd5829ee90a4d-1154004514,True,7398592.0,0.9395425580277634,60.079,11368.0,2025-05-29T14:52:30.461746715Z,2025-05-29T14:53:30.540837896Z,us_east
bd6c9540-117d-498c-8471-7e7e51979971,e8ee33a5-777f-48f9-b116-6d5b89800cfe,worker-d9b3f00ee45240f1a58334f4878f8adb-1154004514,True,6281692.0,0.7981465308562914,60.046,11920.0,2025-05-29T14:52:31.010890264Z,2025-05-29T14:53:31.057268477Z,us_east
bd6c9540-117d-498c-8471-7e7e51979971,f388d0bb-eb0e-4191-b23a-9dbfbd6b27b6,worker-5647894a3b164c0b99b2e3e7e3d0aafe-1154004514,True,8722812.0,1.1087009441053208,60.025,10516.0,2025-05-29T14:53:49.683462134Z,2025-05-29T14:54:49.709353496Z,us_east
bd6c9540-117d-498c-8471-7e7e51979971,f388d0bb-eb0e-4191-b23a-9dbfbd6b27b6,worker-fd0f000020cb4052b33f7e3ea5937a13-1154004514,True,7594232.0,0.965576070158216,60.005,10570.0,2025-05-29T14:53:49.736660515Z,2025-05-29T14:54:49.742627035Z,us_east
bd6c9540-117d-498c-8471-7e7e51979971,f388d0bb-eb0e-4191-b23a-9dbfbd6b27b6,worker-086f34ccd9464d69929b27ffb6e7b546-1154004514,True,8061432.0,1.023835484332863,60.072,10507.0,2025-05-29T14:53:49.676903029Z,2025-05-29T14:54:49.749677230Z,us_east
bd6c9540-117d-498c-8471-7e7e51979971,f388d0bb-eb0e-4191-b23a-9dbfbd6b27b6,worker-6ee52c81f0b24e6e976fd5829ee90a4d-1154004514,True,5890412.0,0.7480072752930988,60.08,10552.0,2025-05-29T14:53:49.720452111Z,2025-05-29T14:54:49.801425676Z,us_east
bd6c9540-117d-498c-8471-7e7e51979971,f388d0bb-eb0e-4191-b23a-9dbfbd6b27b6,worker-2c12f66fe6e746f8a3efb43b5c2fb3ba-1154004514,True,6312352.0,0.8016016216668886,60.079,10559.0,2025-05-29T14:53:49.726832845Z,2025-05-29T14:54:49.806648178Z,us_east
bd6c9540-117d-498c-8471-7e7e51979971,f388d0bb-eb0e-4191-b23a-9dbfbd6b27b6,worker-d9b3f00ee45240f1a58334f4878f8adb-1154004514,True,7313912.0,0.9285727158711288,60.093,10563.0,2025-05-29T14:53:49.730701579Z,2025-05-29T14:54:49.824120564Z,us_east
bd6c9540-117d-498c-8471-7e7e51979971,f388d0bb-eb0e-4191-b23a-9dbfbd6b27b6,worker-9bd4590f3d9d40ae9a5d54bf67212e25-1154004514,True,8756392.0,1.1111364719293668,60.124,10559.0,2025-05-29T14:53:49.727906523Z,2025-05-29T14:54:49.852418019Z,us_east
bd6c9540-117d-498c-8471-7e7e51979971,f388d0bb-eb0e-4191-b23a-9dbfbd6b27b6,worker-5ffb64148f8644fd9d02f132db244968-1154004514,True,6729912.0,0.8531646307632473,60.182,10516.0,2025-05-29T14:53:49.683725109Z,2025-05-29T14:54:49.866114313Z,us_east
bd6c9540-117d-498c-8471-7e7e51979971,f388d0bb-eb0e-4191-b23a-9dbfbd6b27b6,worker-5b1ad99a072c4e09b7082912fa67b24b-1154004514,True,6503612.0,0.8246131394364801,60.172,10546.0,2025-05-29T14:53:49.714826567Z,2025-05-29T14:54:49.887054436Z,us_east
bd6c9540-117d-498c-8471-7e7e51979971,f388d0bb-eb0e-4191-b23a-9dbfbd6b27b6,worker-2acdd506b6204069b2aea71772d72d55-1154004514,True,6694872.0,0.8511125893426216,60.013,12338.0,2025-05-29T14:53:51.509550603Z,2025-05-29T14:54:51.523338361Z,us_east
61828f8a-b2fc-4800-b817-544c6b0e8d55,5facdd7d-043b-4778-bb3c-1e5dd742866e,worker-da7aa3c1657c4ebd8bb491373c3a0b74-1154004514,True,104857601.0,92.66767145017891,8.633,10454.0,2025-05-26T21:36:36.236796004Z,2025-05-26T21:36:44.870563535Z,us_east
61828f8a-b2fc-4800-b817-544c6b0e8d55,b3df2c8e-7c7e-4920-ad02-fbc32d15a318,worker-67f27916006e4049a9d01bc8f67b6b1c-1154004514,True,104857601.0,99.93753999117982,8.005,10393.0,2025-05-26T21:37:06.217361781Z,2025-05-26T21:37:14.222459036Z,us_east
61828f8a-b2fc-4800-b817-544c6b0e8d55,b3df2c8e-7c7e-4920-ad02-fbc32d15a318,worker-49354f29c3b74c01bfa41c31af6537a8-1154004514,True,104857601.0,97.39469291811474,8.214,10425.0,2025-05-26T21:37:06.249742723Z,2025-05-26T21:37:14.464350527Z,us_east
61828f8a-b2fc-4800-b817-544c6b0e8d55,b3df2c8e-7c7e-4920-ad02-fbc32d15a318,worker-3eba5e57cd36479a80e81db33ad0db7c-1154004514,True,104857601.0,95.96929074248976,8.336,10423.0,2025-05-26T21:37:06.250114965Z,2025-05-26T21:37:14.586606497Z,us_east
61828f8a-b2fc-4800-b817-544c6b0e8d55,b3df2c8e-7c7e-4920-ad02-fbc32d15a318,worker-7b850cc53e5a4866a0c0b9cfdcc76caa-1154004514,True,104857601.0,95.61372148074511,8.367,10433.0,2025-05-26T21:37:06.252893478Z,2025-05-26T21:37:14.620085070Z,us_east
61828f8a-b2fc-4800-b817-544c6b0e8d55,b3df2c8e-7c7e-4920-ad02-fbc32d15a318,worker-7221aac7e2554a2daeaa18d18ffa6f83-1154004514,True,104857601.0,95.40846841137682,8.385,10428.0,2025-05-26T21:37:06.251514349Z,2025-05-26T21:37:14.637385621Z,us_east
61828f8a-b2fc-4800-b817-544c6b0e8d55,b3df2c8e-7c7e-4920-ad02-fbc32d15a318,worker-34f5f515892946cb841624ede4d3589f-1154004514,True,104857601.0,94.5179593134918,8.464,10431.0,2025-05-26T21:37:06.256520888Z,2025-05-26T21:37:14.721487382Z,us_east
61828f8a-b2fc-4800-b817-544c6b0e8d55,b3df2c8e-7c7e-4920-ad02-fbc32d15a318,worker-5d71ba189a4f4e609a0a8224a6db9f4a-1154004514,True,104857601.0,94.23960509240128,8.489,10431.0,2025-05-26T21:37:06.254566273Z,2025-05-26T21:37:14.743711653Z,us_east
61828f8a-b2fc-4800-b817-544c6b0e8d55,b3df2c8e-7c7e-4920-ad02-fbc32d15a318,worker-da7aa3c1657c4ebd8bb491373c3a0b74-1154004514,True,104857601.0,88.4173306398535,9.048,10460.0,2025-05-26T21:37:06.275204651Z,2025-05-26T21:37:15.323239796Z,us_east
61828f8a-b2fc-4800-b817-544c6b0e8d55,4ab1c67f-0fef-4f58-9b69-1bd4a602f8ed,worker-7221aac7e2554a2daeaa18d18ffa6f83-1154004514,True,104857601.0,99.71332514388564,8.023,10403.0,2025-05-26T21:37:36.258184466Z,2025-05-26T21:37:44.281578197Z,us_east
61828f8a-b2fc-4800-b817-544c6b0e8d55,4ab1c67f-0fef-4f58-9b69-1bd4a602f8ed,worker-67f27916006e4049a9d01bc8f67b6b1c-1154004514,True,104857601.0,96.1769665339498,8.318,10424.0,2025-05-26T21:37:36.278974665Z,2025-05-26T21:37:44.597080430Z,us_east
61828f8a-b2fc-4800-b817-544c6b0e8d55,4ab1c67f-0fef-4f58-9b69-1bd4a602f8ed,worker-34f5f515892946cb841624ede4d3589f-1154004514,True,104857601.0,95.21542580687868,8.402,10437.0,2025-05-26T21:37:36.290430038Z,2025-05-26T21:37:44.693061758Z,us_east
61828f8a-b2fc-4800-b817-544c6b0e8d55,4ab1c67f-0fef-4f58-9b69-1bd4a602f8ed,worker-04dc0c0ec8514425a06baac950f77376-1154004514,True,104857601.0,94.8654106046952,8.433,10417.0,2025-05-26T21:37:36.274094605Z,2025-05-26T21:37:44.707357063Z,us_east
61828f8a-b2fc-4800-b817-544c6b0e8d55,4ab1c67f-0fef-4f58-9b69-1bd4a602f8ed,worker-49354f29c3b74c01bfa41c31af6537a8-1154004514,True,104857601.0,94.5179593134918,8.464,10445.0,2025-05-26T21:37:36.298903703Z,2025-05-26T21:37:44.763773757Z,us_east
61828f8a-b2fc-4800-b817-544c6b0e8d55,4ab1c67f-0fef-4f58-9b69-1bd4a602f8ed,worker-5d71ba189a4f4e609a0a8224a6db9f4a-1154004514,True,104857601.0,94.09550783690833,8.502,10446.0,2025-05-26T21:37:36.300624393Z,2025-05-26T21:37:44.803210497Z,us_east
61828f8a-b2fc-4800-b817-544c6b0e8d55,4ab1c67f-0fef-4f58-9b69-1bd4a602f8ed,worker-110390c43c384e1bbd364b3924ea9c78-1154004514,True,104857601.0,89.26578973771419,8.962,10429.0,2025-05-26T21:37:36.295832570Z,2025-05-26T21:37:45.258420220Z,us_east
61828f8a-b2fc-4800-b817-544c6b0e8d55,4ab1c67f-0fef-4f58-9b69-1bd4a602f8ed,worker-da7aa3c1657c4ebd8bb491373c3a0b74-1154004514,True,104857601.0,87.51777788309754,9.141,10465.0,2025-05-26T21:37:36.318604083Z,2025-05-26T21:37:45.459971177Z,us_east
61828f8a-b2fc-4800-b817-544c6b0e8d55,4ab1c67f-0fef-4f58-9b69-1bd4a602f8ed,worker-3eba5e57cd36479a80e81db33ad0db7c-1154004514,True,104857601.0,61.51953303824935,13.004,10439.0,2025-05-26T21:37:36.294519400Z,2025-05-26T21:37:49.299419704Z,us_east
61828f8a-b2fc-4800-b817-544c6b0e8d55,4ab1c67f-0fef-4f58-9b69-1bd4a602f8ed,worker-7b850cc53e5a4866a0c0b9cfdcc76caa-1154004514,True,104857601.0,60.90134041027669,13.136,10442.0,2025-05-26T21:37:36.296872063Z,2025-05-26T21:37:49.433755484Z,us_east
8a4238ad-6b9e-4959-8105-784c0659f6fe,5d48b120-8b3e-484c-bee0-c80a8f58e5b0,worker-fbb1d2cb30dc4a4b9bc80db32a9fda6d-1154004514,True,104857601.0,97.6800986116477,8.19,10641.0,2025-05-26T18:11:10.248153511Z,2025-05-26T18:11:18.438866817Z,us_east
8a4238ad-6b9e-4959-8105-784c0659f6fe,303979f8-7f32-49cf-a6de-29e1e2576b86,worker-bb0ce4a0fdf94e5ea20fe036976743bc-1154004514,True,104857601.0,97.84735905447585,8.176,10416.0,2025-05-26T18:11:35.052445696Z,2025-05-26T18:11:43.228810153Z,us_east
8a4238ad-6b9e-4959-8105-784c0659f6fe,303979f8-7f32-49cf-a6de-29e1e2576b86,worker-f077424b13794522a0e1a5734d24f216-1154004514,True,104857601.0,96.92270506777254,8.254,10415.0,2025-05-26T18:11:35.048307729Z,2025-05-26T18:11:43.303073347Z,us_east
8a4238ad-6b9e-4959-8105-784c0659f6fe,303979f8-7f32-49cf-a6de-29e1e2576b86,worker-6cbfc188b00d4a7995418e1ab8fb24d5-1154004514,True,104857601.0,93.77564267136262,8.531,10441.0,2025-05-26T18:11:35.070248114Z,2025-05-26T18:11:43.601623112Z,us_east
8a4238ad-6b9e-4959-8105-784c0659f6fe,303979f8-7f32-49cf-a6de-29e1e2576b86,worker-2b6115db204345f08b81fd5e1a52b439-1154004514,True,104857601.0,93.2835829791738,8.576,10424.0,2025-05-26T18:11:35.055751431Z,2025-05-26T18:11:43.632221022Z,us_east
8a4238ad-6b9e-4959-8105-784c0659f6fe,303979f8-7f32-49cf-a6de-29e1e2576b86,worker-505c682c914b43fe8bde55065bd3743a-1154004514,True,104857601.0,92.58187798048772,8.641,10432.0,2025-05-26T18:11:35.059856101Z,2025-05-26T18:11:43.701046880Z,us_east
8a4238ad-6b9e-4959-8105-784c0659f6fe,303979f8-7f32-49cf-a6de-29e1e2576b86,worker-a314a92bb22948639c9525b0432b66ba-1154004514,True,104857601.0,92.12344629541624,8.684,10434.0,2025-05-26T18:11:35.064909253Z,2025-05-26T18:11:43.749485429Z,us_east
8a4238ad-6b9e-4959-8105-784c0659f6fe,303979f8-7f32-49cf-a6de-29e1e2576b86,worker-4c439972e7864fb4af9d4e125e79c8a6-1154004514,True,104857601.0,91.12655286813926,8.779,10425.0,2025-05-26T18:11:35.060912968Z,2025-05-26T18:11:43.840769570Z,us_east
8a4238ad-6b9e-4959-8105-784c0659f6fe,303979f8-7f32-49cf-a6de-29e1e2576b86,worker-fbb1d2cb30dc4a4b9bc80db32a9fda6d-1154004514,True,104857601.0,90.38526806342723,8.851,10441.0,2025-05-26T18:11:35.068632746Z,2025-05-26T18:11:43.920617388Z,us_east
8a4238ad-6b9e-4959-8105-784c0659f6fe,9cfebe39-6b65-4e82-b09a-b027a777f2fc,worker-032318152a1142d2901db006a8c3f6aa-1154004514,True,104857601.0,99.45300940196351,8.044,10413.0,2025-05-26T18:12:05.088604967Z,2025-05-26T18:12:13.133072253Z,us_east
8a4238ad-6b9e-4959-8105-784c0659f6fe,9cfebe39-6b65-4e82-b09a-b027a777f2fc,worker-6cbfc188b00d4a7995418e1ab8fb24d5-1154004514,True,104857601.0,98.18360427459432,8.148,10427.0,2025-05-26T18:12:05.100912352Z,2025-05-26T18:12:13.249618498Z,us_east
8a4238ad-6b9e-4959-8105-784c0659f6fe,9cfebe39-6b65-4e82-b09a-b027a777f2fc,worker-505c682c914b43fe8bde55065bd3743a-1154004514,True,104857601.0,96.75858824738684,8.268,10417.0,2025-05-26T18:12:05.090363446Z,2025-05-26T18:12:13.358562912Z,us_east
8a4238ad-6b9e-4959-8105-784c0659f6fe,9cfebe39-6b65-4e82-b09a-b027a777f2fc,worker-bb0ce4a0fdf94e5ea20fe036976743bc-1154004514,True,104857601.0,96.81713755650424,8.263,10426.0,2025-05-26T18:12:05.100110418Z,2025-05-26T18:12:13.363351014Z,us_east
8a4238ad-6b9e-4959-8105-784c0659f6fe,9cfebe39-6b65-4e82-b09a-b027a777f2fc,worker-4c439972e7864fb4af9d4e125e79c8a6-1154004514,True,104857601.0,95.9232623056828,8.34,10418.0,2025-05-26T18:12:05.091425740Z,2025-05-26T18:12:13.431950617Z,us_east
8a4238ad-6b9e-4959-8105-784c0659f6fe,9cfebe39-6b65-4e82-b09a-b027a777f2fc,worker-fbb1d2cb30dc4a4b9bc80db32a9fda6d-1154004514,True,104857601.0,95.124852274601,8.41,10431.0,2025-05-26T18:12:05.104202816Z,2025-05-26T18:12:13.514890551Z,us_east
8a4238ad-6b9e-4959-8105-784c0659f6fe,9cfebe39-6b65-4e82-b09a-b027a777f2fc,worker-07b0fd8da99c48afa78450aa570912b9-1154004514,True,104857601.0,92.9692048378146,8.605,10433.0,2025-05-26T18:12:05.109342960Z,2025-05-26T18:12:13.714360266Z,us_east
8a4238ad-6b9e-4959-8105-784c0659f6fe,9cfebe39-6b65-4e82-b09a-b027a777f2fc,worker-2b6115db204345f08b81fd5e1a52b439-1154004514,True,104857601.0,92.33610429702154,8.664,10442.0,2025-05-26T18:12:05.116424392Z,2025-05-26T18:12:13.780873482Z,us_east
8a4238ad-6b9e-4959-8105-784c0659f6fe,9cfebe39-6b65-4e82-b09a-b027a777f2fc,worker-f077424b13794522a0e1a5734d24f216-1154004514,True,104857601.0,91.82736543037127,8.712,10440.0,2025-05-26T18:12:05.114205687Z,2025-05-26T18:12:13.826927858Z,us_east
8a4238ad-6b9e-4959-8105-784c0659f6fe,9cfebe39-6b65-4e82-b09a-b027a777f2fc,worker-a314a92bb22948639c9525b0432b66ba-1154004514,True,104857601.0,88.7114668029934,9.018,10444.0,2025-05-26T18:12:05.116957181Z,2025-05-26T18:12:14.135115036Z,us_east
37333d94-3012-4bcc-9bfd-4d15873af31b,d835600e-9215-4641-9ed0-50a9b11c926a,worker-f70687a33e7c40598acd2484435ce2e7-1154004514,True,104857601.0,99.304866885476,8.056,10445.0,2025-05-26T17:18:07.010583353Z,2025-05-26T17:18:15.066776922Z,us_east
37333d94-3012-4bcc-9bfd-4d15873af31b,2f031337-e8ab-4676-96f1-bea5d72c80c1,worker-c375345dd7c24e078b710cf1c48dc5d9-1154004514,True,104857601.0,101.45846640829352,7.885,10403.0,2025-05-26T17:18:32.004535376Z,2025-05-26T17:18:39.890241697Z,us_east
37333d94-3012-4bcc-9bfd-4d15873af31b,2f031337-e8ab-4676-96f1-bea5d72c80c1,worker-f55837092fc04db7a7dd2c0457f88e3f-1154004514,True,104857601.0,95.90026464030144,8.342,10414.0,2025-05-26T17:18:32.010654665Z,2025-05-26T17:18:40.352939014Z,us_east
37333d94-3012-4bcc-9bfd-4d15873af31b,2f031337-e8ab-4676-96f1-bea5d72c80c1,worker-32d691bb456f487f80f6bc8d860641f4-1154004514,True,104857601.0,94.28403154147254,8.485,10418.0,2025-05-26T17:18:32.013589775Z,2025-05-26T17:18:40.499279418Z,us_east
37333d94-3012-4bcc-9bfd-4d15873af31b,2f031337-e8ab-4676-96f1-bea5d72c80c1,worker-a70baa1a3c184f8b81e4ccd8b84251f3-1154004514,True,104857601.0,92.80742547904808,8.62,10421.0,2025-05-26T17:18:32.022951553Z,2025-05-26T17:18:40.642993690Z,us_east
37333d94-3012-4bcc-9bfd-4d15873af31b,2f031337-e8ab-4676-96f1-bea5d72c80c1,worker-df53e1db18a640ea89384a397db29ea3-1154004514,True,104857601.0,91.5436557534494,8.739,10427.0,2025-05-26T17:18:32.026453324Z,2025-05-26T17:18:40.766321305Z,us_east
37333d94-3012-4bcc-9bfd-4d15873af31b,2f031337-e8ab-4676-96f1-bea5d72c80c1,worker-ca7d9b2766694046a27dd55ca44e0073-1154004514,True,104857601.0,90.47726844937736,8.842,10441.0,2025-05-26T17:18:32.034228709Z,2025-05-26T17:18:40.876328882Z,us_east
37333d94-3012-4bcc-9bfd-4d15873af31b,2f031337-e8ab-4676-96f1-bea5d72c80c1,worker-f70687a33e7c40598acd2484435ce2e7-1154004514,True,104857601.0,87.59443858856834,9.133,10460.0,2025-05-26T17:18:32.051925661Z,2025-05-26T17:18:41.185773368Z,us_east
37333d94-3012-4bcc-9bfd-4d15873af31b,2f031337-e8ab-4676-96f1-bea5d72c80c1,worker-5632c4fc6ba949db8723b00b1e2f1e0d-1154004514,True,104857601.0,83.47245488620561,9.584,10469.0,2025-05-26T17:18:32.073394771Z,2025-05-26T17:18:41.658173696Z,us_east
37333d94-3012-4bcc-9bfd-4d15873af31b,5ac2a361-c4f0-4522-9892-76e64fa473cd,worker-c375345dd7c24e078b710cf1c48dc5d9-1154004514,True,104857601.0,94.71939469919424,8.446,10448.0,2025-05-26T17:19:02.073148481Z,2025-05-26T17:19:10.519549629Z,us_east
37333d94-3012-4bcc-9bfd-4d15873af31b,5ac2a361-c4f0-4522-9892-76e64fa473cd,worker-04e25da58a43454ab87268a633a584ed-1154004514,True,104857601.0,87.52735313231886,9.14,10426.0,2025-05-26T17:19:02.054677549Z,2025-05-26T17:19:11.195516094Z,us_east
37333d94-3012-4bcc-9bfd-4d15873af31b,5ac2a361-c4f0-4522-9892-76e64fa473cd,worker-f70687a33e7c40598acd2484435ce2e7-1154004514,True,104857601.0,86.44910391499833,9.254,10456.0,2025-05-26T17:19:02.079417899Z,2025-05-26T17:19:11.334082130Z,us_east
37333d94-3012-4bcc-9bfd-4d15873af31b,5ac2a361-c4f0-4522-9892-76e64fa473cd,worker-5632c4fc6ba949db8723b00b1e2f1e0d-1154004514,True,104857601.0,85.83691068984919,9.32,10469.0,2025-05-26T17:19:02.093657405Z,2025-05-26T17:19:11.414503343Z,us_east
37333d94-3012-4bcc-9bfd-4d15873af31b,5ac2a361-c4f0-4522-9892-76e64fa473cd,worker-ca7d9b2766694046a27dd55ca44e0073-1154004514,True,104857601.0,74.08093412625193,10.799,10453.0,2025-05-26T17:19:02.077064888Z,2025-05-26T17:19:12.876679688Z,us_east
37333d94-3012-4bcc-9bfd-4d15873af31b,5ac2a361-c4f0-4522-9892-76e64fa473cd,worker-22f36f863a594252886c4e8682536833-1154004514,True,104857601.0,73.40123017060232,10.899,10423.0,2025-05-26T17:19:02.057272465Z,2025-05-26T17:19:12.956420858Z,us_east
37333d94-3012-4bcc-9bfd-4d15873af31b,5ac2a361-c4f0-4522-9892-76e64fa473cd,worker-f55837092fc04db7a7dd2c0457f88e3f-1154004514,True,104857601.0,73.21314245716066,10.927,10473.0,2025-05-26T17:19:02.096268072Z,2025-05-26T17:19:13.024029345Z,us_east
37333d94-3012-4bcc-9bfd-4d15873af31b,5ac2a361-c4f0-4522-9892-76e64fa473cd,worker-a70baa1a3c184f8b81e4ccd8b84251f3-1154004514,True,104857601.0,72.66121776833738,11.01,10440.0,2025-05-26T17:19:02.064304034Z,2025-05-26T17:19:13.074907678Z,us_east
37333d94-3012-4bcc-9bfd-4d15873af31b,5ac2a361-c4f0-4522-9892-76e64fa473cd,worker-df53e1db18a640ea89384a397db29ea3-1154004514,True,104857601.0,59.70149310667123,13.4,10444.0,2025-05-26T17:19:02.069395044Z,2025-05-26T17:19:15.470076673Z,us_east
37333d94-3012-4bcc-9bfd-4d15873af31b,5ac2a361-c4f0-4522-9892-76e64fa473cd,worker-32d691bb456f487f80f6bc8d860641f4-1154004514,True,104857601.0,42.76702703033222,18.706,10448.0,2025-05-26T17:19:02.071881693Z,2025-05-26T17:19:20.778419129Z,us_east
a408fc36-b06f-4849-98f4-573b8181fd84,2d6ef7a6-0091-4c1e-b53e-477f4861d265,worker-a4d8321d78fb403796f57e023694413c-1154004514,True,8360460.0,1.0630697455498137,60.001,11351.0,2025-05-26T15:30:41.582493565Z,2025-05-26T15:31:41.584024187Z,us_east
a408fc36-b06f-4849-98f4-573b8181fd84,eb61b42c-9562-4944-9295-14430b0cb274,worker-a12ce84ac52f4fc2a04ab676821e7ae9-1154004514,True,1163788.0,0.14773952649352529,60.099,11135.0,2025-05-26T15:32:01.428220672Z,2025-05-26T15:33:01.528133526Z,us_east
a408fc36-b06f-4849-98f4-573b8181fd84,eb61b42c-9562-4944-9295-14430b0cb274,worker-ef503e26862b43cc82faf60d081e3c34-1154004514,True,826404.0,0.10473533045736848,60.199,11998.0,2025-05-26T15:32:02.291299179Z,2025-05-26T15:33:02.490440043Z,us_east
a408fc36-b06f-4849-98f4-573b8181fd84,eb61b42c-9562-4944-9295-14430b0cb274,worker-2a30b41b0b10414d8e9b69708ebe48ec-1154004514,True,1069668.0,0.1351772210536859,60.372,12000.0,2025-05-26T15:32:02.292895466Z,2025-05-26T15:33:02.665627424Z,us_east
a408fc36-b06f-4849-98f4-573b8181fd84,eb61b42c-9562-4944-9295-14430b0cb274,worker-f6c80973f7e34fd3ba0bc0efab427379-1154004514,True,1151956.0,0.1460333783068412,60.183,12193.0,2025-05-26T15:32:02.485181647Z,2025-05-26T15:33:02.668940750Z,us_east
a408fc36-b06f-4849-98f4-573b8181fd84,eb61b42c-9562-4944-9295-14430b0cb274,worker-f189721b435d4529bd54be791b2af72c-1154004514,True,1024532.0,0.12982160501396156,60.21,12526.0,2025-05-26T15:32:02.818544843Z,2025-05-26T15:33:03.028560122Z,us_east
a408fc36-b06f-4849-98f4-573b8181fd84,eb61b42c-9562-4944-9295-14430b0cb274,worker-8437459d691b4be0a0a210b087660aaf-1154004514,True,1130236.0,0.14167446574257578,60.865,11997.0,2025-05-26T15:32:02.290315182Z,2025-05-26T15:33:03.155970577Z,us_east
a408fc36-b06f-4849-98f4-573b8181fd84,eb61b42c-9562-4944-9295-14430b0cb274,worker-a4d8321d78fb403796f57e023694413c-1154004514,True,1220012.0,0.15489246469404713,60.093,13135.0,2025-05-26T15:32:03.427504643Z,2025-05-26T15:33:03.520923290Z,us_east
a408fc36-b06f-4849-98f4-573b8181fd84,eb61b42c-9562-4944-9295-14430b0cb274,worker-0ca2f0586c2b4a80858c67d426638ce3-1154004514,True,788756.0,0.10006868951860158,60.136,13440.0,2025-05-26T15:32:03.731624216Z,2025-05-26T15:33:03.868590970Z,us_east
a408fc36-b06f-4849-98f4-573b8181fd84,0ef08a46-d69c-4963-8617-fa7f0a8d4b2a,worker-0ca2f0586c2b4a80858c67d426638ce3-1154004514,True,961068.0,0.12205964414967664,60.072,11355.0,2025-05-26T15:33:21.709644409Z,2025-05-26T15:34:21.782090222Z,us_east
a408fc36-b06f-4849-98f4-573b8181fd84,0ef08a46-d69c-4963-8617-fa7f0a8d4b2a,worker-2a30b41b0b10414d8e9b69708ebe48ec-1154004514,True,632372.0,0.08031254437959857,60.073,11439.0,2025-05-26T15:33:21.793755302Z,2025-05-26T15:34:21.867033961Z,us_east
a408fc36-b06f-4849-98f4-573b8181fd84,0ef08a46-d69c-4963-8617-fa7f0a8d4b2a,worker-8437459d691b4be0a0a210b087660aaf-1154004514,True,824956.0,0.10460394546896036,60.169,11608.0,2025-05-26T15:33:21.962435143Z,2025-05-26T15:34:22.131779631Z,us_east
a408fc36-b06f-4849-98f4-573b8181fd84,0ef08a46-d69c-4963-8617-fa7f0a8d4b2a,worker-a12ce84ac52f4fc2a04ab676821e7ae9-1154004514,True,900252.0,0.11426537932001656,60.109,11941.0,2025-05-26T15:33:22.296593966Z,2025-05-26T15:34:22.406208752Z,us_east
a408fc36-b06f-4849-98f4-573b8181fd84,0ef08a46-d69c-4963-8617-fa7f0a8d4b2a,worker-f189721b435d4529bd54be791b2af72c-1154004514,True,830748.0,0.10365695065903792,61.145,11055.0,2025-05-26T15:33:21.410075150Z,2025-05-26T15:34:22.555890335Z,us_east
a408fc36-b06f-4849-98f4-573b8181fd84,0ef08a46-d69c-4963-8617-fa7f0a8d4b2a,worker-40b303f273234cbdacdd89970e803e00-1154004514,True,859708.0,0.1090376618956657,60.154,12793.0,2025-05-26T15:33:23.148439749Z,2025-05-26T15:34:23.302519423Z,us_east
a408fc36-b06f-4849-98f4-573b8181fd84,0ef08a46-d69c-4963-8617-fa7f0a8d4b2a,worker-a4d8321d78fb403796f57e023694413c-1154004514,True,835092.0,0.10603369011417818,60.087,12886.0,2025-05-26T15:33:23.242331277Z,2025-05-26T15:34:23.330277095Z,us_east
a408fc36-b06f-4849-98f4-573b8181fd84,0ef08a46-d69c-4963-8617-fa7f0a8d4b2a,worker-93112956fa7b4b82af17cb5c0f417ea5-1154004514,True,971204.0,0.1233490117748685,60.071,12988.0,2025-05-26T15:33:23.342719366Z,2025-05-26T15:34:23.413933344Z,us_east
a408fc36-b06f-4849-98f4-573b8181fd84,0ef08a46-d69c-4963-8617-fa7f0a8d4b2a,worker-ef503e26862b43cc82faf60d081e3c34-1154004514,True,646852.0,0.08215153415557946,60.073,13196.0,2025-05-26T15:33:23.549876894Z,2025-05-26T15:34:23.623754532Z,us_east
a408fc36-b06f-4849-98f4-573b8181fd84,0ef08a46-d69c-4963-8617-fa7f0a8d4b2a,worker-f6c80973f7e34fd3ba0bc0efab427379-1154004514,True,916180.0,0.11621358806990582,60.147,13839.0,2025-05-26T15:33:24.192995148Z,2025-05-26T15:34:24.340985649Z,us_east
35413cb0-1c14-4041-8a48-2c07cb384735,ee9c3821-c510-47f6-82ce-94f94c1ebf7f,worker-a4d8321d78fb403796f57e023694413c-1154004514,True,104857601.0,48.36174632023906,16.542,10957.0,2025-05-26T15:27:46.029085961Z,2025-05-26T15:28:02.571480465Z,us_east
35413cb0-1c14-4041-8a48-2c07cb384735,e1f60c6a-4b85-40f2-8ca4-eb6f01e2a5d7,worker-8437459d691b4be0a0a210b087660aaf-1154004514,True,104857601.0,30.867770483828934,25.917,11520.0,2025-05-26T15:28:21.624986141Z,2025-05-26T15:28:47.542340824Z,us_east
35413cb0-1c14-4041-8a48-2c07cb384735,e1f60c6a-4b85-40f2-8ca4-eb6f01e2a5d7,worker-a4d8321d78fb403796f57e023694413c-1154004514,True,104857601.0,29.70223537645335,26.934,11291.0,2025-05-26T15:28:21.396808289Z,2025-05-26T15:28:48.331782307Z,us_east
35413cb0-1c14-4041-8a48-2c07cb384735,e1f60c6a-4b85-40f2-8ca4-eb6f01e2a5d7,worker-ef503e26862b43cc82faf60d081e3c34-1154004514,True,104857601.0,21.863897448193345,36.59,11058.0,2025-05-26T15:28:21.162150448Z,2025-05-26T15:28:57.753025218Z,us_east
35413cb0-1c14-4041-8a48-2c07cb384735,e1f60c6a-4b85-40f2-8ca4-eb6f01e2a5d7,worker-a12ce84ac52f4fc2a04ab676821e7ae9-1154004514,True,104857601.0,21.151710846316817,37.822,11406.0,2025-05-26T15:28:21.511370571Z,2025-05-26T15:28:59.333951917Z,us_east
35413cb0-1c14-4041-8a48-2c07cb384735,e1f60c6a-4b85-40f2-8ca4-eb6f01e2a5d7,worker-2a30b41b0b10414d8e9b69708ebe48ec-1154004514,True,104857601.0,20.551288504878222,38.927,10930.0,2025-05-26T15:28:21.035880634Z,2025-05-26T15:28:59.962998784Z,us_east
35413cb0-1c14-4041-8a48-2c07cb384735,e1f60c6a-4b85-40f2-8ca4-eb6f01e2a5d7,worker-0ca2f0586c2b4a80858c67d426638ce3-1154004514,True,104857601.0,20.70446977482322,38.639,12056.0,2025-05-26T15:28:22.160677696Z,2025-05-26T15:29:00.799880455Z,us_east
35413cb0-1c14-4041-8a48-2c07cb384735,e1f60c6a-4b85-40f2-8ca4-eb6f01e2a5d7,worker-f6c80973f7e34fd3ba0bc0efab427379-1154004514,True,104857601.0,19.82799235703756,40.347,11168.0,2025-05-26T15:28:21.272407630Z,2025-05-26T15:29:01.619858921Z,us_east
35413cb0-1c14-4041-8a48-2c07cb384735,e1f60c6a-4b85-40f2-8ca4-eb6f01e2a5d7,worker-f189721b435d4529bd54be791b2af72c-1154004514,True,104857601.0,18.775816927088684,42.608,11864.0,2025-05-26T15:28:21.970583615Z,2025-05-26T15:29:04.579578362Z,us_east
35413cb0-1c14-4041-8a48-2c07cb384735,5bc2adc2-457a-48a9-8463-34769d8d17c0,worker-a4d8321d78fb403796f57e023694413c-1154004514,True,104857601.0,35.733428963256856,22.388,10922.0,2025-05-26T15:29:26.080959045Z,2025-05-26T15:29:48.469697900Z,us_east
35413cb0-1c14-4041-8a48-2c07cb384735,5bc2adc2-457a-48a9-8463-34769d8d17c0,worker-ef503e26862b43cc82faf60d081e3c34-1154004514,True,104857601.0,32.470168342779225,24.638,11684.0,2025-05-26T15:29:26.842068570Z,2025-05-26T15:29:51.480956478Z,us_east
35413cb0-1c14-4041-8a48-2c07cb384735,5bc2adc2-457a-48a9-8463-34769d8d17c0,worker-a12ce84ac52f4fc2a04ab676821e7ae9-1154004514,True,104857601.0,29.15133212948273,27.443,11170.0,2025-05-26T15:29:26.328867229Z,2025-05-26T15:29:53.772377257Z,us_east
35413cb0-1c14-4041-8a48-2c07cb384735,5bc2adc2-457a-48a9-8463-34769d8d17c0,worker-0ca2f0586c2b4a80858c67d426638ce3-1154004514,True,104857601.0,26.601050995191677,30.074,12163.0,2025-05-26T15:29:27.320613426Z,2025-05-26T15:29:57.395238667Z,us_east
35413cb0-1c14-4041-8a48-2c07cb384735,5bc2adc2-457a-48a9-8463-34769d8d17c0,worker-2a30b41b0b10414d8e9b69708ebe48ec-1154004514,True,104857601.0,24.238751935445976,33.005,11288.0,2025-05-26T15:29:26.444873616Z,2025-05-26T15:29:59.450300938Z,us_east
35413cb0-1c14-4041-8a48-2c07cb384735,5bc2adc2-457a-48a9-8463-34769d8d17c0,worker-40b303f273234cbdacdd89970e803e00-1154004514,True,104857601.0,19.902973196402403,40.195,11056.0,2025-05-26T15:29:26.214571906Z,2025-05-26T15:30:06.409963930Z,us_east
35413cb0-1c14-4041-8a48-2c07cb384735,5bc2adc2-457a-48a9-8463-34769d8d17c0,worker-f189721b435d4529bd54be791b2af72c-1154004514,True,104857601.0,19.7633342629362,40.479,11959.0,2025-05-26T15:29:27.115815120Z,2025-05-26T15:30:07.595676149Z,us_east
35413cb0-1c14-4041-8a48-2c07cb384735,5bc2adc2-457a-48a9-8463-34769d8d17c0,worker-93112956fa7b4b82af17cb5c0f417ea5-1154004514,True,104857601.0,19.03628810539904,42.025,11509.0,2025-05-26T15:29:26.668138624Z,2025-05-26T15:30:08.694016738Z,us_east
35413cb0-1c14-4041-8a48-2c07cb384735,5bc2adc2-457a-48a9-8463-34769d8d17c0,worker-f6c80973f7e34fd3ba0bc0efab427379-1154004514,True,104857601.0,17.774223102699338,45.009,11399.0,2025-05-26T15:29:26.557006005Z,2025-05-26T15:30:11.566691608Z,us_east
35413cb0-1c14-4041-8a48-2c07cb384735,5bc2adc2-457a-48a9-8463-34769d8d17c0,worker-8437459d691b4be0a0a210b087660aaf-1154004514,True,104857601.0,16.416654852750703,48.731,12283.0,2025-05-26T15:29:27.441664688Z,2025-05-26T15:30:16.173147501Z,us_east
55cde052-38a3-433b-a4e9-a4658a42b190,4a80aa64-dde0-4323-b9e8-7222328b2cbf,worker-a4d8321d78fb403796f57e023694413c-1154004514,True,8226408.0,1.045101278966118,60.054,10960.0,2025-05-26T15:23:30.824683219Z,2025-05-26T15:24:30.878986856Z,us_east
55cde052-38a3-433b-a4e9-a4658a42b190,c8d60616-9848-4ca4-b81a-b9f78e9b6d17,worker-8437459d691b4be0a0a210b087660aaf-1154004514,True,1354736.0,0.1721373564334072,60.044,11463.0,2025-05-26T15:24:51.387294823Z,2025-05-26T15:25:51.431865157Z,us_east
55cde052-38a3-433b-a4e9-a4658a42b190,c8d60616-9848-4ca4-b81a-b9f78e9b6d17,worker-ef503e26862b43cc82faf60d081e3c34-1154004514,True,892768.0,0.11351564583229172,60.003,13384.0,2025-05-26T15:24:53.308643545Z,2025-05-26T15:25:53.312439168Z,us_east
55cde052-38a3-433b-a4e9-a4658a42b190,c8d60616-9848-4ca4-b81a-b9f78e9b6d17,worker-a4d8321d78fb403796f57e023694413c-1154004514,True,875640.0,0.11125993883493628,60.045,13377.0,2025-05-26T15:24:53.301541773Z,2025-05-26T15:25:53.347066686Z,us_east
55cde052-38a3-433b-a4e9-a4658a42b190,c8d60616-9848-4ca4-b81a-b9f78e9b6d17,worker-0ca2f0586c2b4a80858c67d426638ce3-1154004514,True,1198296.0,0.15223420503578028,60.054,13386.0,2025-05-26T15:24:53.309959389Z,2025-05-26T15:25:53.364892217Z,us_east
55cde052-38a3-433b-a4e9-a4658a42b190,c8d60616-9848-4ca4-b81a-b9f78e9b6d17,worker-2a30b41b0b10414d8e9b69708ebe48ec-1154004514,True,913040.0,0.11510339534381764,60.519,13370.0,2025-05-26T15:24:53.294468086Z,2025-05-26T15:25:53.813681758Z,us_east
55cde052-38a3-433b-a4e9-a4658a42b190,c8d60616-9848-4ca4-b81a-b9f78e9b6d17,worker-a12ce84ac52f4fc2a04ab676821e7ae9-1154004514,True,1033224.0,0.1311233496649298,60.118,13774.0,2025-05-26T15:24:53.697190241Z,2025-05-26T15:25:53.815626399Z,us_east
55cde052-38a3-433b-a4e9-a4658a42b190,c8d60616-9848-4ca4-b81a-b9f78e9b6d17,worker-f189721b435d4529bd54be791b2af72c-1154004514,True,1092840.0,0.13886458678144048,60.042,14098.0,2025-05-26T15:24:54.021051490Z,2025-05-26T15:25:54.063263848Z,us_east
55cde052-38a3-433b-a4e9-a4658a42b190,c8d60616-9848-4ca4-b81a-b9f78e9b6d17,worker-f6c80973f7e34fd3ba0bc0efab427379-1154004514,True,1030328.0,0.13064933948167184,60.167,14220.0,2025-05-26T15:24:54.142744035Z,2025-05-26T15:25:54.309899309Z,us_east
55cde052-38a3-433b-a4e9-a4658a42b190,3a28f1cc-a632-4240-ac85-7f87e4f0a157,worker-40b303f273234cbdacdd89970e803e00-1154004514,True,938176.0,0.11753805349606714,60.897,10757.0,2025-05-26T15:26:15.766922263Z,2025-05-26T15:27:16.663962224Z,us_east
55cde052-38a3-433b-a4e9-a4658a42b190,3a28f1cc-a632-4240-ac85-7f87e4f0a157,worker-a12ce84ac52f4fc2a04ab676821e7ae9-1154004514,True,917384.0,0.11657369208288224,60.04,11830.0,2025-05-26T15:26:16.821022806Z,2025-05-26T15:27:16.861529732Z,us_east
55cde052-38a3-433b-a4e9-a4658a42b190,3a28f1cc-a632-4240-ac85-7f87e4f0a157,worker-f189721b435d4529bd54be791b2af72c-1154004514,True,624888.0,0.07937527412622995,60.063,11826.0,2025-05-26T15:26:16.819541155Z,2025-05-26T15:27:16.882896221Z,us_east
55cde052-38a3-433b-a4e9-a4658a42b190,3a28f1cc-a632-4240-ac85-7f87e4f0a157,worker-a4d8321d78fb403796f57e023694413c-1154004514,True,764144.0,0.09714164883258351,60.015,12058.0,2025-05-26T15:26:17.050454214Z,2025-05-26T15:27:17.065797367Z,us_east
55cde052-38a3-433b-a4e9-a4658a42b190,3a28f1cc-a632-4240-ac85-7f87e4f0a157,worker-f6c80973f7e34fd3ba0bc0efab427379-1154004514,True,949240.0,0.1205775109860436,60.062,12057.0,2025-05-26T15:26:17.048755482Z,2025-05-26T15:27:17.110983368Z,us_east
55cde052-38a3-433b-a4e9-a4658a42b190,3a28f1cc-a632-4240-ac85-7f87e4f0a157,worker-8437459d691b4be0a0a210b087660aaf-1154004514,True,957928.0,0.12180075403781894,60.003,12386.0,2025-05-26T15:26:17.378352462Z,2025-05-26T15:27:17.382189287Z,us_east
55cde052-38a3-433b-a4e9-a4658a42b190,3a28f1cc-a632-4240-ac85-7f87e4f0a157,worker-ef503e26862b43cc82faf60d081e3c34-1154004514,True,1031776.0,0.1310944122416607,60.047,12537.0,2025-05-26T15:26:17.528760685Z,2025-05-26T15:27:17.576362719Z,us_east
55cde052-38a3-433b-a4e9-a4658a42b190,3a28f1cc-a632-4240-ac85-7f87e4f0a157,worker-93112956fa7b4b82af17cb5c0f417ea5-1154004514,True,785616.0,0.09980641446135977,60.054,12897.0,2025-05-26T15:26:17.888427556Z,2025-05-26T15:27:17.942544576Z,us_east
55cde052-38a3-433b-a4e9-a4658a42b190,3a28f1cc-a632-4240-ac85-7f87e4f0a157,worker-2a30b41b0b10414d8e9b69708ebe48ec-1154004514,True,665680.0,0.08460328754893387,60.03,13914.0,2025-05-26T15:26:18.905847219Z,2025-05-26T15:27:18.936734869Z,us_east
55cde052-38a3-433b-a4e9-a4658a42b190,3a28f1cc-a632-4240-ac85-7f87e4f0a157,worker-0ca2f0586c2b4a80858c67d426638ce3-1154004514,True,930416.0,0.11826514848201491,60.022,15033.0,2025-05-26T15:26:20.025621364Z,2025-05-26T15:27:20.047821679Z,us_east
86873df7-323e-40b9-a8b5-f13e825c4437,1311eb85-8f3c-46a3-a503-5402de4215c0,worker-40b303f273234cbdacdd89970e803e00-1154004514,True,104857601.0,56.97599940384549,14.041,10930.0,2025-05-26T14:55:11.877968248Z,2025-05-26T14:55:25.918986224Z,us_east
86873df7-323e-40b9-a8b5-f13e825c4437,205c37a1-b5f3-4cce-8a0a-7f4d30dc7996,worker-40b303f273234cbdacdd89970e803e00-1154004514,True,104857601.0,29.643902902486182,26.987,11527.0,2025-05-26T14:55:47.509752001Z,2025-05-26T14:56:14.497155090Z,us_east
86873df7-323e-40b9-a8b5-f13e825c4437,205c37a1-b5f3-4cce-8a0a-7f4d30dc7996,worker-2a30b41b0b10414d8e9b69708ebe48ec-1154004514,True,104857601.0,23.579344719093218,33.928,11294.0,2025-05-26T14:55:47.275281516Z,2025-05-26T14:56:21.203632558Z,us_east
86873df7-323e-40b9-a8b5-f13e825c4437,205c37a1-b5f3-4cce-8a0a-7f4d30dc7996,worker-ef503e26862b43cc82faf60d081e3c34-1154004514,True,104857601.0,23.28085462938028,34.363,11044.0,2025-05-26T14:55:47.024692709Z,2025-05-26T14:56:21.388597065Z,us_east
86873df7-323e-40b9-a8b5-f13e825c4437,205c37a1-b5f3-4cce-8a0a-7f4d30dc7996,worker-a4d8321d78fb403796f57e023694413c-1154004514,True,104857601.0,22.36135978391644,35.776,10924.0,2025-05-26T14:55:46.905875184Z,2025-05-26T14:56:22.682615904Z,us_east
86873df7-323e-40b9-a8b5-f13e825c4437,205c37a1-b5f3-4cce-8a0a-7f4d30dc7996,worker-f6c80973f7e34fd3ba0bc0efab427379-1154004514,True,104857601.0,20.641965311936076,38.756,11166.0,2025-05-26T14:55:47.146711984Z,2025-05-26T14:56:25.903122102Z,us_east
86873df7-323e-40b9-a8b5-f13e825c4437,205c37a1-b5f3-4cce-8a0a-7f4d30dc7996,worker-8437459d691b4be0a0a210b087660aaf-1154004514,True,104857601.0,19.42030411296292,41.194,12046.0,2025-05-26T14:55:48.025855013Z,2025-05-26T14:56:29.220166803Z,us_east
86873df7-323e-40b9-a8b5-f13e825c4437,205c37a1-b5f3-4cce-8a0a-7f4d30dc7996,worker-0ca2f0586c2b4a80858c67d426638ce3-1154004514,True,104857601.0,17.64835666510908,45.33,11842.0,2025-05-26T14:55:47.823068981Z,2025-05-26T14:56:33.154052124Z,us_east
86873df7-323e-40b9-a8b5-f13e825c4437,205c37a1-b5f3-4cce-8a0a-7f4d30dc7996,worker-a12ce84ac52f4fc2a04ab676821e7ae9-1154004514,True,104857601.0,17.173647202399902,46.583,11398.0,2025-05-26T14:55:47.378958353Z,2025-05-26T14:56:33.962821568Z,us_east
86873df7-323e-40b9-a8b5-f13e825c4437,40ac1472-e8b4-4741-a40a-ad038c79b216,worker-2a30b41b0b10414d8e9b69708ebe48ec-1154004514,True,104857601.0,34.82197299683967,22.974,11404.0,2025-05-26T14:56:52.447073591Z,2025-05-26T14:57:15.421829602Z,us_east
86873df7-323e-40b9-a8b5-f13e825c4437,40ac1472-e8b4-4741-a40a-ad038c79b216,worker-f189721b435d4529bd54be791b2af72c-1154004514,True,104857601.0,32.83937472309817,24.361,11671.0,2025-05-26T14:56:52.712988613Z,2025-05-26T14:57:17.074958810Z,us_east
86873df7-323e-40b9-a8b5-f13e825c4437,40ac1472-e8b4-4741-a40a-ad038c79b216,worker-40b303f273234cbdacdd89970e803e00-1154004514,True,104857601.0,26.274303981522415,30.448,11286.0,2025-05-26T14:56:52.329470884Z,2025-05-26T14:57:22.778059103Z,us_east
86873df7-323e-40b9-a8b5-f13e825c4437,40ac1472-e8b4-4741-a40a-ad038c79b216,worker-ef503e26862b43cc82faf60d081e3c34-1154004514,True,104857601.0,23.968601361098795,33.377,11166.0,2025-05-26T14:56:52.209000543Z,2025-05-26T14:57:25.586400170Z,us_east
86873df7-323e-40b9-a8b5-f13e825c4437,40ac1472-e8b4-4741-a40a-ad038c79b216,worker-a4d8321d78fb403796f57e023694413c-1154004514,True,104857601.0,23.217343576904387,34.457,11053.0,2025-05-26T14:56:52.096310862Z,2025-05-26T14:57:26.553410339Z,us_east
86873df7-323e-40b9-a8b5-f13e825c4437,40ac1472-e8b4-4741-a40a-ad038c79b216,worker-8437459d691b4be0a0a210b087660aaf-1154004514,True,104857601.0,23.568230250689208,33.944,12153.0,2025-05-26T14:56:53.196334244Z,2025-05-26T14:57:27.140961235Z,us_east
86873df7-323e-40b9-a8b5-f13e825c4437,40ac1472-e8b4-4741-a40a-ad038c79b216,worker-a12ce84ac52f4fc2a04ab676821e7ae9-1154004514,True,104857601.0,21.52215457290346,37.171,11528.0,2025-05-26T14:56:52.570630470Z,2025-05-26T14:57:29.741913723Z,us_east
86873df7-323e-40b9-a8b5-f13e825c4437,40ac1472-e8b4-4741-a40a-ad038c79b216,worker-93112956fa7b4b82af17cb5c0f417ea5-1154004514,True,104857601.0,19.257155420393197,41.543,11996.0,2025-05-26T14:56:53.038795625Z,2025-05-26T14:57:34.581939978Z,us_east
86873df7-323e-40b9-a8b5-f13e825c4437,40ac1472-e8b4-4741-a40a-ad038c79b216,worker-f6c80973f7e34fd3ba0bc0efab427379-1154004514,True,104857601.0,18.43063188567006,43.406,10931.0,2025-05-26T14:56:51.973484336Z,2025-05-26T14:57:35.379551162Z,us_east
86873df7-323e-40b9-a8b5-f13e825c4437,40ac1472-e8b4-4741-a40a-ad038c79b216,worker-0ca2f0586c2b4a80858c67d426638ce3-1154004514,True,104857601.0,15.642414555841356,51.143,12288.0,2025-05-26T14:56:53.330084862Z,2025-05-26T14:57:44.473605390Z,us_east
e6d3cdac-31bf-4908-a83d-9419882d3f98,ae373666-6f39-46fb-b038-932a3f72e3d0,worker-40b303f273234cbdacdd89970e803e00-1154004514,True,104857601.0,93.87467820105545,8.522,10467.0,2025-05-26T14:53:36.316865800Z,2025-05-26T14:53:44.839565834Z,us_east
e6d3cdac-31bf-4908-a83d-9419882d3f98,36ecf46d-7042-4d2a-b4e5-b15756bb7cf1,worker-a12ce84ac52f4fc2a04ab676821e7ae9-1154004514,True,104857601.0,98.06325173196797,8.158,10433.0,2025-05-26T14:54:01.308773283Z,2025-05-26T14:54:09.467740600Z,us_east
e6d3cdac-31bf-4908-a83d-9419882d3f98,36ecf46d-7042-4d2a-b4e5-b15756bb7cf1,worker-f6c80973f7e34fd3ba0bc0efab427379-1154004514,True,104857601.0,96.9579454162398,8.251,10432.0,2025-05-26T14:54:01.307139411Z,2025-05-26T14:54:09.559044327Z,us_east
e6d3cdac-31bf-4908-a83d-9419882d3f98,36ecf46d-7042-4d2a-b4e5-b15756bb7cf1,worker-ef503e26862b43cc82faf60d081e3c34-1154004514,True,104857601.0,96.37393177079804,8.301,10432.0,2025-05-26T14:54:01.306995409Z,2025-05-26T14:54:09.608887909Z,us_east
e6d3cdac-31bf-4908-a83d-9419882d3f98,36ecf46d-7042-4d2a-b4e5-b15756bb7cf1,worker-8437459d691b4be0a0a210b087660aaf-1154004514,True,104857601.0,95.03445089443984,8.418,10438.0,2025-05-26T14:54:01.313231372Z,2025-05-26T14:54:09.731388749Z,us_east
e6d3cdac-31bf-4908-a83d-9419882d3f98,36ecf46d-7042-4d2a-b4e5-b15756bb7cf1,worker-40b303f273234cbdacdd89970e803e00-1154004514,True,104857601.0,94.55147235898764,8.461,10439.0,2025-05-26T14:54:01.314512445Z,2025-05-26T14:54:09.776283465Z,us_east
e6d3cdac-31bf-4908-a83d-9419882d3f98,36ecf46d-7042-4d2a-b4e5-b15756bb7cf1,worker-2a30b41b0b10414d8e9b69708ebe48ec-1154004514,True,104857601.0,93.69875938503098,8.538,10443.0,2025-05-26T14:54:01.318055461Z,2025-05-26T14:54:09.856913202Z,us_east
e6d3cdac-31bf-4908-a83d-9419882d3f98,36ecf46d-7042-4d2a-b4e5-b15756bb7cf1,worker-0ca2f0586c2b4a80858c67d426638ce3-1154004514,True,104857601.0,92.89363767178293,8.612,10444.0,2025-05-26T14:54:01.319257307Z,2025-05-26T14:54:09.931543395Z,us_east
e6d3cdac-31bf-4908-a83d-9419882d3f98,36ecf46d-7042-4d2a-b4e5-b15756bb7cf1,worker-a4d8321d78fb403796f57e023694413c-1154004514,True,104857601.0,90.0191299234156,8.887,10448.0,2025-05-26T14:54:01.324114533Z,2025-05-26T14:54:10.212013058Z,us_east
e6d3cdac-31bf-4908-a83d-9419882d3f98,9f554205-d98a-4ee2-9874-2991cd94d3be,worker-a12ce84ac52f4fc2a04ab676821e7ae9-1154004514,True,104857601.0,94.64095677622082,8.453,10442.0,2025-05-26T14:54:31.345374Z,2025-05-26T14:54:39.799068432Z,us_east
e6d3cdac-31bf-4908-a83d-9419882d3f98,9f554205-d98a-4ee2-9874-2991cd94d3be,worker-f6c80973f7e34fd3ba0bc0efab427379-1154004514,True,104857601.0,88.95807935387462,8.993,10429.0,2025-05-26T14:54:31.331634587Z,2025-05-26T14:54:40.325397292Z,us_east
e6d3cdac-31bf-4908-a83d-9419882d3f98,9f554205-d98a-4ee2-9874-2991cd94d3be,worker-2a30b41b0b10414d8e9b69708ebe48ec-1154004514,True,104857601.0,87.71929908217047,9.12,10446.0,2025-05-26T14:54:31.349898108Z,2025-05-26T14:54:40.469904942Z,us_east
e6d3cdac-31bf-4908-a83d-9419882d3f98,9f554205-d98a-4ee2-9874-2991cd94d3be,worker-0ca2f0586c2b4a80858c67d426638ce3-1154004514,True,104857601.0,87.28859875934475,9.165,10449.0,2025-05-26T14:54:31.351477609Z,2025-05-26T14:54:40.516494166Z,us_east
e6d3cdac-31bf-4908-a83d-9419882d3f98,9f554205-d98a-4ee2-9874-2991cd94d3be,worker-ef503e26862b43cc82faf60d081e3c34-1154004514,True,104857601.0,86.41175282235845,9.258,10435.0,2025-05-26T14:54:31.339220251Z,2025-05-26T14:54:40.597381690Z,us_east
e6d3cdac-31bf-4908-a83d-9419882d3f98,9f554205-d98a-4ee2-9874-2991cd94d3be,worker-f189721b435d4529bd54be791b2af72c-1154004514,True,104857601.0,84.76372193572732,9.438,10448.0,2025-05-26T14:54:31.351586346Z,2025-05-26T14:54:40.790544675Z,us_east
e6d3cdac-31bf-4908-a83d-9419882d3f98,9f554205-d98a-4ee2-9874-2991cd94d3be,worker-8437459d691b4be0a0a210b087660aaf-1154004514,True,104857601.0,80.66955809512902,9.917,10437.0,2025-05-26T14:54:31.341623733Z,2025-05-26T14:54:41.259327036Z,us_east
e6d3cdac-31bf-4908-a83d-9419882d3f98,9f554205-d98a-4ee2-9874-2991cd94d3be,worker-93112956fa7b4b82af17cb5c0f417ea5-1154004514,True,104857601.0,78.67820688723393,10.168,10437.0,2025-05-26T14:54:31.340631222Z,2025-05-26T14:54:41.509047517Z,us_east
e6d3cdac-31bf-4908-a83d-9419882d3f98,9f554205-d98a-4ee2-9874-2991cd94d3be,worker-40b303f273234cbdacdd89970e803e00-1154004514,True,104857601.0,78.01833505260333,10.254,10422.0,2025-05-26T14:54:31.325786910Z,2025-05-26T14:54:41.579806271Z,us_east
e6d3cdac-31bf-4908-a83d-9419882d3f98,9f554205-d98a-4ee2-9874-2991cd94d3be,worker-a4d8321d78fb403796f57e023694413c-1154004514,True,104857601.0,53.23042169335249,15.029,10452.0,2025-05-26T14:54:31.355659379Z,2025-05-26T14:54:46.385590138Z,us_east
eaae21ad-1c17-445e-8662-d29aa242b085,dc3bcae5-b074-445f-8951-32aff7aaa0bb,worker-ef503e26862b43cc82faf60d081e3c34-1154004514,True,104857601.0,76.08178864758864,10.515,10748.0,2025-05-26T14:26:38.123515734Z,2025-05-26T14:26:48.638750417Z,us_east
eaae21ad-1c17-445e-8662-d29aa242b085,ad55438a-6f3e-44c8-b9fe-64cb5d8a7338,worker-f6c80973f7e34fd3ba0bc0efab427379-1154004514,True,104857601.0,77.46683525025608,10.327,10521.0,2025-05-26T14:27:07.926497085Z,2025-05-26T14:27:18.254074533Z,us_east
eaae21ad-1c17-445e-8662-d29aa242b085,ad55438a-6f3e-44c8-b9fe-64cb5d8a7338,worker-0ca2f0586c2b4a80858c67d426638ce3-1154004514,True,104857601.0,77.13073733411055,10.372,10531.0,2025-05-26T14:27:07.939983344Z,2025-05-26T14:27:18.312437788Z,us_east
eaae21ad-1c17-445e-8662-d29aa242b085,ad55438a-6f3e-44c8-b9fe-64cb5d8a7338,worker-ef503e26862b43cc82faf60d081e3c34-1154004514,True,104857601.0,76.97488767722453,10.393,10539.0,2025-05-26T14:27:07.937421573Z,2025-05-26T14:27:18.331015705Z,us_east
eaae21ad-1c17-445e-8662-d29aa242b085,ad55438a-6f3e-44c8-b9fe-64cb5d8a7338,worker-93112956fa7b4b82af17cb5c0f417ea5-1154004514,True,104857601.0,76.42338628481033,10.468,10533.0,2025-05-26T14:27:07.941614958Z,2025-05-26T14:27:18.410279725Z,us_east
eaae21ad-1c17-445e-8662-d29aa242b085,ad55438a-6f3e-44c8-b9fe-64cb5d8a7338,worker-a12ce84ac52f4fc2a04ab676821e7ae9-1154004514,True,104857601.0,76.32859532767813,10.481,10534.0,2025-05-26T14:27:07.940086075Z,2025-05-26T14:27:18.421931782Z,us_east
eaae21ad-1c17-445e-8662-d29aa242b085,ad55438a-6f3e-44c8-b9fe-64cb5d8a7338,worker-f189721b435d4529bd54be791b2af72c-1154004514,True,104857601.0,76.05285746072768,10.519,10539.0,2025-05-26T14:27:07.946323657Z,2025-05-26T14:27:18.466116944Z,us_east
eaae21ad-1c17-445e-8662-d29aa242b085,ad55438a-6f3e-44c8-b9fe-64cb5d8a7338,worker-a4d8321d78fb403796f57e023694413c-1154004514,True,104857601.0,75.87253486621724,10.544,10528.0,2025-05-26T14:27:07.935964971Z,2025-05-26T14:27:18.480899110Z,us_east
eaae21ad-1c17-445e-8662-d29aa242b085,ad55438a-6f3e-44c8-b9fe-64cb5d8a7338,worker-40b303f273234cbdacdd89970e803e00-1154004514,True,104857601.0,74.68259966667239,10.712,10542.0,2025-05-26T14:27:07.949663659Z,2025-05-26T14:27:18.662498489Z,us_east
eaae21ad-1c17-445e-8662-d29aa242b085,9dbe34ea-f164-4238-a664-8cce5a403a69,worker-f6c80973f7e34fd3ba0bc0efab427379-1154004514,True,104857601.0,77.42185305616903,10.333,10521.0,2025-05-26T14:27:37.951810773Z,2025-05-26T14:27:48.285788190Z,us_east
eaae21ad-1c17-445e-8662-d29aa242b085,9dbe34ea-f164-4238-a664-8cce5a403a69,worker-0ca2f0586c2b4a80858c67d426638ce3-1154004514,True,104857601.0,76.79754321103913,10.417,10530.0,2025-05-26T14:27:37.961788786Z,2025-05-26T14:27:48.378910397Z,us_east
eaae21ad-1c17-445e-8662-d29aa242b085,9dbe34ea-f164-4238-a664-8cce5a403a69,worker-93112956fa7b4b82af17cb5c0f417ea5-1154004514,True,104857601.0,76.71653314436081,10.428,10539.0,2025-05-26T14:27:37.971836505Z,2025-05-26T14:27:48.400589664Z,us_east
eaae21ad-1c17-445e-8662-d29aa242b085,9dbe34ea-f164-4238-a664-8cce5a403a69,worker-40b303f273234cbdacdd89970e803e00-1154004514,True,104857601.0,76.096262496851,10.513,10532.0,2025-05-26T14:27:37.964247682Z,2025-05-26T14:27:48.477899698Z,us_east
eaae21ad-1c17-445e-8662-d29aa242b085,9dbe34ea-f164-4238-a664-8cce5a403a69,worker-ef503e26862b43cc82faf60d081e3c34-1154004514,True,104857601.0,75.51444285722056,10.594,10538.0,2025-05-26T14:27:37.969318515Z,2025-05-26T14:27:48.564038565Z,us_east
eaae21ad-1c17-445e-8662-d29aa242b085,9dbe34ea-f164-4238-a664-8cce5a403a69,worker-a4d8321d78fb403796f57e023694413c-1154004514,True,104857601.0,75.22331994634645,10.635,10543.0,2025-05-26T14:27:37.974527395Z,2025-05-26T14:27:48.610511877Z,us_east
eaae21ad-1c17-445e-8662-d29aa242b085,9dbe34ea-f164-4238-a664-8cce5a403a69,worker-a12ce84ac52f4fc2a04ab676821e7ae9-1154004514,True,104857601.0,75.11031899628152,10.651,10544.0,2025-05-26T14:27:37.975969630Z,2025-05-26T14:27:48.627892421Z,us_east
eaae21ad-1c17-445e-8662-d29aa242b085,9dbe34ea-f164-4238-a664-8cce5a403a69,worker-2a30b41b0b10414d8e9b69708ebe48ec-1154004514,True,104857601.0,74.74539919923335,10.703,10534.0,2025-05-26T14:27:37.980444794Z,2025-05-26T14:27:48.684405770Z,us_east
eaae21ad-1c17-445e-8662-d29aa242b085,9dbe34ea-f164-4238-a664-8cce5a403a69,worker-8437459d691b4be0a0a210b087660aaf-1154004514,True,104857601.0,74.57121622197936,10.728,10544.0,2025-05-26T14:27:37.982014259Z,2025-05-26T14:27:48.710440417Z,us_east
eaae21ad-1c17-445e-8662-d29aa242b085,9dbe34ea-f164-4238-a664-8cce5a403a69,worker-f189721b435d4529bd54be791b2af72c-1154004514,True,104857601.0,73.93715412471299,10.82,10552.0,2025-05-26T14:27:37.984695809Z,2025-05-26T14:27:48.804817896Z,us_east
29010eff-b6a0-4de7-953e-8953601cfda2,88975411-3d29-4da0-a8af-537eed179e23,worker-bddfc838ab094c178f20d3657dc1c48c-1154004514,True,3435454.0,0.43565703106495585,60.163,10909.0,2025-05-26T11:23:41.769068710Z,2025-05-26T11:24:41.932833707Z,us_east
29010eff-b6a0-4de7-953e-8953601cfda2,51e5ebcf-f008-4319-ad32-ef48797f015c,worker-1e1422da7bea41d492025e996fb6521c-1154004514,True,858262.0,0.10865737532448912,60.263,11112.0,2025-05-26T11:25:02.039415899Z,2025-05-26T11:26:02.303068082Z,us_east
29010eff-b6a0-4de7-953e-8953601cfda2,51e5ebcf-f008-4319-ad32-ef48797f015c,worker-7e6e6d15a8b64727bffa78bb79c03b56-1154004514,True,623686.0,0.07917513698426243,60.099,11782.0,2025-05-26T11:25:02.709187542Z,2025-05-26T11:26:02.809168457Z,us_east
29010eff-b6a0-4de7-953e-8953601cfda2,51e5ebcf-f008-4319-ad32-ef48797f015c,worker-fe4e3bb44fd04377afcb2a47a3d1ebea-1154004514,True,762694.0,0.09683791430406875,60.089,11823.0,2025-05-26T11:25:02.750175368Z,2025-05-26T11:26:02.840170343Z,us_east
29010eff-b6a0-4de7-953e-8953601cfda2,51e5ebcf-f008-4319-ad32-ef48797f015c,worker-a06c5afc852247e2a17c2da5394eda84-1154004514,True,913286.0,0.11596989520941343,60.083,11907.0,2025-05-26T11:25:02.833829196Z,2025-05-26T11:26:02.917579504Z,us_east
29010eff-b6a0-4de7-953e-8953601cfda2,51e5ebcf-f008-4319-ad32-ef48797f015c,worker-ca82038a31cf45debdb15be4ef249d19-1154004514,True,814574.0,0.10340093540918818,60.103,12106.0,2025-05-26T11:25:03.032867700Z,2025-05-26T11:26:03.135919710Z,us_east
29010eff-b6a0-4de7-953e-8953601cfda2,51e5ebcf-f008-4319-ad32-ef48797f015c,worker-17818100cc1f4e4d94c2166cd94a1bc6-1154004514,True,840638.0,0.10647738752134904,60.234,12465.0,2025-05-26T11:25:03.392516553Z,2025-05-26T11:26:03.626596679Z,us_east
29010eff-b6a0-4de7-953e-8953601cfda2,51e5ebcf-f008-4319-ad32-ef48797f015c,worker-bddfc838ab094c178f20d3657dc1c48c-1154004514,True,730590.0,0.09279879048673832,60.065,13059.0,2025-05-26T11:25:03.987052948Z,2025-05-26T11:26:04.052154647Z,us_east
29010eff-b6a0-4de7-953e-8953601cfda2,51e5ebcf-f008-4319-ad32-ef48797f015c,worker-9824d29e10fd490baf2b63fe853a8f9b-1154004514,True,753758.0,0.09574475405966965,60.063,13354.0,2025-05-26T11:25:04.282307237Z,2025-05-26T11:26:04.345539157Z,us_east
29010eff-b6a0-4de7-953e-8953601cfda2,38d29936-d9d1-4f8a-a321-87e6026797d9,worker-fe4e3bb44fd04377afcb2a47a3d1ebea-1154004514,True,1145104.0,0.14538216090580433,60.093,10888.0,2025-05-26T11:26:21.881964716Z,2025-05-26T11:27:21.975851099Z,us_east
29010eff-b6a0-4de7-953e-8953601cfda2,38d29936-d9d1-4f8a-a321-87e6026797d9,worker-7e6e6d15a8b64727bffa78bb79c03b56-1154004514,True,830502.0,0.10559499070064474,60.005,12229.0,2025-05-26T11:26:23.224417272Z,2025-05-26T11:27:23.229837284Z,us_east
29010eff-b6a0-4de7-953e-8953601cfda2,38d29936-d9d1-4f8a-a321-87e6026797d9,worker-bddfc838ab094c178f20d3657dc1c48c-1154004514,True,897358.0,0.11399287730021208,60.059,12232.0,2025-05-26T11:26:23.226426283Z,2025-05-26T11:27:23.285472221Z,us_east
29010eff-b6a0-4de7-953e-8953601cfda2,38d29936-d9d1-4f8a-a321-87e6026797d9,worker-9824d29e10fd490baf2b63fe853a8f9b-1154004514,True,597622.0,0.07590048639224077,60.072,12472.0,2025-05-26T11:26:23.466238272Z,2025-05-26T11:27:23.538740341Z,us_east
29010eff-b6a0-4de7-953e-8953601cfda2,38d29936-d9d1-4f8a-a321-87e6026797d9,worker-1e1422da7bea41d492025e996fb6521c-1154004514,True,908694.0,0.11515489060826004,60.204,12474.0,2025-05-26T11:26:23.468940099Z,2025-05-26T11:27:23.673558891Z,us_east
29010eff-b6a0-4de7-953e-8953601cfda2,38d29936-d9d1-4f8a-a321-87e6026797d9,worker-5a5af54d31a54113a747129d7e8d60c8-1154004514,True,785862.0,0.09986760019183802,60.036,12764.0,2025-05-26T11:26:23.758030824Z,2025-05-26T11:27:23.794335467Z,us_east
29010eff-b6a0-4de7-953e-8953601cfda2,38d29936-d9d1-4f8a-a321-87e6026797d9,worker-17818100cc1f4e4d94c2166cd94a1bc6-1154004514,True,804438.0,0.10191588970324957,60.22,12651.0,2025-05-26T11:26:23.644887293Z,2025-05-26T11:27:23.865656562Z,us_east
29010eff-b6a0-4de7-953e-8953601cfda2,38d29936-d9d1-4f8a-a321-87e6026797d9,worker-ca82038a31cf45debdb15be4ef249d19-1154004514,True,774278.0,0.09784626138948184,60.373,12497.0,2025-05-26T11:26:23.490908226Z,2025-05-26T11:27:23.864111495Z,us_east
29010eff-b6a0-4de7-953e-8953601cfda2,38d29936-d9d1-4f8a-a321-87e6026797d9,worker-a06c5afc852247e2a17c2da5394eda84-1154004514,True,774030.0,0.09829685651785935,60.077,13096.0,2025-05-26T11:26:24.089895934Z,2025-05-26T11:27:24.167695831Z,us_east
29010eff-b6a0-4de7-953e-8953601cfda2,38d29936-d9d1-4f8a-a321-87e6026797d9,worker-600a5fd23da84bfc8aad1e67fd5f03e6-1154004514,True,835094.0,0.10609751039415977,60.051,13145.0,2025-05-26T11:26:24.140903350Z,2025-05-26T11:27:24.192221490Z,us_east
041b3bbb-48e7-4ee1-8254-2218698ea01e,f8f3ceb0-cbc0-4a7c-983b-8d5bb0cb7c0a,worker-bddfc838ab094c178f20d3657dc1c48c-1154004514,True,13863472.0,1.7623616612392945,60.016,10539.0,2025-05-26T11:19:36.169447660Z,2025-05-26T11:20:36.186119932Z,us_east
041b3bbb-48e7-4ee1-8254-2218698ea01e,0c83fb84-1ada-4629-a142-6e5a648e5df8,worker-bddfc838ab094c178f20d3657dc1c48c-1154004514,True,11229632.0,1.4278977511833135,60.001,10531.0,2025-05-26T11:20:56.229483807Z,2025-05-26T11:21:56.230958532Z,us_east
041b3bbb-48e7-4ee1-8254-2218698ea01e,0c83fb84-1ada-4629-a142-6e5a648e5df8,worker-a06c5afc852247e2a17c2da5394eda84-1154004514,True,10839812.0,1.37761864326656,60.032,10510.0,2025-05-26T11:20:56.208469223Z,2025-05-26T11:21:56.240792569Z,us_east
041b3bbb-48e7-4ee1-8254-2218698ea01e,0c83fb84-1ada-4629-a142-6e5a648e5df8,worker-17818100cc1f4e4d94c2166cd94a1bc6-1154004514,True,8715512.0,1.107828456063506,60.022,10534.0,2025-05-26T11:20:56.232967848Z,2025-05-26T11:21:56.254970514Z,us_east
041b3bbb-48e7-4ee1-8254-2218698ea01e,0c83fb84-1ada-4629-a142-6e5a648e5df8,worker-ca82038a31cf45debdb15be4ef249d19-1154004514,True,11450092.0,1.4556876120562792,60.011,10545.0,2025-05-26T11:20:56.244115307Z,2025-05-26T11:21:56.255531474Z,us_east
041b3bbb-48e7-4ee1-8254-2218698ea01e,0c83fb84-1ada-4629-a142-6e5a648e5df8,worker-600a5fd23da84bfc8aad1e67fd5f03e6-1154004514,True,8900932.0,1.1313406401304145,60.025,10533.0,2025-05-26T11:20:56.232553313Z,2025-05-26T11:21:56.258261629Z,us_east
041b3bbb-48e7-4ee1-8254-2218698ea01e,0c83fb84-1ada-4629-a142-6e5a648e5df8,worker-1e1422da7bea41d492025e996fb6521c-1154004514,True,9905412.0,1.2581961931036585,60.064,10506.0,2025-05-26T11:20:56.205162298Z,2025-05-26T11:21:56.269369516Z,us_east
041b3bbb-48e7-4ee1-8254-2218698ea01e,0c83fb84-1ada-4629-a142-6e5a648e5df8,worker-5a5af54d31a54113a747129d7e8d60c8-1154004514,True,9616332.0,1.2210093825866557,60.087,10519.0,2025-05-26T11:20:56.218100538Z,2025-05-26T11:21:56.305658440Z,us_east
041b3bbb-48e7-4ee1-8254-2218698ea01e,0c83fb84-1ada-4629-a142-6e5a648e5df8,worker-9824d29e10fd490baf2b63fe853a8f9b-1154004514,True,11588792.0,1.4691103186712815,60.183,10495.0,2025-05-26T11:20:56.193548693Z,2025-05-26T11:21:56.377412713Z,us_east
041b3bbb-48e7-4ee1-8254-2218698ea01e,1a50dc56-eb14-4af2-a734-92eacf473633,worker-5a5af54d31a54113a747129d7e8d60c8-1154004514,True,11936272.0,1.5173202759224316,60.018,10527.0,2025-05-26T11:22:16.300400496Z,2025-05-26T11:23:16.319325325Z,us_east
041b3bbb-48e7-4ee1-8254-2218698ea01e,1a50dc56-eb14-4af2-a734-92eacf473633,worker-bddfc838ab094c178f20d3657dc1c48c-1154004514,True,9477632.0,1.204440638794037,60.035,10527.0,2025-05-26T11:22:16.301347536Z,2025-05-26T11:23:16.336748997Z,us_east
041b3bbb-48e7-4ee1-8254-2218698ea01e,1a50dc56-eb14-4af2-a734-92eacf473633,worker-17818100cc1f4e4d94c2166cd94a1bc6-1154004514,True,10755132.0,1.3665608337692043,60.045,10541.0,2025-05-26T11:22:16.315715740Z,2025-05-26T11:23:16.361415766Z,us_east
041b3bbb-48e7-4ee1-8254-2218698ea01e,1a50dc56-eb14-4af2-a734-92eacf473633,worker-7e6e6d15a8b64727bffa78bb79c03b56-1154004514,True,11156632.0,1.418402719012977,60.01,10580.0,2025-05-26T11:22:16.354039070Z,2025-05-26T11:23:16.364566583Z,us_east
041b3bbb-48e7-4ee1-8254-2218698ea01e,1a50dc56-eb14-4af2-a734-92eacf473633,worker-1e1422da7bea41d492025e996fb6521c-1154004514,True,10918652.0,1.38551499995712,60.124,10494.0,2025-05-26T11:22:16.268349977Z,2025-05-26T11:23:16.392800451Z,us_east
041b3bbb-48e7-4ee1-8254-2218698ea01e,1a50dc56-eb14-4af2-a734-92eacf473633,worker-a06c5afc852247e2a17c2da5394eda84-1154004514,True,7054032.0,0.8941054154050787,60.192,10533.0,2025-05-26T11:22:16.308428100Z,2025-05-26T11:23:16.501048710Z,us_east
041b3bbb-48e7-4ee1-8254-2218698ea01e,1a50dc56-eb14-4af2-a734-92eacf473633,worker-9824d29e10fd490baf2b63fe853a8f9b-1154004514,True,8775372.0,1.1112346287321675,60.249,10529.0,2025-05-26T11:22:16.304531625Z,2025-05-26T11:23:16.553888685Z,us_east
041b3bbb-48e7-4ee1-8254-2218698ea01e,1a50dc56-eb14-4af2-a734-92eacf473633,worker-ca82038a31cf45debdb15be4ef249d19-1154004514,True,7814692.0,0.988991762597713,60.285,10555.0,2025-05-26T11:22:16.329073900Z,2025-05-26T11:23:16.614941669Z,us_east
041b3bbb-48e7-4ee1-8254-2218698ea01e,1a50dc56-eb14-4af2-a734-92eacf473633,worker-600a5fd23da84bfc8aad1e67fd5f03e6-1154004514,True,7805932.0,0.9924101801717944,60.01,11269.0,2025-05-26T11:22:17.043682194Z,2025-05-26T11:23:17.054376003Z,us_east
041b3bbb-48e7-4ee1-8254-2218698ea01e,1a50dc56-eb14-4af2-a734-92eacf473633,worker-fe4e3bb44fd04377afcb2a47a3d1ebea-1154004514,True,8521332.0,1.0807694211484793,60.154,11507.0,2025-05-26T11:22:17.281163212Z,2025-05-26T11:23:17.435914563Z,us_east
4e39288f-028a-4649-8ddc-2846acceb89e,83fad3b0-81b4-4548-80f1-cde88ce8c944,worker-bddfc838ab094c178f20d3657dc1c48c-1154004514,True,104857601.0,101.13780121736971,7.91,10446.0,2025-05-26T11:18:05.982088319Z,2025-05-26T11:18:13.892747110Z,us_east
4e39288f-028a-4649-8ddc-2846acceb89e,ac5da2a6-ac1b-4f45-bd82-00bfb001d84a,worker-600a5fd23da84bfc8aad1e67fd5f03e6-1154004514,True,104857601.0,97.04027263820896,8.244,10416.0,2025-05-26T11:18:30.983972188Z,2025-05-26T11:18:39.228527856Z,us_east
4e39288f-028a-4649-8ddc-2846acceb89e,ac5da2a6-ac1b-4f45-bd82-00bfb001d84a,worker-9824d29e10fd490baf2b63fe853a8f9b-1154004514,True,104857601.0,96.09609701253989,8.325,10415.0,2025-05-26T11:18:30.980514143Z,2025-05-26T11:18:39.306274753Z,us_east
4e39288f-028a-4649-8ddc-2846acceb89e,ac5da2a6-ac1b-4f45-bd82-00bfb001d84a,worker-ca82038a31cf45debdb15be4ef249d19-1154004514,True,104857601.0,95.35160996774664,8.39,10426.0,2025-05-26T11:18:30.990981899Z,2025-05-26T11:18:39.381883595Z,us_east
4e39288f-028a-4649-8ddc-2846acceb89e,ac5da2a6-ac1b-4f45-bd82-00bfb001d84a,worker-17818100cc1f4e4d94c2166cd94a1bc6-1154004514,True,104857601.0,95.02316280192356,8.419,10425.0,2025-05-26T11:18:30.994689573Z,2025-05-26T11:18:39.414657265Z,us_east
4e39288f-028a-4649-8ddc-2846acceb89e,ac5da2a6-ac1b-4f45-bd82-00bfb001d84a,worker-fe4e3bb44fd04377afcb2a47a3d1ebea-1154004514,True,104857601.0,94.8654106046952,8.433,10432.0,2025-05-26T11:18:30.994037190Z,2025-05-26T11:18:39.427532953Z,us_east
4e39288f-028a-4649-8ddc-2846acceb89e,ac5da2a6-ac1b-4f45-bd82-00bfb001d84a,worker-bddfc838ab094c178f20d3657dc1c48c-1154004514,True,104857601.0,92.95840200202122,8.606,10445.0,2025-05-26T11:18:31.004637903Z,2025-05-26T11:18:39.610699010Z,us_east
4e39288f-028a-4649-8ddc-2846acceb89e,ac5da2a6-ac1b-4f45-bd82-00bfb001d84a,worker-a06c5afc852247e2a17c2da5394eda84-1154004514,True,104857601.0,92.56045442894764,8.643,10436.0,2025-05-26T11:18:31.007019984Z,2025-05-26T11:18:39.650464450Z,us_east
4e39288f-028a-4649-8ddc-2846acceb89e,ac5da2a6-ac1b-4f45-bd82-00bfb001d84a,worker-5a5af54d31a54113a747129d7e8d60c8-1154004514,True,104857601.0,90.87811060199869,8.803,10443.0,2025-05-26T11:18:31.009942523Z,2025-05-26T11:18:39.813215503Z,us_east
4e39288f-028a-4649-8ddc-2846acceb89e,0d7afd25-323b-4832-8626-df72dc3f9b3f,worker-7e6e6d15a8b64727bffa78bb79c03b56-1154004514,True,104857601.0,96.42039383263764,8.297,10425.0,2025-05-26T11:19:01.024652937Z,2025-05-26T11:19:09.321924118Z,us_east
4e39288f-028a-4649-8ddc-2846acceb89e,0d7afd25-323b-4832-8626-df72dc3f9b3f,worker-600a5fd23da84bfc8aad1e67fd5f03e6-1154004514,True,104857601.0,96.2000971175318,8.316,10427.0,2025-05-26T11:19:01.018320727Z,2025-05-26T11:19:09.334981271Z,us_east
4e39288f-028a-4649-8ddc-2846acceb89e,0d7afd25-323b-4832-8626-df72dc3f9b3f,worker-17818100cc1f4e4d94c2166cd94a1bc6-1154004514,True,104857601.0,94.67455711590468,8.45,10436.0,2025-05-26T11:19:01.027188515Z,2025-05-26T11:19:09.477301117Z,us_east
4e39288f-028a-4649-8ddc-2846acceb89e,0d7afd25-323b-4832-8626-df72dc3f9b3f,worker-fe4e3bb44fd04377afcb2a47a3d1ebea-1154004514,True,104857601.0,94.09550783690833,8.502,10431.0,2025-05-26T11:19:01.021553577Z,2025-05-26T11:19:09.523796063Z,us_east
4e39288f-028a-4649-8ddc-2846acceb89e,0d7afd25-323b-4832-8626-df72dc3f9b3f,worker-ca82038a31cf45debdb15be4ef249d19-1154004514,True,104857601.0,91.98574308720188,8.697,10454.0,2025-05-26T11:19:01.044344558Z,2025-05-26T11:19:09.742070908Z,us_east
4e39288f-028a-4649-8ddc-2846acceb89e,0d7afd25-323b-4832-8626-df72dc3f9b3f,worker-1e1422da7bea41d492025e996fb6521c-1154004514,True,104857601.0,91.05395033341618,8.786,10446.0,2025-05-26T11:19:01.041494248Z,2025-05-26T11:19:09.828037433Z,us_east
4e39288f-028a-4649-8ddc-2846acceb89e,0d7afd25-323b-4832-8626-df72dc3f9b3f,worker-9824d29e10fd490baf2b63fe853a8f9b-1154004514,True,104857601.0,90.23234915738716,8.866,10461.0,2025-05-26T11:19:01.051709825Z,2025-05-26T11:19:09.918168660Z,us_east
4e39288f-028a-4649-8ddc-2846acceb89e,0d7afd25-323b-4832-8626-df72dc3f9b3f,worker-bddfc838ab094c178f20d3657dc1c48c-1154004514,True,104857601.0,88.6623082821007,9.023,10460.0,2025-05-26T11:19:01.050295718Z,2025-05-26T11:19:10.074228800Z,us_east
4e39288f-028a-4649-8ddc-2846acceb89e,0d7afd25-323b-4832-8626-df72dc3f9b3f,worker-a06c5afc852247e2a17c2da5394eda84-1154004514,True,104857601.0,87.13647833889496,9.181,10473.0,2025-05-26T11:19:01.063610147Z,2025-05-26T11:19:10.244856436Z,us_east
4e39288f-028a-4649-8ddc-2846acceb89e,0d7afd25-323b-4832-8626-df72dc3f9b3f,worker-5a5af54d31a54113a747129d7e8d60c8-1154004514,True,104857601.0,67.71053809812904,11.815,10461.0,2025-05-26T11:19:01.051489992Z,2025-05-26T11:19:12.867156580Z,us_east
b1ea0b1e-9395-4a5f-b309-a82bb841d6e6,eff5aae3-76e5-422a-810b-7c31da5fd7ce,worker-f2afb35fe98b4e109e6fd7572a1c9da9-1154004514,True,104857601.0,537.9959701609915,1.487,10141.0,2025-05-26T10:16:25.682041294Z,2025-05-26T10:16:27.169978140Z,us_east
b1ea0b1e-9395-4a5f-b309-a82bb841d6e6,33799a78-2fee-41dd-9f31-9f93bf6f4f2a,worker-cb1a24619246441bacad96e6eb5c40e1-1154004514,True,104857601.0,786.6273428017646,1.017,10031.0,2025-05-26T10:16:45.594670115Z,2025-05-26T10:16:46.611862584Z,us_east
b1ea0b1e-9395-4a5f-b309-a82bb841d6e6,33799a78-2fee-41dd-9f31-9f93bf6f4f2a,worker-025d00e10d1944d4880163fcb6856d8f-1154004514,True,104857601.0,782.0136926973554,1.023,10025.0,2025-05-26T10:16:45.589284248Z,2025-05-26T10:16:46.612626414Z,us_east
b1ea0b1e-9395-4a5f-b309-a82bb841d6e6,33799a78-2fee-41dd-9f31-9f93bf6f4f2a,worker-46b2ad1b9ce84aa38858e12103083c9b-1154004514,True,104857601.0,782.7788724358068,1.022,10027.0,2025-05-26T10:16:45.592245515Z,2025-05-26T10:16:46.614369155Z,us_east
b1ea0b1e-9395-4a5f-b309-a82bb841d6e6,33799a78-2fee-41dd-9f31-9f93bf6f4f2a,worker-c54e6b2b9c7949cf9e5240208832d001-1154004514,True,104857601.0,782.0136926973554,1.023,10026.0,2025-05-26T10:16:45.590259329Z,2025-05-26T10:16:46.613911445Z,us_east
b1ea0b1e-9395-4a5f-b309-a82bb841d6e6,33799a78-2fee-41dd-9f31-9f93bf6f4f2a,worker-f2afb35fe98b4e109e6fd7572a1c9da9-1154004514,True,104857601.0,782.7788724358068,1.022,10027.0,2025-05-26T10:16:45.591946572Z,2025-05-26T10:16:46.614219770Z,us_east
b1ea0b1e-9395-4a5f-b309-a82bb841d6e6,33799a78-2fee-41dd-9f31-9f93bf6f4f2a,worker-bc71cc90523c47e4a0484ed2a805b64c-1154004514,True,104857601.0,780.4878123213606,1.025,10024.0,2025-05-26T10:16:45.588763456Z,2025-05-26T10:16:46.613943402Z,us_east
b1ea0b1e-9395-4a5f-b309-a82bb841d6e6,33799a78-2fee-41dd-9f31-9f93bf6f4f2a,worker-8efa1414e2984d849bcd62047bda0c63-1154004514,True,104857601.0,781.2500074505806,1.024,10025.0,2025-05-26T10:16:45.590052409Z,2025-05-26T10:16:46.615034967Z,us_east
b1ea0b1e-9395-4a5f-b309-a82bb841d6e6,33799a78-2fee-41dd-9f31-9f93bf6f4f2a,worker-887f7e69d7034557b99ea865d43aa797-1154004514,True,104857601.0,784.3137329699946,1.02,10029.0,2025-05-26T10:16:45.593835429Z,2025-05-26T10:16:46.614028453Z,us_east
b1ea0b1e-9395-4a5f-b309-a82bb841d6e6,33799a78-2fee-41dd-9f31-9f93bf6f4f2a,worker-d8c31edc8b5d454f9e4d9438a4954d21-1154004514,True,104857601.0,782.7788724358068,1.022,10026.0,2025-05-26T10:16:45.589579520Z,2025-05-26T10:16:46.612495685Z,us_east
b1ea0b1e-9395-4a5f-b309-a82bb841d6e6,33799a78-2fee-41dd-9f31-9f93bf6f4f2a,worker-0e18ee41f184438c9cfd7f4190d44f62-1154004514,True,104857601.0,782.0136926973554,1.023,10026.0,2025-05-26T10:16:45.591655894Z,2025-05-26T10:16:46.615368143Z,us_east
b1ea0b1e-9395-4a5f-b309-a82bb841d6e6,33799a78-2fee-41dd-9f31-9f93bf6f4f2a,worker-c30d5d9c520042b69e3f8c4832ec570c-1154004514,True,104857601.0,781.2500074505806,1.024,10025.0,2025-05-26T10:16:45.589986539Z,2025-05-26T10:16:46.614947612Z,us_east
b1ea0b1e-9395-4a5f-b309-a82bb841d6e6,33799a78-2fee-41dd-9f31-9f93bf6f4f2a,worker-4257ae0e42e443b4a8f616102413bd4c-1154004514,True,104857601.0,785.0834225999947,1.019,10034.0,2025-05-26T10:16:45.597560635Z,2025-05-26T10:16:46.616676795Z,us_east
b1ea0b1e-9395-4a5f-b309-a82bb841d6e6,33799a78-2fee-41dd-9f31-9f93bf6f4f2a,worker-3a7bee9b35b74bcdbffff45d140278a1-1154004514,True,104857601.0,778.2101241531075,1.028,10022.0,2025-05-26T10:16:45.588644077Z,2025-05-26T10:16:46.617270182Z,us_east
b1ea0b1e-9395-4a5f-b309-a82bb841d6e6,33799a78-2fee-41dd-9f31-9f93bf6f4f2a,worker-7494fbcc0dcf444a86ceaa78b76a684e-1154004514,True,104857601.0,778.9678750042791,1.027,10022.0,2025-05-26T10:16:45.587784477Z,2025-05-26T10:16:46.615754326Z,us_east
b1ea0b1e-9395-4a5f-b309-a82bb841d6e6,33799a78-2fee-41dd-9f31-9f93bf6f4f2a,worker-4e3878770d954a17bb610e385dfc6cf8-1154004514,True,104857601.0,782.7788724358068,1.022,10030.0,2025-05-26T10:16:45.595764191Z,2025-05-26T10:16:46.618187413Z,us_east
b1ea0b1e-9395-4a5f-b309-a82bb841d6e6,33799a78-2fee-41dd-9f31-9f93bf6f4f2a,worker-00698941b4f8425689e6986d5fd5a1ad-1154004514,True,104857601.0,778.2101241531075,1.028,10026.0,2025-05-26T10:16:45.590283566Z,2025-05-26T10:16:46.618723688Z,us_east
b1ea0b1e-9395-4a5f-b309-a82bb841d6e6,33799a78-2fee-41dd-9f31-9f93bf6f4f2a,worker-d1c45bdb895e4142a40e066b07f5921e-1154004514,True,104857601.0,778.9678750042791,1.027,10027.0,2025-05-26T10:16:45.590634716Z,2025-05-26T10:16:46.618118741Z,us_east
b1ea0b1e-9395-4a5f-b309-a82bb841d6e6,33799a78-2fee-41dd-9f31-9f93bf6f4f2a,worker-c049264520d24a158cbbfd704df43e64-1154004514,True,104857601.0,782.0136926973554,1.023,10031.0,2025-05-26T10:16:45.595766124Z,2025-05-26T10:16:46.619015434Z,us_east
b1ea0b1e-9395-4a5f-b309-a82bb841d6e6,33799a78-2fee-41dd-9f31-9f93bf6f4f2a,worker-ffe4eab2553a42eabdcab86375bc1066-1154004514,True,104857601.0,790.5138415310223,1.012,10044.0,2025-05-26T10:16:45.608386554Z,2025-05-26T10:16:46.621272291Z,us_east
b1ea0b1e-9395-4a5f-b309-a82bb841d6e6,33799a78-2fee-41dd-9f31-9f93bf6f4f2a,worker-eb5dd4a2874a4c86bb87a7eabd67805b-1154004514,True,104857601.0,775.1938058424365,1.032,10026.0,2025-05-26T10:16:45.590175841Z,2025-05-26T10:16:46.622577225Z,us_east
b1ea0b1e-9395-4a5f-b309-a82bb841d6e6,33799a78-2fee-41dd-9f31-9f93bf6f4f2a,worker-58b51cefaa114099bf42afc5beb164e9-1154004514,True,104857601.0,835.0730768574056,0.958,10100.0,2025-05-26T10:16:45.665750305Z,2025-05-26T10:16:46.624035885Z,us_east
b1ea0b1e-9395-4a5f-b309-a82bb841d6e6,33799a78-2fee-41dd-9f31-9f93bf6f4f2a,worker-0fd6c62f78f14da9bdc9f320395427c6-1154004514,True,104857601.0,772.2007795650526,1.036,10024.0,2025-05-26T10:16:45.588319530Z,2025-05-26T10:16:46.624706309Z,us_east
b1ea0b1e-9395-4a5f-b309-a82bb841d6e6,33799a78-2fee-41dd-9f31-9f93bf6f4f2a,worker-634ad529cd434387b857843bf4181160-1154004514,True,104857601.0,772.2007795650526,1.036,10024.0,2025-05-26T10:16:45.588604193Z,2025-05-26T10:16:46.624776435Z,us_east
b1ea0b1e-9395-4a5f-b309-a82bb841d6e6,33799a78-2fee-41dd-9f31-9f93bf6f4f2a,worker-4250e2f1a09a46e4b9c76b1ada235635-1154004514,True,104857601.0,770.7129167913242,1.038,10025.0,2025-05-26T10:16:45.589636939Z,2025-05-26T10:16:46.628257221Z,us_east
b1ea0b1e-9395-4a5f-b309-a82bb841d6e6,33799a78-2fee-41dd-9f31-9f93bf6f4f2a,worker-464bd0f4fe714242bc7e41a6cb532a49-1154004514,True,104857601.0,769.2307765667255,1.04,10024.0,2025-05-26T10:16:45.589188457Z,2025-05-26T10:16:46.629841313Z,us_east
b1ea0b1e-9395-4a5f-b309-a82bb841d6e6,33799a78-2fee-41dd-9f31-9f93bf6f4f2a,worker-d888db5ab4064725bcbe0a51e47a421d-1154004514,True,104857601.0,772.2007795650526,1.036,10028.0,2025-05-26T10:16:45.593347545Z,2025-05-26T10:16:46.629961940Z,us_east
b1ea0b1e-9395-4a5f-b309-a82bb841d6e6,33799a78-2fee-41dd-9f31-9f93bf6f4f2a,worker-89b6a7a97cc4496582ffe8ef591b29d7-1154004514,True,104857601.0,766.2835322120637,1.044,10026.0,2025-05-26T10:16:45.589899003Z,2025-05-26T10:16:46.634780240Z,us_east
b1ea0b1e-9395-4a5f-b309-a82bb841d6e6,33799a78-2fee-41dd-9f31-9f93bf6f4f2a,worker-a810aefb94de4d6ca95083bf3d6f7734-1154004514,True,104857601.0,768.4918421031648,1.041,10002.0,2025-05-26T10:16:45.593555009Z,2025-05-26T10:16:46.634664854Z,us_east
b1ea0b1e-9395-4a5f-b309-a82bb841d6e6,33799a78-2fee-41dd-9f31-9f93bf6f4f2a,worker-a46c9241001c4b6bada1590d2b9ac9f5-1154004514,True,104857601.0,763.3587859059107,1.048,10024.0,2025-05-26T10:16:45.588273277Z,2025-05-26T10:16:46.636723980Z,us_east
b1ea0b1e-9395-4a5f-b309-a82bb841d6e6,33799a78-2fee-41dd-9f31-9f93bf6f4f2a,worker-3ee5870977d847ea91906544eed43f40-1154004514,True,104857601.0,763.3587859059107,1.048,10024.0,2025-05-26T10:16:45.589634576Z,2025-05-26T10:16:46.638529174Z,us_east
b1ea0b1e-9395-4a5f-b309-a82bb841d6e6,33799a78-2fee-41dd-9f31-9f93bf6f4f2a,worker-df38a3827d7d492d8559210da0f83d1a-1154004514,True,104857601.0,764.8183629344115,1.046,10026.0,2025-05-26T10:16:45.592577711Z,2025-05-26T10:16:46.639306704Z,us_east
b1ea0b1e-9395-4a5f-b309-a82bb841d6e6,33799a78-2fee-41dd-9f31-9f93bf6f4f2a,worker-978a20d3766148eda37abcb20d7e8732-1154004514,True,104857601.0,763.3587859059107,1.048,10030.0,2025-05-26T10:16:45.594669089Z,2025-05-26T10:16:46.642946134Z,us_east
b1ea0b1e-9395-4a5f-b309-a82bb841d6e6,33799a78-2fee-41dd-9f31-9f93bf6f4f2a,worker-6adf6367d59f4df18c0e9d0b6c9b7842-1154004514,True,104857601.0,759.7341003128154,1.053,10028.0,2025-05-26T10:16:45.592168214Z,2025-05-26T10:16:46.645313342Z,us_east
b1ea0b1e-9395-4a5f-b309-a82bb841d6e6,33799a78-2fee-41dd-9f31-9f93bf6f4f2a,worker-cd34a5cc04504cbab8b71059f305695a-1154004514,True,104857601.0,756.1436745079343,1.058,10028.0,2025-05-26T10:16:45.594086283Z,2025-05-26T10:16:46.652121337Z,us_east
b1ea0b1e-9395-4a5f-b309-a82bb841d6e6,33799a78-2fee-41dd-9f31-9f93bf6f4f2a,worker-5af024b37bfd494598cdda03f2dd96ee-1154004514,True,104857601.0,753.2956757338931,1.062,10034.0,2025-05-26T10:16:45.598287296Z,2025-05-26T10:16:46.660386118Z,us_east
b1ea0b1e-9395-4a5f-b309-a82bb841d6e6,33799a78-2fee-41dd-9f31-9f93bf6f4f2a,worker-698aeec9d8b64f229fb4dce53a5519e9-1154004514,True,104857601.0,749.0636775556128,1.068,10030.0,2025-05-26T10:16:45.594980302Z,2025-05-26T10:16:46.663113772Z,us_east
b1ea0b1e-9395-4a5f-b309-a82bb841d6e6,33799a78-2fee-41dd-9f31-9f93bf6f4f2a,worker-c4266aab77e9482191683988dcc6fee0-1154004514,True,104857601.0,739.3715412471298,1.082,10029.0,2025-05-26T10:16:45.592870342Z,2025-05-26T10:16:46.675529643Z,us_east
b1ea0b1e-9395-4a5f-b309-a82bb841d6e6,33799a78-2fee-41dd-9f31-9f93bf6f4f2a,worker-b4ea4470091241ca8103a5e68d81149f-1154004514,True,104857601.0,725.9528199903762,1.102,10026.0,2025-05-26T10:16:45.590538405Z,2025-05-26T10:16:46.693438258Z,us_east
b1ea0b1e-9395-4a5f-b309-a82bb841d6e6,33799a78-2fee-41dd-9f31-9f93bf6f4f2a,worker-32232f298f5e4acd8244150c548d9f56-1154004514,True,104857601.0,717.4887960801744,1.115,10035.0,2025-05-26T10:16:45.599144576Z,2025-05-26T10:16:46.715106267Z,us_east
b1ea0b1e-9395-4a5f-b309-a82bb841d6e6,33799a78-2fee-41dd-9f31-9f93bf6f4f2a,worker-1e13013265ec45009d4390bf17024f62-1154004514,True,104857601.0,622.0839872701357,1.286,10028.0,2025-05-26T10:16:45.592206832Z,2025-05-26T10:16:46.878433077Z,us_east
b1ea0b1e-9395-4a5f-b309-a82bb841d6e6,ca211a76-9a8a-437d-9045-15c26eca0543,worker-464bd0f4fe714242bc7e41a6cb532a49-1154004514,True,104857601.0,782.7788724358068,1.022,10026.0,2025-05-26T10:17:05.616510281Z,2025-05-26T10:17:06.638557917Z,us_east
b1ea0b1e-9395-4a5f-b309-a82bb841d6e6,ca211a76-9a8a-437d-9045-15c26eca0543,worker-ffe4eab2553a42eabdcab86375bc1066-1154004514,True,104857601.0,782.7788724358068,1.022,10026.0,2025-05-26T10:17:05.616527342Z,2025-05-26T10:17:06.639014775Z,us_east
b1ea0b1e-9395-4a5f-b309-a82bb841d6e6,ca211a76-9a8a-437d-9045-15c26eca0543,worker-e8650c6f96f645378dc03711d08fc800-1154004514,True,104857601.0,783.5455510571935,1.021,10026.0,2025-05-26T10:17:05.616739990Z,2025-05-26T10:17:06.638738923Z,us_east
b1ea0b1e-9395-4a5f-b309-a82bb841d6e6,ca211a76-9a8a-437d-9045-15c26eca0543,worker-d888db5ab4064725bcbe0a51e47a421d-1154004514,True,104857601.0,780.4878123213606,1.025,10024.0,2025-05-26T10:17:05.613942915Z,2025-05-26T10:17:06.638993065Z,us_east
b1ea0b1e-9395-4a5f-b309-a82bb841d6e6,ca211a76-9a8a-437d-9045-15c26eca0543,worker-89b6a7a97cc4496582ffe8ef591b29d7-1154004514,True,104857601.0,782.7788724358068,1.022,10026.0,2025-05-26T10:17:05.617136530Z,2025-05-26T10:17:06.639840640Z,us_east
b1ea0b1e-9395-4a5f-b309-a82bb841d6e6,ca211a76-9a8a-437d-9045-15c26eca0543,worker-58b51cefaa114099bf42afc5beb164e9-1154004514,True,104857601.0,784.3137329699946,1.02,10025.0,2025-05-26T10:17:05.618797645Z,2025-05-26T10:17:06.638962489Z,us_east
b1ea0b1e-9395-4a5f-b309-a82bb841d6e6,ca211a76-9a8a-437d-9045-15c26eca0543,worker-eb5dd4a2874a4c86bb87a7eabd67805b-1154004514,True,104857601.0,779.7271029526262,1.026,10021.0,2025-05-26T10:17:05.612488106Z,2025-05-26T10:17:06.639353304Z,us_east
b1ea0b1e-9395-4a5f-b309-a82bb841d6e6,ca211a76-9a8a-437d-9045-15c26eca0543,worker-cce921d2b3474e229597926a2bcf299a-1154004514,True,104857601.0,781.2500074505806,1.024,10024.0,2025-05-26T10:17:05.614373217Z,2025-05-26T10:17:06.638995031Z,us_east
b1ea0b1e-9395-4a5f-b309-a82bb841d6e6,ca211a76-9a8a-437d-9045-15c26eca0543,worker-4250e2f1a09a46e4b9c76b1ada235635-1154004514,True,104857601.0,782.7788724358068,1.022,10027.0,2025-05-26T10:17:05.616962930Z,2025-05-26T10:17:06.639863903Z,us_east
b1ea0b1e-9395-4a5f-b309-a82bb841d6e6,ca211a76-9a8a-437d-9045-15c26eca0543,worker-a810aefb94de4d6ca95083bf3d6f7734-1154004514,True,104857601.0,783.5455510571935,1.021,10027.0,2025-05-26T10:17:05.617675656Z,2025-05-26T10:17:06.638934498Z,us_east
b1ea0b1e-9395-4a5f-b309-a82bb841d6e6,ca211a76-9a8a-437d-9045-15c26eca0543,worker-bbb3856e3cee42f3be21ae32c7ccd5a1-1154004514,True,104857601.0,784.3137329699946,1.02,10029.0,2025-05-26T10:17:05.618906966Z,2025-05-26T10:17:06.639720576Z,us_east
b1ea0b1e-9395-4a5f-b309-a82bb841d6e6,ca211a76-9a8a-437d-9045-15c26eca0543,worker-d76fecfc8a24412a87497bc0092c98b9-1154004514,True,104857601.0,782.7788724358068,1.022,10025.0,2025-05-26T10:17:05.616224530Z,2025-05-26T10:17:06.638930024Z,us_east
b1ea0b1e-9395-4a5f-b309-a82bb841d6e6,ca211a76-9a8a-437d-9045-15c26eca0543,worker-8efa1414e2984d849bcd62047bda0c63-1154004514,True,104857601.0,782.7788724358068,1.022,10026.0,2025-05-26T10:17:05.617055995Z,2025-05-26T10:17:06.639150186Z,us_east
b1ea0b1e-9395-4a5f-b309-a82bb841d6e6,ca211a76-9a8a-437d-9045-15c26eca0543,worker-77e2bfa215ef499aab1dbeb1ff89e91d-1154004514,True,104857601.0,781.2500074505806,1.024,10024.0,2025-05-26T10:17:05.615106609Z,2025-05-26T10:17:06.639799652Z,us_east
b1ea0b1e-9395-4a5f-b309-a82bb841d6e6,ca211a76-9a8a-437d-9045-15c26eca0543,worker-00698941b4f8425689e6986d5fd5a1ad-1154004514,True,104857601.0,782.0136926973554,1.023,10026.0,2025-05-26T10:17:05.617976863Z,2025-05-26T10:17:06.641292515Z,us_east
b1ea0b1e-9395-4a5f-b309-a82bb841d6e6,ca211a76-9a8a-437d-9045-15c26eca0543,worker-c54e6b2b9c7949cf9e5240208832d001-1154004514,True,104857601.0,780.4878123213606,1.025,10024.0,2025-05-26T10:17:05.615118348Z,2025-05-26T10:17:06.640577640Z,us_east
b1ea0b1e-9395-4a5f-b309-a82bb841d6e6,ca211a76-9a8a-437d-9045-15c26eca0543,worker-6adf6367d59f4df18c0e9d0b6c9b7842-1154004514,True,104857601.0,783.5455510571935,1.021,10029.0,2025-05-26T10:17:05.619649603Z,2025-05-26T10:17:06.641413915Z,us_east
b1ea0b1e-9395-4a5f-b309-a82bb841d6e6,ca211a76-9a8a-437d-9045-15c26eca0543,worker-d8c31edc8b5d454f9e4d9438a4954d21-1154004514,True,104857601.0,782.7788724358068,1.022,10028.0,2025-05-26T10:17:05.618675674Z,2025-05-26T10:17:06.641577481Z,us_east
b1ea0b1e-9395-4a5f-b309-a82bb841d6e6,ca211a76-9a8a-437d-9045-15c26eca0543,worker-3ee5870977d847ea91906544eed43f40-1154004514,True,104857601.0,781.2500074505806,1.024,10027.0,2025-05-26T10:17:05.617906664Z,2025-05-26T10:17:06.642104441Z,us_east
b1ea0b1e-9395-4a5f-b309-a82bb841d6e6,ca211a76-9a8a-437d-9045-15c26eca0543,worker-978a20d3766148eda37abcb20d7e8732-1154004514,True,104857601.0,779.7271029526262,1.026,10025.0,2025-05-26T10:17:05.615463511Z,2025-05-26T10:17:06.642295120Z,us_east
b1ea0b1e-9395-4a5f-b309-a82bb841d6e6,ca211a76-9a8a-437d-9045-15c26eca0543,worker-23185780fbb842d588e0602b9e0ba965-1154004514,True,104857601.0,804.0201081702457,0.995,10057.0,2025-05-26T10:17:05.647470558Z,2025-05-26T10:17:06.643142599Z,us_east
b1ea0b1e-9395-4a5f-b309-a82bb841d6e6,ca211a76-9a8a-437d-9045-15c26eca0543,worker-32232f298f5e4acd8244150c548d9f56-1154004514,True,104857601.0,781.2500074505806,1.024,10028.0,2025-05-26T10:17:05.618592998Z,2025-05-26T10:17:06.642632825Z,us_east
b1ea0b1e-9395-4a5f-b309-a82bb841d6e6,ca211a76-9a8a-437d-9045-15c26eca0543,worker-83e0b0f632af4f8e941ffec05928f647-1154004514,True,104857601.0,775.9456912021286,1.031,10021.0,2025-05-26T10:17:05.611647065Z,2025-05-26T10:17:06.643132934Z,us_east
b1ea0b1e-9395-4a5f-b309-a82bb841d6e6,ca211a76-9a8a-437d-9045-15c26eca0543,worker-f2afb35fe98b4e109e6fd7572a1c9da9-1154004514,True,104857601.0,779.7271029526262,1.026,10027.0,2025-05-26T10:17:05.616570922Z,2025-05-26T10:17:06.642573700Z,us_east
b1ea0b1e-9395-4a5f-b309-a82bb841d6e6,ca211a76-9a8a-437d-9045-15c26eca0543,worker-4257ae0e42e443b4a8f616102413bd4c-1154004514,True,104857601.0,781.2500074505806,1.024,10027.0,2025-05-26T10:17:05.618390218Z,2025-05-26T10:17:06.643387451Z,us_east
b1ea0b1e-9395-4a5f-b309-a82bb841d6e6,ca211a76-9a8a-437d-9045-15c26eca0543,worker-b3e0132f71904e2eb3a78895b3ebe762-1154004514,True,104857601.0,781.2500074505806,1.024,10027.0,2025-05-26T10:17:05.618867175Z,2025-05-26T10:17:06.643549275Z,us_east
b1ea0b1e-9395-4a5f-b309-a82bb841d6e6,ca211a76-9a8a-437d-9045-15c26eca0543,worker-0fd6c62f78f14da9bdc9f320395427c6-1154004514,True,104857601.0,791.2957543317455,1.011,10041.0,2025-05-26T10:17:05.631449531Z,2025-05-26T10:17:06.643265944Z,us_east
b1ea0b1e-9395-4a5f-b309-a82bb841d6e6,ca211a76-9a8a-437d-9045-15c26eca0543,worker-4e3878770d954a17bb610e385dfc6cf8-1154004514,True,104857601.0,782.7788724358068,1.022,10031.0,2025-05-26T10:17:05.621336667Z,2025-05-26T10:17:06.643633877Z,us_east
b1ea0b1e-9395-4a5f-b309-a82bb841d6e6,ca211a76-9a8a-437d-9045-15c26eca0543,worker-bc71cc90523c47e4a0484ed2a805b64c-1154004514,True,104857601.0,796.0199080889498,1.005,10048.0,2025-05-26T10:17:05.638155110Z,2025-05-26T10:17:06.643244121Z,us_east
b1ea0b1e-9395-4a5f-b309-a82bb841d6e6,ca211a76-9a8a-437d-9045-15c26eca0543,worker-a46c9241001c4b6bada1590d2b9ac9f5-1154004514,True,104857601.0,787.4015823123962,1.016,10037.0,2025-05-26T10:17:05.628657978Z,2025-05-26T10:17:06.645136555Z,us_east
b1ea0b1e-9395-4a5f-b309-a82bb841d6e6,ca211a76-9a8a-437d-9045-15c26eca0543,worker-d1c45bdb895e4142a40e066b07f5921e-1154004514,True,104857601.0,783.5455510571935,1.021,10034.0,2025-05-26T10:17:05.624729549Z,2025-05-26T10:17:06.646488173Z,us_east
b1ea0b1e-9395-4a5f-b309-a82bb841d6e6,ca211a76-9a8a-437d-9045-15c26eca0543,worker-634ad529cd434387b857843bf4181160-1154004514,True,104857601.0,779.7271029526262,1.026,10029.0,2025-05-26T10:17:05.619977909Z,2025-05-26T10:17:06.646348994Z,us_east
b1ea0b1e-9395-4a5f-b309-a82bb841d6e6,ca211a76-9a8a-437d-9045-15c26eca0543,worker-cb1a24619246441bacad96e6eb5c40e1-1154004514,True,104857601.0,797.6071860711811,1.003,10064.0,2025-05-26T10:17:05.654192330Z,2025-05-26T10:17:06.657532926Z,us_east
b1ea0b1e-9395-4a5f-b309-a82bb841d6e6,ca211a76-9a8a-437d-9045-15c26eca0543,worker-5af024b37bfd494598cdda03f2dd96ee-1154004514,True,104857601.0,768.4918421031648,1.041,10027.0,2025-05-26T10:17:05.618421412Z,2025-05-26T10:17:06.660107422Z,us_east
b1ea0b1e-9395-4a5f-b309-a82bb841d6e6,ca211a76-9a8a-437d-9045-15c26eca0543,worker-cd34a5cc04504cbab8b71059f305695a-1154004514,True,104857601.0,771.4561307901587,1.037,10032.0,2025-05-26T10:17:05.622989469Z,2025-05-26T10:17:06.660881304Z,us_east
b1ea0b1e-9395-4a5f-b309-a82bb841d6e6,ca211a76-9a8a-437d-9045-15c26eca0543,worker-598e2ee9b45a4596a1941cd59e0c260d-1154004514,True,104857601.0,758.2938460942129,1.055,10020.0,2025-05-26T10:17:05.610676741Z,2025-05-26T10:17:06.666338322Z,us_east
b1ea0b1e-9395-4a5f-b309-a82bb841d6e6,ca211a76-9a8a-437d-9045-15c26eca0543,worker-0e18ee41f184438c9cfd7f4190d44f62-1154004514,True,104857601.0,751.8797064186039,1.064,10021.0,2025-05-26T10:17:05.611157584Z,2025-05-26T10:17:06.675281110Z,us_east
b1ea0b1e-9395-4a5f-b309-a82bb841d6e6,ca211a76-9a8a-437d-9045-15c26eca0543,worker-698aeec9d8b64f229fb4dce53a5519e9-1154004514,True,104857601.0,772.2007795650526,1.036,10049.0,2025-05-26T10:17:05.639584284Z,2025-05-26T10:17:06.676148599Z,us_east
b1ea0b1e-9395-4a5f-b309-a82bb841d6e6,ca211a76-9a8a-437d-9045-15c26eca0543,worker-c4266aab77e9482191683988dcc6fee0-1154004514,True,104857601.0,756.8590422227006,1.057,10026.0,2025-05-26T10:17:05.617858158Z,2025-05-26T10:17:06.675637979Z,us_east
b1ea0b1e-9395-4a5f-b309-a82bb841d6e6,ca211a76-9a8a-437d-9045-15c26eca0543,worker-887f7e69d7034557b99ea865d43aa797-1154004514,True,104857601.0,756.1436745079343,1.058,10027.0,2025-05-26T10:17:05.618664343Z,2025-05-26T10:17:06.677287491Z,us_east
b1ea0b1e-9395-4a5f-b309-a82bb841d6e6,ca211a76-9a8a-437d-9045-15c26eca0543,worker-1e13013265ec45009d4390bf17024f62-1154004514,True,104857601.0,751.8797064186039,1.064,10024.0,2025-05-26T10:17:05.616045800Z,2025-05-26T10:17:06.680568147Z,us_east
b1ea0b1e-9395-4a5f-b309-a82bb841d6e6,ca211a76-9a8a-437d-9045-15c26eca0543,worker-3a7bee9b35b74bcdbffff45d140278a1-1154004514,True,104857601.0,746.2686638333904,1.072,10024.0,2025-05-26T10:17:05.616125135Z,2025-05-26T10:17:06.689003164Z,us_east
b1ea0b1e-9395-4a5f-b309-a82bb841d6e6,ca211a76-9a8a-437d-9045-15c26eca0543,worker-025d00e10d1944d4880163fcb6856d8f-1154004514,True,104857601.0,744.8789642731792,1.074,10026.0,2025-05-26T10:17:05.617029972Z,2025-05-26T10:17:06.691687351Z,us_east
b1ea0b1e-9395-4a5f-b309-a82bb841d6e6,ca211a76-9a8a-437d-9045-15c26eca0543,worker-7494fbcc0dcf444a86ceaa78b76a684e-1154004514,True,104857601.0,744.1860536087391,1.075,10026.0,2025-05-26T10:17:05.617019464Z,2025-05-26T10:17:06.692575976Z,us_east
b1ea0b1e-9395-4a5f-b309-a82bb841d6e6,ca211a76-9a8a-437d-9045-15c26eca0543,worker-46b2ad1b9ce84aa38858e12103083c9b-1154004514,True,104857601.0,741.4272545221451,1.079,10028.0,2025-05-26T10:17:05.619548360Z,2025-05-26T10:17:06.699312089Z,us_east
b1ea0b1e-9395-4a5f-b309-a82bb841d6e6,ca211a76-9a8a-437d-9045-15c26eca0543,worker-c30d5d9c520042b69e3f8c4832ec570c-1154004514,True,104857601.0,781.2500074505806,1.024,10026.0,2025-05-26T10:17:05.617690107Z,2025-05-26T10:17:06.642182980Z,us_east
b1ea0b1e-9395-4a5f-b309-a82bb841d6e6,ca211a76-9a8a-437d-9045-15c26eca0543,worker-ef22397877a64ed99eaf8cbb703ac21f-1154004514,True,104857601.0,735.9705681963152,1.087,10027.0,2025-05-26T10:17:05.618128237Z,2025-05-26T10:17:06.705699467Z,us_east
b1ea0b1e-9395-4a5f-b309-a82bb841d6e6,ca211a76-9a8a-437d-9045-15c26eca0543,worker-c049264520d24a158cbbfd704df43e64-1154004514,True,104857601.0,735.2941246593699,1.088,10028.0,2025-05-26T10:17:05.619228584Z,2025-05-26T10:17:06.707359101Z,us_east
b1ea0b1e-9395-4a5f-b309-a82bb841d6e6,ca211a76-9a8a-437d-9045-15c26eca0543,worker-df38a3827d7d492d8559210da0f83d1a-1154004514,True,104857601.0,714.2857210976737,1.12,10021.0,2025-05-26T10:17:05.611665734Z,2025-05-26T10:17:06.731794381Z,us_east
b1ea0b1e-9395-4a5f-b309-a82bb841d6e6,ca211a76-9a8a-437d-9045-15c26eca0543,worker-b4ea4470091241ca8103a5e68d81149f-1154004514,True,104857601.0,540.5405456955368,1.48,10045.0,2025-05-26T10:17:05.636199371Z,2025-05-26T10:17:07.116572115Z,us_east
bc57e6d1-9c8c-4893-944c-6d99c26b4e83,284b9774-a23b-4510-be2f-b392ccdd8818,worker-f2afb35fe98b4e109e6fd7572a1c9da9-1154004514,True,104857601.0,572.6556962271973,1.397,10147.0,2025-05-26T10:09:40.455831555Z,2025-05-26T10:09:41.853764968Z,us_east
bc57e6d1-9c8c-4893-944c-6d99c26b4e83,4e460163-81d4-412f-9c8d-928cfb6b35e9,worker-5af024b37bfd494598cdda03f2dd96ee-1154004514,True,104857601.0,797.6071860711811,1.003,10043.0,2025-05-26T10:10:00.370506416Z,2025-05-26T10:10:01.374386934Z,us_east
bc57e6d1-9c8c-4893-944c-6d99c26b4e83,4e460163-81d4-412f-9c8d-928cfb6b35e9,worker-d1c45bdb895e4142a40e066b07f5921e-1154004514,True,104857601.0,794.4389350838079,1.007,10044.0,2025-05-26T10:10:00.370576787Z,2025-05-26T10:10:01.378189708Z,us_east
bc57e6d1-9c8c-4893-944c-6d99c26b4e83,4e460163-81d4-412f-9c8d-928cfb6b35e9,worker-4257ae0e42e443b4a8f616102413bd4c-1154004514,True,104857601.0,785.8546243903679,1.018,10032.0,2025-05-26T10:10:00.359870492Z,2025-05-26T10:10:01.377963466Z,us_east
bc57e6d1-9c8c-4893-944c-6d99c26b4e83,4e460163-81d4-412f-9c8d-928cfb6b35e9,worker-698aeec9d8b64f229fb4dce53a5519e9-1154004514,True,104857601.0,788.1773474181227,1.015,10044.0,2025-05-26T10:10:00.370661843Z,2025-05-26T10:10:01.386542658Z,us_east
bc57e6d1-9c8c-4893-944c-6d99c26b4e83,4e460163-81d4-412f-9c8d-928cfb6b35e9,worker-c4266aab77e9482191683988dcc6fee0-1154004514,True,104857601.0,881.0572771248839,0.908,10146.0,2025-05-26T10:10:00.473813383Z,2025-05-26T10:10:01.382337636Z,us_east
bc57e6d1-9c8c-4893-944c-6d99c26b4e83,4e460163-81d4-412f-9c8d-928cfb6b35e9,worker-978a20d3766148eda37abcb20d7e8732-1154004514,True,104857601.0,790.5138415310223,1.012,10044.0,2025-05-26T10:10:00.371063478Z,2025-05-26T10:10:01.383090245Z,us_east
bc57e6d1-9c8c-4893-944c-6d99c26b4e83,4e460163-81d4-412f-9c8d-928cfb6b35e9,worker-f2afb35fe98b4e109e6fd7572a1c9da9-1154004514,True,104857601.0,872.4100410353266,0.917,10147.0,2025-05-26T10:10:00.474013400Z,2025-05-26T10:10:01.391480381Z,us_east
bc57e6d1-9c8c-4893-944c-6d99c26b4e83,4e460163-81d4-412f-9c8d-928cfb6b35e9,worker-cd34a5cc04504cbab8b71059f305695a-1154004514,True,104857601.0,764.8183629344115,1.046,10021.0,2025-05-26T10:10:00.347409956Z,2025-05-26T10:10:01.393881867Z,us_east
bc57e6d1-9c8c-4893-944c-6d99c26b4e83,4e460163-81d4-412f-9c8d-928cfb6b35e9,worker-b3e0132f71904e2eb3a78895b3ebe762-1154004514,True,104857601.0,829.0155519475592,0.965,10105.0,2025-05-26T10:10:00.431778212Z,2025-05-26T10:10:01.397168567Z,us_east
bc57e6d1-9c8c-4893-944c-6d99c26b4e83,4e460163-81d4-412f-9c8d-928cfb6b35e9,worker-a46c9241001c4b6bada1590d2b9ac9f5-1154004514,True,104857601.0,764.0878773919719,1.047,10025.0,2025-05-26T10:10:00.353185063Z,2025-05-26T10:10:01.400839993Z,us_east
bc57e6d1-9c8c-4893-944c-6d99c26b4e83,4e460163-81d4-412f-9c8d-928cfb6b35e9,worker-7494fbcc0dcf444a86ceaa78b76a684e-1154004514,True,104857601.0,765.5502465353059,1.045,10031.0,2025-05-26T10:10:00.357793385Z,2025-05-26T10:10:01.403492017Z,us_east
bc57e6d1-9c8c-4893-944c-6d99c26b4e83,4e460163-81d4-412f-9c8d-928cfb6b35e9,worker-46b2ad1b9ce84aa38858e12103083c9b-1154004514,True,104857601.0,766.2835322120637,1.044,10031.0,2025-05-26T10:10:00.358072020Z,2025-05-26T10:10:01.403003710Z,us_east
bc57e6d1-9c8c-4893-944c-6d99c26b4e83,4e460163-81d4-412f-9c8d-928cfb6b35e9,worker-c30d5d9c520042b69e3f8c4832ec570c-1154004514,True,104857601.0,773.694398094192,1.034,10044.0,2025-05-26T10:10:00.371156408Z,2025-05-26T10:10:01.405678124Z,us_east
bc57e6d1-9c8c-4893-944c-6d99c26b4e83,4e460163-81d4-412f-9c8d-928cfb6b35e9,worker-c54e6b2b9c7949cf9e5240208832d001-1154004514,True,104857601.0,760.4562810165347,1.052,10030.0,2025-05-26T10:10:00.357260061Z,2025-05-26T10:10:01.409714155Z,us_east
bc57e6d1-9c8c-4893-944c-6d99c26b4e83,4e460163-81d4-412f-9c8d-928cfb6b35e9,worker-c049264520d24a158cbbfd704df43e64-1154004514,True,104857601.0,767.754325939918,1.042,10044.0,2025-05-26T10:10:00.370914943Z,2025-05-26T10:10:01.413431903Z,us_east
bc57e6d1-9c8c-4893-944c-6d99c26b4e83,4e460163-81d4-412f-9c8d-928cfb6b35e9,worker-1e13013265ec45009d4390bf17024f62-1154004514,True,104857601.0,813.8352061336669,0.983,10106.0,2025-05-26T10:10:00.432683565Z,2025-05-26T10:10:01.415869053Z,us_east
bc57e6d1-9c8c-4893-944c-6d99c26b4e83,4e460163-81d4-412f-9c8d-928cfb6b35e9,worker-bc71cc90523c47e4a0484ed2a805b64c-1154004514,True,104857601.0,752.5870250511708,1.063,10025.0,2025-05-26T10:10:00.351988692Z,2025-05-26T10:10:01.415208551Z,us_east
bc57e6d1-9c8c-4893-944c-6d99c26b4e83,4e460163-81d4-412f-9c8d-928cfb6b35e9,worker-ffe4eab2553a42eabdcab86375bc1066-1154004514,True,104857601.0,812.1827488623295,0.985,10105.0,2025-05-26T10:10:00.432841408Z,2025-05-26T10:10:01.418418591Z,us_east
bc57e6d1-9c8c-4893-944c-6d99c26b4e83,4e460163-81d4-412f-9c8d-928cfb6b35e9,worker-4250e2f1a09a46e4b9c76b1ada235635-1154004514,True,104857601.0,762.6310844894133,1.049,10044.0,2025-05-26T10:10:00.370802825Z,2025-05-26T10:10:01.419920601Z,us_east
bc57e6d1-9c8c-4893-944c-6d99c26b4e83,4e460163-81d4-412f-9c8d-928cfb6b35e9,worker-464bd0f4fe714242bc7e41a6cb532a49-1154004514,True,104857601.0,761.1798359937151,1.051,10044.0,2025-05-26T10:10:00.370361496Z,2025-05-26T10:10:01.422035443Z,us_east
bc57e6d1-9c8c-4893-944c-6d99c26b4e83,4e460163-81d4-412f-9c8d-928cfb6b35e9,worker-025d00e10d1944d4880163fcb6856d8f-1154004514,True,104857601.0,759.0132899709625,1.054,10044.0,2025-05-26T10:10:00.370588696Z,2025-05-26T10:10:01.425578482Z,us_east
bc57e6d1-9c8c-4893-944c-6d99c26b4e83,4e460163-81d4-412f-9c8d-928cfb6b35e9,worker-bbb3856e3cee42f3be21ae32c7ccd5a1-1154004514,True,104857601.0,743.4944308823369,1.076,10024.0,2025-05-26T10:10:00.351398752Z,2025-05-26T10:10:01.427723407Z,us_east
bc57e6d1-9c8c-4893-944c-6d99c26b4e83,4e460163-81d4-412f-9c8d-928cfb6b35e9,worker-0fd6c62f78f14da9bdc9f320395427c6-1154004514,True,104857601.0,746.9654599714235,1.071,10032.0,2025-05-26T10:10:00.359311890Z,2025-05-26T10:10:01.430857886Z,us_east
bc57e6d1-9c8c-4893-944c-6d99c26b4e83,4e460163-81d4-412f-9c8d-928cfb6b35e9,worker-4e3878770d954a17bb610e385dfc6cf8-1154004514,True,104857601.0,747.6635585321444,1.07,10036.0,2025-05-26T10:10:00.363094259Z,2025-05-26T10:10:01.433430134Z,us_east
bc57e6d1-9c8c-4893-944c-6d99c26b4e83,4e460163-81d4-412f-9c8d-928cfb6b35e9,worker-d8c31edc8b5d454f9e4d9438a4954d21-1154004514,True,104857601.0,740.0555112205315,1.081,10026.0,2025-05-26T10:10:00.354030831Z,2025-05-26T10:10:01.435970120Z,us_east
bc57e6d1-9c8c-4893-944c-6d99c26b4e83,4e460163-81d4-412f-9c8d-928cfb6b35e9,worker-6adf6367d59f4df18c0e9d0b6c9b7842-1154004514,True,104857601.0,733.9449611278849,1.09,10027.0,2025-05-26T10:10:00.353051723Z,2025-05-26T10:10:01.443610803Z,us_east
bc57e6d1-9c8c-4893-944c-6d99c26b4e83,4e460163-81d4-412f-9c8d-928cfb6b35e9,worker-634ad529cd434387b857843bf4181160-1154004514,True,104857601.0,792.8642295633247,1.009,10107.0,2025-05-26T10:10:00.434562433Z,2025-05-26T10:10:01.444552689Z,us_east
bc57e6d1-9c8c-4893-944c-6d99c26b4e83,4e460163-81d4-412f-9c8d-928cfb6b35e9,worker-a810aefb94de4d6ca95083bf3d6f7734-1154004514,True,104857601.0,746.9654599714235,1.071,10044.0,2025-05-26T10:10:00.370687020Z,2025-05-26T10:10:01.441926904Z,us_east
bc57e6d1-9c8c-4893-944c-6d99c26b4e83,4e460163-81d4-412f-9c8d-928cfb6b35e9,worker-32232f298f5e4acd8244150c548d9f56-1154004514,True,104857601.0,796.0199080889498,1.005,10104.0,2025-05-26T10:10:00.431394159Z,2025-05-26T10:10:01.436980366Z,us_east
bc57e6d1-9c8c-4893-944c-6d99c26b4e83,4e460163-81d4-412f-9c8d-928cfb6b35e9,worker-00698941b4f8425689e6986d5fd5a1ad-1154004514,True,104857601.0,823.8929017810449,0.971,10151.0,2025-05-26T10:10:00.478492917Z,2025-05-26T10:10:01.449512172Z,us_east
bc57e6d1-9c8c-4893-944c-6d99c26b4e83,4e460163-81d4-412f-9c8d-928cfb6b35e9,worker-58b51cefaa114099bf42afc5beb164e9-1154004514,True,104857601.0,789.7334724870628,1.013,10106.0,2025-05-26T10:10:00.432653655Z,2025-05-26T10:10:01.446359692Z,us_east
bc57e6d1-9c8c-4893-944c-6d99c26b4e83,4e460163-81d4-412f-9c8d-928cfb6b35e9,worker-8efa1414e2984d849bcd62047bda0c63-1154004514,True,104857601.0,742.1150349066739,1.078,10042.0,2025-05-26T10:10:00.370252354Z,2025-05-26T10:10:01.449120648Z,us_east
bc57e6d1-9c8c-4893-944c-6d99c26b4e83,4e460163-81d4-412f-9c8d-928cfb6b35e9,worker-b4ea4470091241ca8103a5e68d81149f-1154004514,True,104857601.0,723.3273125039733,1.106,10033.0,2025-05-26T10:10:00.359656314Z,2025-05-26T10:10:01.466401984Z,us_east
bc57e6d1-9c8c-4893-944c-6d99c26b4e83,4e460163-81d4-412f-9c8d-928cfb6b35e9,worker-df38a3827d7d492d8559210da0f83d1a-1154004514,True,104857601.0,716.8458849725757,1.116,10027.0,2025-05-26T10:10:00.352690900Z,2025-05-26T10:10:01.469598507Z,us_east
bc57e6d1-9c8c-4893-944c-6d99c26b4e83,4e460163-81d4-412f-9c8d-928cfb6b35e9,worker-cb1a24619246441bacad96e6eb5c40e1-1154004514,True,104857601.0,723.3273125039733,1.106,10044.0,2025-05-26T10:10:00.370578040Z,2025-05-26T10:10:01.476719745Z,us_east
bc57e6d1-9c8c-4893-944c-6d99c26b4e83,4e460163-81d4-412f-9c8d-928cfb6b35e9,worker-887f7e69d7034557b99ea865d43aa797-1154004514,True,104857601.0,719.4244672926209,1.112,10042.0,2025-05-26T10:10:00.370416072Z,2025-05-26T10:10:01.482838199Z,us_east
bc57e6d1-9c8c-4893-944c-6d99c26b4e83,4e460163-81d4-412f-9c8d-928cfb6b35e9,worker-89b6a7a97cc4496582ffe8ef591b29d7-1154004514,True,104857601.0,719.4244672926209,1.112,10044.0,2025-05-26T10:10:00.370396777Z,2025-05-26T10:10:01.483070557Z,us_east
bc57e6d1-9c8c-4893-944c-6d99c26b4e83,4e460163-81d4-412f-9c8d-928cfb6b35e9,worker-3ee5870977d847ea91906544eed43f40-1154004514,True,104857601.0,706.7137876584758,1.132,10026.0,2025-05-26T10:10:00.353228114Z,2025-05-26T10:10:01.485942342Z,us_east
bc57e6d1-9c8c-4893-944c-6d99c26b4e83,4e460163-81d4-412f-9c8d-928cfb6b35e9,worker-3a7bee9b35b74bcdbffff45d140278a1-1154004514,True,104857601.0,716.2041250039342,1.117,10044.0,2025-05-26T10:10:00.370712750Z,2025-05-26T10:10:01.488464782Z,us_east
bc57e6d1-9c8c-4893-944c-6d99c26b4e83,4e460163-81d4-412f-9c8d-928cfb6b35e9,worker-0e18ee41f184438c9cfd7f4190d44f62-1154004514,True,104857601.0,749.7657053696294,1.067,10147.0,2025-05-26T10:10:00.473789091Z,2025-05-26T10:10:01.540855550Z,us_east
bc57e6d1-9c8c-4893-944c-6d99c26b4e83,d0083a86-4808-4e19-98d9-af595eb158ba,worker-cd34a5cc04504cbab8b71059f305695a-1154004514,True,104857601.0,778.9678750042791,1.027,10020.0,2025-05-26T10:10:20.370859867Z,2025-05-26T10:10:21.398023137Z,us_east
bc57e6d1-9c8c-4893-944c-6d99c26b4e83,d0083a86-4808-4e19-98d9-af595eb158ba,worker-f2afb35fe98b4e109e6fd7572a1c9da9-1154004514,True,104857601.0,784.3137329699946,1.02,10028.0,2025-05-26T10:10:20.378235023Z,2025-05-26T10:10:21.398287460Z,us_east
bc57e6d1-9c8c-4893-944c-6d99c26b4e83,d0083a86-4808-4e19-98d9-af595eb158ba,worker-c54e6b2b9c7949cf9e5240208832d001-1154004514,True,104857601.0,782.0136926973554,1.023,10025.0,2025-05-26T10:10:20.374592336Z,2025-05-26T10:10:21.398217800Z,us_east
bc57e6d1-9c8c-4893-944c-6d99c26b4e83,d0083a86-4808-4e19-98d9-af595eb158ba,worker-4250e2f1a09a46e4b9c76b1ada235635-1154004514,True,104857601.0,782.0136926973554,1.023,10025.0,2025-05-26T10:10:20.374776934Z,2025-05-26T10:10:21.398380228Z,us_east
bc57e6d1-9c8c-4893-944c-6d99c26b4e83,d0083a86-4808-4e19-98d9-af595eb158ba,worker-c4266aab77e9482191683988dcc6fee0-1154004514,True,104857601.0,780.4878123213606,1.025,10025.0,2025-05-26T10:10:20.373204972Z,2025-05-26T10:10:21.398392404Z,us_east
bc57e6d1-9c8c-4893-944c-6d99c26b4e83,d0083a86-4808-4e19-98d9-af595eb158ba,worker-1e13013265ec45009d4390bf17024f62-1154004514,True,104857601.0,780.4878123213606,1.025,10023.0,2025-05-26T10:10:20.373409603Z,2025-05-26T10:10:21.398467553Z,us_east
bc57e6d1-9c8c-4893-944c-6d99c26b4e83,d0083a86-4808-4e19-98d9-af595eb158ba,worker-cce921d2b3474e229597926a2bcf299a-1154004514,True,104857601.0,780.4878123213606,1.025,10023.0,2025-05-26T10:10:20.373121949Z,2025-05-26T10:10:21.398934847Z,us_east
bc57e6d1-9c8c-4893-944c-6d99c26b4e83,d0083a86-4808-4e19-98d9-af595eb158ba,worker-4257ae0e42e443b4a8f616102413bd4c-1154004514,True,104857601.0,782.7788724358068,1.022,10028.0,2025-05-26T10:10:20.377861634Z,2025-05-26T10:10:21.400053599Z,us_east
bc57e6d1-9c8c-4893-944c-6d99c26b4e83,d0083a86-4808-4e19-98d9-af595eb158ba,worker-e8650c6f96f645378dc03711d08fc800-1154004514,True,104857601.0,781.2500074505806,1.024,10025.0,2025-05-26T10:10:20.374295323Z,2025-05-26T10:10:21.398912242Z,us_east
bc57e6d1-9c8c-4893-944c-6d99c26b4e83,d0083a86-4808-4e19-98d9-af595eb158ba,worker-bc71cc90523c47e4a0484ed2a805b64c-1154004514,True,104857601.0,782.7788724358068,1.022,10026.0,2025-05-26T10:10:20.376581775Z,2025-05-26T10:10:21.399404106Z,us_east
bc57e6d1-9c8c-4893-944c-6d99c26b4e83,d0083a86-4808-4e19-98d9-af595eb158ba,worker-025d00e10d1944d4880163fcb6856d8f-1154004514,True,104857601.0,777.4538460927062,1.029,10020.0,2025-05-26T10:10:20.370109230Z,2025-05-26T10:10:21.399329361Z,us_east
bc57e6d1-9c8c-4893-944c-6d99c26b4e83,d0083a86-4808-4e19-98d9-af595eb158ba,worker-d1c45bdb895e4142a40e066b07f5921e-1154004514,True,104857601.0,781.2500074505806,1.024,10026.0,2025-05-26T10:10:20.375955440Z,2025-05-26T10:10:21.400416612Z,us_east
bc57e6d1-9c8c-4893-944c-6d99c26b4e83,d0083a86-4808-4e19-98d9-af595eb158ba,worker-698aeec9d8b64f229fb4dce53a5519e9-1154004514,True,104857601.0,782.0136926973554,1.023,10026.0,2025-05-26T10:10:20.375656755Z,2025-05-26T10:10:21.399509603Z,us_east
bc57e6d1-9c8c-4893-944c-6d99c26b4e83,d0083a86-4808-4e19-98d9-af595eb158ba,worker-887f7e69d7034557b99ea865d43aa797-1154004514,True,104857601.0,780.4878123213606,1.025,10021.0,2025-05-26T10:10:20.372901319Z,2025-05-26T10:10:21.398807077Z,us_east
bc57e6d1-9c8c-4893-944c-6d99c26b4e83,d0083a86-4808-4e19-98d9-af595eb158ba,worker-d76fecfc8a24412a87497bc0092c98b9-1154004514,True,104857601.0,783.5455510571935,1.021,10031.0,2025-05-26T10:10:20.379756746Z,2025-05-26T10:10:21.401475133Z,us_east
bc57e6d1-9c8c-4893-944c-6d99c26b4e83,d0083a86-4808-4e19-98d9-af595eb158ba,worker-598e2ee9b45a4596a1941cd59e0c260d-1154004514,True,104857601.0,782.7788724358068,1.022,10028.0,2025-05-26T10:10:20.378264826Z,2025-05-26T10:10:21.400927032Z,us_east
bc57e6d1-9c8c-4893-944c-6d99c26b4e83,d0083a86-4808-4e19-98d9-af595eb158ba,worker-32232f298f5e4acd8244150c548d9f56-1154004514,True,104857601.0,781.2500074505806,1.024,10025.0,2025-05-26T10:10:20.375974661Z,2025-05-26T10:10:21.400952331Z,us_east
bc57e6d1-9c8c-4893-944c-6d99c26b4e83,d0083a86-4808-4e19-98d9-af595eb158ba,worker-89b6a7a97cc4496582ffe8ef591b29d7-1154004514,True,104857601.0,780.4878123213606,1.025,10026.0,2025-05-26T10:10:20.375514163Z,2025-05-26T10:10:21.401459050Z,us_east
bc57e6d1-9c8c-4893-944c-6d99c26b4e83,d0083a86-4808-4e19-98d9-af595eb158ba,worker-d888db5ab4064725bcbe0a51e47a421d-1154004514,True,104857601.0,779.7271029526262,1.026,10025.0,2025-05-26T10:10:20.375378559Z,2025-05-26T10:10:21.401618459Z,us_east
bc57e6d1-9c8c-4893-944c-6d99c26b4e83,d0083a86-4808-4e19-98d9-af595eb158ba,worker-7494fbcc0dcf444a86ceaa78b76a684e-1154004514,True,104857601.0,776.6990365333927,1.03,10022.0,2025-05-26T10:10:20.372189236Z,2025-05-26T10:10:21.402251157Z,us_east
bc57e6d1-9c8c-4893-944c-6d99c26b4e83,d0083a86-4808-4e19-98d9-af595eb158ba,worker-634ad529cd434387b857843bf4181160-1154004514,True,104857601.0,780.4878123213606,1.025,10027.0,2025-05-26T10:10:20.376212267Z,2025-05-26T10:10:21.401411526Z,us_east
bc57e6d1-9c8c-4893-944c-6d99c26b4e83,d0083a86-4808-4e19-98d9-af595eb158ba,worker-d8c31edc8b5d454f9e4d9438a4954d21-1154004514,True,104857601.0,780.4878123213606,1.025,10028.0,2025-05-26T10:10:20.376854803Z,2025-05-26T10:10:21.402335016Z,us_east
bc57e6d1-9c8c-4893-944c-6d99c26b4e83,d0083a86-4808-4e19-98d9-af595eb158ba,worker-6adf6367d59f4df18c0e9d0b6c9b7842-1154004514,True,104857601.0,780.4878123213606,1.025,10027.0,2025-05-26T10:10:20.377143377Z,2025-05-26T10:10:21.403083972Z,us_east
bc57e6d1-9c8c-4893-944c-6d99c26b4e83,d0083a86-4808-4e19-98d9-af595eb158ba,worker-46b2ad1b9ce84aa38858e12103083c9b-1154004514,True,104857601.0,775.1938058424365,1.032,10022.0,2025-05-26T10:10:20.372354757Z,2025-05-26T10:10:21.404685008Z,us_east
bc57e6d1-9c8c-4893-944c-6d99c26b4e83,d0083a86-4808-4e19-98d9-af595eb158ba,worker-b3e0132f71904e2eb3a78895b3ebe762-1154004514,True,104857601.0,792.8642295633247,1.009,10044.0,2025-05-26T10:10:20.393692458Z,2025-05-26T10:10:21.403227423Z,us_east
bc57e6d1-9c8c-4893-944c-6d99c26b4e83,d0083a86-4808-4e19-98d9-af595eb158ba,worker-bbb3856e3cee42f3be21ae32c7ccd5a1-1154004514,True,104857601.0,778.9678750042791,1.027,10027.0,2025-05-26T10:10:20.376305785Z,2025-05-26T10:10:21.403611263Z,us_east
bc57e6d1-9c8c-4893-944c-6d99c26b4e83,d0083a86-4808-4e19-98d9-af595eb158ba,worker-cb1a24619246441bacad96e6eb5c40e1-1154004514,True,104857601.0,797.6071860711811,1.003,10051.0,2025-05-26T10:10:20.401897539Z,2025-05-26T10:10:21.405089639Z,us_east
bc57e6d1-9c8c-4893-944c-6d99c26b4e83,d0083a86-4808-4e19-98d9-af595eb158ba,worker-5af024b37bfd494598cdda03f2dd96ee-1154004514,True,104857601.0,779.7271029526262,1.026,10030.0,2025-05-26T10:10:20.380039454Z,2025-05-26T10:10:21.406876423Z,us_east
bc57e6d1-9c8c-4893-944c-6d99c26b4e83,d0083a86-4808-4e19-98d9-af595eb158ba,worker-77e2bfa215ef499aab1dbeb1ff89e91d-1154004514,True,104857601.0,781.2500074505806,1.024,10031.0,2025-05-26T10:10:20.381089834Z,2025-05-26T10:10:21.405904288Z,us_east
bc57e6d1-9c8c-4893-944c-6d99c26b4e83,d0083a86-4808-4e19-98d9-af595eb158ba,worker-c30d5d9c520042b69e3f8c4832ec570c-1154004514,True,104857601.0,776.6990365333927,1.03,10026.0,2025-05-26T10:10:20.375092360Z,2025-05-26T10:10:21.406054341Z,us_east
bc57e6d1-9c8c-4893-944c-6d99c26b4e83,d0083a86-4808-4e19-98d9-af595eb158ba,worker-df38a3827d7d492d8559210da0f83d1a-1154004514,True,104857601.0,783.5455510571935,1.021,10042.0,2025-05-26T10:10:20.391398454Z,2025-05-26T10:10:21.412640430Z,us_east
bc57e6d1-9c8c-4893-944c-6d99c26b4e83,d0083a86-4808-4e19-98d9-af595eb158ba,worker-ef22397877a64ed99eaf8cbb703ac21f-1154004514,True,104857601.0,772.9468672747773,1.035,10028.0,2025-05-26T10:10:20.377374086Z,2025-05-26T10:10:21.412817581Z,us_east
bc57e6d1-9c8c-4893-944c-6d99c26b4e83,d0083a86-4808-4e19-98d9-af595eb158ba,worker-eb5dd4a2874a4c86bb87a7eabd67805b-1154004514,True,104857601.0,767.754325939918,1.042,10023.0,2025-05-26T10:10:20.372311237Z,2025-05-26T10:10:21.415210970Z,us_east
bc57e6d1-9c8c-4893-944c-6d99c26b4e83,d0083a86-4808-4e19-98d9-af595eb158ba,worker-8efa1414e2984d849bcd62047bda0c63-1154004514,True,104857601.0,768.4918421031648,1.041,10023.0,2025-05-26T10:10:20.375078221Z,2025-05-26T10:10:21.416082425Z,us_east
bc57e6d1-9c8c-4893-944c-6d99c26b4e83,d0083a86-4808-4e19-98d9-af595eb158ba,worker-c049264520d24a158cbbfd704df43e64-1154004514,True,104857601.0,766.2835322120637,1.044,10022.0,2025-05-26T10:10:20.372317970Z,2025-05-26T10:10:21.416925911Z,us_east
bc57e6d1-9c8c-4893-944c-6d99c26b4e83,d0083a86-4808-4e19-98d9-af595eb158ba,worker-58b51cefaa114099bf42afc5beb164e9-1154004514,True,104857601.0,767.754325939918,1.042,10022.0,2025-05-26T10:10:20.375885824Z,2025-05-26T10:10:21.418082532Z,us_east
bc57e6d1-9c8c-4893-944c-6d99c26b4e83,d0083a86-4808-4e19-98d9-af595eb158ba,worker-4e3878770d954a17bb610e385dfc6cf8-1154004514,True,104857601.0,782.7788724358068,1.022,10047.0,2025-05-26T10:10:20.397284495Z,2025-05-26T10:10:21.419478265Z,us_east
bc57e6d1-9c8c-4893-944c-6d99c26b4e83,d0083a86-4808-4e19-98d9-af595eb158ba,worker-ffe4eab2553a42eabdcab86375bc1066-1154004514,True,104857601.0,789.7334724870628,1.013,10057.0,2025-05-26T10:10:20.406205503Z,2025-05-26T10:10:21.420018050Z,us_east
bc57e6d1-9c8c-4893-944c-6d99c26b4e83,d0083a86-4808-4e19-98d9-af595eb158ba,worker-464bd0f4fe714242bc7e41a6cb532a49-1154004514,True,104857601.0,763.3587859059107,1.048,10024.0,2025-05-26T10:10:20.373687662Z,2025-05-26T10:10:21.421848965Z,us_east
bc57e6d1-9c8c-4893-944c-6d99c26b4e83,d0083a86-4808-4e19-98d9-af595eb158ba,worker-0fd6c62f78f14da9bdc9f320395427c6-1154004514,True,104857601.0,760.4562810165347,1.052,10022.0,2025-05-26T10:10:20.370770947Z,2025-05-26T10:10:21.423724027Z,us_east
bc57e6d1-9c8c-4893-944c-6d99c26b4e83,d0083a86-4808-4e19-98d9-af595eb158ba,worker-00698941b4f8425689e6986d5fd5a1ad-1154004514,True,104857601.0,763.3587859059107,1.048,10025.0,2025-05-26T10:10:20.375091046Z,2025-05-26T10:10:21.424045963Z,us_east
bc57e6d1-9c8c-4893-944c-6d99c26b4e83,d0083a86-4808-4e19-98d9-af595eb158ba,worker-23185780fbb842d588e0602b9e0ba965-1154004514,True,104857601.0,760.4562810165347,1.052,10024.0,2025-05-26T10:10:20.373768185Z,2025-05-26T10:10:21.426678507Z,us_east
bc57e6d1-9c8c-4893-944c-6d99c26b4e83,d0083a86-4808-4e19-98d9-af595eb158ba,worker-a810aefb94de4d6ca95083bf3d6f7734-1154004514,True,104857601.0,782.0136926973554,1.023,10056.0,2025-05-26T10:10:20.407550482Z,2025-05-26T10:10:21.431430792Z,us_east
bc57e6d1-9c8c-4893-944c-6d99c26b4e83,d0083a86-4808-4e19-98d9-af595eb158ba,worker-83e0b0f632af4f8e941ffec05928f647-1154004514,True,104857601.0,755.4296578181252,1.059,10026.0,2025-05-26T10:10:20.375560244Z,2025-05-26T10:10:21.435184236Z,us_east
bc57e6d1-9c8c-4893-944c-6d99c26b4e83,d0083a86-4808-4e19-98d9-af595eb158ba,worker-a46c9241001c4b6bada1590d2b9ac9f5-1154004514,True,104857601.0,754.0056622331712,1.061,10025.0,2025-05-26T10:10:20.374451174Z,2025-05-26T10:10:21.435766798Z,us_east
bc57e6d1-9c8c-4893-944c-6d99c26b4e83,d0083a86-4808-4e19-98d9-af595eb158ba,worker-3ee5870977d847ea91906544eed43f40-1154004514,True,104857601.0,753.2956757338931,1.062,10025.0,2025-05-26T10:10:20.375295045Z,2025-05-26T10:10:21.438134116Z,us_east
bc57e6d1-9c8c-4893-944c-6d99c26b4e83,d0083a86-4808-4e19-98d9-af595eb158ba,worker-978a20d3766148eda37abcb20d7e8732-1154004514,True,104857601.0,749.7657053696294,1.067,10023.0,2025-05-26T10:10:20.373371359Z,2025-05-26T10:10:21.441284090Z,us_east
bc57e6d1-9c8c-4893-944c-6d99c26b4e83,d0083a86-4808-4e19-98d9-af595eb158ba,worker-0e18ee41f184438c9cfd7f4190d44f62-1154004514,True,104857601.0,734.6189234429702,1.089,10023.0,2025-05-26T10:10:20.372285173Z,2025-05-26T10:10:21.462004672Z,us_east
bc57e6d1-9c8c-4893-944c-6d99c26b4e83,d0083a86-4808-4e19-98d9-af595eb158ba,worker-3a7bee9b35b74bcdbffff45d140278a1-1154004514,True,104857601.0,701.7543926573637,1.14,10024.0,2025-05-26T10:10:20.375235869Z,2025-05-26T10:10:21.515363932Z,us_east
bc57e6d1-9c8c-4893-944c-6d99c26b4e83,d0083a86-4808-4e19-98d9-af595eb158ba,worker-b4ea4470091241ca8103a5e68d81149f-1154004514,True,104857601.0,650.4065102678004,1.23,10029.0,2025-05-26T10:10:20.379270007Z,2025-05-26T10:10:21.609346488Z,us_east
e6883fc1-6834-445a-ad91-aaa669cde560,aaa15a80-6164-44d5-ba33-a020cc097906,worker-00698941b4f8425689e6986d5fd5a1ad-1154004514,True,104857601.0,775.1938058424365,1.032,10037.0,2025-05-26T09:58:15.006600489Z,2025-05-26T09:58:16.038822416Z,us_east
e6883fc1-6834-445a-ad91-aaa669cde560,aaa15a80-6164-44d5-ba33-a020cc097906,worker-ef22397877a64ed99eaf8cbb703ac21f-1154004514,True,104857601.0,765.5502465353059,1.045,10036.0,2025-05-26T09:58:15.005907615Z,2025-05-26T09:58:16.051332572Z,us_east
e6883fc1-6834-445a-ad91-aaa669cde560,aaa15a80-6164-44d5-ba33-a020cc097906,worker-c049264520d24a158cbbfd704df43e64-1154004514,True,104857601.0,754.7169883296175,1.06,10011.0,2025-05-26T09:58:14.991595064Z,2025-05-26T09:58:16.051600558Z,us_east
e6883fc1-6834-445a-ad91-aaa669cde560,aaa15a80-6164-44d5-ba33-a020cc097906,worker-df38a3827d7d492d8559210da0f83d1a-1154004514,True,104857601.0,760.4562810165347,1.052,10029.0,2025-05-26T09:58:14.999012009Z,2025-05-26T09:58:16.051875957Z,us_east
e6883fc1-6834-445a-ad91-aaa669cde560,aaa15a80-6164-44d5-ba33-a020cc097906,worker-1e13013265ec45009d4390bf17024f62-1154004514,True,104857601.0,764.0878773919719,1.047,10037.0,2025-05-26T09:58:15.007211083Z,2025-05-26T09:58:16.054713135Z,us_east
e6883fc1-6834-445a-ad91-aaa669cde560,aaa15a80-6164-44d5-ba33-a020cc097906,worker-e8650c6f96f645378dc03711d08fc800-1154004514,True,104857601.0,755.4296578181252,1.059,10019.0,2025-05-26T09:58:14.997116704Z,2025-05-26T09:58:16.056299476Z,us_east
e6883fc1-6834-445a-ad91-aaa669cde560,aaa15a80-6164-44d5-ba33-a020cc097906,worker-d8c31edc8b5d454f9e4d9438a4954d21-1154004514,True,104857601.0,759.7341003128154,1.053,10025.0,2025-05-26T09:58:15.005319552Z,2025-05-26T09:58:16.058635523Z,us_east
e6883fc1-6834-445a-ad91-aaa669cde560,aaa15a80-6164-44d5-ba33-a020cc097906,worker-5af024b37bfd494598cdda03f2dd96ee-1154004514,True,104857601.0,758.2938460942129,1.055,10024.0,2025-05-26T09:58:15.003553700Z,2025-05-26T09:58:16.059475809Z,us_east
e6883fc1-6834-445a-ad91-aaa669cde560,aaa15a80-6164-44d5-ba33-a020cc097906,worker-4250e2f1a09a46e4b9c76b1ada235635-1154004514,True,104857601.0,742.8040925064016,1.077,10009.0,2025-05-26T09:58:14.990591204Z,2025-05-26T09:58:16.068326791Z,us_east
e6883fc1-6834-445a-ad91-aaa669cde560,aaa15a80-6164-44d5-ba33-a020cc097906,worker-cb1a24619246441bacad96e6eb5c40e1-1154004514,True,104857601.0,744.8789642731792,1.074,10025.0,2025-05-26T09:58:14.995140723Z,2025-05-26T09:58:16.069328001Z,us_east
e6883fc1-6834-445a-ad91-aaa669cde560,aaa15a80-6164-44d5-ba33-a020cc097906,worker-83e0b0f632af4f8e941ffec05928f647-1154004514,True,104857601.0,748.3629631706217,1.069,10032.0,2025-05-26T09:58:15.001787135Z,2025-05-26T09:58:16.071519312Z,us_east
e6883fc1-6834-445a-ad91-aaa669cde560,aaa15a80-6164-44d5-ba33-a020cc097906,worker-d76fecfc8a24412a87497bc0092c98b9-1154004514,True,104857601.0,746.9654599714235,1.071,10027.0,2025-05-26T09:58:15.000506097Z,2025-05-26T09:58:16.071637371Z,us_east
e6883fc1-6834-445a-ad91-aaa669cde560,aaa15a80-6164-44d5-ba33-a020cc097906,worker-0fd6c62f78f14da9bdc9f320395427c6-1154004514,True,104857601.0,744.1860536087391,1.075,10027.0,2025-05-26T09:58:14.997580684Z,2025-05-26T09:58:16.072802331Z,us_east
e6883fc1-6834-445a-ad91-aaa669cde560,aaa15a80-6164-44d5-ba33-a020cc097906,worker-cd34a5cc04504cbab8b71059f305695a-1154004514,True,104857601.0,742.1150349066739,1.078,10023.0,2025-05-26T09:58:14.994447528Z,2025-05-26T09:58:16.072819468Z,us_east
e6883fc1-6834-445a-ad91-aaa669cde560,aaa15a80-6164-44d5-ba33-a020cc097906,worker-c54e6b2b9c7949cf9e5240208832d001-1154004514,True,104857601.0,743.4944308823369,1.076,10027.0,2025-05-26T09:58:14.996713183Z,2025-05-26T09:58:16.072714635Z,us_east
e6883fc1-6834-445a-ad91-aaa669cde560,aaa15a80-6164-44d5-ba33-a020cc097906,worker-23185780fbb842d588e0602b9e0ba965-1154004514,True,104857601.0,749.0636775556128,1.068,10034.0,2025-05-26T09:58:15.005510555Z,2025-05-26T09:58:16.074466665Z,us_east
e6883fc1-6834-445a-ad91-aaa669cde560,aaa15a80-6164-44d5-ba33-a020cc097906,worker-6adf6367d59f4df18c0e9d0b6c9b7842-1154004514,True,104857601.0,740.0555112205315,1.081,10012.0,2025-05-26T09:58:14.992652474Z,2025-05-26T09:58:16.074080611Z,us_east
e6883fc1-6834-445a-ad91-aaa669cde560,aaa15a80-6164-44d5-ba33-a020cc097906,worker-3a7bee9b35b74bcdbffff45d140278a1-1154004514,True,104857601.0,744.8789642731792,1.074,10020.0,2025-05-26T09:58:14.999542238Z,2025-05-26T09:58:16.074206394Z,us_east
e6883fc1-6834-445a-ad91-aaa669cde560,aaa15a80-6164-44d5-ba33-a020cc097906,worker-978a20d3766148eda37abcb20d7e8732-1154004514,True,104857601.0,742.8040925064016,1.077,10028.0,2025-05-26T09:58:14.997557177Z,2025-05-26T09:58:16.074855670Z,us_east
e6883fc1-6834-445a-ad91-aaa669cde560,aaa15a80-6164-44d5-ba33-a020cc097906,worker-bbb3856e3cee42f3be21ae32c7ccd5a1-1154004514,True,104857601.0,740.7407478049948,1.08,10016.0,2025-05-26T09:58:14.996198590Z,2025-05-26T09:58:16.076445616Z,us_east
e6883fc1-6834-445a-ad91-aaa669cde560,aaa15a80-6164-44d5-ba33-a020cc097906,worker-a810aefb94de4d6ca95083bf3d6f7734-1154004514,True,104857601.0,740.7407478049948,1.08,10028.0,2025-05-26T09:58:14.998346788Z,2025-05-26T09:58:16.078867554Z,us_east
e6883fc1-6834-445a-ad91-aaa669cde560,aaa15a80-6164-44d5-ba33-a020cc097906,worker-77e2bfa215ef499aab1dbeb1ff89e91d-1154004514,True,104857601.0,746.2686638333904,1.072,10024.0,2025-05-26T09:58:15.004611966Z,2025-05-26T09:58:16.077228227Z,us_east
e6883fc1-6834-445a-ad91-aaa669cde560,aaa15a80-6164-44d5-ba33-a020cc097906,worker-32232f298f5e4acd8244150c548d9f56-1154004514,True,104857601.0,744.8789642731792,1.074,10024.0,2025-05-26T09:58:15.004784120Z,2025-05-26T09:58:16.079289465Z,us_east
e6883fc1-6834-445a-ad91-aaa669cde560,aaa15a80-6164-44d5-ba33-a020cc097906,worker-0e18ee41f184438c9cfd7f4190d44f62-1154004514,True,104857601.0,742.8040925064016,1.077,10035.0,2025-05-26T09:58:15.004447745Z,2025-05-26T09:58:16.081712882Z,us_east
e6883fc1-6834-445a-ad91-aaa669cde560,aaa15a80-6164-44d5-ba33-a020cc097906,worker-887f7e69d7034557b99ea865d43aa797-1154004514,True,104857601.0,738.0073871119876,1.084,10012.0,2025-05-26T09:58:14.997182885Z,2025-05-26T09:58:16.081622182Z,us_east
e6883fc1-6834-445a-ad91-aaa669cde560,aaa15a80-6164-44d5-ba33-a020cc097906,worker-bc71cc90523c47e4a0484ed2a805b64c-1154004514,True,104857601.0,730.5936142734197,1.095,10011.0,2025-05-26T09:58:14.991030495Z,2025-05-26T09:58:16.086789811Z,us_east
e6883fc1-6834-445a-ad91-aaa669cde560,aaa15a80-6164-44d5-ba33-a020cc097906,worker-7494fbcc0dcf444a86ceaa78b76a684e-1154004514,True,104857601.0,745.5731664766025,1.073,10038.0,2025-05-26T09:58:15.018285967Z,2025-05-26T09:58:16.091569199Z,us_east
e6883fc1-6834-445a-ad91-aaa669cde560,aaa15a80-6164-44d5-ba33-a020cc097906,worker-46b2ad1b9ce84aa38858e12103083c9b-1154004514,True,104857601.0,743.4944308823369,1.076,10052.0,2025-05-26T09:58:15.021621893Z,2025-05-26T09:58:16.098617864Z,us_east
e6883fc1-6834-445a-ad91-aaa669cde560,aaa15a80-6164-44d5-ba33-a020cc097906,worker-b4ea4470091241ca8103a5e68d81149f-1154004514,True,104857601.0,719.4244672926209,1.112,10011.0,2025-05-26T09:58:14.993452508Z,2025-05-26T09:58:16.105941055Z,us_east
e6883fc1-6834-445a-ad91-aaa669cde560,aaa15a80-6164-44d5-ba33-a020cc097906,worker-b3e0132f71904e2eb3a78895b3ebe762-1154004514,True,104857601.0,726.6121776833738,1.101,10025.0,2025-05-26T09:58:15.005824017Z,2025-05-26T09:58:16.107392568Z,us_east
e6883fc1-6834-445a-ad91-aaa669cde560,aaa15a80-6164-44d5-ba33-a020cc097906,worker-c30d5d9c520042b69e3f8c4832ec570c-1154004514,True,104857601.0,718.1328614267454,1.114,10023.0,2025-05-26T09:58:14.993189334Z,2025-05-26T09:58:16.107920349Z,us_east
e6883fc1-6834-445a-ad91-aaa669cde560,aaa15a80-6164-44d5-ba33-a020cc097906,worker-464bd0f4fe714242bc7e41a6cb532a49-1154004514,True,104857601.0,754.0056622331712,1.061,10023.0,2025-05-26T09:58:14.992827497Z,2025-05-26T09:58:16.054516923Z,us_east
e6883fc1-6834-445a-ad91-aaa669cde560,aaa15a80-6164-44d5-ba33-a020cc097906,worker-8efa1414e2984d849bcd62047bda0c63-1154004514,True,104857601.0,718.7780841234452,1.113,10019.0,2025-05-26T09:58:14.999377758Z,2025-05-26T09:58:16.112780155Z,us_east
e6883fc1-6834-445a-ad91-aaa669cde560,aaa15a80-6164-44d5-ba33-a020cc097906,worker-ffe4eab2553a42eabdcab86375bc1066-1154004514,True,104857601.0,723.3273125039733,1.106,10027.0,2025-05-26T09:58:15.006321656Z,2025-05-26T09:58:16.113307081Z,us_east
e6883fc1-6834-445a-ad91-aaa669cde560,aaa15a80-6164-44d5-ba33-a020cc097906,worker-634ad529cd434387b857843bf4181160-1154004514,True,104857601.0,713.0124845181768,1.122,10012.0,2025-05-26T09:58:14.994257489Z,2025-05-26T09:58:16.116796486Z,us_east
e6883fc1-6834-445a-ad91-aaa669cde560,aaa15a80-6164-44d5-ba33-a020cc097906,worker-d1c45bdb895e4142a40e066b07f5921e-1154004514,True,104857601.0,711.7437790297104,1.124,10013.0,2025-05-26T09:58:14.994279370Z,2025-05-26T09:58:16.119031553Z,us_east
e6883fc1-6834-445a-ad91-aaa669cde560,aaa15a80-6164-44d5-ba33-a020cc097906,worker-4e3878770d954a17bb610e385dfc6cf8-1154004514,True,104857601.0,717.4887960801744,1.115,10027.0,2025-05-26T09:58:15.007091287Z,2025-05-26T09:58:16.122332115Z,us_east
e6883fc1-6834-445a-ad91-aaa669cde560,aaa15a80-6164-44d5-ba33-a020cc097906,worker-3ee5870977d847ea91906544eed43f40-1154004514,True,104857601.0,706.7137876584758,1.132,10012.0,2025-05-26T09:58:14.992481695Z,2025-05-26T09:58:16.124658794Z,us_east
e6883fc1-6834-445a-ad91-aaa669cde560,aaa15a80-6164-44d5-ba33-a020cc097906,worker-598e2ee9b45a4596a1941cd59e0c260d-1154004514,True,104857601.0,683.1767785050338,1.171,10022.0,2025-05-26T09:58:15.004225399Z,2025-05-26T09:58:16.175405071Z,us_east
e6883fc1-6834-445a-ad91-aaa669cde560,aaa15a80-6164-44d5-ba33-a020cc097906,worker-eb5dd4a2874a4c86bb87a7eabd67805b-1154004514,True,104857601.0,704.2253588286924,1.136,10023.0,2025-05-26T09:58:14.993152Z,2025-05-26T09:58:16.129165374Z,us_east
e6883fc1-6834-445a-ad91-aaa669cde560,0c345b43-8769-4a48-8056-2b83ecb1cf7e,worker-46b2ad1b9ce84aa38858e12103083c9b-1154004514,True,104857601.0,780.4878123213606,1.025,10023.0,2025-05-26T09:58:35.014353471Z,2025-05-26T09:58:36.039465057Z,us_east
e6883fc1-6834-445a-ad91-aaa669cde560,0c345b43-8769-4a48-8056-2b83ecb1cf7e,worker-d8c31edc8b5d454f9e4d9438a4954d21-1154004514,True,104857601.0,778.9678750042791,1.027,10019.0,2025-05-26T09:58:35.011981603Z,2025-05-26T09:58:36.039595564Z,us_east
e6883fc1-6834-445a-ad91-aaa669cde560,0c345b43-8769-4a48-8056-2b83ecb1cf7e,worker-c54e6b2b9c7949cf9e5240208832d001-1154004514,True,104857601.0,778.9678750042791,1.027,10021.0,2025-05-26T09:58:35.012691681Z,2025-05-26T09:58:36.039817486Z,us_east
e6883fc1-6834-445a-ad91-aaa669cde560,0c345b43-8769-4a48-8056-2b83ecb1cf7e,worker-ef22397877a64ed99eaf8cbb703ac21f-1154004514,True,104857601.0,778.9678750042791,1.027,10020.0,2025-05-26T09:58:35.012297876Z,2025-05-26T09:58:36.039966142Z,us_east
e6883fc1-6834-445a-ad91-aaa669cde560,0c345b43-8769-4a48-8056-2b83ecb1cf7e,worker-b3e0132f71904e2eb3a78895b3ebe762-1154004514,True,104857601.0,781.2500074505806,1.024,10024.0,2025-05-26T09:58:35.016204955Z,2025-05-26T09:58:36.040654203Z,us_east
e6883fc1-6834-445a-ad91-aaa669cde560,0c345b43-8769-4a48-8056-2b83ecb1cf7e,worker-77e2bfa215ef499aab1dbeb1ff89e91d-1154004514,True,104857601.0,778.9678750042791,1.027,10020.0,2025-05-26T09:58:35.012836173Z,2025-05-26T09:58:36.040002316Z,us_east
e6883fc1-6834-445a-ad91-aaa669cde560,0c345b43-8769-4a48-8056-2b83ecb1cf7e,worker-ffe4eab2553a42eabdcab86375bc1066-1154004514,True,104857601.0,782.7788724358068,1.022,10027.0,2025-05-26T09:58:35.018651780Z,2025-05-26T09:58:36.041081157Z,us_east
e6883fc1-6834-445a-ad91-aaa669cde560,0c345b43-8769-4a48-8056-2b83ecb1cf7e,worker-23185780fbb842d588e0602b9e0ba965-1154004514,True,104857601.0,781.2500074505806,1.024,10026.0,2025-05-26T09:58:35.017430581Z,2025-05-26T09:58:36.041899322Z,us_east
e6883fc1-6834-445a-ad91-aaa669cde560,0c345b43-8769-4a48-8056-2b83ecb1cf7e,worker-4250e2f1a09a46e4b9c76b1ada235635-1154004514,True,104857601.0,778.9678750042791,1.027,10021.0,2025-05-26T09:58:35.014225088Z,2025-05-26T09:58:36.042029831Z,us_east
e6883fc1-6834-445a-ad91-aaa669cde560,0c345b43-8769-4a48-8056-2b83ecb1cf7e,worker-d888db5ab4064725bcbe0a51e47a421d-1154004514,True,104857601.0,781.2500074505806,1.024,10013.0,2025-05-26T09:58:35.015696781Z,2025-05-26T09:58:36.040524498Z,us_east
e6883fc1-6834-445a-ad91-aaa669cde560,0c345b43-8769-4a48-8056-2b83ecb1cf7e,worker-a46c9241001c4b6bada1590d2b9ac9f5-1154004514,True,104857601.0,800.0000076293945,1.0,10037.0,2025-05-26T09:58:35.039879389Z,2025-05-26T09:58:36.040532991Z,us_east
e6883fc1-6834-445a-ad91-aaa669cde560,0c345b43-8769-4a48-8056-2b83ecb1cf7e,worker-4257ae0e42e443b4a8f616102413bd4c-1154004514,True,104857601.0,779.7271029526262,1.026,10014.0,2025-05-26T09:58:35.013579299Z,2025-05-26T09:58:36.040387948Z,us_east
e6883fc1-6834-445a-ad91-aaa669cde560,0c345b43-8769-4a48-8056-2b83ecb1cf7e,worker-0fd6c62f78f14da9bdc9f320395427c6-1154004514,True,104857601.0,779.7271029526262,1.026,10025.0,2025-05-26T09:58:35.016808532Z,2025-05-26T09:58:36.043515926Z,us_east
e6883fc1-6834-445a-ad91-aaa669cde560,0c345b43-8769-4a48-8056-2b83ecb1cf7e,worker-bbb3856e3cee42f3be21ae32c7ccd5a1-1154004514,True,104857601.0,782.7788724358068,1.022,10027.0,2025-05-26T09:58:35.020102970Z,2025-05-26T09:58:36.042263553Z,us_east
e6883fc1-6834-445a-ad91-aaa669cde560,0c345b43-8769-4a48-8056-2b83ecb1cf7e,worker-3a7bee9b35b74bcdbffff45d140278a1-1154004514,True,104857601.0,780.4878123213606,1.025,10023.0,2025-05-26T09:58:35.016713615Z,2025-05-26T09:58:36.041804856Z,us_east
e6883fc1-6834-445a-ad91-aaa669cde560,0c345b43-8769-4a48-8056-2b83ecb1cf7e,worker-89b6a7a97cc4496582ffe8ef591b29d7-1154004514,True,104857601.0,779.7271029526262,1.026,10020.0,2025-05-26T09:58:35.016797071Z,2025-05-26T09:58:36.043586706Z,us_east
e6883fc1-6834-445a-ad91-aaa669cde560,0c345b43-8769-4a48-8056-2b83ecb1cf7e,worker-1e13013265ec45009d4390bf17024f62-1154004514,True,104857601.0,789.7334724870628,1.013,10039.0,2025-05-26T09:58:35.031056122Z,2025-05-26T09:58:36.044933139Z,us_east
e6883fc1-6834-445a-ad91-aaa669cde560,0c345b43-8769-4a48-8056-2b83ecb1cf7e,worker-cb1a24619246441bacad96e6eb5c40e1-1154004514,True,104857601.0,781.2500074505806,1.024,10028.0,2025-05-26T09:58:35.020159324Z,2025-05-26T09:58:36.044348635Z,us_east
e6883fc1-6834-445a-ad91-aaa669cde560,0c345b43-8769-4a48-8056-2b83ecb1cf7e,worker-d1c45bdb895e4142a40e066b07f5921e-1154004514,True,104857601.0,778.9678750042791,1.027,10023.0,2025-05-26T09:58:35.014721687Z,2025-05-26T09:58:36.042347456Z,us_east
e6883fc1-6834-445a-ad91-aaa669cde560,0c345b43-8769-4a48-8056-2b83ecb1cf7e,worker-d76fecfc8a24412a87497bc0092c98b9-1154004514,True,104857601.0,781.2500074505806,1.024,10028.0,2025-05-26T09:58:35.020453279Z,2025-05-26T09:58:36.044814067Z,us_east
e6883fc1-6834-445a-ad91-aaa669cde560,0c345b43-8769-4a48-8056-2b83ecb1cf7e,worker-c4266aab77e9482191683988dcc6fee0-1154004514,True,104857601.0,792.8642295633247,1.009,10042.0,2025-05-26T09:58:35.034886130Z,2025-05-26T09:58:36.044701913Z,us_east
e6883fc1-6834-445a-ad91-aaa669cde560,0c345b43-8769-4a48-8056-2b83ecb1cf7e,worker-4e3878770d954a17bb610e385dfc6cf8-1154004514,True,104857601.0,781.2500074505806,1.024,10026.0,2025-05-26T09:58:35.019672367Z,2025-05-26T09:58:36.044559176Z,us_east
e6883fc1-6834-445a-ad91-aaa669cde560,0c345b43-8769-4a48-8056-2b83ecb1cf7e,worker-634ad529cd434387b857843bf4181160-1154004514,True,104857601.0,778.9678750042791,1.027,10026.0,2025-05-26T09:58:35.018197894Z,2025-05-26T09:58:36.045493086Z,us_east
e6883fc1-6834-445a-ad91-aaa669cde560,0c345b43-8769-4a48-8056-2b83ecb1cf7e,worker-c30d5d9c520042b69e3f8c4832ec570c-1154004514,True,104857601.0,782.7788724358068,1.022,10031.0,2025-05-26T09:58:35.023327395Z,2025-05-26T09:58:36.046256945Z,us_east
e6883fc1-6834-445a-ad91-aaa669cde560,0c345b43-8769-4a48-8056-2b83ecb1cf7e,worker-c049264520d24a158cbbfd704df43e64-1154004514,True,104857601.0,779.7271029526262,1.026,10026.0,2025-05-26T09:58:35.017835461Z,2025-05-26T09:58:36.044187111Z,us_east
e6883fc1-6834-445a-ad91-aaa669cde560,0c345b43-8769-4a48-8056-2b83ecb1cf7e,worker-464bd0f4fe714242bc7e41a6cb532a49-1154004514,True,104857601.0,782.0136926973554,1.023,10031.0,2025-05-26T09:58:35.022669989Z,2025-05-26T09:58:36.046246562Z,us_east
e6883fc1-6834-445a-ad91-aaa669cde560,0c345b43-8769-4a48-8056-2b83ecb1cf7e,worker-df38a3827d7d492d8559210da0f83d1a-1154004514,True,104857601.0,778.9678750042791,1.027,10025.0,2025-05-26T09:58:35.017033533Z,2025-05-26T09:58:36.044109647Z,us_east
e6883fc1-6834-445a-ad91-aaa669cde560,0c345b43-8769-4a48-8056-2b83ecb1cf7e,worker-a810aefb94de4d6ca95083bf3d6f7734-1154004514,True,104857601.0,782.7788724358068,1.022,10030.0,2025-05-26T09:58:35.023129083Z,2025-05-26T09:58:36.045162185Z,us_east
e6883fc1-6834-445a-ad91-aaa669cde560,0c345b43-8769-4a48-8056-2b83ecb1cf7e,worker-83e0b0f632af4f8e941ffec05928f647-1154004514,True,104857601.0,778.9678750042791,1.027,10028.0,2025-05-26T09:58:35.021537511Z,2025-05-26T09:58:36.049003356Z,us_east
e6883fc1-6834-445a-ad91-aaa669cde560,0c345b43-8769-4a48-8056-2b83ecb1cf7e,worker-e8650c6f96f645378dc03711d08fc800-1154004514,True,104857601.0,773.694398094192,1.034,10028.0,2025-05-26T09:58:35.020424295Z,2025-05-26T09:58:36.054663851Z,us_east
e6883fc1-6834-445a-ad91-aaa669cde560,0c345b43-8769-4a48-8056-2b83ecb1cf7e,worker-978a20d3766148eda37abcb20d7e8732-1154004514,True,104857601.0,772.9468672747773,1.035,10028.0,2025-05-26T09:58:35.019269293Z,2025-05-26T09:58:36.054434180Z,us_east
e6883fc1-6834-445a-ad91-aaa669cde560,0c345b43-8769-4a48-8056-2b83ecb1cf7e,worker-6adf6367d59f4df18c0e9d0b6c9b7842-1154004514,True,104857601.0,777.4538460927062,1.029,10035.0,2025-05-26T09:58:35.026921175Z,2025-05-26T09:58:36.056831560Z,us_east
e6883fc1-6834-445a-ad91-aaa669cde560,0c345b43-8769-4a48-8056-2b83ecb1cf7e,worker-5af024b37bfd494598cdda03f2dd96ee-1154004514,True,104857601.0,765.5502465353059,1.045,10024.0,2025-05-26T09:58:35.016265400Z,2025-05-26T09:58:36.061316174Z,us_east
e6883fc1-6834-445a-ad91-aaa669cde560,0c345b43-8769-4a48-8056-2b83ecb1cf7e,worker-598e2ee9b45a4596a1941cd59e0c260d-1154004514,True,104857601.0,762.6310844894133,1.049,10020.0,2025-05-26T09:58:35.012875443Z,2025-05-26T09:58:36.062158628Z,us_east
e6883fc1-6834-445a-ad91-aaa669cde560,0c345b43-8769-4a48-8056-2b83ecb1cf7e,worker-0e18ee41f184438c9cfd7f4190d44f62-1154004514,True,104857601.0,764.0878773919719,1.047,10023.0,2025-05-26T09:58:35.018246777Z,2025-05-26T09:58:36.065262722Z,us_east
e6883fc1-6834-445a-ad91-aaa669cde560,0c345b43-8769-4a48-8056-2b83ecb1cf7e,worker-f2afb35fe98b4e109e6fd7572a1c9da9-1154004514,True,104857601.0,759.7341003128154,1.053,10014.0,2025-05-26T09:58:35.015259251Z,2025-05-26T09:58:36.068360350Z,us_east
e6883fc1-6834-445a-ad91-aaa669cde560,0c345b43-8769-4a48-8056-2b83ecb1cf7e,worker-698aeec9d8b64f229fb4dce53a5519e9-1154004514,True,104857601.0,760.4562810165347,1.052,10024.0,2025-05-26T09:58:35.016106343Z,2025-05-26T09:58:36.068738430Z,us_east
e6883fc1-6834-445a-ad91-aaa669cde560,0c345b43-8769-4a48-8056-2b83ecb1cf7e,worker-cce921d2b3474e229597926a2bcf299a-1154004514,True,104857601.0,759.7341003128154,1.053,10028.0,2025-05-26T09:58:35.020282668Z,2025-05-26T09:58:36.073510845Z,us_east
e6883fc1-6834-445a-ad91-aaa669cde560,0c345b43-8769-4a48-8056-2b83ecb1cf7e,worker-887f7e69d7034557b99ea865d43aa797-1154004514,True,104857601.0,757.575764800563,1.056,10029.0,2025-05-26T09:58:35.022137807Z,2025-05-26T09:58:36.078542525Z,us_east
e6883fc1-6834-445a-ad91-aaa669cde560,0c345b43-8769-4a48-8056-2b83ecb1cf7e,worker-bc71cc90523c47e4a0484ed2a805b64c-1154004514,True,104857601.0,745.5731664766025,1.073,10022.0,2025-05-26T09:58:35.014230465Z,2025-05-26T09:58:36.088163407Z,us_east
e6883fc1-6834-445a-ad91-aaa669cde560,0c345b43-8769-4a48-8056-2b83ecb1cf7e,worker-7494fbcc0dcf444a86ceaa78b76a684e-1154004514,True,104857601.0,746.2686638333904,1.072,10025.0,2025-05-26T09:58:35.017037438Z,2025-05-26T09:58:36.089161638Z,us_east
e6883fc1-6834-445a-ad91-aaa669cde560,0c345b43-8769-4a48-8056-2b83ecb1cf7e,worker-025d00e10d1944d4880163fcb6856d8f-1154004514,True,104857601.0,767.754325939918,1.042,10049.0,2025-05-26T09:58:35.051966764Z,2025-05-26T09:58:36.094484327Z,us_east
e6883fc1-6834-445a-ad91-aaa669cde560,0c345b43-8769-4a48-8056-2b83ecb1cf7e,worker-b4ea4470091241ca8103a5e68d81149f-1154004514,True,104857601.0,742.8040925064016,1.077,10024.0,2025-05-26T09:58:35.018093498Z,2025-05-26T09:58:36.095169204Z,us_east
e6883fc1-6834-445a-ad91-aaa669cde560,0c345b43-8769-4a48-8056-2b83ecb1cf7e,worker-32232f298f5e4acd8244150c548d9f56-1154004514,True,104857601.0,744.1860536087391,1.075,10026.0,2025-05-26T09:58:35.019082753Z,2025-05-26T09:58:36.094954829Z,us_east
e6883fc1-6834-445a-ad91-aaa669cde560,0c345b43-8769-4a48-8056-2b83ecb1cf7e,worker-8efa1414e2984d849bcd62047bda0c63-1154004514,True,104857601.0,782.0136926973554,1.023,10024.0,2025-05-26T09:58:35.016349668Z,2025-05-26T09:58:36.040319952Z,us_east
e6883fc1-6834-445a-ad91-aaa669cde560,0c345b43-8769-4a48-8056-2b83ecb1cf7e,worker-eb5dd4a2874a4c86bb87a7eabd67805b-1154004514,True,104857601.0,729.2616295618911,1.097,10029.0,2025-05-26T09:58:35.020871372Z,2025-05-26T09:58:36.117909442Z,us_east
e6883fc1-6834-445a-ad91-aaa669cde560,0c345b43-8769-4a48-8056-2b83ecb1cf7e,worker-58b51cefaa114099bf42afc5beb164e9-1154004514,True,104857601.0,728.597456857372,1.098,10010.0,2025-05-26T09:58:35.019949610Z,2025-05-26T09:58:36.118856709Z,us_east
e6883fc1-6834-445a-ad91-aaa669cde560,0c345b43-8769-4a48-8056-2b83ecb1cf7e,worker-00698941b4f8425689e6986d5fd5a1ad-1154004514,True,104857601.0,732.6007395873576,1.092,10030.0,2025-05-26T09:58:35.022529204Z,2025-05-26T09:58:36.114763484Z,us_east
e6883fc1-6834-445a-ad91-aaa669cde560,0c345b43-8769-4a48-8056-2b83ecb1cf7e,worker-3ee5870977d847ea91906544eed43f40-1154004514,True,104857601.0,725.9528199903762,1.102,10030.0,2025-05-26T09:58:35.021560694Z,2025-05-26T09:58:36.124086963Z,us_east
e6883fc1-6834-445a-ad91-aaa669cde560,0c345b43-8769-4a48-8056-2b83ecb1cf7e,worker-cd34a5cc04504cbab8b71059f305695a-1154004514,True,104857601.0,715.563513085326,1.118,10048.0,2025-05-26T09:58:35.039523897Z,2025-05-26T09:58:36.157595158Z,us_east
dc97e2f8-d1ae-4119-9d6f-bc4ea1e0a4a0,5df540e3-e1f2-49fc-82bd-7503e30a01ab,worker-0fd6c62f78f14da9bdc9f320395427c6-1154004514,True,104857601.0,516.4622386245285,1.549,10120.0,2025-05-26T09:53:09.594107774Z,2025-05-26T09:53:11.143216189Z,us_east
dc97e2f8-d1ae-4119-9d6f-bc4ea1e0a4a0,1425dadb-d6a0-4f2a-941f-31b93b5dacb9,worker-46b2ad1b9ce84aa38858e12103083c9b-1154004514,True,104857601.0,793.6508012196374,1.008,10033.0,2025-05-26T09:53:29.527450454Z,2025-05-26T09:53:30.535611729Z,us_east
dc97e2f8-d1ae-4119-9d6f-bc4ea1e0a4a0,1425dadb-d6a0-4f2a-941f-31b93b5dacb9,worker-0fd6c62f78f14da9bdc9f320395427c6-1154004514,True,104857601.0,776.6990365333927,1.03,10022.0,2025-05-26T09:53:29.507303799Z,2025-05-26T09:53:30.537696478Z,us_east
dc97e2f8-d1ae-4119-9d6f-bc4ea1e0a4a0,1425dadb-d6a0-4f2a-941f-31b93b5dacb9,worker-ef22397877a64ed99eaf8cbb703ac21f-1154004514,True,104857601.0,779.7271029526262,1.026,10024.0,2025-05-26T09:53:29.510662221Z,2025-05-26T09:53:30.537538355Z,us_east
dc97e2f8-d1ae-4119-9d6f-bc4ea1e0a4a0,1425dadb-d6a0-4f2a-941f-31b93b5dacb9,worker-978a20d3766148eda37abcb20d7e8732-1154004514,True,104857601.0,773.694398094192,1.034,10012.0,2025-05-26T09:53:29.506575634Z,2025-05-26T09:53:30.541283651Z,us_east
dc97e2f8-d1ae-4119-9d6f-bc4ea1e0a4a0,1425dadb-d6a0-4f2a-941f-31b93b5dacb9,worker-83e0b0f632af4f8e941ffec05928f647-1154004514,True,104857601.0,774.4433762143219,1.033,10023.0,2025-05-26T09:53:29.515555190Z,2025-05-26T09:53:30.548702148Z,us_east
dc97e2f8-d1ae-4119-9d6f-bc4ea1e0a4a0,1425dadb-d6a0-4f2a-941f-31b93b5dacb9,worker-cb1a24619246441bacad96e6eb5c40e1-1154004514,True,104857601.0,769.2307765667255,1.04,10021.0,2025-05-26T09:53:29.508948977Z,2025-05-26T09:53:30.549935100Z,us_east
dc97e2f8-d1ae-4119-9d6f-bc4ea1e0a4a0,1425dadb-d6a0-4f2a-941f-31b93b5dacb9,worker-cce921d2b3474e229597926a2bcf299a-1154004514,True,104857601.0,772.2007795650526,1.036,10023.0,2025-05-26T09:53:29.512057815Z,2025-05-26T09:53:30.549046554Z,us_east
dc97e2f8-d1ae-4119-9d6f-bc4ea1e0a4a0,1425dadb-d6a0-4f2a-941f-31b93b5dacb9,worker-00698941b4f8425689e6986d5fd5a1ad-1154004514,True,104857601.0,769.9711334257888,1.039,10020.0,2025-05-26T09:53:29.511579172Z,2025-05-26T09:53:30.551297331Z,us_east
dc97e2f8-d1ae-4119-9d6f-bc4ea1e0a4a0,1425dadb-d6a0-4f2a-941f-31b93b5dacb9,worker-df38a3827d7d492d8559210da0f83d1a-1154004514,True,104857601.0,762.6310844894133,1.049,10019.0,2025-05-26T09:53:29.506223594Z,2025-05-26T09:53:30.555624248Z,us_east
dc97e2f8-d1ae-4119-9d6f-bc4ea1e0a4a0,1425dadb-d6a0-4f2a-941f-31b93b5dacb9,worker-698aeec9d8b64f229fb4dce53a5519e9-1154004514,True,104857601.0,770.7129167913242,1.038,10037.0,2025-05-26T09:53:29.524024055Z,2025-05-26T09:53:30.562740586Z,us_east
dc97e2f8-d1ae-4119-9d6f-bc4ea1e0a4a0,1425dadb-d6a0-4f2a-941f-31b93b5dacb9,worker-c30d5d9c520042b69e3f8c4832ec570c-1154004514,True,104857601.0,755.4296578181252,1.059,10017.0,2025-05-26T09:53:29.510479808Z,2025-05-26T09:53:30.569988914Z,us_east
dc97e2f8-d1ae-4119-9d6f-bc4ea1e0a4a0,1425dadb-d6a0-4f2a-941f-31b93b5dacb9,worker-0e18ee41f184438c9cfd7f4190d44f62-1154004514,True,104857601.0,764.8183629344115,1.046,10034.0,2025-05-26T09:53:29.527570828Z,2025-05-26T09:53:30.574239322Z,us_east
dc97e2f8-d1ae-4119-9d6f-bc4ea1e0a4a0,1425dadb-d6a0-4f2a-941f-31b93b5dacb9,worker-1e13013265ec45009d4390bf17024f62-1154004514,True,104857601.0,784.3137329699946,1.02,10041.0,2025-05-26T09:53:29.526781175Z,2025-05-26T09:53:30.547225583Z,us_east
dc97e2f8-d1ae-4119-9d6f-bc4ea1e0a4a0,1425dadb-d6a0-4f2a-941f-31b93b5dacb9,worker-a810aefb94de4d6ca95083bf3d6f7734-1154004514,True,104857601.0,764.0878773919719,1.047,10036.0,2025-05-26T09:53:29.529321610Z,2025-05-26T09:53:30.576396419Z,us_east
dc97e2f8-d1ae-4119-9d6f-bc4ea1e0a4a0,1425dadb-d6a0-4f2a-941f-31b93b5dacb9,worker-c4266aab77e9482191683988dcc6fee0-1154004514,True,104857601.0,763.3587859059107,1.048,10034.0,2025-05-26T09:53:29.527862498Z,2025-05-26T09:53:30.576556273Z,us_east
dc97e2f8-d1ae-4119-9d6f-bc4ea1e0a4a0,1425dadb-d6a0-4f2a-941f-31b93b5dacb9,worker-464bd0f4fe714242bc7e41a6cb532a49-1154004514,True,104857601.0,621.1180183458032,1.288,10032.0,2025-05-26T09:53:29.526772327Z,2025-05-26T09:53:30.815765341Z,us_east
dc97e2f8-d1ae-4119-9d6f-bc4ea1e0a4a0,1f679ce0-7f2c-4c81-b44d-ec7f765544ad,worker-cce921d2b3474e229597926a2bcf299a-1154004514,True,104857601.0,778.2101241531075,1.028,10021.0,2025-05-26T09:53:49.529632672Z,2025-05-26T09:53:50.558185190Z,us_east
dc97e2f8-d1ae-4119-9d6f-bc4ea1e0a4a0,1f679ce0-7f2c-4c81-b44d-ec7f765544ad,worker-978a20d3766148eda37abcb20d7e8732-1154004514,True,104857601.0,781.2500074505806,1.024,10021.0,2025-05-26T09:53:49.533485551Z,2025-05-26T09:53:50.557629549Z,us_east
dc97e2f8-d1ae-4119-9d6f-bc4ea1e0a4a0,1f679ce0-7f2c-4c81-b44d-ec7f765544ad,worker-23185780fbb842d588e0602b9e0ba965-1154004514,True,104857601.0,784.3137329699946,1.02,10018.0,2025-05-26T09:53:49.538871468Z,2025-05-26T09:53:50.559653995Z,us_east
dc97e2f8-d1ae-4119-9d6f-bc4ea1e0a4a0,1f679ce0-7f2c-4c81-b44d-ec7f765544ad,worker-cd34a5cc04504cbab8b71059f305695a-1154004514,True,104857601.0,778.9678750042791,1.027,10013.0,2025-05-26T09:53:49.533417696Z,2025-05-26T09:53:50.560516039Z,us_east
dc97e2f8-d1ae-4119-9d6f-bc4ea1e0a4a0,1f679ce0-7f2c-4c81-b44d-ec7f765544ad,worker-46b2ad1b9ce84aa38858e12103083c9b-1154004514,True,104857601.0,779.7271029526262,1.026,10025.0,2025-05-26T09:53:49.535276373Z,2025-05-26T09:53:50.561773201Z,us_east
dc97e2f8-d1ae-4119-9d6f-bc4ea1e0a4a0,1f679ce0-7f2c-4c81-b44d-ec7f765544ad,worker-cb1a24619246441bacad96e6eb5c40e1-1154004514,True,104857601.0,778.9678750042791,1.027,10023.0,2025-05-26T09:53:49.533450220Z,2025-05-26T09:53:50.561446150Z,us_east
dc97e2f8-d1ae-4119-9d6f-bc4ea1e0a4a0,1f679ce0-7f2c-4c81-b44d-ec7f765544ad,worker-0fd6c62f78f14da9bdc9f320395427c6-1154004514,True,104857601.0,781.2500074505806,1.024,10027.0,2025-05-26T09:53:49.538162921Z,2025-05-26T09:53:50.562457957Z,us_east
dc97e2f8-d1ae-4119-9d6f-bc4ea1e0a4a0,1f679ce0-7f2c-4c81-b44d-ec7f765544ad,worker-83e0b0f632af4f8e941ffec05928f647-1154004514,True,104857601.0,780.4878123213606,1.025,10027.0,2025-05-26T09:53:49.537702399Z,2025-05-26T09:53:50.562980829Z,us_east
dc97e2f8-d1ae-4119-9d6f-bc4ea1e0a4a0,1f679ce0-7f2c-4c81-b44d-ec7f765544ad,worker-698aeec9d8b64f229fb4dce53a5519e9-1154004514,True,104857601.0,773.694398094192,1.034,10020.0,2025-05-26T09:53:49.530668904Z,2025-05-26T09:53:50.565417920Z,us_east
dc97e2f8-d1ae-4119-9d6f-bc4ea1e0a4a0,1f679ce0-7f2c-4c81-b44d-ec7f765544ad,worker-c4266aab77e9482191683988dcc6fee0-1154004514,True,104857601.0,781.2500074505806,1.024,10029.0,2025-05-26T09:53:49.539594627Z,2025-05-26T09:53:50.564399477Z,us_east
dc97e2f8-d1ae-4119-9d6f-bc4ea1e0a4a0,1f679ce0-7f2c-4c81-b44d-ec7f765544ad,worker-00698941b4f8425689e6986d5fd5a1ad-1154004514,True,104857601.0,777.4538460927062,1.029,10027.0,2025-05-26T09:53:49.538281698Z,2025-05-26T09:53:50.567890574Z,us_east
dc97e2f8-d1ae-4119-9d6f-bc4ea1e0a4a0,1f679ce0-7f2c-4c81-b44d-ec7f765544ad,worker-c54e6b2b9c7949cf9e5240208832d001-1154004514,True,104857601.0,768.4918421031648,1.041,10008.0,2025-05-26T09:53:49.531423508Z,2025-05-26T09:53:50.573383200Z,us_east
dc97e2f8-d1ae-4119-9d6f-bc4ea1e0a4a0,1f679ce0-7f2c-4c81-b44d-ec7f765544ad,worker-0e18ee41f184438c9cfd7f4190d44f62-1154004514,True,104857601.0,788.9546426325389,1.014,10053.0,2025-05-26T09:53:49.562166718Z,2025-05-26T09:53:50.576828078Z,us_east
dc97e2f8-d1ae-4119-9d6f-bc4ea1e0a4a0,1f679ce0-7f2c-4c81-b44d-ec7f765544ad,worker-1e13013265ec45009d4390bf17024f62-1154004514,True,104857601.0,763.3587859059107,1.048,10027.0,2025-05-26T09:53:49.536968979Z,2025-05-26T09:53:50.585707773Z,us_east
dc97e2f8-d1ae-4119-9d6f-bc4ea1e0a4a0,1f679ce0-7f2c-4c81-b44d-ec7f765544ad,worker-c30d5d9c520042b69e3f8c4832ec570c-1154004514,True,104857601.0,746.9654599714235,1.071,10023.0,2025-05-26T09:53:49.532684853Z,2025-05-26T09:53:50.604279653Z,us_east
dc97e2f8-d1ae-4119-9d6f-bc4ea1e0a4a0,1f679ce0-7f2c-4c81-b44d-ec7f765544ad,worker-ef22397877a64ed99eaf8cbb703ac21f-1154004514,True,104857601.0,743.4944308823369,1.076,10023.0,2025-05-26T09:53:49.534162216Z,2025-05-26T09:53:50.610570431Z,us_east
dc97e2f8-d1ae-4119-9d6f-bc4ea1e0a4a0,1f679ce0-7f2c-4c81-b44d-ec7f765544ad,worker-464bd0f4fe714242bc7e41a6cb532a49-1154004514,True,104857601.0,739.3715412471298,1.082,10022.0,2025-05-26T09:53:49.532011958Z,2025-05-26T09:53:50.614195387Z,us_east
dc97e2f8-d1ae-4119-9d6f-bc4ea1e0a4a0,1f679ce0-7f2c-4c81-b44d-ec7f765544ad,worker-a810aefb94de4d6ca95083bf3d6f7734-1154004514,True,104857601.0,735.2941246593699,1.088,10025.0,2025-05-26T09:53:49.536028212Z,2025-05-26T09:53:50.624325339Z,us_east
dc97e2f8-d1ae-4119-9d6f-bc4ea1e0a4a0,1f679ce0-7f2c-4c81-b44d-ec7f765544ad,worker-df38a3827d7d492d8559210da0f83d1a-1154004514,True,104857601.0,729.2616295618911,1.097,10023.0,2025-05-26T09:53:49.532890085Z,2025-05-26T09:53:50.630480865Z,us_east
dc97e2f8-d1ae-4119-9d6f-bc4ea1e0a4a0,1f679ce0-7f2c-4c81-b44d-ec7f765544ad,worker-eb5dd4a2874a4c86bb87a7eabd67805b-1154004514,True,104857601.0,737.3271959717922,1.085,10106.0,2025-05-26T09:53:49.627160347Z,2025-05-26T09:53:50.712553263Z,us_east
81b009b0-0923-46a8-a144-17e1af44a5f0,8c398ee3-e6a6-4921-8881-65c3659e452c,worker-93bd6a0bd7b14fee81793f783c05863e-1544107698,True,104857601.0,278.9400305541822,2.868,10229.0,2025-02-05T12:33:27.182939169Z,2025-02-05T12:33:30.051162047Z,us_east
81b009b0-0923-46a8-a144-17e1af44a5f0,f96a94d3-dd44-4e64-9320-4e315aa02bc3,worker-f93720b2125444448cd942494da63299-1544107698,True,104857601.0,785.8546243903679,1.018,10030.0,2025-02-05T12:33:47.019282129Z,2025-02-05T12:33:48.037554492Z,us_east
81b009b0-0923-46a8-a144-17e1af44a5f0,f96a94d3-dd44-4e64-9320-4e315aa02bc3,worker-93bd6a0bd7b14fee81793f783c05863e-1544107698,True,104857601.0,788.1773474181227,1.015,10063.0,2025-02-05T12:33:47.040213111Z,2025-02-05T12:33:48.056165130Z,us_east
81b009b0-0923-46a8-a144-17e1af44a5f0,f96a94d3-dd44-4e64-9320-4e315aa02bc3,worker-c388415430da494d91d84870ce9f9bb4-1544107698,True,104857601.0,764.0878773919719,1.047,10034.0,2025-02-05T12:33:47.019427190Z,2025-02-05T12:33:48.067399202Z,us_east
81b009b0-0923-46a8-a144-17e1af44a5f0,f96a94d3-dd44-4e64-9320-4e315aa02bc3,worker-1c864070d0f64975a13a6abcc06a8c54-1544107698,True,104857601.0,778.2101241531075,1.028,10062.0,2025-02-05T12:33:47.040605814Z,2025-02-05T12:33:48.069153548Z,us_east
81b009b0-0923-46a8-a144-17e1af44a5f0,f96a94d3-dd44-4e64-9320-4e315aa02bc3,worker-604c756c308940efbe368ccf0223568f-1544107698,True,104857601.0,800.8008084378324,0.999,10080.0,2025-02-05T12:33:47.073423302Z,2025-02-05T12:33:48.073358566Z,us_east
81b009b0-0923-46a8-a144-17e1af44a5f0,f96a94d3-dd44-4e64-9320-4e315aa02bc3,worker-d01fdc8ae8734a86826625273d21b8a8-1544107698,True,104857601.0,748.3629631706217,1.069,10033.0,2025-02-05T12:33:47.030188830Z,2025-02-05T12:33:48.099814089Z,us_east
81b009b0-0923-46a8-a144-17e1af44a5f0,f96a94d3-dd44-4e64-9320-4e315aa02bc3,worker-4d9c30f73db3432683067000f25e7844-1544107698,True,104857601.0,728.597456857372,1.098,10041.0,2025-02-05T12:33:47.018886045Z,2025-02-05T12:33:48.117466413Z,us_east
81b009b0-0923-46a8-a144-17e1af44a5f0,f96a94d3-dd44-4e64-9320-4e315aa02bc3,worker-0c9bd040fd4f477ab1c730993fe0a4ae-1544107698,True,104857601.0,738.6888343761723,1.083,10046.0,2025-02-05T12:33:47.040485858Z,2025-02-05T12:33:48.124334141Z,us_east
81b009b0-0923-46a8-a144-17e1af44a5f0,acf21916-af95-4ac5-ba6b-5f1fc7f0ed21,worker-f93720b2125444448cd942494da63299-1544107698,True,104857601.0,799.2008068225721,1.001,10030.0,2025-02-05T12:34:07.108848661Z,2025-02-05T12:34:08.110211090Z,us_east
81b009b0-0923-46a8-a144-17e1af44a5f0,acf21916-af95-4ac5-ba6b-5f1fc7f0ed21,worker-d01fdc8ae8734a86826625273d21b8a8-1544107698,True,104857601.0,779.7271029526262,1.026,10019.0,2025-02-05T12:34:07.083839819Z,2025-02-05T12:34:08.110519634Z,us_east
81b009b0-0923-46a8-a144-17e1af44a5f0,acf21916-af95-4ac5-ba6b-5f1fc7f0ed21,worker-0c9bd040fd4f477ab1c730993fe0a4ae-1544107698,True,104857601.0,778.2101241531075,1.028,10019.0,2025-02-05T12:34:07.083052039Z,2025-02-05T12:34:08.111121401Z,us_east
81b009b0-0923-46a8-a144-17e1af44a5f0,acf21916-af95-4ac5-ba6b-5f1fc7f0ed21,worker-9fb82a57d66f485eacf7d86094c60d97-1544107698,True,104857601.0,785.0834225999947,1.019,10030.0,2025-02-05T12:34:07.096693901Z,2025-02-05T12:34:08.115818243Z,us_east
81b009b0-0923-46a8-a144-17e1af44a5f0,acf21916-af95-4ac5-ba6b-5f1fc7f0ed21,worker-4d9c30f73db3432683067000f25e7844-1544107698,True,104857601.0,773.694398094192,1.034,10023.0,2025-02-05T12:34:07.085383132Z,2025-02-05T12:34:08.120175640Z,us_east
81b009b0-0923-46a8-a144-17e1af44a5f0,acf21916-af95-4ac5-ba6b-5f1fc7f0ed21,worker-b7af60665d6046d089a7bb23a3a0ba34-1544107698,True,104857601.0,778.9678750042791,1.027,10034.0,2025-02-05T12:34:07.099147318Z,2025-02-05T12:34:08.127045501Z,us_east
81b009b0-0923-46a8-a144-17e1af44a5f0,acf21916-af95-4ac5-ba6b-5f1fc7f0ed21,worker-1c864070d0f64975a13a6abcc06a8c54-1544107698,True,104857601.0,751.8797064186039,1.064,10005.0,2025-02-05T12:34:07.082985165Z,2025-02-05T12:34:08.147174005Z,us_east
81b009b0-0923-46a8-a144-17e1af44a5f0,acf21916-af95-4ac5-ba6b-5f1fc7f0ed21,worker-604c756c308940efbe368ccf0223568f-1544107698,True,104857601.0,747.6635585321444,1.07,10020.0,2025-02-05T12:34:07.084374041Z,2025-02-05T12:34:08.154733351Z,us_east
81b009b0-0923-46a8-a144-17e1af44a5f0,acf21916-af95-4ac5-ba6b-5f1fc7f0ed21,worker-93bd6a0bd7b14fee81793f783c05863e-1544107698,True,104857601.0,743.4944308823369,1.076,10019.0,2025-02-05T12:34:07.086122774Z,2025-02-05T12:34:08.162325567Z,us_east
81b009b0-0923-46a8-a144-17e1af44a5f0,acf21916-af95-4ac5-ba6b-5f1fc7f0ed21,worker-c388415430da494d91d84870ce9f9bb4-1544107698,True,104857601.0,741.4272545221451,1.079,10020.0,2025-02-05T12:34:07.081880375Z,2025-02-05T12:34:08.161840440Z,us_east
cb049a79-61dc-4697-b07b-e2138d92a9dd,1eda0c49-cd51-42ba-ba24-29570a3ec9ab,worker-10eac7836506432a8510948a21b010f8-1544107698,True,104857601.0,368.4937851816649,2.171,10189.0,2025-01-21T11:08:43.242975706Z,2025-01-21T11:08:45.414943601Z,us_east
cb049a79-61dc-4697-b07b-e2138d92a9dd,2c5394ba-3720-4350-9c93-274598b4eb23,worker-b5e40a95389f4ebf9c911fcb674eda22-1544107698,True,104857601.0,804.8289815185055,0.994,10051.0,2025-01-21T11:09:03.153553235Z,2025-01-21T11:09:04.147744948Z,us_east
cb049a79-61dc-4697-b07b-e2138d92a9dd,2c5394ba-3720-4350-9c93-274598b4eb23,worker-322eb11531d94e27a87e5b5afaef2acc-1544107698,True,104857601.0,830.7372872579383,0.963,10092.0,2025-01-21T11:09:03.192890265Z,2025-01-21T11:09:04.156197143Z,us_east
cb049a79-61dc-4697-b07b-e2138d92a9dd,2c5394ba-3720-4350-9c93-274598b4eb23,worker-61d8e5902f074bb78837825282ac7d3c-1544107698,True,104857601.0,787.4015823123962,1.016,10056.0,2025-01-21T11:09:03.160915971Z,2025-01-21T11:09:04.177229211Z,us_east
cb049a79-61dc-4697-b07b-e2138d92a9dd,2c5394ba-3720-4350-9c93-274598b4eb23,worker-8fe8b50fce08402ebada848fbfe1f966-1544107698,True,104857601.0,772.9468672747773,1.035,10043.0,2025-01-21T11:09:03.145144902Z,2025-01-21T11:09:04.180332572Z,us_east
cb049a79-61dc-4697-b07b-e2138d92a9dd,2c5394ba-3720-4350-9c93-274598b4eb23,worker-101cba83f0c14382a17c58adf149a4e6-1544107698,True,104857601.0,790.5138415310223,1.012,10092.0,2025-01-21T11:09:03.194178128Z,2025-01-21T11:09:04.206476652Z,us_east
cb049a79-61dc-4697-b07b-e2138d92a9dd,2c5394ba-3720-4350-9c93-274598b4eb23,worker-1d6632852d414cafad7f219076943b31-1544107698,True,104857601.0,766.2835322120637,1.044,10051.0,2025-01-21T11:09:03.160988606Z,2025-01-21T11:09:04.205900422Z,us_east
cb049a79-61dc-4697-b07b-e2138d92a9dd,2c5394ba-3720-4350-9c93-274598b4eb23,worker-10eac7836506432a8510948a21b010f8-1544107698,True,104857601.0,813.8352061336669,0.983,10061.0,2025-01-21T11:09:03.160821608Z,2025-01-21T11:09:04.144571970Z,us_east
cb049a79-61dc-4697-b07b-e2138d92a9dd,2c5394ba-3720-4350-9c93-274598b4eb23,worker-629040e9c81b47f78172dbec27571efc-1544107698,True,104857601.0,784.3137329699946,1.02,10053.0,2025-01-21T11:09:03.161183287Z,2025-01-21T11:09:04.181331571Z,us_east
cb049a79-61dc-4697-b07b-e2138d92a9dd,90b8db9b-5dc8-4bae-b163-8e7ba01f5401,worker-1d6632852d414cafad7f219076943b31-1544107698,True,104857601.0,784.3137329699946,1.02,10024.0,2025-01-21T11:09:23.179344650Z,2025-01-21T11:09:24.200029732Z,us_east
cb049a79-61dc-4697-b07b-e2138d92a9dd,90b8db9b-5dc8-4bae-b163-8e7ba01f5401,worker-101cba83f0c14382a17c58adf149a4e6-1544107698,True,104857601.0,778.9678750042791,1.027,10017.0,2025-01-21T11:09:23.172464564Z,2025-01-21T11:09:24.199804865Z,us_east
cb049a79-61dc-4697-b07b-e2138d92a9dd,90b8db9b-5dc8-4bae-b163-8e7ba01f5401,worker-a7f91355100c426ea82c9a386ba627e5-1544107698,True,104857601.0,785.0834225999947,1.019,10026.0,2025-01-21T11:09:23.180356455Z,2025-01-21T11:09:24.199572372Z,us_east
cb049a79-61dc-4697-b07b-e2138d92a9dd,90b8db9b-5dc8-4bae-b163-8e7ba01f5401,worker-61d8e5902f074bb78837825282ac7d3c-1544107698,True,104857601.0,778.9678750042791,1.027,10021.0,2025-01-21T11:09:23.178314625Z,2025-01-21T11:09:24.205567400Z,us_east
cb049a79-61dc-4697-b07b-e2138d92a9dd,90b8db9b-5dc8-4bae-b163-8e7ba01f5401,worker-10eac7836506432a8510948a21b010f8-1544107698,True,104857601.0,767.018223997502,1.043,10023.0,2025-01-21T11:09:23.174865004Z,2025-01-21T11:09:24.218034731Z,us_east
cb049a79-61dc-4697-b07b-e2138d92a9dd,90b8db9b-5dc8-4bae-b163-8e7ba01f5401,worker-b5e40a95389f4ebf9c911fcb674eda22-1544107698,True,104857601.0,758.2938460942129,1.055,10006.0,2025-01-21T11:09:23.172943621Z,2025-01-21T11:09:24.228198937Z,us_east
cb049a79-61dc-4697-b07b-e2138d92a9dd,90b8db9b-5dc8-4bae-b163-8e7ba01f5401,worker-98c0fbc1304444f78666a17f49db9a15-1544107698,True,104857601.0,785.8546243903679,1.018,10010.0,2025-01-21T11:09:23.180030049Z,2025-01-21T11:09:24.198751664Z,us_east
cb049a79-61dc-4697-b07b-e2138d92a9dd,90b8db9b-5dc8-4bae-b163-8e7ba01f5401,worker-8fe8b50fce08402ebada848fbfe1f966-1544107698,True,104857601.0,731.9304735859054,1.093,10024.0,2025-01-21T11:09:23.175342887Z,2025-01-21T11:09:24.268879449Z,us_east
cb049a79-61dc-4697-b07b-e2138d92a9dd,90b8db9b-5dc8-4bae-b163-8e7ba01f5401,worker-629040e9c81b47f78172dbec27571efc-1544107698,True,104857601.0,692.0415290911718,1.156,10027.0,2025-01-21T11:09:23.178870499Z,2025-01-21T11:09:24.335745364Z,us_east
cb049a79-61dc-4697-b07b-e2138d92a9dd,90b8db9b-5dc8-4bae-b163-8e7ba01f5401,worker-322eb11531d94e27a87e5b5afaef2acc-1544107698,True,104857601.0,692.0415290911718,1.156,10022.0,2025-01-21T11:09:23.173344308Z,2025-01-21T11:09:24.330188779Z,us_east
b0d43fe9-4fb1-4296-ae22-a708f149aff3,f0dd2a35-f59a-4b78-898d-319a0e861445,worker-0c4baecdf3284573b9c09f35a27d5da5-1544107698,True,104857601.0,696.864118144072,1.148,10142.0,2025-01-20T12:48:56.531797933Z,2025-01-20T12:48:57.680295684Z,us_east
b0d43fe9-4fb1-4296-ae22-a708f149aff3,628292d7-1aae-43c8-b61e-27b9e9a7bfbe,worker-0c4baecdf3284573b9c09f35a27d5da5-1544107698,True,104857601.0,792.8642295633247,1.009,10037.0,2025-01-20T12:49:16.465446980Z,2025-01-20T12:49:17.475412705Z,us_east
b0d43fe9-4fb1-4296-ae22-a708f149aff3,628292d7-1aae-43c8-b61e-27b9e9a7bfbe,worker-b127199ad2d344459cad50fbc6be1cf9-1544107698,True,104857601.0,789.7334724870628,1.013,10032.0,2025-01-20T12:49:16.464246314Z,2025-01-20T12:49:17.477905949Z,us_east
b0d43fe9-4fb1-4296-ae22-a708f149aff3,628292d7-1aae-43c8-b61e-27b9e9a7bfbe,worker-35070be182a745bfbe1267e0a27790ac-1544107698,True,104857601.0,747.6635585321444,1.07,10020.0,2025-01-20T12:49:16.452211058Z,2025-01-20T12:49:17.522813600Z,us_east
b0d43fe9-4fb1-4296-ae22-a708f149aff3,628292d7-1aae-43c8-b61e-27b9e9a7bfbe,worker-1379e95c45584da28fb5e2ec9527ca46-1544107698,True,104857601.0,800.8008084378324,0.999,10102.0,2025-01-20T12:49:16.531609547Z,2025-01-20T12:49:17.530851983Z,us_east
b0d43fe9-4fb1-4296-ae22-a708f149aff3,628292d7-1aae-43c8-b61e-27b9e9a7bfbe,worker-5fbba80494d24e0f92d48e57e583dcd6-1544107698,True,104857601.0,741.4272545221451,1.079,10026.0,2025-01-20T12:49:16.451859274Z,2025-01-20T12:49:17.530900798Z,us_east
b0d43fe9-4fb1-4296-ae22-a708f149aff3,628292d7-1aae-43c8-b61e-27b9e9a7bfbe,worker-b36e7f8b3f62458cb5495dac77289786-1544107698,True,104857601.0,725.2946578688981,1.103,9998.0,2025-01-20T12:49:16.447980169Z,2025-01-20T12:49:17.551696058Z,us_east
b0d43fe9-4fb1-4296-ae22-a708f149aff3,628292d7-1aae-43c8-b61e-27b9e9a7bfbe,worker-34e6098479f047989e71c9f8b775f526-1544107698,True,104857601.0,718.7780841234452,1.113,10025.0,2025-01-20T12:49:16.449984434Z,2025-01-20T12:49:17.563589826Z,us_east
b0d43fe9-4fb1-4296-ae22-a708f149aff3,628292d7-1aae-43c8-b61e-27b9e9a7bfbe,worker-1cc43a1cb87348a1b8f24da018ef52f6-1544107698,True,104857601.0,704.8458216999071,1.135,10031.0,2025-01-20T12:49:16.463264199Z,2025-01-20T12:49:17.598557522Z,us_east
b0d43fe9-4fb1-4296-ae22-a708f149aff3,6316832d-ec55-4814-bed4-99e4bee45ade,worker-35070be182a745bfbe1267e0a27790ac-1544107698,True,104857601.0,785.0834225999947,1.019,10006.0,2025-01-20T12:49:36.536110445Z,2025-01-20T12:49:37.555955185Z,us_east
b0d43fe9-4fb1-4296-ae22-a708f149aff3,6316832d-ec55-4814-bed4-99e4bee45ade,worker-5fbba80494d24e0f92d48e57e583dcd6-1544107698,True,104857601.0,784.3137329699946,1.02,10026.0,2025-01-20T12:49:36.537844767Z,2025-01-20T12:49:37.557954527Z,us_east
b0d43fe9-4fb1-4296-ae22-a708f149aff3,6316832d-ec55-4814-bed4-99e4bee45ade,worker-1379e95c45584da28fb5e2ec9527ca46-1544107698,True,104857601.0,775.9456912021286,1.031,10022.0,2025-01-20T12:49:36.528976114Z,2025-01-20T12:49:37.560850108Z,us_east
b0d43fe9-4fb1-4296-ae22-a708f149aff3,6316832d-ec55-4814-bed4-99e4bee45ade,worker-b36e7f8b3f62458cb5495dac77289786-1544107698,True,104857601.0,783.5455510571935,1.021,10032.0,2025-01-20T12:49:36.541332034Z,2025-01-20T12:49:37.562352516Z,us_east
b0d43fe9-4fb1-4296-ae22-a708f149aff3,6316832d-ec55-4814-bed4-99e4bee45ade,worker-a1be4324315343a9a6b789279b98dc31-1544107698,True,104857601.0,759.7341003128154,1.053,10016.0,2025-01-20T12:49:36.535341586Z,2025-01-20T12:49:37.589067527Z,us_east
b0d43fe9-4fb1-4296-ae22-a708f149aff3,6316832d-ec55-4814-bed4-99e4bee45ade,worker-f781e955d90f43caa873aae19f789f6c-1544107698,True,104857601.0,742.8040925064016,1.077,10023.0,2025-01-20T12:49:36.533346286Z,2025-01-20T12:49:37.610426271Z,us_east
b0d43fe9-4fb1-4296-ae22-a708f149aff3,6316832d-ec55-4814-bed4-99e4bee45ade,worker-34e6098479f047989e71c9f8b775f526-1544107698,True,104857601.0,751.8797064186039,1.064,10036.0,2025-01-20T12:49:36.547222571Z,2025-01-20T12:49:37.611977739Z,us_east
b0d43fe9-4fb1-4296-ae22-a708f149aff3,6316832d-ec55-4814-bed4-99e4bee45ade,worker-b127199ad2d344459cad50fbc6be1cf9-1544107698,True,104857601.0,678.5411430274762,1.179,10023.0,2025-01-20T12:49:36.543901704Z,2025-01-20T12:49:37.723556070Z,us_east
b0d43fe9-4fb1-4296-ae22-a708f149aff3,6316832d-ec55-4814-bed4-99e4bee45ade,worker-1cc43a1cb87348a1b8f24da018ef52f6-1544107698,True,104857601.0,625.4886689831076,1.279,10027.0,2025-01-20T12:49:36.537272420Z,2025-01-20T12:49:37.816660081Z,us_east
b0d43fe9-4fb1-4296-ae22-a708f149aff3,6316832d-ec55-4814-bed4-99e4bee45ade,worker-0c4baecdf3284573b9c09f35a27d5da5-1544107698,True,104857601.0,562.1925563101859,1.423,10026.0,2025-01-20T12:49:36.540661582Z,2025-01-20T12:49:37.964572514Z,us_east
bfc91625-a85a-4806-b066-54b6cf5d9acd,557df711-10d1-4bcc-9301-28b870867e44,worker-52cfdbba7ea848659d186584dfbb4ff1-1544107698,True,104857601.0,538.7205438581781,1.485,12454.0,2025-01-15T12:52:26.121066151Z,2025-01-15T12:52:27.606903860Z,singapore
bfc91625-a85a-4806-b066-54b6cf5d9acd,cb58c02e-02c0-4281-8a00-9ef32e4c084d,worker-4f80b8e32fd041aba42376bba4c4568d-1544107698,True,104857601.0,273.7850813242281,2.922,23296.0,2025-01-15T12:53:01.997841848Z,2025-01-15T12:53:04.920434974Z,singapore
bfc91625-a85a-4806-b066-54b6cf5d9acd,cb58c02e-02c0-4281-8a00-9ef32e4c084d,worker-f40a44052bdc40bf9637d468e5b9830b-1544107698,True,104857601.0,301.3182702935573,2.655,23582.0,2025-01-15T12:53:02.278673125Z,2025-01-15T12:53:04.933970764Z,singapore
bfc91625-a85a-4806-b066-54b6cf5d9acd,cb58c02e-02c0-4281-8a00-9ef32e4c084d,worker-fef0e09fc7ec4b339d735195830311c9-1544107698,True,104857601.0,22.273575399654607,35.917,23757.0,2025-01-15T12:53:02.455672220Z,2025-01-15T12:53:38.372692547Z,singapore
bfc91625-a85a-4806-b066-54b6cf5d9acd,cb58c02e-02c0-4281-8a00-9ef32e4c084d,worker-4f2e7d799c334dad8f799f660e694e22-1544107698,True,104857601.0,19.675840714955964,40.659,23658.0,2025-01-15T12:53:02.351998303Z,2025-01-15T12:53:43.011970351Z,singapore
bfc91625-a85a-4806-b066-54b6cf5d9acd,cb58c02e-02c0-4281-8a00-9ef32e4c084d,worker-f01aa71d93794e289e3f25523ec87134-1544107698,True,104857601.0,145.77259614238238,5.488,156878.0,2025-01-15T12:55:15.573169014Z,2025-01-15T12:55:21.062064847Z,singapore
bfc91625-a85a-4806-b066-54b6cf5d9acd,cb58c02e-02c0-4281-8a00-9ef32e4c084d,worker-52cfdbba7ea848659d186584dfbb4ff1-1544107698,True,104857601.0,53.287151643868285,15.013,149195.0,2025-01-15T12:55:07.895047305Z,2025-01-15T12:55:22.908516470Z,singapore
bfc91625-a85a-4806-b066-54b6cf5d9acd,cb58c02e-02c0-4281-8a00-9ef32e4c084d,worker-4c0e56d2ac0a480aa5940fa72ef1909b-1544107698,True,104857601.0,232.01856369762024,3.448,161234.0,2025-01-15T12:55:19.929888741Z,2025-01-15T12:55:23.378810126Z,singapore
bfc91625-a85a-4806-b066-54b6cf5d9acd,cb58c02e-02c0-4281-8a00-9ef32e4c084d,worker-15069dba5e4e4e1f93576e6306aca031-1544107698,True,104857601.0,178.85088478189013,4.473,161289.0,2025-01-15T12:55:19.983143244Z,2025-01-15T12:55:24.456712773Z,singapore
bfc91625-a85a-4806-b066-54b6cf5d9acd,cb58c02e-02c0-4281-8a00-9ef32e4c084d,worker-7ca55cea995047d281b1dbe3ca04ab1c-1544107698,True,104857601.0,397.2194675419039,2.014,164258.0,2025-01-15T12:55:22.955017396Z,2025-01-15T12:55:24.969088153Z,singapore
bfc91625-a85a-4806-b066-54b6cf5d9acd,cb58c02e-02c0-4281-8a00-9ef32e4c084d,worker-1e899f60f79c4b00aae252663db138ac-1544107698,True,104857601.0,157.8843512195371,5.067,161226.0,2025-01-15T12:55:19.920627911Z,2025-01-15T12:55:24.988371225Z,singapore
bfc91625-a85a-4806-b066-54b6cf5d9acd,cb58c02e-02c0-4281-8a00-9ef32e4c084d,worker-2f8b07d6a56240d98fcbc116404e2df4-1544107698,True,104857601.0,310.80031376433357,2.574,164233.0,2025-01-15T12:55:22.933200339Z,2025-01-15T12:55:25.507840510Z,singapore
bfc91625-a85a-4806-b066-54b6cf5d9acd,cb58c02e-02c0-4281-8a00-9ef32e4c084d,worker-51a23d7066cd4c4ebb69c798d9531868-1544107698,True,104857601.0,430.3388959813849,1.859,166311.0,2025-01-15T12:55:25.010524918Z,2025-01-15T12:55:26.870457494Z,singapore
bfc91625-a85a-4806-b066-54b6cf5d9acd,29e8616c-ab31-4c49-89f2-b014f89dad61,worker-f01aa71d93794e289e3f25523ec87134-1544107698,False,,,,,,,singapore
bfc91625-a85a-4806-b066-54b6cf5d9acd,29e8616c-ab31-4c49-89f2-b014f89dad61,worker-52cfdbba7ea848659d186584dfbb4ff1-1544107698,False,,,,,,,singapore
bfc91625-a85a-4806-b066-54b6cf5d9acd,29e8616c-ab31-4c49-89f2-b014f89dad61,worker-4c0e56d2ac0a480aa5940fa72ef1909b-1544107698,False,,,,,,,singapore
bfc91625-a85a-4806-b066-54b6cf5d9acd,29e8616c-ab31-4c49-89f2-b014f89dad61,worker-15069dba5e4e4e1f93576e6306aca031-1544107698,False,,,,,,,singapore
bfc91625-a85a-4806-b066-54b6cf5d9acd,29e8616c-ab31-4c49-89f2-b014f89dad61,worker-7ca55cea995047d281b1dbe3ca04ab1c-1544107698,False,,,,,,,singapore
bfc91625-a85a-4806-b066-54b6cf5d9acd,29e8616c-ab31-4c49-89f2-b014f89dad61,worker-1e899f60f79c4b00aae252663db138ac-1544107698,False,,,,,,,singapore
bfc91625-a85a-4806-b066-54b6cf5d9acd,29e8616c-ab31-4c49-89f2-b014f89dad61,worker-2f8b07d6a56240d98fcbc116404e2df4-1544107698,False,,,,,,,singapore
bfc91625-a85a-4806-b066-54b6cf5d9acd,29e8616c-ab31-4c49-89f2-b014f89dad61,worker-51a23d7066cd4c4ebb69c798d9531868-1544107698,False,,,,,,,singapore
bfc91625-a85a-4806-b066-54b6cf5d9acd,29e8616c-ab31-4c49-89f2-b014f89dad61,worker-fef0e09fc7ec4b339d735195830311c9-1544107698,True,104857601.0,13.623978331563258,58.72,32912.0,2025-01-15T12:55:31.725526235Z,2025-01-15T12:56:30.445850877Z,singapore
bfc91625-a85a-4806-b066-54b6cf5d9acd,29e8616c-ab31-4c49-89f2-b014f89dad61,worker-0c8969c4d2cc4204b167c363bfb84f8c-1544107698,True,104857601.0,14.424550722659069,55.461,32865.0,2025-01-15T12:55:31.679199004Z,2025-01-15T12:56:27.140321532Z,singapore
bfc91625-a85a-4806-b066-54b6cf5d9acd,29e8616c-ab31-4c49-89f2-b014f89dad61,worker-008d1351f1d74cab82d6f965bc938984-1544107698,True,104857601.0,506.6497831725108,1.579,462968.0,2025-01-15T13:02:41.796100127Z,2025-01-15T13:02:43.375928938Z,singapore
bfc91625-a85a-4806-b066-54b6cf5d9acd,29e8616c-ab31-4c49-89f2-b014f89dad61,worker-4f80b8e32fd041aba42376bba4c4568d-1544107698,True,104857601.0,369.0036935559938,2.168,558619.0,2025-01-15T13:04:17.434312180Z,2025-01-15T13:04:19.602772067Z,singapore
bfc91625-a85a-4806-b066-54b6cf5d9acd,29e8616c-ab31-4c49-89f2-b014f89dad61,worker-f40a44052bdc40bf9637d468e5b9830b-1544107698,True,104857601.0,251.80988593937505,3.177,583387.0,2025-01-15T13:04:42.200054500Z,2025-01-15T13:04:45.377717289Z,singapore
bfc91625-a85a-4806-b066-54b6cf5d9acd,29e8616c-ab31-4c49-89f2-b014f89dad61,worker-4f2e7d799c334dad8f799f660e694e22-1544107698,True,104857601.0,205.44427520015267,3.894,584748.0,2025-01-15T13:04:43.564521436Z,2025-01-15T13:04:47.458948359Z,singapore
bfc91625-a85a-4806-b066-54b6cf5d9acd,29e8616c-ab31-4c49-89f2-b014f89dad61,worker-7f0313b01aca40e3a508f1b8e93290ef-1544107698,True,104857601.0,264.6377795664553,3.023,591538.0,2025-01-15T13:04:50.352442447Z,2025-01-15T13:04:53.375583802Z,singapore
2c4664c4-6c17-40ef-9a2a-8468babaa27c,b46069c7-14e9-476d-b7c5-eb9c9230ab21,worker-3c7fe080bcf84a409539746fb76b8270-1544107698,True,104857601.0,813.8352061336669,0.983,12424.0,2025-01-15T12:42:58.458227980Z,2025-01-15T12:42:59.441976201Z,hong_kong
2c4664c4-6c17-40ef-9a2a-8468babaa27c,a9495684-59bb-4e43-945c-e02a08178ae6,worker-a1c94eeeda894ca7b0942a1371e06c2b-1544107698,True,104857601.0,551.343906016123,1.451,23506.0,2025-01-15T12:43:29.776413060Z,2025-01-15T12:43:31.227596406Z,hong_kong
2c4664c4-6c17-40ef-9a2a-8468babaa27c,a9495684-59bb-4e43-945c-e02a08178ae6,worker-0e5703baf3d94a6b832dccb7473bfc86-1544107698,True,104857601.0,631.4127921305403,1.267,23762.0,2025-01-15T12:43:30.017553504Z,2025-01-15T12:43:31.285009803Z,hong_kong
2c4664c4-6c17-40ef-9a2a-8468babaa27c,a9495684-59bb-4e43-945c-e02a08178ae6,worker-52c96947b0764f82b364d2d454dc6735-1544107698,True,104857601.0,151.5151529601126,5.28,23618.0,2025-01-15T12:43:29.876115020Z,2025-01-15T12:43:35.156644673Z,hong_kong
2c4664c4-6c17-40ef-9a2a-8468babaa27c,a9495684-59bb-4e43-945c-e02a08178ae6,worker-14e70bb612ab4456a027b3d96a9260c0-1544107698,True,104857601.0,154.85869292090484,5.166,23741.0,2025-01-15T12:43:30.001520983Z,2025-01-15T12:43:35.167954846Z,hong_kong
2c4664c4-6c17-40ef-9a2a-8468babaa27c,a9495684-59bb-4e43-945c-e02a08178ae6,worker-ba08eded711e4598b04990de833e51d1-1544107698,True,104857601.0,151.48646234224475,5.281,23650.0,2025-01-15T12:43:29.918186158Z,2025-01-15T12:43:35.199506358Z,hong_kong
2c4664c4-6c17-40ef-9a2a-8468babaa27c,a9495684-59bb-4e43-945c-e02a08178ae6,worker-6134a2d58ea94e7ca717ec8aed511925-1544107698,True,104857601.0,526.6622828369945,1.519,33504.0,2025-01-15T12:43:39.753523656Z,2025-01-15T12:43:41.273297221Z,hong_kong
2c4664c4-6c17-40ef-9a2a-8468babaa27c,a9495684-59bb-4e43-945c-e02a08178ae6,worker-4e6f2612f28f43cca466ac64c44a14cf-1544107698,True,104857601.0,522.5342962961428,1.531,33486.0,2025-01-15T12:43:39.741266417Z,2025-01-15T12:43:41.272785115Z,hong_kong
2c4664c4-6c17-40ef-9a2a-8468babaa27c,a9495684-59bb-4e43-945c-e02a08178ae6,worker-3c7fe080bcf84a409539746fb76b8270-1544107698,True,104857601.0,559.832055723859,1.429,34545.0,2025-01-15T12:43:40.799159879Z,2025-01-15T12:43:42.228700922Z,hong_kong
2c4664c4-6c17-40ef-9a2a-8468babaa27c,a9495684-59bb-4e43-945c-e02a08178ae6,worker-d0d194964c83452e99b9e0ec32926fed-1544107698,True,104857601.0,453.0011368229867,1.766,93779.0,2025-01-15T12:44:40.030790740Z,2025-01-15T12:44:41.797282522Z,hong_kong
2c4664c4-6c17-40ef-9a2a-8468babaa27c,a9495684-59bb-4e43-945c-e02a08178ae6,worker-22fe48e8f71d492383a44250d2248e5a-1544107698,True,104857601.0,766.2835322120637,1.044,94605.0,2025-01-15T12:44:40.858467164Z,2025-01-15T12:44:41.902551555Z,hong_kong
2c4664c4-6c17-40ef-9a2a-8468babaa27c,a9495684-59bb-4e43-945c-e02a08178ae6,worker-90508344c7994822bd6201d94e53cd39-1544107698,True,104857601.0,311.28404966124305,2.57,93782.0,2025-01-15T12:44:40.031771566Z,2025-01-15T12:44:42.602564489Z,hong_kong
2c4664c4-6c17-40ef-9a2a-8468babaa27c,a9495684-59bb-4e43-945c-e02a08178ae6,worker-84090d18434b41a0834ba45103f0080b-1544107698,True,104857601.0,425.98509458434216,1.878,95033.0,2025-01-15T12:44:41.287546010Z,2025-01-15T12:44:43.165927945Z,hong_kong
2c4664c4-6c17-40ef-9a2a-8468babaa27c,c1cc35a1-060e-461c-81e4-0bfe6cd762ed,worker-e78fc8c9d77a4765b059f7064c803d2f-1544107698,True,104857601.0,317.5863468159565,2.519,18695.0,2025-01-15T12:45:10.049196068Z,2025-01-15T12:45:12.568210874Z,hong_kong
2c4664c4-6c17-40ef-9a2a-8468babaa27c,c1cc35a1-060e-461c-81e4-0bfe6cd762ed,worker-0e5703baf3d94a6b832dccb7473bfc86-1544107698,True,104857601.0,176.2891158284254,4.538,18903.0,2025-01-15T12:45:10.264061659Z,2025-01-15T12:45:14.802505700Z,hong_kong
2c4664c4-6c17-40ef-9a2a-8468babaa27c,c1cc35a1-060e-461c-81e4-0bfe6cd762ed,worker-22fe48e8f71d492383a44250d2248e5a-1544107698,True,104857601.0,179.05103125098356,4.468,19008.0,2025-01-15T12:45:10.359664256Z,2025-01-15T12:45:14.827826663Z,hong_kong
2c4664c4-6c17-40ef-9a2a-8468babaa27c,c1cc35a1-060e-461c-81e4-0bfe6cd762ed,worker-6134a2d58ea94e7ca717ec8aed511925-1544107698,True,104857601.0,162.5355562026401,4.922,18870.0,2025-01-15T12:45:10.220809905Z,2025-01-15T12:45:15.143480536Z,hong_kong
2c4664c4-6c17-40ef-9a2a-8468babaa27c,c1cc35a1-060e-461c-81e4-0bfe6cd762ed,worker-3c7fe080bcf84a409539746fb76b8270-1544107698,True,104857601.0,161.81229927779015,4.944,18948.0,2025-01-15T12:45:10.303768729Z,2025-01-15T12:45:15.248472866Z,hong_kong
2c4664c4-6c17-40ef-9a2a-8468babaa27c,c1cc35a1-060e-461c-81e4-0bfe6cd762ed,worker-e9e9384e259847dc838b38de62f45fde-1544107698,True,104857601.0,156.4639170016418,5.113,19016.0,2025-01-15T12:45:10.368153522Z,2025-01-15T12:45:15.481532929Z,hong_kong
2c4664c4-6c17-40ef-9a2a-8468babaa27c,c1cc35a1-060e-461c-81e4-0bfe6cd762ed,worker-52c96947b0764f82b364d2d454dc6735-1544107698,True,104857601.0,127.530688287804,6.273,18987.0,2025-01-15T12:45:10.339034201Z,2025-01-15T12:45:16.612342695Z,hong_kong
2c4664c4-6c17-40ef-9a2a-8468babaa27c,c1cc35a1-060e-461c-81e4-0bfe6cd762ed,worker-ba08eded711e4598b04990de833e51d1-1544107698,True,104857601.0,123.34258520342192,6.486,19000.0,2025-01-15T12:45:10.358229832Z,2025-01-15T12:45:16.844358883Z,hong_kong
2c4664c4-6c17-40ef-9a2a-8468babaa27c,c1cc35a1-060e-461c-81e4-0bfe6cd762ed,worker-84090d18434b41a0834ba45103f0080b-1544107698,True,104857601.0,118.23825120150671,6.766,18955.0,2025-01-15T12:45:10.315259854Z,2025-01-15T12:45:17.081454161Z,hong_kong
2c4664c4-6c17-40ef-9a2a-8468babaa27c,c1cc35a1-060e-461c-81e4-0bfe6cd762ed,worker-969641119cbb4cd683ca4e6ada124eb9-1544107698,True,104857601.0,118.97680065874398,6.724,19010.0,2025-01-15T12:45:10.360964376Z,2025-01-15T12:45:17.085507109Z,hong_kong
2c4664c4-6c17-40ef-9a2a-8468babaa27c,c1cc35a1-060e-461c-81e4-0bfe6cd762ed,worker-a1c94eeeda894ca7b0942a1371e06c2b-1544107698,True,104857601.0,116.21150604726824,6.884,19007.0,2025-01-15T12:45:10.357573709Z,2025-01-15T12:45:17.241934250Z,hong_kong
2c4664c4-6c17-40ef-9a2a-8468babaa27c,c1cc35a1-060e-461c-81e4-0bfe6cd762ed,worker-d0d194964c83452e99b9e0ec32926fed-1544107698,True,104857601.0,690.2502222859314,1.159,27347.0,2025-01-15T12:45:18.697735572Z,2025-01-15T12:45:19.857055013Z,hong_kong
2c4664c4-6c17-40ef-9a2a-8468babaa27c,c1cc35a1-060e-461c-81e4-0bfe6cd762ed,worker-90508344c7994822bd6201d94e53cd39-1544107698,True,104857601.0,124.3394478752556,6.434,18970.0,2025-01-15T12:45:10.330760128Z,2025-01-15T12:45:16.765008849Z,hong_kong
2c4664c4-6c17-40ef-9a2a-8468babaa27c,c1cc35a1-060e-461c-81e4-0bfe6cd762ed,worker-14e70bb612ab4456a027b3d96a9260c0-1544107698,True,104857601.0,177.14792020137168,4.516,18929.0,2025-01-15T12:45:10.280456067Z,2025-01-15T12:45:14.796626921Z,hong_kong
2c4664c4-6c17-40ef-9a2a-8468babaa27c,c1cc35a1-060e-461c-81e4-0bfe6cd762ed,worker-4e6f2612f28f43cca466ac64c44a14cf-1544107698,True,104857601.0,370.5419210881865,2.159,18826.0,2025-01-15T12:45:10.182522153Z,2025-01-15T12:45:12.342449797Z,hong_kong
c588366d-42b4-4227-8250-6e4898aac41e,a34ce84d-e88f-4ec4-8d03-64979d06d8eb,worker-bb86041c31e840348ea0f3337b3c775a-1544107698,True,104857601.0,792.0792154746481,1.01,13995.0,2025-01-15T12:23:41.995273576Z,2025-01-15T12:23:43.006015372Z,hong_kong
17a8e3b2-e096-4950-9771-a8b9f7cbbd7f,706960d1-f9d0-4065-944e-8e2697adbb60,worker-ec15c38504824d99806b99ec33618e84-1544107698,True,104857601.0,166.25104065448764,4.812,40498.0,2025-01-15T12:18:31.213917809Z,2025-01-15T12:18:36.026363746Z,hong_kong
17a8e3b2-e096-4950-9771-a8b9f7cbbd7f,706960d1-f9d0-4065-944e-8e2697adbb60,worker-82a3d4ab42a74972a3da044c00a4d6b7-1544107698,True,104857601.0,197.530866081332,4.05,40265.0,2025-01-15T12:18:30.978091617Z,2025-01-15T12:18:35.028751103Z,hong_kong
17a8e3b2-e096-4950-9771-a8b9f7cbbd7f,706960d1-f9d0-4065-944e-8e2697adbb60,worker-e40ade6969a840399d939e1435de2af7-1544107698,True,104857601.0,258.1477920714406,3.099,40258.0,2025-01-15T12:18:30.964666413Z,2025-01-15T12:18:34.064218102Z,hong_kong
17a8e3b2-e096-4950-9771-a8b9f7cbbd7f,706960d1-f9d0-4065-944e-8e2697adbb60,worker-16cf85fb692f424f962ae98f4d106eb4-1544107698,True,104857601.0,212.82256122090837,3.759,40505.0,2025-01-15T12:18:31.213423674Z,2025-01-15T12:18:34.973057394Z,hong_kong
17a8e3b2-e096-4950-9771-a8b9f7cbbd7f,706960d1-f9d0-4065-944e-8e2697adbb60,worker-cdef91fc42bd487fb0a0f53977d97aa0-1544107698,True,104857601.0,812.1827488623295,0.985,235217.0,2025-01-15T12:21:45.939014751Z,2025-01-15T12:21:46.924620333Z,hong_kong
17a8e3b2-e096-4950-9771-a8b9f7cbbd7f,e77cf1ba-4e98-40e3-aa61-eddb8b065fc8,worker-ec15c38504824d99806b99ec33618e84-1544107698,True,104857601.0,232.49055728840295,3.441,47608.0,2025-01-15T12:20:58.431302106Z,2025-01-15T12:21:01.872672323Z,hong_kong
17a8e3b2-e096-4950-9771-a8b9f7cbbd7f,e77cf1ba-4e98-40e3-aa61-eddb8b065fc8,worker-7ce7e8e3d7d34843a0a79a699b663e5a-1544107698,True,104857601.0,241.8379708674107,3.308,48099.0,2025-01-15T12:20:58.915278664Z,2025-01-15T12:21:02.224265539Z,hong_kong
17a8e3b2-e096-4950-9771-a8b9f7cbbd7f,e77cf1ba-4e98-40e3-aa61-eddb8b065fc8,worker-82a3d4ab42a74972a3da044c00a4d6b7-1544107698,False,,,,,,,hong_kong
17a8e3b2-e096-4950-9771-a8b9f7cbbd7f,e77cf1ba-4e98-40e3-aa61-eddb8b065fc8,worker-e40ade6969a840399d939e1435de2af7-1544107698,False,,,,,,,hong_kong
17a8e3b2-e096-4950-9771-a8b9f7cbbd7f,e77cf1ba-4e98-40e3-aa61-eddb8b065fc8,worker-16cf85fb692f424f962ae98f4d106eb4-1544107698,False,,,,,,,hong_kong
17a8e3b2-e096-4950-9771-a8b9f7cbbd7f,e77cf1ba-4e98-40e3-aa61-eddb8b065fc8,worker-cdef91fc42bd487fb0a0f53977d97aa0-1544107698,False,,,,,,,hong_kong
ee34f8ee-e376-40bf-9afc-4b6e3f4bca54,93223dcb-31a3-4abc-bea5-e20d974658b4,worker-152c4dd2c5d944ce9063e91905dc9ea2-1544107698,True,104857601.0,243.82810351398797,3.281,12517.0,2025-01-15T12:09:50.667497359Z,2025-01-15T12:09:53.949205856Z,singapore
ee34f8ee-e376-40bf-9afc-4b6e3f4bca54,6db2c12b-b0d3-4abe-a435-252840009d29,worker-b9ee999c68c146afbf680d8d57fe14b6-1544107698,True,104857601.0,316.58092901835954,2.527,10445.0,2025-01-15T12:10:13.632060801Z,2025-01-15T12:10:16.159840785Z,singapore
ee34f8ee-e376-40bf-9afc-4b6e3f4bca54,6db2c12b-b0d3-4abe-a435-252840009d29,worker-7238f25bc6e24550b411f29bac2bfee7-1544107698,True,104857601.0,304.2982151500169,2.629,10452.0,2025-01-15T12:10:13.634525753Z,2025-01-15T12:10:16.263852533Z,singapore
ee34f8ee-e376-40bf-9afc-4b6e3f4bca54,6db2c12b-b0d3-4abe-a435-252840009d29,worker-993a70f77c8f415988b8e5f3d12e9d13-1544107698,True,104857601.0,274.44254121077,2.915,10347.0,2025-01-15T12:10:13.534608124Z,2025-01-15T12:10:16.450154409Z,singapore
ee34f8ee-e376-40bf-9afc-4b6e3f4bca54,6db2c12b-b0d3-4abe-a435-252840009d29,worker-6c0a5515cfbb47ec87c709f59659bf0f-1544107698,True,104857601.0,99.49011411881538,8.041,10384.0,2025-01-15T12:10:13.568585634Z,2025-01-15T12:10:21.609968671Z,singapore
ee34f8ee-e376-40bf-9afc-4b6e3f4bca54,6db2c12b-b0d3-4abe-a435-252840009d29,worker-7579160422424a45b4259779446e6318-1544107698,True,104857601.0,215.40118676074167,3.714,15199.0,2025-01-15T12:10:18.379459023Z,2025-01-15T12:10:22.094038841Z,singapore
ee34f8ee-e376-40bf-9afc-4b6e3f4bca54,6db2c12b-b0d3-4abe-a435-252840009d29,worker-602999a3075344038554eb9bafe2dc25-1544107698,True,104857601.0,417.75457317461854,1.915,18951.0,2025-01-15T12:10:22.134150194Z,2025-01-15T12:10:24.049661597Z,singapore
ee34f8ee-e376-40bf-9afc-4b6e3f4bca54,6db2c12b-b0d3-4abe-a435-252840009d29,worker-1777978fb30044d08a15be2907d2f7cd-1544107698,True,104857601.0,375.41060892979567,2.131,19008.0,2025-01-15T12:10:22.190013570Z,2025-01-15T12:10:24.321460606Z,singapore
ee34f8ee-e376-40bf-9afc-4b6e3f4bca54,6db2c12b-b0d3-4abe-a435-252840009d29,worker-4830fa4aa8134b39ad68c2a91617edf6-1544107698,True,104857601.0,198.314330101486,4.034,19410.0,2025-01-15T12:10:22.606700699Z,2025-01-15T12:10:26.641616300Z,singapore
ee34f8ee-e376-40bf-9afc-4b6e3f4bca54,6db2c12b-b0d3-4abe-a435-252840009d29,worker-e576d803cfc04efa81e2d9db804f04e9-1544107698,True,104857601.0,147.65596301760695,5.418,19425.0,2025-01-15T12:10:22.607521336Z,2025-01-15T12:10:28.025674260Z,singapore
ee34f8ee-e376-40bf-9afc-4b6e3f4bca54,6db2c12b-b0d3-4abe-a435-252840009d29,worker-7aad61a6cbb14df89fc54dafd60a6b41-1544107698,True,104857601.0,53.90472391546355,14.841,10293.0,2025-01-15T12:10:13.487697993Z,2025-01-15T12:10:28.328902340Z,singapore
ee34f8ee-e376-40bf-9afc-4b6e3f4bca54,6db2c12b-b0d3-4abe-a435-252840009d29,worker-1d104962d48e4c5a8ef2a10e0f8a498f-1544107698,True,104857601.0,50.34613012142193,15.89,10445.0,2025-01-15T12:10:13.636019690Z,2025-01-15T12:10:29.526139151Z,singapore
ee34f8ee-e376-40bf-9afc-4b6e3f4bca54,6db2c12b-b0d3-4abe-a435-252840009d29,worker-e8896a4567b8482781145f859726add6-1544107698,True,104857601.0,48.88481562049463,16.365,10450.0,2025-01-15T12:10:13.634898697Z,2025-01-15T12:10:30.000042453Z,singapore
ee34f8ee-e376-40bf-9afc-4b6e3f4bca54,6db2c12b-b0d3-4abe-a435-252840009d29,worker-152c4dd2c5d944ce9063e91905dc9ea2-1544107698,True,104857601.0,48.2829384772403,16.569,10457.0,2025-01-15T12:10:13.636150279Z,2025-01-15T12:10:30.205795686Z,singapore
ee34f8ee-e376-40bf-9afc-4b6e3f4bca54,6db2c12b-b0d3-4abe-a435-252840009d29,worker-a1514a66c3ab42b991924d5547ee64d9-1544107698,True,104857601.0,43.98262728184037,18.189,10323.0,2025-01-15T12:10:13.503680600Z,2025-01-15T12:10:31.692834435Z,singapore
ee34f8ee-e376-40bf-9afc-4b6e3f4bca54,6db2c12b-b0d3-4abe-a435-252840009d29,worker-8bda94727be64908b294bb3210bad8af-1544107698,True,104857601.0,314.34184975614716,2.545,10324.0,2025-01-15T12:10:13.503092436Z,2025-01-15T12:10:16.048271291Z,singapore
ee34f8ee-e376-40bf-9afc-4b6e3f4bca54,6db2c12b-b0d3-4abe-a435-252840009d29,worker-b241dbb5763b419cae47f85d86f5eb67-1544107698,True,104857601.0,150.65913514677865,5.31,19023.0,2025-01-15T12:10:22.212493917Z,2025-01-15T12:10:27.522856709Z,singapore
ee34f8ee-e376-40bf-9afc-4b6e3f4bca54,6db2c12b-b0d3-4abe-a435-252840009d29,worker-d62837405200410eae377a845d5d598d-1544107698,True,104857601.0,223.4012866879069,3.581,19049.0,2025-01-15T12:10:22.247874883Z,2025-01-15T12:10:25.829397692Z,singapore
ee34f8ee-e376-40bf-9afc-4b6e3f4bca54,6db2c12b-b0d3-4abe-a435-252840009d29,worker-87437497218946eeaea107dfcc417eb7-1544107698,True,104857601.0,317.0828409153367,2.523,19314.0,2025-01-15T12:10:22.499637375Z,2025-01-15T12:10:25.022863452Z,singapore
ee34f8ee-e376-40bf-9afc-4b6e3f4bca54,6db2c12b-b0d3-4abe-a435-252840009d29,worker-5be7ce0010b8479db5c20cc1b1c5d53d-1544107698,True,104857601.0,301.09145940135284,2.657,73432.0,2025-01-15T12:11:16.616912690Z,2025-01-15T12:11:19.274102544Z,singapore
ee34f8ee-e376-40bf-9afc-4b6e3f4bca54,6db2c12b-b0d3-4abe-a435-252840009d29,worker-202766a39fa84af6a505d272bf86d1a5-1544107698,True,104857601.0,292.0774032966026,2.739,73437.0,2025-01-15T12:11:16.616646895Z,2025-01-15T12:11:19.356171245Z,singapore
ee34f8ee-e376-40bf-9afc-4b6e3f4bca54,6db2c12b-b0d3-4abe-a435-252840009d29,worker-e50e6b441f704f4185e0ae1f70602bb2-1544107698,True,104857601.0,291.2267956422987,2.747,73438.0,2025-01-15T12:11:16.619513768Z,2025-01-15T12:11:19.366553997Z,singapore
ee34f8ee-e376-40bf-9afc-4b6e3f4bca54,6db2c12b-b0d3-4abe-a435-252840009d29,worker-b534a2afc0d040899bb323b7ab8c9e12-1544107698,True,104857601.0,87.41258824621882,9.152,74423.0,2025-01-15T12:11:17.609309623Z,2025-01-15T12:11:26.762279025Z,singapore
ee34f8ee-e376-40bf-9afc-4b6e3f4bca54,6db2c12b-b0d3-4abe-a435-252840009d29,worker-bb95341fe04e4fa2afb40e29740904a7-1544107698,True,104857601.0,362.64732893444904,2.206,113071.0,2025-01-15T12:11:56.260312026Z,2025-01-15T12:11:58.467163827Z,singapore
ee34f8ee-e376-40bf-9afc-4b6e3f4bca54,6db2c12b-b0d3-4abe-a435-252840009d29,worker-87461d5cf95f4a658cbf27e2f222bead-1544107698,True,104857601.0,257.98129881631553,3.101,114727.0,2025-01-15T12:11:57.921112763Z,2025-01-15T12:12:01.022582899Z,singapore
ee34f8ee-e376-40bf-9afc-4b6e3f4bca54,5627b82e-be74-464d-8dfe-4e52889593be,worker-39d7c8fe82fb479494b5f4b59d7dfe59-1544107698,True,104857601.0,31.20489946676267,25.637,16320.0,2025-01-15T12:12:24.726205639Z,2025-01-15T12:12:50.363854405Z,singapore
ee34f8ee-e376-40bf-9afc-4b6e3f4bca54,5627b82e-be74-464d-8dfe-4e52889593be,worker-e8896a4567b8482781145f859726add6-1544107698,True,104857601.0,27.247028630816203,29.361,18745.0,2025-01-15T12:12:27.146709809Z,2025-01-15T12:12:56.507889598Z,singapore
ee34f8ee-e376-40bf-9afc-4b6e3f4bca54,5627b82e-be74-464d-8dfe-4e52889593be,worker-7579160422424a45b4259779446e6318-1544107698,True,104857601.0,23.39797044922332,34.191,14325.0,2025-01-15T12:12:22.720113700Z,2025-01-15T12:12:56.911751144Z,singapore
ee34f8ee-e376-40bf-9afc-4b6e3f4bca54,5627b82e-be74-464d-8dfe-4e52889593be,worker-d62837405200410eae377a845d5d598d-1544107698,True,104857601.0,28.37986475679856,28.189,22998.0,2025-01-15T12:12:31.392646046Z,2025-01-15T12:12:59.582412036Z,singapore
ee34f8ee-e376-40bf-9afc-4b6e3f4bca54,5627b82e-be74-464d-8dfe-4e52889593be,worker-8e795e294a1a4a5996a5c2ccccd49d7b-1544107698,True,104857601.0,24.731050068919085,32.348,18831.0,2025-01-15T12:12:27.230034814Z,2025-01-15T12:12:59.578494892Z,singapore
ee34f8ee-e376-40bf-9afc-4b6e3f4bca54,5627b82e-be74-464d-8dfe-4e52889593be,worker-bb95341fe04e4fa2afb40e29740904a7-1544107698,True,104857601.0,21.911805193902893,36.51,18759.0,2025-01-15T12:12:27.152009591Z,2025-01-15T12:13:03.662094099Z,singapore
ee34f8ee-e376-40bf-9afc-4b6e3f4bca54,5627b82e-be74-464d-8dfe-4e52889593be,worker-b241dbb5763b419cae47f85d86f5eb67-1544107698,True,104857601.0,20.523872024151327,38.979,16333.0,2025-01-15T12:12:24.730225149Z,2025-01-15T12:13:03.710028418Z,singapore
ee34f8ee-e376-40bf-9afc-4b6e3f4bca54,5627b82e-be74-464d-8dfe-4e52889593be,worker-a1514a66c3ab42b991924d5547ee64d9-1544107698,True,102830328.0,12.847509081959286,61.065,15528.0,2025-01-15T12:12:23.930309679Z,2025-01-15T12:13:24.996005822Z,singapore
ee34f8ee-e376-40bf-9afc-4b6e3f4bca54,5627b82e-be74-464d-8dfe-4e52889593be,worker-cddb56387b4c4495a41da4ce3c494bc2-1544107698,True,104857601.0,421.71850692113577,1.897,204894.0,2025-01-15T12:15:33.288547520Z,2025-01-15T12:15:35.186275372Z,singapore
ee34f8ee-e376-40bf-9afc-4b6e3f4bca54,5627b82e-be74-464d-8dfe-4e52889593be,worker-e576d803cfc04efa81e2d9db804f04e9-1544107698,True,104857601.0,97.955186436806,8.167,206369.0,2025-01-15T12:15:34.764968567Z,2025-01-15T12:15:42.932735034Z,singapore
ee34f8ee-e376-40bf-9afc-4b6e3f4bca54,5627b82e-be74-464d-8dfe-4e52889593be,worker-b9ee999c68c146afbf680d8d57fe14b6-1544107698,True,104857601.0,73.60382810096554,10.869,230766.0,2025-01-15T12:15:59.161747789Z,2025-01-15T12:16:10.030817414Z,singapore
ee34f8ee-e376-40bf-9afc-4b6e3f4bca54,5627b82e-be74-464d-8dfe-4e52889593be,worker-7aad61a6cbb14df89fc54dafd60a6b41-1544107698,True,104857601.0,161.87778381816966,4.942,285094.0,2025-01-15T12:16:53.493551116Z,2025-01-15T12:16:58.435621584Z,singapore
ee34f8ee-e376-40bf-9afc-4b6e3f4bca54,5627b82e-be74-464d-8dfe-4e52889593be,worker-152c4dd2c5d944ce9063e91905dc9ea2-1544107698,True,104857601.0,197.57965118038885,4.049,294170.0,2025-01-15T12:17:02.569663460Z,2025-01-15T12:17:06.618721383Z,singapore
ee34f8ee-e376-40bf-9afc-4b6e3f4bca54,5627b82e-be74-464d-8dfe-4e52889593be,worker-87437497218946eeaea107dfcc417eb7-1544107698,True,104857601.0,376.6478378669466,2.124,297478.0,2025-01-15T12:17:05.875708914Z,2025-01-15T12:17:08.000091606Z,singapore
ee34f8ee-e376-40bf-9afc-4b6e3f4bca54,5627b82e-be74-464d-8dfe-4e52889593be,worker-202766a39fa84af6a505d272bf86d1a5-1544107698,True,104857601.0,177.65933991325662,4.503,295165.0,2025-01-15T12:17:03.561108173Z,2025-01-15T12:17:08.064861733Z,singapore
ee34f8ee-e376-40bf-9afc-4b6e3f4bca54,5627b82e-be74-464d-8dfe-4e52889593be,worker-1d104962d48e4c5a8ef2a10e0f8a498f-1544107698,True,104857601.0,210.19443185217932,3.806,297472.0,2025-01-15T12:17:05.881706199Z,2025-01-15T12:17:09.688685595Z,singapore
8fc0e53e-5f1e-4e7b-b539-66502407b6f1,32ac6926-9a00-42c6-a7ec-25e90c42d56c,worker-602999a3075344038554eb9bafe2dc25-1544107698,True,104857601.0,567.7785717738783,1.409,12402.0,2025-01-15T12:07:28.102969328Z,2025-01-15T12:07:29.512113882Z,singapore
8fc0e53e-5f1e-4e7b-b539-66502407b6f1,fb5f5b04-6d75-4ccb-b40a-80142bde8a67,worker-cddb56387b4c4495a41da4ce3c494bc2-1544107698,True,104857601.0,411.3110579071437,1.945,18343.0,2025-01-15T12:07:59.062189233Z,2025-01-15T12:08:01.007866586Z,singapore
8fc0e53e-5f1e-4e7b-b539-66502407b6f1,fb5f5b04-6d75-4ccb-b40a-80142bde8a67,worker-39d7c8fe82fb479494b5f4b59d7dfe59-1544107698,True,104857601.0,342.7592149226198,2.334,18117.0,2025-01-15T12:07:58.838192723Z,2025-01-15T12:08:01.172330619Z,singapore
8fc0e53e-5f1e-4e7b-b539-66502407b6f1,fb5f5b04-6d75-4ccb-b40a-80142bde8a67,worker-e8896a4567b8482781145f859726add6-1544107698,True,104857601.0,326.9309389576602,2.447,18392.0,2025-01-15T12:07:59.106670353Z,2025-01-15T12:08:01.553878854Z,singapore
8fc0e53e-5f1e-4e7b-b539-66502407b6f1,fb5f5b04-6d75-4ccb-b40a-80142bde8a67,worker-602999a3075344038554eb9bafe2dc25-1544107698,True,104857601.0,375.93985320930193,2.128,18770.0,2025-01-15T12:07:59.484204625Z,2025-01-15T12:08:01.613152006Z,singapore
8fc0e53e-5f1e-4e7b-b539-66502407b6f1,fb5f5b04-6d75-4ccb-b40a-80142bde8a67,worker-993a70f77c8f415988b8e5f3d12e9d13-1544107698,True,104857601.0,253.968256390284,3.15,18489.0,2025-01-15T12:07:59.204725227Z,2025-01-15T12:08:02.355514160Z,singapore
8fc0e53e-5f1e-4e7b-b539-66502407b6f1,fb5f5b04-6d75-4ccb-b40a-80142bde8a67,worker-e576d803cfc04efa81e2d9db804f04e9-1544107698,True,104857601.0,200.00000190734863,4.0,18613.0,2025-01-15T12:07:59.330134870Z,2025-01-15T12:08:03.331110280Z,singapore
8fc0e53e-5f1e-4e7b-b539-66502407b6f1,fb5f5b04-6d75-4ccb-b40a-80142bde8a67,worker-1d104962d48e4c5a8ef2a10e0f8a498f-1544107698,True,104857601.0,166.94490977241122,4.792,18685.0,2025-01-15T12:07:59.405573349Z,2025-01-15T12:08:04.197689470Z,singapore
8fc0e53e-5f1e-4e7b-b539-66502407b6f1,fb5f5b04-6d75-4ccb-b40a-80142bde8a67,worker-a1514a66c3ab42b991924d5547ee64d9-1544107698,True,104857601.0,56.6813098788008,14.114,18489.0,2025-01-15T12:07:59.214267400Z,2025-01-15T12:08:13.328301502Z,singapore
8fc0e53e-5f1e-4e7b-b539-66502407b6f1,6988371a-a726-410d-81ef-fd22528b3e2d,worker-a1514a66c3ab42b991924d5547ee64d9-1544107698,True,104857601.0,244.20024652911923,3.276,15260.0,2025-01-15T12:08:36.016297845Z,2025-01-15T12:08:39.292592138Z,singapore
8fc0e53e-5f1e-4e7b-b539-66502407b6f1,6988371a-a726-410d-81ef-fd22528b3e2d,worker-e8896a4567b8482781145f859726add6-1544107698,True,104857601.0,358.42294248628787,2.232,18656.0,2025-01-15T12:08:39.412304178Z,2025-01-15T12:08:41.645181539Z,singapore
8fc0e53e-5f1e-4e7b-b539-66502407b6f1,6988371a-a726-410d-81ef-fd22528b3e2d,worker-1d104962d48e4c5a8ef2a10e0f8a498f-1544107698,True,104857601.0,373.6571731104131,2.141,15455.0,2025-01-15T12:08:36.213232327Z,2025-01-15T12:08:38.354335459Z,singapore
8fc0e53e-5f1e-4e7b-b539-66502407b6f1,6988371a-a726-410d-81ef-fd22528b3e2d,worker-39d7c8fe82fb479494b5f4b59d7dfe59-1544107698,True,104857601.0,286.84116444223537,2.789,18774.0,2025-01-15T12:08:39.530973145Z,2025-01-15T12:08:42.320170124Z,singapore
8fc0e53e-5f1e-4e7b-b539-66502407b6f1,6988371a-a726-410d-81ef-fd22528b3e2d,worker-8bda94727be64908b294bb3210bad8af-1544107698,True,104857601.0,438.837085918483,1.823,18409.0,2025-01-15T12:08:39.168235299Z,2025-01-15T12:08:40.991286735Z,singapore
8fc0e53e-5f1e-4e7b-b539-66502407b6f1,6988371a-a726-410d-81ef-fd22528b3e2d,worker-993a70f77c8f415988b8e5f3d12e9d13-1544107698,True,104857601.0,361.1738183428418,2.215,18657.0,2025-01-15T12:08:39.418216383Z,2025-01-15T12:08:41.633670805Z,singapore
8fc0e53e-5f1e-4e7b-b539-66502407b6f1,6988371a-a726-410d-81ef-fd22528b3e2d,worker-e1f54df62b8b4ffeb5b056d28c2951fa-1544107698,True,104857601.0,221.91401043811223,3.605,18723.0,2025-01-15T12:08:39.481267542Z,2025-01-15T12:08:43.086302123Z,singapore
8fc0e53e-5f1e-4e7b-b539-66502407b6f1,6988371a-a726-410d-81ef-fd22528b3e2d,worker-602999a3075344038554eb9bafe2dc25-1544107698,True,104857601.0,206.9857717023013,3.865,18770.0,2025-01-15T12:08:39.530353865Z,2025-01-15T12:08:43.395886792Z,singapore
8fc0e53e-5f1e-4e7b-b539-66502407b6f1,6988371a-a726-410d-81ef-fd22528b3e2d,worker-cddb56387b4c4495a41da4ce3c494bc2-1544107698,True,104857601.0,170.10419043788954,4.703,18661.0,2025-01-15T12:08:39.423918440Z,2025-01-15T12:08:44.126989989Z,singapore
8fc0e53e-5f1e-4e7b-b539-66502407b6f1,6988371a-a726-410d-81ef-fd22528b3e2d,worker-e576d803cfc04efa81e2d9db804f04e9-1544107698,True,104857601.0,524.2464008056321,1.526,24523.0,2025-01-15T12:08:45.284177766Z,2025-01-15T12:08:46.810304875Z,singapore
00ffb82c-e6d6-4d78-a278-acb216fde739,ddea949b-6ed9-478d-b55e-c0f42d037d5d,worker-f950c8308b2f4e50910211abf240715d-1544107698,True,104857601.0,89.76660767834318,8.912,12816.0,2025-01-15T12:04:31.094306979Z,2025-01-15T12:04:40.006703919Z,us_east
00ffb82c-e6d6-4d78-a278-acb216fde739,5ff8f49b-108a-4e37-b347-fb6131e34b9a,worker-e9d73a5bde1c44089f135fd3e0cdb30d-1544107698,True,104857601.0,94.5626486559568,8.46,15080.0,2025-01-15T12:05:03.386759083Z,2025-01-15T12:05:11.847514707Z,us_east
00ffb82c-e6d6-4d78-a278-acb216fde739,5ff8f49b-108a-4e37-b347-fb6131e34b9a,worker-7d288ab040604c169b6247e86847cf93-1544107698,True,104857601.0,92.31479432603214,8.666,14903.0,2025-01-15T12:05:03.210579989Z,2025-01-15T12:05:11.876909816Z,us_east
00ffb82c-e6d6-4d78-a278-acb216fde739,5ff8f49b-108a-4e37-b347-fb6131e34b9a,worker-84ff3cd2af79471397a57af8e6c2e0b8-1544107698,True,104857601.0,94.01809938058462,8.509,15142.0,2025-01-15T12:05:03.447066962Z,2025-01-15T12:05:11.956546749Z,us_east
00ffb82c-e6d6-4d78-a278-acb216fde739,5ff8f49b-108a-4e37-b347-fb6131e34b9a,worker-9b9ec54584e24bc7824aab7396263f58-1544107698,True,104857601.0,91.42857230050224,8.75,20643.0,2025-01-15T12:05:08.954076219Z,2025-01-15T12:05:17.704830833Z,us_east
00ffb82c-e6d6-4d78-a278-acb216fde739,5ff8f49b-108a-4e37-b347-fb6131e34b9a,worker-f950c8308b2f4e50910211abf240715d-1544107698,True,104857601.0,90.19165813183704,8.87,20732.0,2025-01-15T12:05:09.036803495Z,2025-01-15T12:05:17.907790742Z,us_east
00ffb82c-e6d6-4d78-a278-acb216fde739,5ff8f49b-108a-4e37-b347-fb6131e34b9a,worker-d819ee758e264a30a8f08d6b4024deeb-1544107698,True,104857601.0,91.13693411134592,8.778,20874.0,2025-01-15T12:05:09.197155849Z,2025-01-15T12:05:17.975208623Z,us_east
00ffb82c-e6d6-4d78-a278-acb216fde739,5ff8f49b-108a-4e37-b347-fb6131e34b9a,worker-8ecd897a813b4fde8c6114785e5837a7-1544107698,True,104857601.0,89.5054830643762,8.938,26582.0,2025-01-15T12:05:14.893133748Z,2025-01-15T12:05:23.832113531Z,us_east
00ffb82c-e6d6-4d78-a278-acb216fde739,5ff8f49b-108a-4e37-b347-fb6131e34b9a,worker-a7beffb94e8d4ff69eeb559cf7f3be81-1544107698,True,104857601.0,88.15427081315643,9.075,27347.0,2025-01-15T12:05:15.659212943Z,2025-01-15T12:05:24.734870261Z,us_east
00ffb82c-e6d6-4d78-a278-acb216fde739,b91b634a-fe96-42da-a539-6f1ba5fe66ea,worker-84ff3cd2af79471397a57af8e6c2e0b8-1544107698,True,104857601.0,90.22217295921897,8.867,17339.0,2025-01-15T12:05:50.694743327Z,2025-01-15T12:05:59.562290038Z,us_east
00ffb82c-e6d6-4d78-a278-acb216fde739,b91b634a-fe96-42da-a539-6f1ba5fe66ea,worker-d819ee758e264a30a8f08d6b4024deeb-1544107698,True,104857601.0,90.18149110916409,8.871,17432.0,2025-01-15T12:05:50.798926434Z,2025-01-15T12:05:59.670426415Z,us_east
00ffb82c-e6d6-4d78-a278-acb216fde739,b91b634a-fe96-42da-a539-6f1ba5fe66ea,worker-7d288ab040604c169b6247e86847cf93-1544107698,True,104857601.0,89.4954701453624,8.939,17417.0,2025-01-15T12:05:50.776915586Z,2025-01-15T12:05:59.716328613Z,us_east
00ffb82c-e6d6-4d78-a278-acb216fde739,b91b634a-fe96-42da-a539-6f1ba5fe66ea,worker-2a79c4e590064c94b86daeb89fdb6b75-1544107698,True,104857601.0,90.71323365794244,8.819,17769.0,2025-01-15T12:05:51.131383617Z,2025-01-15T12:05:59.951103528Z,us_east
00ffb82c-e6d6-4d78-a278-acb216fde739,b91b634a-fe96-42da-a539-6f1ba5fe66ea,worker-e9d73a5bde1c44089f135fd3e0cdb30d-1544107698,True,104857601.0,90.63101933039476,8.827,17842.0,2025-01-15T12:05:51.201632817Z,2025-01-15T12:06:00.028911249Z,us_east
00ffb82c-e6d6-4d78-a278-acb216fde739,b91b634a-fe96-42da-a539-6f1ba5fe66ea,worker-f950c8308b2f4e50910211abf240715d-1544107698,True,104857601.0,90.07994681110172,8.881,17881.0,2025-01-15T12:05:51.237856188Z,2025-01-15T12:06:00.119616451Z,us_east
00ffb82c-e6d6-4d78-a278-acb216fde739,b91b634a-fe96-42da-a539-6f1ba5fe66ea,worker-9b9ec54584e24bc7824aab7396263f58-1544107698,True,104857601.0,88.68196515124647,9.021,17859.0,2025-01-15T12:05:51.222817394Z,2025-01-15T12:06:00.244778417Z,us_east
00ffb82c-e6d6-4d78-a278-acb216fde739,b91b634a-fe96-42da-a539-6f1ba5fe66ea,worker-8ecd897a813b4fde8c6114785e5837a7-1544107698,True,104857601.0,71.2567923425131,11.227,18172.0,2025-01-15T12:05:51.529032936Z,2025-01-15T12:06:02.756314578Z,us_east
00ffb82c-e6d6-4d78-a278-acb216fde739,b91b634a-fe96-42da-a539-6f1ba5fe66ea,worker-a7beffb94e8d4ff69eeb559cf7f3be81-1544107698,True,104857601.0,89.24587322951746,8.964,34969.0,2025-01-15T12:06:08.326441970Z,2025-01-15T12:06:17.291330022Z,us_east
00ffb82c-e6d6-4d78-a278-acb216fde739,b91b634a-fe96-42da-a539-6f1ba5fe66ea,worker-325d90d5b87f445e93a70455e8dc6b92-1544107698,True,104857601.0,84.06893732969678,9.516,35473.0,2025-01-15T12:06:08.831111702Z,2025-01-15T12:06:18.347125004Z,us_east
109e43f4-dc51-44df-8ce6-591ec169a130,1a9e34d9-1e51-40c9-8bc6-d4cd635fb933,worker-d819ee758e264a30a8f08d6b4024deeb-1544107698,True,104857601.0,338.1234182710881,2.366,10242.0,2025-01-15T12:01:38.329084973Z,2025-01-15T12:01:40.695969712Z,us_east
109e43f4-dc51-44df-8ce6-591ec169a130,a284911b-2e5f-48be-82ba-7ba0b3e36ff9,worker-84ff3cd2af79471397a57af8e6c2e0b8-1544107698,True,104857601.0,783.5455510571935,1.021,10023.0,2025-01-15T12:01:58.149668097Z,2025-01-15T12:01:59.171638252Z,us_east
109e43f4-dc51-44df-8ce6-591ec169a130,a284911b-2e5f-48be-82ba-7ba0b3e36ff9,worker-f950c8308b2f4e50910211abf240715d-1544107698,True,104857601.0,785.0834225999947,1.019,10019.0,2025-01-15T12:01:58.153654184Z,2025-01-15T12:01:59.173318608Z,us_east
109e43f4-dc51-44df-8ce6-591ec169a130,a284911b-2e5f-48be-82ba-7ba0b3e36ff9,worker-d819ee758e264a30a8f08d6b4024deeb-1544107698,True,104857601.0,778.2101241531075,1.028,10016.0,2025-01-15T12:01:58.147312303Z,2025-01-15T12:01:59.175314385Z,us_east
109e43f4-dc51-44df-8ce6-591ec169a130,a284911b-2e5f-48be-82ba-7ba0b3e36ff9,worker-7d288ab040604c169b6247e86847cf93-1544107698,True,104857601.0,779.7271029526262,1.026,10018.0,2025-01-15T12:01:58.151456338Z,2025-01-15T12:01:59.178238210Z,us_east
109e43f4-dc51-44df-8ce6-591ec169a130,a284911b-2e5f-48be-82ba-7ba0b3e36ff9,worker-9b9ec54584e24bc7824aab7396263f58-1544107698,True,104857601.0,787.4015823123962,1.016,10029.0,2025-01-15T12:01:58.162460640Z,2025-01-15T12:01:59.178941201Z,us_east
109e43f4-dc51-44df-8ce6-591ec169a130,a284911b-2e5f-48be-82ba-7ba0b3e36ff9,worker-e9d73a5bde1c44089f135fd3e0cdb30d-1544107698,True,104857601.0,781.2500074505806,1.024,10034.0,2025-01-15T12:01:58.161957644Z,2025-01-15T12:01:59.186582122Z,us_east
109e43f4-dc51-44df-8ce6-591ec169a130,a284911b-2e5f-48be-82ba-7ba0b3e36ff9,worker-8ecd897a813b4fde8c6114785e5837a7-1544107698,True,104857601.0,761.1798359937151,1.051,10017.0,2025-01-15T12:01:58.143345196Z,2025-01-15T12:01:59.194832481Z,us_east
109e43f4-dc51-44df-8ce6-591ec169a130,a284911b-2e5f-48be-82ba-7ba0b3e36ff9,worker-a7beffb94e8d4ff69eeb559cf7f3be81-1544107698,True,104857601.0,769.2307765667255,1.04,10026.0,2025-01-15T12:01:58.161396439Z,2025-01-15T12:01:59.201483420Z,us_east
109e43f4-dc51-44df-8ce6-591ec169a130,68bc358f-de47-4166-bc82-fe7992c054cd,worker-7d288ab040604c169b6247e86847cf93-1544107698,True,104857601.0,780.4878123213606,1.025,10020.0,2025-01-15T12:02:18.181855186Z,2025-01-15T12:02:19.207717157Z,us_east
109e43f4-dc51-44df-8ce6-591ec169a130,68bc358f-de47-4166-bc82-fe7992c054cd,worker-8ecd897a813b4fde8c6114785e5837a7-1544107698,True,104857601.0,782.0136926973554,1.023,10024.0,2025-01-15T12:02:18.185805479Z,2025-01-15T12:02:19.209144621Z,us_east
109e43f4-dc51-44df-8ce6-591ec169a130,68bc358f-de47-4166-bc82-fe7992c054cd,worker-f950c8308b2f4e50910211abf240715d-1544107698,True,104857601.0,784.3137329699946,1.02,10026.0,2025-01-15T12:02:18.188740127Z,2025-01-15T12:02:19.209105348Z,us_east
109e43f4-dc51-44df-8ce6-591ec169a130,68bc358f-de47-4166-bc82-fe7992c054cd,worker-9b9ec54584e24bc7824aab7396263f58-1544107698,True,104857601.0,782.0136926973554,1.023,10024.0,2025-01-15T12:02:18.187653222Z,2025-01-15T12:02:19.211372291Z,us_east
109e43f4-dc51-44df-8ce6-591ec169a130,68bc358f-de47-4166-bc82-fe7992c054cd,worker-84ff3cd2af79471397a57af8e6c2e0b8-1544107698,True,104857601.0,778.9678750042791,1.027,10017.0,2025-01-15T12:02:18.185258289Z,2025-01-15T12:02:19.212583052Z,us_east
109e43f4-dc51-44df-8ce6-591ec169a130,68bc358f-de47-4166-bc82-fe7992c054cd,worker-325d90d5b87f445e93a70455e8dc6b92-1544107698,True,104857601.0,767.754325939918,1.042,10012.0,2025-01-15T12:02:18.178769094Z,2025-01-15T12:02:19.221158957Z,us_east
109e43f4-dc51-44df-8ce6-591ec169a130,68bc358f-de47-4166-bc82-fe7992c054cd,worker-a7beffb94e8d4ff69eeb559cf7f3be81-1544107698,True,104857601.0,767.018223997502,1.043,10019.0,2025-01-15T12:02:18.181868279Z,2025-01-15T12:02:19.225082695Z,us_east
109e43f4-dc51-44df-8ce6-591ec169a130,68bc358f-de47-4166-bc82-fe7992c054cd,worker-e9d73a5bde1c44089f135fd3e0cdb30d-1544107698,True,104857601.0,767.018223997502,1.043,10023.0,2025-01-15T12:02:18.185974073Z,2025-01-15T12:02:19.229669743Z,us_east
109e43f4-dc51-44df-8ce6-591ec169a130,68bc358f-de47-4166-bc82-fe7992c054cd,worker-2a79c4e590064c94b86daeb89fdb6b75-1544107698,True,104857601.0,785.0834225999947,1.019,10053.0,2025-01-15T12:02:18.217532514Z,2025-01-15T12:02:19.237441314Z,us_east
109e43f4-dc51-44df-8ce6-591ec169a130,68bc358f-de47-4166-bc82-fe7992c054cd,worker-d819ee758e264a30a8f08d6b4024deeb-1544107698,True,104857601.0,747.6635585321444,1.07,10023.0,2025-01-15T12:02:18.182731339Z,2025-01-15T12:02:19.253321112Z,us_east
40f92fe0-aa82-402f-8fce-9486841745aa,a8c391d3-767a-46d3-a6fc-7f5ab43749d4,worker-82bc56ba50f947e88a2af6c26facc860-1544107698,True,104857601.0,47.04498721725343,17.005,10915.0,2025-01-13T13:15:45.912082016Z,2025-01-13T13:16:02.917768279Z,us_east
40f92fe0-aa82-402f-8fce-9486841745aa,fcdd8b6c-1e1d-4714-87ba-dbbe94bbfe46,worker-2bb55820e08d4b73b33a984e3dc33631-1544107698,True,104857601.0,43.905384316414825,18.221,11382.0,2025-01-13T13:16:21.420529907Z,2025-01-13T13:16:39.642039584Z,us_east
40f92fe0-aa82-402f-8fce-9486841745aa,fcdd8b6c-1e1d-4714-87ba-dbbe94bbfe46,worker-7501fb23976a4df39f97f2c6e1595f7e-1544107698,True,104857601.0,43.85484089625011,18.242,11499.0,2025-01-13T13:16:21.532376830Z,2025-01-13T13:16:39.774432174Z,us_east
40f92fe0-aa82-402f-8fce-9486841745aa,fcdd8b6c-1e1d-4714-87ba-dbbe94bbfe46,worker-3ab9affb0bd14884bf828e32075df7d5-1544107698,True,104857601.0,41.343669644929946,19.35,11036.0,2025-01-13T13:16:21.078219302Z,2025-01-13T13:16:40.428498558Z,us_east
40f92fe0-aa82-402f-8fce-9486841745aa,fcdd8b6c-1e1d-4714-87ba-dbbe94bbfe46,worker-0fe89cf787324cf48d221ebef7a57aa0-1544107698,True,104857601.0,33.14276276532416,24.138,10910.0,2025-01-13T13:16:20.951180083Z,2025-01-13T13:16:45.089359993Z,us_east
40f92fe0-aa82-402f-8fce-9486841745aa,fcdd8b6c-1e1d-4714-87ba-dbbe94bbfe46,worker-6994a2026c6b42309660a689e7134c40-1544107698,True,104857601.0,30.21376265689986,26.478,11624.0,2025-01-13T13:16:21.665919095Z,2025-01-13T13:16:48.144016340Z,us_east
40f92fe0-aa82-402f-8fce-9486841745aa,fcdd8b6c-1e1d-4714-87ba-dbbe94bbfe46,worker-e103e2eb381f41e7a34a107b0fa63ea1-1544107698,True,104857601.0,26.314058536589517,30.402,11878.0,2025-01-13T13:16:21.911157369Z,2025-01-13T13:16:52.314068017Z,us_east
40f92fe0-aa82-402f-8fce-9486841745aa,fcdd8b6c-1e1d-4714-87ba-dbbe94bbfe46,worker-d1ff53d716f142f5ba87ab2116f72493-1544107698,True,8329694.0,1.0585755047237555,60.034,11172.0,2025-01-13T13:16:21.205139842Z,2025-01-13T13:17:21.239365980Z,us_east
40f92fe0-aa82-402f-8fce-9486841745aa,fcdd8b6c-1e1d-4714-87ba-dbbe94bbfe46,worker-82bc56ba50f947e88a2af6c26facc860-1544107698,True,7906878.0,1.0050095257307232,60.024,11284.0,2025-01-13T13:16:21.321830245Z,2025-01-13T13:17:21.345965709Z,us_east
40f92fe0-aa82-402f-8fce-9486841745aa,43ee8332-acdb-465f-be2d-c2779979d1af,worker-6994a2026c6b42309660a689e7134c40-1544107698,True,104857601.0,53.98110712748951,14.82,12029.0,2025-01-13T13:17:42.127165665Z,2025-01-13T13:17:56.947228456Z,us_east
40f92fe0-aa82-402f-8fce-9486841745aa,43ee8332-acdb-465f-be2d-c2779979d1af,worker-0fe89cf787324cf48d221ebef7a57aa0-1544107698,True,104857601.0,36.02629954198841,22.206,11165.0,2025-01-13T13:17:41.262074516Z,2025-01-13T13:18:03.468626298Z,us_east
40f92fe0-aa82-402f-8fce-9486841745aa,43ee8332-acdb-465f-be2d-c2779979d1af,worker-3ab9affb0bd14884bf828e32075df7d5-1544107698,True,104857601.0,34.51102228676047,23.181,11041.0,2025-01-13T13:17:41.136713399Z,2025-01-13T13:18:04.317733906Z,us_east
40f92fe0-aa82-402f-8fce-9486841745aa,43ee8332-acdb-465f-be2d-c2779979d1af,worker-2bb55820e08d4b73b33a984e3dc33631-1544107698,True,104857601.0,33.45041008652762,23.916,11506.0,2025-01-13T13:17:41.601565370Z,2025-01-13T13:18:05.517683885Z,us_east
40f92fe0-aa82-402f-8fce-9486841745aa,43ee8332-acdb-465f-be2d-c2779979d1af,worker-d2b73c00c10042c5b46b0c38cd746a29-1544107698,True,104857601.0,32.172444608276145,24.866,10911.0,2025-01-13T13:17:41.012947371Z,2025-01-13T13:18:05.879141630Z,us_east
40f92fe0-aa82-402f-8fce-9486841745aa,43ee8332-acdb-465f-be2d-c2779979d1af,worker-e103e2eb381f41e7a34a107b0fa63ea1-1544107698,True,104857601.0,27.792253174549053,28.785,12264.0,2025-01-13T13:17:42.364329332Z,2025-01-13T13:18:11.149394845Z,us_east
40f92fe0-aa82-402f-8fce-9486841745aa,43ee8332-acdb-465f-be2d-c2779979d1af,worker-7501fb23976a4df39f97f2c6e1595f7e-1544107698,True,104857601.0,26.37043898966261,30.337,12150.0,2025-01-13T13:17:42.247316086Z,2025-01-13T13:18:12.584827645Z,us_east
40f92fe0-aa82-402f-8fce-9486841745aa,43ee8332-acdb-465f-be2d-c2779979d1af,worker-cec6abfb88e24b0bb4fc30086c4bedd7-1544107698,True,11674574.0,1.4830158346698874,60.06,11281.0,2025-01-13T13:17:41.380829134Z,2025-01-13T13:18:41.441658294Z,us_east
40f92fe0-aa82-402f-8fce-9486841745aa,43ee8332-acdb-465f-be2d-c2779979d1af,worker-82bc56ba50f947e88a2af6c26facc860-1544107698,True,6560238.0,0.8329973191461835,60.085,11396.0,2025-01-13T13:17:41.500734881Z,2025-01-13T13:18:41.586160854Z,us_east
40f92fe0-aa82-402f-8fce-9486841745aa,43ee8332-acdb-465f-be2d-c2779979d1af,worker-d1ff53d716f142f5ba87ab2116f72493-1544107698,True,9382390.0,1.191682009656634,60.068,11857.0,2025-01-13T13:17:41.952272671Z,2025-01-13T13:18:42.021086673Z,us_east
f6f76215-da14-4f20-872c-8a890bf9aaad,21bf35ec-94e3-48f4-ba8b-30fef1983681,worker-bd0e90f8cfc34b56a88d3ffef54df0aa-1544107698,True,104857601.0,149.30944524624758,5.358,10543.0,2025-01-13T13:13:35.402691046Z,2025-01-13T13:13:40.760920244Z,singapore
f6f76215-da14-4f20-872c-8a890bf9aaad,bafa95e1-0d90-4f71-aa04-0e1ea092462e,worker-3ac03f864f024837b456c7c0fc6d4c3e-1544107698,True,104857601.0,119.2783670239145,6.707,11578.0,2025-01-13T13:14:01.466822652Z,2025-01-13T13:14:08.173927237Z,singapore
f6f76215-da14-4f20-872c-8a890bf9aaad,bafa95e1-0d90-4f71-aa04-0e1ea092462e,worker-b34593b2e8884a15bb1e68287655209f-1544107698,True,104857601.0,94.910429188444,8.429,10752.0,2025-01-13T13:14:00.644215587Z,2025-01-13T13:14:09.074201394Z,singapore
f6f76215-da14-4f20-872c-8a890bf9aaad,bafa95e1-0d90-4f71-aa04-0e1ea092462e,worker-0bc923d592cf4923ac745547a2575c8a-1544107698,True,104857601.0,57.142857687813894,14.0,10428.0,2025-01-13T13:14:00.317280606Z,2025-01-13T13:14:14.317620898Z,singapore
f6f76215-da14-4f20-872c-8a890bf9aaad,bafa95e1-0d90-4f71-aa04-0e1ea092462e,worker-0d969b026759411dae564de798730659-1544107698,True,104857601.0,40.95004134057097,19.536,10624.0,2025-01-13T13:14:00.514914544Z,2025-01-13T13:14:20.051388337Z,singapore
f6f76215-da14-4f20-872c-8a890bf9aaad,bafa95e1-0d90-4f71-aa04-0e1ea092462e,worker-61cd8ec6daaf494d97fb8d41a3b73be0-1544107698,True,104857601.0,39.70223362925035,20.15,10859.0,2025-01-13T13:14:00.766076153Z,2025-01-13T13:14:20.916777072Z,singapore
f6f76215-da14-4f20-872c-8a890bf9aaad,bafa95e1-0d90-4f71-aa04-0e1ea092462e,worker-bd0e90f8cfc34b56a88d3ffef54df0aa-1544107698,True,104857601.0,34.99256441384807,22.862,10984.0,2025-01-13T13:14:00.882727733Z,2025-01-13T13:14:23.745523458Z,singapore
f6f76215-da14-4f20-872c-8a890bf9aaad,bafa95e1-0d90-4f71-aa04-0e1ea092462e,worker-50d1cc4b17064a848d27b7e7aa902ccd-1544107698,True,104857601.0,34.37755178674722,23.271,11107.0,2025-01-13T13:14:00.999643149Z,2025-01-13T13:14:24.270896947Z,singapore
f6f76215-da14-4f20-872c-8a890bf9aaad,bafa95e1-0d90-4f71-aa04-0e1ea092462e,worker-22d212959fda4b9a8190cfa016a60fa6-1544107698,True,104857601.0,27.91639067695134,28.657,11373.0,2025-01-13T13:14:01.272855051Z,2025-01-13T13:14:29.930137007Z,singapore
f6f76215-da14-4f20-872c-8a890bf9aaad,879d1cb2-9800-4663-a9b6-4aa27d92815a,worker-22d212959fda4b9a8190cfa016a60fa6-1544107698,True,104857601.0,56.073456762416384,14.267,11876.0,2025-01-13T13:14:51.813939178Z,2025-01-13T13:15:06.080948380Z,singapore
f6f76215-da14-4f20-872c-8a890bf9aaad,879d1cb2-9800-4663-a9b6-4aa27d92815a,worker-61cd8ec6daaf494d97fb8d41a3b73be0-1544107698,True,104857601.0,45.488145086108744,17.587,10500.0,2025-01-13T13:14:50.446181244Z,2025-01-13T13:15:08.033926695Z,singapore
f6f76215-da14-4f20-872c-8a890bf9aaad,879d1cb2-9800-4663-a9b6-4aa27d92815a,worker-f1ee4ce68fb1439992d26a174e7c888d-1544107698,True,104857601.0,45.4959058023996,17.584,11096.0,2025-01-13T13:14:51.034075133Z,2025-01-13T13:15:08.618801160Z,singapore
f6f76215-da14-4f20-872c-8a890bf9aaad,879d1cb2-9800-4663-a9b6-4aa27d92815a,worker-0bc923d592cf4923ac745547a2575c8a-1544107698,True,104857601.0,37.60105318807081,21.276,11625.0,2025-01-13T13:14:51.569409452Z,2025-01-13T13:15:12.845805417Z,singapore
f6f76215-da14-4f20-872c-8a890bf9aaad,879d1cb2-9800-4663-a9b6-4aa27d92815a,worker-2e9760ff2c324641afbcbdd42cd97ec9-1544107698,True,104857601.0,37.26997473232679,21.465,11750.0,2025-01-13T13:14:51.687816800Z,2025-01-13T13:15:13.153532659Z,singapore
f6f76215-da14-4f20-872c-8a890bf9aaad,879d1cb2-9800-4663-a9b6-4aa27d92815a,worker-bd0e90f8cfc34b56a88d3ffef54df0aa-1544107698,True,104857601.0,33.31112623373562,24.016,10627.0,2025-01-13T13:14:50.566219131Z,2025-01-13T13:15:14.582810380Z,singapore
f6f76215-da14-4f20-872c-8a890bf9aaad,879d1cb2-9800-4663-a9b6-4aa27d92815a,worker-3ac03f864f024837b456c7c0fc6d4c3e-1544107698,True,104857601.0,33.04010273941248,24.213,10867.0,2025-01-13T13:14:50.804230294Z,2025-01-13T13:15:15.017709044Z,singapore
f6f76215-da14-4f20-872c-8a890bf9aaad,879d1cb2-9800-4663-a9b6-4aa27d92815a,worker-b34593b2e8884a15bb1e68287655209f-1544107698,True,104857601.0,33.033281345668286,24.218,10984.0,2025-01-13T13:14:50.921212721Z,2025-01-13T13:15:15.139856987Z,singapore
f6f76215-da14-4f20-872c-8a890bf9aaad,879d1cb2-9800-4663-a9b6-4aa27d92815a,worker-50d1cc4b17064a848d27b7e7aa902ccd-1544107698,True,104857601.0,31.2109865648172,25.632,10744.0,2025-01-13T13:14:50.683494884Z,2025-01-13T13:15:16.315694264Z,singapore
f6f76215-da14-4f20-872c-8a890bf9aaad,879d1cb2-9800-4663-a9b6-4aa27d92815a,worker-0d969b026759411dae564de798730659-1544107698,True,104857601.0,28.93832547040675,27.645,11531.0,2025-01-13T13:14:51.466686127Z,2025-01-13T13:15:19.112088379Z,singapore
45211aa4-334d-4511-a2d5-64dd635af558,7740ad43-21c7-464e-b7f9-fcd63e3621d8,worker-f2a7953884d944f0911eaeddc5121cab-1544107698,True,104857601.0,120.5727215718756,6.635,10645.0,2025-01-13T13:11:20.365242862Z,2025-01-13T13:11:27.000999452Z,hong_kong
45211aa4-334d-4511-a2d5-64dd635af558,bdf27886-2456-4282-9e3d-f02f911d58d8,worker-4d801bd471204680b066c4ab29059ea3-1544107698,True,104857601.0,113.84659280338616,7.027,10839.0,2025-01-13T13:11:45.583133173Z,2025-01-13T13:11:52.610626636Z,hong_kong
45211aa4-334d-4511-a2d5-64dd635af558,bdf27886-2456-4282-9e3d-f02f911d58d8,worker-a3f82edb11e544cf840e3bb3a40c0cb8-1544107698,True,104857601.0,62.07806375645181,12.887,10592.0,2025-01-13T13:11:45.344927076Z,2025-01-13T13:11:58.232208825Z,hong_kong
45211aa4-334d-4511-a2d5-64dd635af558,bdf27886-2456-4282-9e3d-f02f911d58d8,worker-d8474c22329a4f9c9d8b5b15a4050c16-1544107698,True,104857601.0,51.026917185189085,15.678,10723.0,2025-01-13T13:11:45.466859318Z,2025-01-13T13:12:01.145600531Z,hong_kong
45211aa4-334d-4511-a2d5-64dd635af558,bdf27886-2456-4282-9e3d-f02f911d58d8,worker-4940465561d9498f9a9b83cd3df83fe0-1544107698,True,104857601.0,49.782203337236744,16.07,11071.0,2025-01-13T13:11:45.822167588Z,2025-01-13T13:12:01.892523855Z,hong_kong
45211aa4-334d-4511-a2d5-64dd635af558,bdf27886-2456-4282-9e3d-f02f911d58d8,worker-f2a7953884d944f0911eaeddc5121cab-1544107698,True,104857601.0,27.117725081502137,29.501,11188.0,2025-01-13T13:11:45.945091932Z,2025-01-13T13:12:15.446667854Z,hong_kong
45211aa4-334d-4511-a2d5-64dd635af558,bdf27886-2456-4282-9e3d-f02f911d58d8,worker-6ba82886da384cb68456c19752df579e-1544107698,True,104857601.0,25.7549419750626,31.062,11476.0,2025-01-13T13:11:46.219963566Z,2025-01-13T13:12:17.282946117Z,hong_kong
45211aa4-334d-4511-a2d5-64dd635af558,bdf27886-2456-4282-9e3d-f02f911d58d8,worker-6c1fa2e01c5f4bcd9f283752264af4cd-1544107698,True,104857601.0,25.56890845146365,31.288,11740.0,2025-01-13T13:11:46.482666620Z,2025-01-13T13:12:17.770687152Z,hong_kong
45211aa4-334d-4511-a2d5-64dd635af558,bdf27886-2456-4282-9e3d-f02f911d58d8,worker-36e2402f87ac4e3084dc0fa5884a54d2-1544107698,True,104857601.0,23.927022809313428,33.435,10941.0,2025-01-13T13:11:45.703253331Z,2025-01-13T13:12:19.138993945Z,hong_kong
45211aa4-334d-4511-a2d5-64dd635af558,853a7f44-64ed-4e31-8a47-80cb2c366ede,worker-f2a7953884d944f0911eaeddc5121cab-1544107698,True,104857601.0,61.25574331006083,13.06,11864.0,2025-01-13T13:12:41.661664553Z,2025-01-13T13:12:54.722321932Z,hong_kong
45211aa4-334d-4511-a2d5-64dd635af558,853a7f44-64ed-4e31-8a47-80cb2c366ede,worker-6ba82886da384cb68456c19752df579e-1544107698,True,104857601.0,45.22073413766291,17.691,10603.0,2025-01-13T13:12:40.398090271Z,2025-01-13T13:12:58.089630638Z,hong_kong
45211aa4-334d-4511-a2d5-64dd635af558,853a7f44-64ed-4e31-8a47-80cb2c366ede,worker-4940465561d9498f9a9b83cd3df83fe0-1544107698,True,104857601.0,45.68035217435017,17.513,11551.0,2025-01-13T13:12:41.356095896Z,2025-01-13T13:12:58.870023433Z,hong_kong
45211aa4-334d-4511-a2d5-64dd635af558,853a7f44-64ed-4e31-8a47-80cb2c366ede,worker-a3f82edb11e544cf840e3bb3a40c0cb8-1544107698,True,104857601.0,43.39100762756384,18.437,11078.0,2025-01-13T13:12:40.874678848Z,2025-01-13T13:12:59.312583164Z,hong_kong
45211aa4-334d-4511-a2d5-64dd635af558,853a7f44-64ed-4e31-8a47-80cb2c366ede,worker-6c1fa2e01c5f4bcd9f283752264af4cd-1544107698,True,104857601.0,44.43210261757259,18.005,11738.0,2025-01-13T13:12:41.537363091Z,2025-01-13T13:12:59.542868439Z,hong_kong
45211aa4-334d-4511-a2d5-64dd635af558,853a7f44-64ed-4e31-8a47-80cb2c366ede,worker-36e2402f87ac4e3084dc0fa5884a54d2-1544107698,True,104857601.0,34.08606764505303,23.47,10720.0,2025-01-13T13:12:40.521302452Z,2025-01-13T13:13:03.992184957Z,hong_kong
45211aa4-334d-4511-a2d5-64dd635af558,853a7f44-64ed-4e31-8a47-80cb2c366ede,worker-d8474c22329a4f9c9d8b5b15a4050c16-1544107698,True,104857601.0,29.46918656313385,27.147,11968.0,2025-01-13T13:12:41.767117490Z,2025-01-13T13:13:08.914162054Z,hong_kong
45211aa4-334d-4511-a2d5-64dd635af558,853a7f44-64ed-4e31-8a47-80cb2c366ede,worker-c3ac58b56afe4acd80d3fc5e3d5ea4b1-1544107698,True,104857601.0,27.15915289344767,29.456,10959.0,2025-01-13T13:12:40.757966185Z,2025-01-13T13:13:10.214893619Z,hong_kong
45211aa4-334d-4511-a2d5-64dd635af558,853a7f44-64ed-4e31-8a47-80cb2c366ede,worker-4d801bd471204680b066c4ab29059ea3-1544107698,True,104857601.0,26.037429052217885,30.725,10842.0,2025-01-13T13:12:40.639902790Z,2025-01-13T13:13:11.365183745Z,hong_kong
45211aa4-334d-4511-a2d5-64dd635af558,853a7f44-64ed-4e31-8a47-80cb2c366ede,worker-675ad76da3504964b01c73dd3dcf8484-1544107698,True,104857601.0,26.320118691541193,30.395,11198.0,2025-01-13T13:12:40.995784022Z,2025-01-13T13:13:11.390812647Z,hong_kong
4ebc1977-6ca6-4ca8-9f75-ed2c0c39c5e4,a192ef38-c4d5-4603-a760-4fe8e91ed922,worker-f2a7953884d944f0911eaeddc5121cab-1544107698,True,104857601.0,29.297590552603623,27.306,10249.0,2025-01-13T13:07:49.759509777Z,2025-01-13T13:08:17.065808587Z,hong_kong
4ebc1977-6ca6-4ca8-9f75-ed2c0c39c5e4,12b6557c-e473-40d7-ade5-d3367a0aa177,worker-6c1fa2e01c5f4bcd9f283752264af4cd-1544107698,True,104857601.0,29.176848449228437,27.419,10265.0,2025-01-13T13:08:34.823046755Z,2025-01-13T13:09:02.242536689Z,hong_kong
4ebc1977-6ca6-4ca8-9f75-ed2c0c39c5e4,12b6557c-e473-40d7-ade5-d3367a0aa177,worker-f2a7953884d944f0911eaeddc5121cab-1544107698,True,104857601.0,28.795623339910534,27.782,10241.0,2025-01-13T13:08:34.803635192Z,2025-01-13T13:09:02.586203987Z,hong_kong
4ebc1977-6ca6-4ca8-9f75-ed2c0c39c5e4,12b6557c-e473-40d7-ade5-d3367a0aa177,worker-4d801bd471204680b066c4ab29059ea3-1544107698,True,104857601.0,26.165167870135555,30.575,10274.0,2025-01-13T13:08:34.828628476Z,2025-01-13T13:09:05.403753527Z,hong_kong
4ebc1977-6ca6-4ca8-9f75-ed2c0c39c5e4,12b6557c-e473-40d7-ade5-d3367a0aa177,worker-a3f82edb11e544cf840e3bb3a40c0cb8-1544107698,True,104857601.0,24.524079814518085,32.621,10252.0,2025-01-13T13:08:34.808910803Z,2025-01-13T13:09:07.430002159Z,hong_kong
4ebc1977-6ca6-4ca8-9f75-ed2c0c39c5e4,12b6557c-e473-40d7-ade5-d3367a0aa177,worker-d8474c22329a4f9c9d8b5b15a4050c16-1544107698,True,104857601.0,21.527946170162117,37.161,10261.0,2025-01-13T13:08:34.817858474Z,2025-01-13T13:09:11.979805722Z,hong_kong
4ebc1977-6ca6-4ca8-9f75-ed2c0c39c5e4,12b6557c-e473-40d7-ade5-d3367a0aa177,worker-36e2402f87ac4e3084dc0fa5884a54d2-1544107698,True,104857601.0,19.98700863512203,40.026,10252.0,2025-01-13T13:08:34.808238255Z,2025-01-13T13:09:14.834339606Z,hong_kong
4ebc1977-6ca6-4ca8-9f75-ed2c0c39c5e4,12b6557c-e473-40d7-ade5-d3367a0aa177,worker-6ba82886da384cb68456c19752df579e-1544107698,True,104857601.0,19.495552762992435,41.035,10257.0,2025-01-13T13:08:34.813946299Z,2025-01-13T13:09:15.849204852Z,hong_kong
4ebc1977-6ca6-4ca8-9f75-ed2c0c39c5e4,12b6557c-e473-40d7-ade5-d3367a0aa177,worker-4940465561d9498f9a9b83cd3df83fe0-1544107698,True,8565716.0,1.0889874657419576,60.011,10267.0,2025-01-13T13:08:34.823158851Z,2025-01-13T13:09:34.834971116Z,hong_kong
4ebc1977-6ca6-4ca8-9f75-ed2c0c39c5e4,47e9c760-e666-4bc5-af42-1738748f8da5,worker-4d801bd471204680b066c4ab29059ea3-1544107698,True,104857601.0,31.363939609887264,25.507,11266.0,2025-01-13T13:09:55.892967427Z,2025-01-13T13:10:21.400275600Z,hong_kong
4ebc1977-6ca6-4ca8-9f75-ed2c0c39c5e4,47e9c760-e666-4bc5-af42-1738748f8da5,worker-f2a7953884d944f0911eaeddc5121cab-1544107698,True,104857601.0,29.413927775181797,27.198,11246.0,2025-01-13T13:09:55.874082847Z,2025-01-13T13:10:23.072624397Z,hong_kong
4ebc1977-6ca6-4ca8-9f75-ed2c0c39c5e4,47e9c760-e666-4bc5-af42-1738748f8da5,worker-d8474c22329a4f9c9d8b5b15a4050c16-1544107698,True,104857601.0,24.296908450142578,32.926,10258.0,2025-01-13T13:09:54.886792534Z,2025-01-13T13:10:27.813485030Z,hong_kong
4ebc1977-6ca6-4ca8-9f75-ed2c0c39c5e4,47e9c760-e666-4bc5-af42-1738748f8da5,worker-c3ac58b56afe4acd80d3fc5e3d5ea4b1-1544107698,True,104857601.0,23.133422232068547,34.582,10261.0,2025-01-13T13:09:54.888954859Z,2025-01-13T13:10:29.471216057Z,hong_kong
4ebc1977-6ca6-4ca8-9f75-ed2c0c39c5e4,47e9c760-e666-4bc5-af42-1738748f8da5,worker-36e2402f87ac4e3084dc0fa5884a54d2-1544107698,True,104857601.0,21.218470881080933,37.703,10247.0,2025-01-13T13:09:54.877080549Z,2025-01-13T13:10:32.580372561Z,hong_kong
4ebc1977-6ca6-4ca8-9f75-ed2c0c39c5e4,47e9c760-e666-4bc5-af42-1738748f8da5,worker-a3f82edb11e544cf840e3bb3a40c0cb8-1544107698,True,45689540.0,5.808273375178341,60.015,10249.0,2025-01-13T13:09:54.876510402Z,2025-01-13T13:10:54.891979043Z,hong_kong
4ebc1977-6ca6-4ca8-9f75-ed2c0c39c5e4,47e9c760-e666-4bc5-af42-1738748f8da5,worker-4940465561d9498f9a9b83cd3df83fe0-1544107698,True,32396900.0,4.113514265805467,60.087,10223.0,2025-01-13T13:09:54.864384174Z,2025-01-13T13:10:54.952303955Z,hong_kong
4ebc1977-6ca6-4ca8-9f75-ed2c0c39c5e4,47e9c760-e666-4bc5-af42-1738748f8da5,worker-6c1fa2e01c5f4bcd9f283752264af4cd-1544107698,True,31027092.0,3.936310857299011,60.137,10258.0,2025-01-13T13:09:54.885939039Z,2025-01-13T13:10:55.022969852Z,hong_kong
4ebc1977-6ca6-4ca8-9f75-ed2c0c39c5e4,47e9c760-e666-4bc5-af42-1738748f8da5,worker-6ba82886da384cb68456c19752df579e-1544107698,True,16906196.0,2.1435534094467723,60.173,10244.0,2025-01-13T13:09:54.870180082Z,2025-01-13T13:10:55.043395968Z,hong_kong
4ebc1977-6ca6-4ca8-9f75-ed2c0c39c5e4,47e9c760-e666-4bc5-af42-1738748f8da5,worker-675ad76da3504964b01c73dd3dcf8484-1544107698,True,36467228.0,4.631644246263474,60.07,11249.0,2025-01-13T13:09:55.884383418Z,2025-01-13T13:10:55.955163243Z,hong_kong
489bc355-c5fa-4b1a-9b68-9192073d4a73,95c4cf1e-bcef-4741-975e-695f98ee60d1,worker-0d969b026759411dae564de798730659-1544107698,True,104857601.0,35.09849548674569,22.793,10512.0,2025-01-13T13:04:24.783812821Z,2025-01-13T13:04:47.577800916Z,singapore
489bc355-c5fa-4b1a-9b68-9192073d4a73,3080b738-1c85-4c6c-809b-be45244f8ba5,worker-22d212959fda4b9a8190cfa016a60fa6-1544107698,True,104857601.0,39.05105963240235,20.486,10200.0,2025-01-13T13:05:04.514947119Z,2025-01-13T13:05:25.001059100Z,singapore
489bc355-c5fa-4b1a-9b68-9192073d4a73,3080b738-1c85-4c6c-809b-be45244f8ba5,worker-f1ee4ce68fb1439992d26a174e7c888d-1544107698,True,104857601.0,34.084615381934924,23.471,10170.0,2025-01-13T13:05:04.487311961Z,2025-01-13T13:05:27.958429807Z,singapore
489bc355-c5fa-4b1a-9b68-9192073d4a73,3080b738-1c85-4c6c-809b-be45244f8ba5,worker-bd0e90f8cfc34b56a88d3ffef54df0aa-1544107698,True,104857601.0,33.034645399074805,24.217,10169.0,2025-01-13T13:05:04.488250105Z,2025-01-13T13:05:28.705650908Z,singapore
489bc355-c5fa-4b1a-9b68-9192073d4a73,3080b738-1c85-4c6c-809b-be45244f8ba5,worker-0d969b026759411dae564de798730659-1544107698,True,104857601.0,28.888166960220797,27.693,10185.0,2025-01-13T13:05:04.500318333Z,2025-01-13T13:05:32.193565291Z,singapore
489bc355-c5fa-4b1a-9b68-9192073d4a73,3080b738-1c85-4c6c-809b-be45244f8ba5,worker-0bc923d592cf4923ac745547a2575c8a-1544107698,True,104857601.0,29.9951260781146,26.671,13226.0,2025-01-13T13:05:07.546597741Z,2025-01-13T13:05:34.218394023Z,singapore
489bc355-c5fa-4b1a-9b68-9192073d4a73,3080b738-1c85-4c6c-809b-be45244f8ba5,worker-61cd8ec6daaf494d97fb8d41a3b73be0-1544107698,True,104857601.0,20.962712774923215,38.163,10186.0,2025-01-13T13:05:04.502713216Z,2025-01-13T13:05:42.666389669Z,singapore
489bc355-c5fa-4b1a-9b68-9192073d4a73,3080b738-1c85-4c6c-809b-be45244f8ba5,worker-3ac03f864f024837b456c7c0fc6d4c3e-1544107698,True,104857601.0,14.312294397262676,55.896,10233.0,2025-01-13T13:05:04.564047195Z,2025-01-13T13:06:00.460583081Z,singapore
489bc355-c5fa-4b1a-9b68-9192073d4a73,3080b738-1c85-4c6c-809b-be45244f8ba5,worker-b34593b2e8884a15bb1e68287655209f-1544107698,True,8900204.0,1.131361197697552,60.019,10252.0,2025-01-13T13:05:04.578849663Z,2025-01-13T13:06:04.598473624Z,singapore
489bc355-c5fa-4b1a-9b68-9192073d4a73,0296a273-bc4e-4992-8ad1-1fdc086001e3,worker-f1ee4ce68fb1439992d26a174e7c888d-1544107698,True,104857601.0,35.44057093117417,22.573,10204.0,2025-01-13T13:06:24.618245541Z,2025-01-13T13:06:47.191627554Z,singapore
489bc355-c5fa-4b1a-9b68-9192073d4a73,0296a273-bc4e-4992-8ad1-1fdc086001e3,worker-61cd8ec6daaf494d97fb8d41a3b73be0-1544107698,True,104857601.0,31.22926211614922,25.617,10195.0,2025-01-13T13:06:24.612472681Z,2025-01-13T13:06:50.230371962Z,singapore
489bc355-c5fa-4b1a-9b68-9192073d4a73,0296a273-bc4e-4992-8ad1-1fdc086001e3,worker-bd0e90f8cfc34b56a88d3ffef54df0aa-1544107698,True,104857601.0,31.052284579800276,25.763,10196.0,2025-01-13T13:06:24.609893612Z,2025-01-13T13:06:50.373521599Z,singapore
489bc355-c5fa-4b1a-9b68-9192073d4a73,0296a273-bc4e-4992-8ad1-1fdc086001e3,worker-22d212959fda4b9a8190cfa016a60fa6-1544107698,True,104857601.0,30.742036184505803,26.023,10170.0,2025-01-13T13:06:24.582639595Z,2025-01-13T13:06:50.606501860Z,singapore
489bc355-c5fa-4b1a-9b68-9192073d4a73,0296a273-bc4e-4992-8ad1-1fdc086001e3,worker-0d969b026759411dae564de798730659-1544107698,True,104857601.0,20.377493253251345,39.259,10201.0,2025-01-13T13:06:24.615655470Z,2025-01-13T13:07:03.875424110Z,singapore
489bc355-c5fa-4b1a-9b68-9192073d4a73,0296a273-bc4e-4992-8ad1-1fdc086001e3,worker-b34593b2e8884a15bb1e68287655209f-1544107698,True,104857601.0,13.535921079310253,59.102,10284.0,2025-01-13T13:06:24.697459584Z,2025-01-13T13:07:23.799612715Z,singapore
489bc355-c5fa-4b1a-9b68-9192073d4a73,0296a273-bc4e-4992-8ad1-1fdc086001e3,worker-2e9760ff2c324641afbcbdd42cd97ec9-1544107698,True,86320420.0,10.976026070952203,60.001,10170.0,2025-01-13T13:06:24.582337263Z,2025-01-13T13:07:24.584070127Z,singapore
489bc355-c5fa-4b1a-9b68-9192073d4a73,0296a273-bc4e-4992-8ad1-1fdc086001e3,worker-50d1cc4b17064a848d27b7e7aa902ccd-1544107698,True,84057196.0,10.68753456336321,60.005,10168.0,2025-01-13T13:06:24.584137690Z,2025-01-13T13:07:24.589289451Z,singapore
489bc355-c5fa-4b1a-9b68-9192073d4a73,0296a273-bc4e-4992-8ad1-1fdc086001e3,worker-0bc923d592cf4923ac745547a2575c8a-1544107698,True,99750620.0,12.680988347998747,60.014,10172.0,2025-01-13T13:06:24.587479347Z,2025-01-13T13:07:24.601506657Z,singapore
489bc355-c5fa-4b1a-9b68-9192073d4a73,0296a273-bc4e-4992-8ad1-1fdc086001e3,worker-3ac03f864f024837b456c7c0fc6d4c3e-1544107698,True,85059212.0,10.815117106613464,60.004,10275.0,2025-01-13T13:06:24.689198090Z,2025-01-13T13:07:24.693817878Z,singapore
ec0779ba-08d3-4e1d-91df-237d310273c6,afed5747-f08f-4eac-ad96-6b077ed5d7dc,worker-82bc56ba50f947e88a2af6c26facc860-1544107698,True,104857601.0,16.428454239144788,48.696,10542.0,2025-01-13T13:00:29.569814995Z,2025-01-13T13:01:18.265828895Z,us_east
ec0779ba-08d3-4e1d-91df-237d310273c6,8cddc791-66ca-4ef9-83b2-a3893496efdd,worker-3ab9affb0bd14884bf828e32075df7d5-1544107698,True,104857601.0,23.19176714391635,34.495,10516.0,2025-01-13T13:01:39.617420414Z,2025-01-13T13:02:14.112963297Z,us_east
ec0779ba-08d3-4e1d-91df-237d310273c6,8cddc791-66ca-4ef9-83b2-a3893496efdd,worker-7501fb23976a4df39f97f2c6e1595f7e-1544107698,True,104857601.0,19.92131101223653,40.158,10516.0,2025-01-13T13:01:39.613671055Z,2025-01-13T13:02:19.772086163Z,us_east
ec0779ba-08d3-4e1d-91df-237d310273c6,8cddc791-66ca-4ef9-83b2-a3893496efdd,worker-82bc56ba50f947e88a2af6c26facc860-1544107698,True,104857601.0,19.058509806303473,41.976,10528.0,2025-01-13T13:01:39.630786184Z,2025-01-13T13:02:21.607016857Z,us_east
ec0779ba-08d3-4e1d-91df-237d310273c6,8cddc791-66ca-4ef9-83b2-a3893496efdd,worker-6994a2026c6b42309660a689e7134c40-1544107698,True,104857601.0,15.134030904246885,52.861,10509.0,2025-01-13T13:01:39.606666621Z,2025-01-13T13:02:32.468402078Z,us_east
ec0779ba-08d3-4e1d-91df-237d310273c6,8cddc791-66ca-4ef9-83b2-a3893496efdd,worker-e103e2eb381f41e7a34a107b0fa63ea1-1544107698,True,104857601.0,14.854426760795352,53.856,10509.0,2025-01-13T13:01:39.605401731Z,2025-01-13T13:02:33.462371589Z,us_east
ec0779ba-08d3-4e1d-91df-237d310273c6,8cddc791-66ca-4ef9-83b2-a3893496efdd,worker-d1ff53d716f142f5ba87ab2116f72493-1544107698,True,93564764.0,11.896185361118835,60.006,10538.0,2025-01-13T13:01:39.645997927Z,2025-01-13T13:02:39.652221946Z,us_east
ec0779ba-08d3-4e1d-91df-237d310273c6,8cddc791-66ca-4ef9-83b2-a3893496efdd,worker-0fe89cf787324cf48d221ebef7a57aa0-1544107698,True,93863052.0,11.931525943705068,60.019,10536.0,2025-01-13T13:01:39.639272791Z,2025-01-13T13:02:39.658752114Z,us_east
ec0779ba-08d3-4e1d-91df-237d310273c6,8cddc791-66ca-4ef9-83b2-a3893496efdd,worker-2bb55820e08d4b73b33a984e3dc33631-1544107698,True,63754788.0,8.097932789068743,60.066,11564.0,2025-01-13T13:01:40.661551386Z,2025-01-13T13:02:40.728416105Z,us_east
ec0779ba-08d3-4e1d-91df-237d310273c6,2bcc34d1-4ce0-42b4-ba37-a93ba7b1f881,worker-6994a2026c6b42309660a689e7134c40-1544107698,True,104857601.0,18.18016561288507,44.004,10526.0,2025-01-13T13:02:59.702624273Z,2025-01-13T13:03:43.707163951Z,us_east
ec0779ba-08d3-4e1d-91df-237d310273c6,2bcc34d1-4ce0-42b4-ba37-a93ba7b1f881,worker-0fe89cf787324cf48d221ebef7a57aa0-1544107698,True,104857601.0,17.55155786813064,45.58,10516.0,2025-01-13T13:02:59.691347849Z,2025-01-13T13:03:45.271481908Z,us_east
ec0779ba-08d3-4e1d-91df-237d310273c6,2bcc34d1-4ce0-42b4-ba37-a93ba7b1f881,worker-82bc56ba50f947e88a2af6c26facc860-1544107698,True,104857601.0,16.894032344245357,47.354,10543.0,2025-01-13T13:02:59.712821463Z,2025-01-13T13:03:47.067770629Z,us_east
ec0779ba-08d3-4e1d-91df-237d310273c6,2bcc34d1-4ce0-42b4-ba37-a93ba7b1f881,worker-7501fb23976a4df39f97f2c6e1595f7e-1544107698,True,104857601.0,16.420698446794773,48.719,10527.0,2025-01-13T13:02:59.695234400Z,2025-01-13T13:03:48.415082844Z,us_east
ec0779ba-08d3-4e1d-91df-237d310273c6,2bcc34d1-4ce0-42b4-ba37-a93ba7b1f881,worker-d1ff53d716f142f5ba87ab2116f72493-1544107698,True,104857601.0,16.022110665306013,49.931,10519.0,2025-01-13T13:02:59.712210827Z,2025-01-13T13:03:49.643354415Z,us_east
ec0779ba-08d3-4e1d-91df-237d310273c6,2bcc34d1-4ce0-42b4-ba37-a93ba7b1f881,worker-cec6abfb88e24b0bb4fc30086c4bedd7-1544107698,True,104857601.0,15.453860714922529,51.767,10523.0,2025-01-13T13:02:59.705912776Z,2025-01-13T13:03:51.473226477Z,us_east
ec0779ba-08d3-4e1d-91df-237d310273c6,2bcc34d1-4ce0-42b4-ba37-a93ba7b1f881,worker-3ab9affb0bd14884bf828e32075df7d5-1544107698,True,104857601.0,15.187470481811005,52.675,11247.0,2025-01-13T13:03:00.426513248Z,2025-01-13T13:03:53.101959166Z,us_east
ec0779ba-08d3-4e1d-91df-237d310273c6,2bcc34d1-4ce0-42b4-ba37-a93ba7b1f881,worker-d2b73c00c10042c5b46b0c38cd746a29-1544107698,True,104857601.0,14.882336668763733,53.755,10497.0,2025-01-13T13:02:59.672106308Z,2025-01-13T13:03:53.427362192Z,us_east
ec0779ba-08d3-4e1d-91df-237d310273c6,2bcc34d1-4ce0-42b4-ba37-a93ba7b1f881,worker-2bb55820e08d4b73b33a984e3dc33631-1544107698,True,78253612.0,9.945985630522255,60.027,10542.0,2025-01-13T13:02:59.717547389Z,2025-01-13T13:03:59.744705367Z,us_east
ec0779ba-08d3-4e1d-91df-237d310273c6,2bcc34d1-4ce0-42b4-ba37-a93ba7b1f881,worker-e103e2eb381f41e7a34a107b0fa63ea1-1544107698,True,88866004.0,11.278655281414014,60.113,10539.0,2025-01-13T13:02:59.708384627Z,2025-01-13T13:03:59.822320766Z,us_east
852e3844-8682-4864-8743-eb6cae0cbf31,4332d13b-86ad-4d68-9460-3d2498a766ad,worker-82bc56ba50f947e88a2af6c26facc860-1544107698,True,104857601.0,65.03007703051492,12.302,11072.0,2025-01-13T12:57:14.896556583Z,2025-01-13T12:57:27.199082563Z,us_east
852e3844-8682-4864-8743-eb6cae0cbf31,61961d34-5b1d-417d-bc3a-d2f9f5cf45d9,worker-6994a2026c6b42309660a689e7134c40-1544107698,True,104857601.0,24.01032466848929,33.319,10942.0,2025-01-13T12:57:44.796269302Z,2025-01-13T12:58:18.116128667Z,us_east
852e3844-8682-4864-8743-eb6cae0cbf31,61961d34-5b1d-417d-bc3a-d2f9f5cf45d9,worker-3ab9affb0bd14884bf828e32075df7d5-1544107698,True,104857601.0,23.521801994336965,34.011,10975.0,2025-01-13T12:57:44.827826354Z,2025-01-13T12:58:18.839409313Z,us_east
852e3844-8682-4864-8743-eb6cae0cbf31,61961d34-5b1d-417d-bc3a-d2f9f5cf45d9,worker-e103e2eb381f41e7a34a107b0fa63ea1-1544107698,True,104857601.0,22.98784539609191,34.801,11063.0,2025-01-13T12:57:44.919863628Z,2025-01-13T12:58:19.720924761Z,us_east
852e3844-8682-4864-8743-eb6cae0cbf31,61961d34-5b1d-417d-bc3a-d2f9f5cf45d9,worker-82bc56ba50f947e88a2af6c26facc860-1544107698,True,104857601.0,22.99511375767159,34.79,11090.0,2025-01-13T12:57:44.948095817Z,2025-01-13T12:58:19.738874376Z,us_east
852e3844-8682-4864-8743-eb6cae0cbf31,61961d34-5b1d-417d-bc3a-d2f9f5cf45d9,worker-d1ff53d716f142f5ba87ab2116f72493-1544107698,True,104857601.0,22.889187938239093,34.951,11062.0,2025-01-13T12:57:44.915364778Z,2025-01-13T12:58:19.866380076Z,us_east
852e3844-8682-4864-8743-eb6cae0cbf31,61961d34-5b1d-417d-bc3a-d2f9f5cf45d9,worker-0fe89cf787324cf48d221ebef7a57aa0-1544107698,True,24151032.0,3.0700415119604743,60.018,11073.0,2025-01-13T12:57:44.930876219Z,2025-01-13T12:58:44.949161424Z,us_east
852e3844-8682-4864-8743-eb6cae0cbf31,61961d34-5b1d-417d-bc3a-d2f9f5cf45d9,worker-2bb55820e08d4b73b33a984e3dc33631-1544107698,True,14128932.0,1.796317161312522,60.009,11163.0,2025-01-13T12:57:45.019361716Z,2025-01-13T12:58:45.028477738Z,us_east
852e3844-8682-4864-8743-eb6cae0cbf31,61961d34-5b1d-417d-bc3a-d2f9f5cf45d9,worker-7501fb23976a4df39f97f2c6e1595f7e-1544107698,True,19891432.0,2.528862750487931,60.011,11167.0,2025-01-13T12:57:45.021209597Z,2025-01-13T12:58:45.032809523Z,us_east
852e3844-8682-4864-8743-eb6cae0cbf31,20974f9e-030d-402b-9e9f-49753a82ed3b,worker-3ab9affb0bd14884bf828e32075df7d5-1544107698,True,104857601.0,22.088464510171583,36.218,11153.0,2025-01-13T12:59:05.079255052Z,2025-01-13T12:59:41.297750266Z,us_east
852e3844-8682-4864-8743-eb6cae0cbf31,20974f9e-030d-402b-9e9f-49753a82ed3b,worker-0fe89cf787324cf48d221ebef7a57aa0-1544107698,True,104857601.0,21.94666980218903,36.452,10981.0,2025-01-13T12:59:04.917312936Z,2025-01-13T12:59:41.369785798Z,us_east
852e3844-8682-4864-8743-eb6cae0cbf31,20974f9e-030d-402b-9e9f-49753a82ed3b,worker-d2b73c00c10042c5b46b0c38cd746a29-1544107698,True,104857601.0,21.81144030834273,36.678,11218.0,2025-01-13T12:59:05.155136639Z,2025-01-13T12:59:41.834064773Z,us_east
852e3844-8682-4864-8743-eb6cae0cbf31,20974f9e-030d-402b-9e9f-49753a82ed3b,worker-d1ff53d716f142f5ba87ab2116f72493-1544107698,True,104857601.0,21.742084729702256,36.795,11200.0,2025-01-13T12:59:05.126739901Z,2025-01-13T12:59:41.922696851Z,us_east
852e3844-8682-4864-8743-eb6cae0cbf31,20974f9e-030d-402b-9e9f-49753a82ed3b,worker-82bc56ba50f947e88a2af6c26facc860-1544107698,True,104857601.0,21.559274736017315,37.107,11097.0,2025-01-13T12:59:05.026237248Z,2025-01-13T12:59:42.133314840Z,us_east
852e3844-8682-4864-8743-eb6cae0cbf31,20974f9e-030d-402b-9e9f-49753a82ed3b,worker-6994a2026c6b42309660a689e7134c40-1544107698,True,19699368.0,2.501943541613778,60.071,11127.0,2025-01-13T12:59:05.052848499Z,2025-01-13T13:00:05.124651418Z,us_east
852e3844-8682-4864-8743-eb6cae0cbf31,20974f9e-030d-402b-9e9f-49753a82ed3b,worker-cec6abfb88e24b0bb4fc30086c4bedd7-1544107698,True,8309420.0,1.0551377844957706,60.083,11161.0,2025-01-13T12:59:05.089636475Z,2025-01-13T13:00:05.172918069Z,us_east
852e3844-8682-4864-8743-eb6cae0cbf31,20974f9e-030d-402b-9e9f-49753a82ed3b,worker-7501fb23976a4df39f97f2c6e1595f7e-1544107698,True,11186596.0,1.422425532002852,60.001,11246.0,2025-01-13T12:59:05.173330008Z,2025-01-13T13:00:05.174909165Z,us_east
852e3844-8682-4864-8743-eb6cae0cbf31,20974f9e-030d-402b-9e9f-49753a82ed3b,worker-2bb55820e08d4b73b33a984e3dc33631-1544107698,True,14993388.0,1.9052059827802563,60.041,11237.0,2025-01-13T12:59:05.165181332Z,2025-01-13T13:00:05.206535440Z,us_east
852e3844-8682-4864-8743-eb6cae0cbf31,20974f9e-030d-402b-9e9f-49753a82ed3b,worker-e103e2eb381f41e7a34a107b0fa63ea1-1544107698,True,19137564.0,2.4303077020381316,60.078,11220.0,2025-01-13T12:59:05.146507812Z,2025-01-13T13:00:05.224789237Z,us_east
c204528f-31a3-4f5c-a142-30632e18affc,9aedf7f8-e0be-4459-b2ae-5acd414696b8,worker-b34593b2e8884a15bb1e68287655209f-1544107698,True,104857601.0,76.62101404361599,10.441,10591.0,2025-01-13T12:54:04.211072498Z,2025-01-13T12:54:14.652501153Z,singapore
c204528f-31a3-4f5c-a142-30632e18affc,517f317f-7108-48be-99a6-78118eb16adb,worker-22d212959fda4b9a8190cfa016a60fa6-1544107698,True,104857601.0,15.886570042484552,50.357,10630.0,2025-01-13T12:54:34.288707191Z,2025-01-13T12:55:24.646103057Z,singapore
c204528f-31a3-4f5c-a142-30632e18affc,517f317f-7108-48be-99a6-78118eb16adb,worker-bd0e90f8cfc34b56a88d3ffef54df0aa-1544107698,True,104857601.0,15.814965061369865,50.585,10518.0,2025-01-13T12:54:34.172332920Z,2025-01-13T12:55:24.757816678Z,singapore
c204528f-31a3-4f5c-a142-30632e18affc,517f317f-7108-48be-99a6-78118eb16adb,worker-b34593b2e8884a15bb1e68287655209f-1544107698,True,104857601.0,15.574807896999795,51.365,10645.0,2025-01-13T12:54:34.300620496Z,2025-01-13T12:55:25.666373373Z,singapore
c204528f-31a3-4f5c-a142-30632e18affc,517f317f-7108-48be-99a6-78118eb16adb,worker-0bc923d592cf4923ac745547a2575c8a-1544107698,True,104857601.0,15.53941198145749,51.482,10742.0,2025-01-13T12:54:34.399455232Z,2025-01-13T12:55:25.881831064Z,singapore
c204528f-31a3-4f5c-a142-30632e18affc,517f317f-7108-48be-99a6-78118eb16adb,worker-3ac03f864f024837b456c7c0fc6d4c3e-1544107698,True,104857601.0,15.317454385184089,52.228,10673.0,2025-01-13T12:54:34.329576505Z,2025-01-13T12:55:26.557756718Z,singapore
c204528f-31a3-4f5c-a142-30632e18affc,517f317f-7108-48be-99a6-78118eb16adb,worker-50d1cc4b17064a848d27b7e7aa902ccd-1544107698,True,104857601.0,15.295197453911642,52.304,10630.0,2025-01-13T12:54:34.284670502Z,2025-01-13T12:55:26.589184705Z,singapore
c204528f-31a3-4f5c-a142-30632e18affc,517f317f-7108-48be-99a6-78118eb16adb,worker-0d969b026759411dae564de798730659-1544107698,True,104857601.0,15.298122301399674,52.294,10653.0,2025-01-13T12:54:34.309788476Z,2025-01-13T12:55:26.604739438Z,singapore
c204528f-31a3-4f5c-a142-30632e18affc,517f317f-7108-48be-99a6-78118eb16adb,worker-61cd8ec6daaf494d97fb8d41a3b73be0-1544107698,True,104857601.0,15.009944231104251,53.298,10653.0,2025-01-13T12:54:34.311366417Z,2025-01-13T12:55:27.609410267Z,singapore
c204528f-31a3-4f5c-a142-30632e18affc,34820c9a-83fe-41b1-9498-00c0e5958382,worker-0bc923d592cf4923ac745547a2575c8a-1544107698,True,81462696.0,10.358517456054688,60.0,10950.0,2025-01-13T12:55:49.687798894Z,2025-01-13T12:56:49.687960382Z,singapore
c204528f-31a3-4f5c-a142-30632e18affc,34820c9a-83fe-41b1-9498-00c0e5958382,worker-3ac03f864f024837b456c7c0fc6d4c3e-1544107698,True,82711576.0,10.51118923303854,60.035,10922.0,2025-01-13T12:55:49.653502195Z,2025-01-13T12:56:49.689093368Z,singapore
c204528f-31a3-4f5c-a142-30632e18affc,34820c9a-83fe-41b1-9498-00c0e5958382,worker-61cd8ec6daaf494d97fb8d41a3b73be0-1544107698,True,80803632.0,10.274713134765625,60.0,11119.0,2025-01-13T12:55:49.845782476Z,2025-01-13T12:56:49.846336038Z,singapore
c204528f-31a3-4f5c-a142-30632e18affc,34820c9a-83fe-41b1-9498-00c0e5958382,worker-50d1cc4b17064a848d27b7e7aa902ccd-1544107698,True,80218048.0,10.192268335116658,60.047,11149.0,2025-01-13T12:55:49.874211351Z,2025-01-13T12:56:49.921666814Z,singapore
c204528f-31a3-4f5c-a142-30632e18affc,34820c9a-83fe-41b1-9498-00c0e5958382,worker-0d969b026759411dae564de798730659-1544107698,True,81441512.0,10.318676535630583,60.216,10985.0,2025-01-13T12:55:49.714593026Z,2025-01-13T12:56:49.930875534Z,singapore
c204528f-31a3-4f5c-a142-30632e18affc,34820c9a-83fe-41b1-9498-00c0e5958382,worker-22d212959fda4b9a8190cfa016a60fa6-1544107698,True,81629432.0,10.337507545685844,60.245,11022.0,2025-01-13T12:55:49.748932127Z,2025-01-13T12:56:49.994768544Z,singapore
c204528f-31a3-4f5c-a142-30632e18affc,34820c9a-83fe-41b1-9498-00c0e5958382,worker-bd0e90f8cfc34b56a88d3ffef54df0aa-1544107698,True,81465592.0,10.310426696026074,60.282,11050.0,2025-01-13T12:55:49.774568185Z,2025-01-13T12:56:50.057125322Z,singapore
c204528f-31a3-4f5c-a142-30632e18affc,34820c9a-83fe-41b1-9498-00c0e5958382,worker-b34593b2e8884a15bb1e68287655209f-1544107698,True,82549832.0,10.427066386589727,60.401,11048.0,2025-01-13T12:55:49.774365035Z,2025-01-13T12:56:50.176154726Z,singapore
c204528f-31a3-4f5c-a142-30632e18affc,34820c9a-83fe-41b1-9498-00c0e5958382,worker-f1ee4ce68fb1439992d26a174e7c888d-1544107698,True,82294928.0,10.378030606006917,60.499,11047.0,2025-01-13T12:55:49.781100875Z,2025-01-13T12:56:50.280738430Z,singapore
c204528f-31a3-4f5c-a142-30632e18affc,34820c9a-83fe-41b1-9498-00c0e5958382,worker-2e9760ff2c324641afbcbdd42cd97ec9-1544107698,True,81368736.0,10.237877689416116,60.637,11081.0,2025-01-13T12:55:49.808385081Z,2025-01-13T12:56:50.445713647Z,singapore
29794b4c-5d60-46aa-a491-2edfb1c23ead,dee3e350-1c08-4150-b67a-062a1a19462c,worker-6c1fa2e01c5f4bcd9f283752264af4cd-1544107698,True,104857601.0,129.9123104302362,6.158,10725.0,2025-01-13T12:50:54.076501918Z,2025-01-13T12:51:00.234874231Z,hong_kong
29794b4c-5d60-46aa-a491-2edfb1c23ead,160543cb-51ef-4ac9-b61a-754451a72ad7,worker-6c1fa2e01c5f4bcd9f283752264af4cd-1544107698,True,102927184.0,13.08634150560039,60.007,11253.0,2025-01-13T12:51:19.634551069Z,2025-01-13T12:52:19.642158749Z,hong_kong
29794b4c-5d60-46aa-a491-2edfb1c23ead,160543cb-51ef-4ac9-b61a-754451a72ad7,worker-6ba82886da384cb68456c19752df579e-1544107698,True,100437352.0,12.765312588825736,60.028,11247.0,2025-01-13T12:51:19.635973231Z,2025-01-13T12:52:19.664418573Z,hong_kong
29794b4c-5d60-46aa-a491-2edfb1c23ead,160543cb-51ef-4ac9-b61a-754451a72ad7,worker-4940465561d9498f9a9b83cd3df83fe0-1544107698,True,102341704.0,12.995011014669322,60.085,11205.0,2025-01-13T12:51:19.594674460Z,2025-01-13T12:52:19.679765732Z,hong_kong
29794b4c-5d60-46aa-a491-2edfb1c23ead,160543cb-51ef-4ac9-b61a-754451a72ad7,worker-f2a7953884d944f0911eaeddc5121cab-1544107698,True,101022832.0,12.845503274815211,60.001,11308.0,2025-01-13T12:51:19.691772026Z,2025-01-13T12:52:19.693408054Z,hong_kong
29794b4c-5d60-46aa-a491-2edfb1c23ead,160543cb-51ef-4ac9-b61a-754451a72ad7,worker-36e2402f87ac4e3084dc0fa5884a54d2-1544107698,True,101981256.0,12.899221406817306,60.318,11090.0,2025-01-13T12:51:19.478221562Z,2025-01-13T12:52:19.796691398Z,hong_kong
29794b4c-5d60-46aa-a491-2edfb1c23ead,160543cb-51ef-4ac9-b61a-754451a72ad7,worker-4d801bd471204680b066c4ab29059ea3-1544107698,True,104403192.0,13.21410677167577,60.279,11225.0,2025-01-13T12:51:19.610019240Z,2025-01-13T12:52:19.889570206Z,hong_kong
29794b4c-5d60-46aa-a491-2edfb1c23ead,160543cb-51ef-4ac9-b61a-754451a72ad7,worker-d8474c22329a4f9c9d8b5b15a4050c16-1544107698,True,103719408.0,13.112769221000008,60.347,11206.0,2025-01-13T12:51:19.588754856Z,2025-01-13T12:52:19.935926625Z,hong_kong
29794b4c-5d60-46aa-a491-2edfb1c23ead,160543cb-51ef-4ac9-b61a-754451a72ad7,worker-a3f82edb11e544cf840e3bb3a40c0cb8-1544107698,True,102536864.0,12.96734832006904,60.328,11308.0,2025-01-13T12:51:19.689476607Z,2025-01-13T12:52:20.018300522Z,hong_kong
29794b4c-5d60-46aa-a491-2edfb1c23ead,f29e8aee-381f-4744-a0a1-39014c6c5e66,worker-c3ac58b56afe4acd80d3fc5e3d5ea4b1-1544107698,True,87362920.0,11.10451300471538,60.023,10827.0,2025-01-13T12:52:39.288601413Z,2025-01-13T12:53:39.311987286Z,hong_kong
29794b4c-5d60-46aa-a491-2edfb1c23ead,f29e8aee-381f-4744-a0a1-39014c6c5e66,worker-4940465561d9498f9a9b83cd3df83fe0-1544107698,True,87893912.0,11.164008449754748,60.066,10833.0,2025-01-13T12:52:39.293690256Z,2025-01-13T12:53:39.360333728Z,hong_kong
29794b4c-5d60-46aa-a491-2edfb1c23ead,f29e8aee-381f-4744-a0a1-39014c6c5e66,worker-36e2402f87ac4e3084dc0fa5884a54d2-1544107698,True,86838632.0,11.039343232225798,60.015,10903.0,2025-01-13T12:52:39.365936741Z,2025-01-13T12:53:39.381553959Z,hong_kong
29794b4c-5d60-46aa-a491-2edfb1c23ead,f29e8aee-381f-4744-a0a1-39014c6c5e66,worker-d8474c22329a4f9c9d8b5b15a4050c16-1544107698,True,86449224.0,10.955885065304669,60.201,10837.0,2025-01-13T12:52:39.301200378Z,2025-01-13T12:53:39.502693489Z,hong_kong
29794b4c-5d60-46aa-a491-2edfb1c23ead,f29e8aee-381f-4744-a0a1-39014c6c5e66,worker-4d801bd471204680b066c4ab29059ea3-1544107698,True,86787040.0,10.988475502586835,60.257,10857.0,2025-01-13T12:52:39.317506261Z,2025-01-13T12:53:39.575056331Z,hong_kong
29794b4c-5d60-46aa-a491-2edfb1c23ead,f29e8aee-381f-4744-a0a1-39014c6c5e66,worker-6ba82886da384cb68456c19752df579e-1544107698,True,86682944.0,11.013495518689217,60.048,11069.0,2025-01-13T12:52:39.529660368Z,2025-01-13T12:53:39.577932525Z,hong_kong
29794b4c-5d60-46aa-a491-2edfb1c23ead,f29e8aee-381f-4744-a0a1-39014c6c5e66,worker-f2a7953884d944f0911eaeddc5121cab-1544107698,True,84941896.0,10.717857220150604,60.465,10713.0,2025-01-13T12:52:39.193838217Z,2025-01-13T12:53:39.659724504Z,hong_kong
29794b4c-5d60-46aa-a491-2edfb1c23ead,f29e8aee-381f-4744-a0a1-39014c6c5e66,worker-6c1fa2e01c5f4bcd9f283752264af4cd-1544107698,True,87201440.0,11.040761217649523,60.258,10996.0,2025-01-13T12:52:39.464722148Z,2025-01-13T12:53:39.723649698Z,hong_kong
29794b4c-5d60-46aa-a491-2edfb1c23ead,f29e8aee-381f-4744-a0a1-39014c6c5e66,worker-a3f82edb11e544cf840e3bb3a40c0cb8-1544107698,True,86184184.0,10.90780083425696,60.281,11054.0,2025-01-13T12:52:39.519324920Z,2025-01-13T12:53:39.800537522Z,hong_kong
29794b4c-5d60-46aa-a491-2edfb1c23ead,f29e8aee-381f-4744-a0a1-39014c6c5e66,worker-675ad76da3504964b01c73dd3dcf8484-1544107698,True,87478064.0,11.013096534478596,60.601,10815.0,2025-01-13T12:52:39.275339948Z,2025-01-13T12:53:39.876983728Z,hong_kong
63ca3798-7166-4b9c-8859-ae752135a259,20df1720-4440-400e-8515-22ad2d239b43,worker-f2a7953884d944f0911eaeddc5121cab-1544107698,True,104857601.0,26.23983231531732,30.488,10679.0,2025-01-13T12:47:18.803115931Z,2025-01-13T12:47:49.291444360Z,hong_kong
63ca3798-7166-4b9c-8859-ae752135a259,7d081531-e10c-4046-887b-c16f904fa491,worker-f2a7953884d944f0911eaeddc5121cab-1544107698,True,104857601.0,14.517739000624164,55.105,10790.0,2025-01-13T12:48:08.975962934Z,2025-01-13T12:49:04.081324839Z,hong_kong
63ca3798-7166-4b9c-8859-ae752135a259,7d081531-e10c-4046-887b-c16f904fa491,worker-6c1fa2e01c5f4bcd9f283752264af4cd-1544107698,True,78257958.0,9.950516420712168,60.003,10776.0,2025-01-13T12:48:08.958956554Z,2025-01-13T12:49:08.962300329Z,hong_kong
63ca3798-7166-4b9c-8859-ae752135a259,7d081531-e10c-4046-887b-c16f904fa491,worker-4d801bd471204680b066c4ab29059ea3-1544107698,True,96924126.0,12.317970363315998,60.032,10765.0,2025-01-13T12:48:08.947356314Z,2025-01-13T12:49:08.979601063Z,hong_kong
63ca3798-7166-4b9c-8859-ae752135a259,7d081531-e10c-4046-887b-c16f904fa491,worker-4940465561d9498f9a9b83cd3df83fe0-1544107698,True,87318094.0,11.101959618084416,60.006,10792.0,2025-01-13T12:48:08.974695538Z,2025-01-13T12:49:08.980995925Z,hong_kong
63ca3798-7166-4b9c-8859-ae752135a259,7d081531-e10c-4046-887b-c16f904fa491,worker-6ba82886da384cb68456c19752df579e-1544107698,True,77076390.0,9.797993707691024,60.017,10788.0,2025-01-13T12:48:08.973189904Z,2025-01-13T12:49:08.990265773Z,hong_kong
63ca3798-7166-4b9c-8859-ae752135a259,7d081531-e10c-4046-887b-c16f904fa491,worker-a3f82edb11e544cf840e3bb3a40c0cb8-1544107698,True,53549286.0,6.804494091716364,60.041,10786.0,2025-01-13T12:48:08.973315211Z,2025-01-13T12:49:09.014708476Z,hong_kong
63ca3798-7166-4b9c-8859-ae752135a259,7d081531-e10c-4046-887b-c16f904fa491,worker-36e2402f87ac4e3084dc0fa5884a54d2-1544107698,True,76752038.0,9.753999050196423,60.034,10783.0,2025-01-13T12:48:08.973779410Z,2025-01-13T12:49:09.007847038Z,hong_kong
63ca3798-7166-4b9c-8859-ae752135a259,7d081531-e10c-4046-887b-c16f904fa491,worker-d8474c22329a4f9c9d8b5b15a4050c16-1544107698,True,98441630.0,12.505620220279669,60.057,10799.0,2025-01-13T12:48:08.981944308Z,2025-01-13T12:49:09.039404798Z,hong_kong
63ca3798-7166-4b9c-8859-ae752135a259,2be9eb4c-88c6-4127-86d1-d236b75d106b,worker-6ba82886da384cb68456c19752df579e-1544107698,True,104857601.0,14.94209950745974,53.54,10578.0,2025-01-13T12:49:28.853170249Z,2025-01-13T12:50:22.394152767Z,hong_kong
63ca3798-7166-4b9c-8859-ae752135a259,2be9eb4c-88c6-4127-86d1-d236b75d106b,worker-36e2402f87ac4e3084dc0fa5884a54d2-1544107698,True,81035222.0,10.301071004789058,60.018,10577.0,2025-01-13T12:49:28.840226193Z,2025-01-13T12:50:28.858660619Z,hong_kong
63ca3798-7166-4b9c-8859-ae752135a259,2be9eb4c-88c6-4127-86d1-d236b75d106b,worker-d8474c22329a4f9c9d8b5b15a4050c16-1544107698,True,71087462.0,9.038334396947675,60.006,10594.0,2025-01-13T12:49:28.859647920Z,2025-01-13T12:50:28.866034328Z,hong_kong
63ca3798-7166-4b9c-8859-ae752135a259,2be9eb4c-88c6-4127-86d1-d236b75d106b,worker-675ad76da3504964b01c73dd3dcf8484-1544107698,True,102829070.0,13.075392405192057,60.0,10594.0,2025-01-13T12:49:28.865658093Z,2025-01-13T12:50:28.865736465Z,hong_kong
63ca3798-7166-4b9c-8859-ae752135a259,2be9eb4c-88c6-4127-86d1-d236b75d106b,worker-6c1fa2e01c5f4bcd9f283752264af4cd-1544107698,True,38912902.0,4.945970540839103,60.025,10588.0,2025-01-13T12:49:28.852307313Z,2025-01-13T12:50:28.877838080Z,hong_kong
63ca3798-7166-4b9c-8859-ae752135a259,2be9eb4c-88c6-4127-86d1-d236b75d106b,worker-f2a7953884d944f0911eaeddc5121cab-1544107698,True,48681110.0,6.186514440062958,60.035,10588.0,2025-01-13T12:49:28.850210358Z,2025-01-13T12:50:28.885437208Z,hong_kong
63ca3798-7166-4b9c-8859-ae752135a259,2be9eb4c-88c6-4127-86d1-d236b75d106b,worker-a3f82edb11e544cf840e3bb3a40c0cb8-1544107698,True,51378734.0,6.532708356145398,60.004,11308.0,2025-01-13T12:49:29.574000110Z,2025-01-13T12:50:29.578273208Z,hong_kong
63ca3798-7166-4b9c-8859-ae752135a259,2be9eb4c-88c6-4127-86d1-d236b75d106b,worker-4d801bd471204680b066c4ab29059ea3-1544107698,True,66395942.0,8.44211780534618,60.004,11359.0,2025-01-13T12:49:29.623277716Z,2025-01-13T12:50:29.628221250Z,hong_kong
63ca3798-7166-4b9c-8859-ae752135a259,2be9eb4c-88c6-4127-86d1-d236b75d106b,worker-c3ac58b56afe4acd80d3fc5e3d5ea4b1-1544107698,True,62839654.0,7.988744314952464,60.013,11353.0,2025-01-13T12:49:29.615259516Z,2025-01-13T12:50:29.628642531Z,hong_kong
63ca3798-7166-4b9c-8859-ae752135a259,2be9eb4c-88c6-4127-86d1-d236b75d106b,worker-4940465561d9498f9a9b83cd3df83fe0-1544107698,True,68457894.0,8.703420798275157,60.01,11354.0,2025-01-13T12:49:29.616441208Z,2025-01-13T12:50:29.627022226Z,hong_kong
9a7d8296-9d9d-48c5-86af-21460bc4ba69,ae7c1df7-4ccd-4990-81e7-27102ae80c58,worker-b34593b2e8884a15bb1e68287655209f-1544107698,True,104857601.0,26.30281136378085,30.415,10705.0,2025-01-13T12:41:43.469587938Z,2025-01-13T12:42:13.884937939Z,singapore
9a7d8296-9d9d-48c5-86af-21460bc4ba69,ba90e1fc-bade-4c4f-bdf9-1980da6ab1ec,worker-0d969b026759411dae564de798730659-1544107698,True,104857601.0,15.345072459995292,52.134,10514.0,2025-01-13T12:42:33.353708452Z,2025-01-13T12:43:25.488707342Z,singapore
9a7d8296-9d9d-48c5-86af-21460bc4ba69,ba90e1fc-bade-4c4f-bdf9-1980da6ab1ec,worker-0bc923d592cf4923ac745547a2575c8a-1544107698,True,84482910.0,10.742199452319689,60.002,10553.0,2025-01-13T12:42:33.385393458Z,2025-01-13T12:43:33.387911208Z,singapore
9a7d8296-9d9d-48c5-86af-21460bc4ba69,ba90e1fc-bade-4c4f-bdf9-1980da6ab1ec,worker-50d1cc4b17064a848d27b7e7aa902ccd-1544107698,True,74995614.0,9.529832233833044,60.04,10513.0,2025-01-13T12:42:33.345064446Z,2025-01-13T12:43:33.385812055Z,singapore
9a7d8296-9d9d-48c5-86af-21460bc4ba69,ba90e1fc-bade-4c4f-bdf9-1980da6ab1ec,worker-22d212959fda4b9a8190cfa016a60fa6-1544107698,True,86624502.0,11.00992056626276,60.027,10515.0,2025-01-13T12:42:33.351739240Z,2025-01-13T12:43:33.379281726Z,singapore
9a7d8296-9d9d-48c5-86af-21460bc4ba69,ba90e1fc-bade-4c4f-bdf9-1980da6ab1ec,worker-3ac03f864f024837b456c7c0fc6d4c3e-1544107698,True,81708542.0,10.383721220808043,60.035,10532.0,2025-01-13T12:42:33.360530213Z,2025-01-13T12:43:33.395873027Z,singapore
9a7d8296-9d9d-48c5-86af-21460bc4ba69,ba90e1fc-bade-4c4f-bdf9-1980da6ab1ec,worker-61cd8ec6daaf494d97fb8d41a3b73be0-1544107698,True,73095838.0,9.281622173862193,60.084,10513.0,2025-01-13T12:42:33.343833246Z,2025-01-13T12:43:33.428588575Z,singapore
9a7d8296-9d9d-48c5-86af-21460bc4ba69,ba90e1fc-bade-4c4f-bdf9-1980da6ab1ec,worker-b34593b2e8884a15bb1e68287655209f-1544107698,True,66413318.0,8.444749340033786,60.001,10737.0,2025-01-13T12:42:33.571649208Z,2025-01-13T12:43:33.573038863Z,singapore
9a7d8296-9d9d-48c5-86af-21460bc4ba69,ba90e1fc-bade-4c4f-bdf9-1980da6ab1ec,worker-bd0e90f8cfc34b56a88d3ffef54df0aa-1544107698,True,104857601.0,14.465761489058362,55.303,17341.0,2025-01-13T12:42:40.171681976Z,2025-01-13T12:43:35.475315951Z,singapore
9a7d8296-9d9d-48c5-86af-21460bc4ba69,a8e99a2b-f45a-475f-8226-c23139d72606,worker-0d969b026759411dae564de798730659-1544107698,True,104857601.0,14.171080502885488,56.453,10546.0,2025-01-13T12:44:53.509651005Z,2025-01-13T12:45:49.962953590Z,singapore
9a7d8296-9d9d-48c5-86af-21460bc4ba69,a8e99a2b-f45a-475f-8226-c23139d72606,worker-bd0e90f8cfc34b56a88d3ffef54df0aa-1544107698,True,99294502.0,12.622582820281128,60.016,10489.0,2025-01-13T12:44:53.465176703Z,2025-01-13T12:45:53.481892154Z,singapore
9a7d8296-9d9d-48c5-86af-21460bc4ba69,a8e99a2b-f45a-475f-8226-c23139d72606,worker-50d1cc4b17064a848d27b7e7aa902ccd-1544107698,True,78023382.0,9.917219178002629,60.024,10552.0,2025-01-13T12:44:53.518542643Z,2025-01-13T12:45:53.543323644Z,singapore
9a7d8296-9d9d-48c5-86af-21460bc4ba69,a8e99a2b-f45a-475f-8226-c23139d72606,worker-b34593b2e8884a15bb1e68287655209f-1544107698,True,99136670.0,12.60482906331699,60.005,10587.0,2025-01-13T12:44:53.550242631Z,2025-01-13T12:45:53.555469316Z,singapore
9a7d8296-9d9d-48c5-86af-21460bc4ba69,a8e99a2b-f45a-475f-8226-c23139d72606,worker-22d212959fda4b9a8190cfa016a60fa6-1544107698,True,78020486.0,9.91602507477831,60.029,10560.0,2025-01-13T12:44:53.522237941Z,2025-01-13T12:45:53.551519342Z,singapore
9a7d8296-9d9d-48c5-86af-21460bc4ba69,a8e99a2b-f45a-475f-8226-c23139d72606,worker-0bc923d592cf4923ac745547a2575c8a-1544107698,True,64604766.0,8.209311110958945,60.041,10560.0,2025-01-13T12:44:53.528977127Z,2025-01-13T12:45:53.570121771Z,singapore
9a7d8296-9d9d-48c5-86af-21460bc4ba69,a8e99a2b-f45a-475f-8226-c23139d72606,worker-61cd8ec6daaf494d97fb8d41a3b73be0-1544107698,True,51370046.0,6.530188913515519,60.017,10585.0,2025-01-13T12:44:53.551227866Z,2025-01-13T12:45:53.569165272Z,singapore
9a7d8296-9d9d-48c5-86af-21460bc4ba69,a8e99a2b-f45a-475f-8226-c23139d72606,worker-3ac03f864f024837b456c7c0fc6d4c3e-1544107698,True,59063270.0,7.507030105883153,60.026,10581.0,2025-01-13T12:44:53.548643780Z,2025-01-13T12:45:53.575593987Z,singapore
9a7d8296-9d9d-48c5-86af-21460bc4ba69,a8e99a2b-f45a-475f-8226-c23139d72606,worker-2e9760ff2c324641afbcbdd42cd97ec9-1544107698,True,66656582.0,8.468342333981935,60.053,10564.0,2025-01-13T12:44:53.525963112Z,2025-01-13T12:45:53.579332395Z,singapore
9a7d8296-9d9d-48c5-86af-21460bc4ba69,a8e99a2b-f45a-475f-8226-c23139d72606,worker-f1ee4ce68fb1439992d26a174e7c888d-1544107698,False,,,,,,,singapore
11603013-d76a-4ee8-a557-3531e27b0df1,7d6c4ee6-befa-49d5-a4f8-8ace85af09b4,worker-82bc56ba50f947e88a2af6c26facc860-1544107698,True,104857601.0,22.607811214304935,35.386,10734.0,2025-01-13T12:38:03.280488773Z,2025-01-13T12:38:38.666924013Z,us_east
11603013-d76a-4ee8-a557-3531e27b0df1,0d39341d-f7d8-42cb-ae20-aecb1c183be6,worker-2bb55820e08d4b73b33a984e3dc33631-1544107698,True,63410168.0,8.063019816080729,60.0,10814.0,2025-01-13T12:38:58.420652120Z,2025-01-13T12:39:58.421113410Z,us_east
11603013-d76a-4ee8-a557-3531e27b0df1,0d39341d-f7d8-42cb-ae20-aecb1c183be6,worker-6994a2026c6b42309660a689e7134c40-1544107698,True,86786680.0,11.035313107737268,60.001,10828.0,2025-01-13T12:38:58.426111469Z,2025-01-13T12:39:58.427546363Z,us_east
11603013-d76a-4ee8-a557-3531e27b0df1,0d39341d-f7d8-42cb-ae20-aecb1c183be6,worker-e103e2eb381f41e7a34a107b0fa63ea1-1544107698,True,80301088.0,10.210641183324029,60.001,10834.0,2025-01-13T12:38:58.431972606Z,2025-01-13T12:39:58.433634519Z,us_east
11603013-d76a-4ee8-a557-3531e27b0df1,0d39341d-f7d8-42cb-ae20-aecb1c183be6,worker-d1ff53d716f142f5ba87ab2116f72493-1544107698,True,49101032.0,6.2409187008668265,60.025,10813.0,2025-01-13T12:38:58.415023270Z,2025-01-13T12:39:58.440554959Z,us_east
11603013-d76a-4ee8-a557-3531e27b0df1,0d39341d-f7d8-42cb-ae20-aecb1c183be6,worker-7501fb23976a4df39f97f2c6e1595f7e-1544107698,True,68492648.0,8.707839261490273,60.01,10828.0,2025-01-13T12:38:58.431540453Z,2025-01-13T12:39:58.441595622Z,us_east
11603013-d76a-4ee8-a557-3531e27b0df1,0d39341d-f7d8-42cb-ae20-aecb1c183be6,worker-3ab9affb0bd14884bf828e32075df7d5-1544107698,True,101113192.0,12.848213485260835,60.042,10792.0,2025-01-13T12:38:58.414732690Z,2025-01-13T12:39:58.457469192Z,us_east
11603013-d76a-4ee8-a557-3531e27b0df1,0d39341d-f7d8-42cb-ae20-aecb1c183be6,worker-0fe89cf787324cf48d221ebef7a57aa0-1544107698,True,56007992.0,7.113840675763626,60.067,10799.0,2025-01-13T12:38:58.398328347Z,2025-01-13T12:39:58.465634318Z,us_east
11603013-d76a-4ee8-a557-3531e27b0df1,0d39341d-f7d8-42cb-ae20-aecb1c183be6,worker-82bc56ba50f947e88a2af6c26facc860-1544107698,True,85760048.0,10.8927904042309,60.067,10813.0,2025-01-13T12:38:58.418404090Z,2025-01-13T12:39:58.486024621Z,us_east
11603013-d76a-4ee8-a557-3531e27b0df1,18ed96cd-946f-4f44-b0b1-161ca3398a12,worker-0fe89cf787324cf48d221ebef7a57aa0-1544107698,True,77591880.0,9.865824457800548,60.003,11039.0,2025-01-13T12:40:18.720459479Z,2025-01-13T12:41:18.723672399Z,us_east
11603013-d76a-4ee8-a557-3531e27b0df1,18ed96cd-946f-4f44-b0b1-161ca3398a12,worker-d2b73c00c10042c5b46b0c38cd746a29-1544107698,True,78604032.0,9.992687904072383,60.014,11030.0,2025-01-13T12:40:18.709716898Z,2025-01-13T12:41:18.723966676Z,us_east
11603013-d76a-4ee8-a557-3531e27b0df1,18ed96cd-946f-4f44-b0b1-161ca3398a12,worker-2bb55820e08d4b73b33a984e3dc33631-1544107698,True,60318688.0,7.669150890900493,60.006,11049.0,2025-01-13T12:40:18.727332100Z,2025-01-13T12:41:18.733522751Z,us_east
11603013-d76a-4ee8-a557-3531e27b0df1,18ed96cd-946f-4f44-b0b1-161ca3398a12,worker-7501fb23976a4df39f97f2c6e1595f7e-1544107698,True,55993512.0,7.1162664996132206,60.031,11024.0,2025-01-13T12:40:18.706736115Z,2025-01-13T12:41:18.738599199Z,us_east
11603013-d76a-4ee8-a557-3531e27b0df1,18ed96cd-946f-4f44-b0b1-161ca3398a12,worker-82bc56ba50f947e88a2af6c26facc860-1544107698,True,66330784.0,8.433833089512783,60.004,11060.0,2025-01-13T12:40:18.746320674Z,2025-01-13T12:41:18.750736474Z,us_east
11603013-d76a-4ee8-a557-3531e27b0df1,18ed96cd-946f-4f44-b0b1-161ca3398a12,worker-cec6abfb88e24b0bb4fc30086c4bedd7-1544107698,True,90564512.0,11.513762353203996,60.011,11066.0,2025-01-13T12:40:18.742985297Z,2025-01-13T12:41:18.754449668Z,us_east
11603013-d76a-4ee8-a557-3531e27b0df1,18ed96cd-946f-4f44-b0b1-161ca3398a12,worker-3ab9affb0bd14884bf828e32075df7d5-1544107698,True,73760472.0,9.369447266145295,60.062,11001.0,2025-01-13T12:40:18.694079688Z,2025-01-13T12:41:18.756457656Z,us_east
11603013-d76a-4ee8-a557-3531e27b0df1,18ed96cd-946f-4f44-b0b1-161ca3398a12,worker-6994a2026c6b42309660a689e7134c40-1544107698,True,43294552.0,5.501794197939916,60.037,11045.0,2025-01-13T12:40:18.724392937Z,2025-01-13T12:41:18.761829599Z,us_east
11603013-d76a-4ee8-a557-3531e27b0df1,18ed96cd-946f-4f44-b0b1-161ca3398a12,worker-d1ff53d716f142f5ba87ab2116f72493-1544107698,True,59160288.0,7.518860198806847,60.03,11053.0,2025-01-13T12:40:18.742626343Z,2025-01-13T12:41:18.772914160Z,us_east
11603013-d76a-4ee8-a557-3531e27b0df1,18ed96cd-946f-4f44-b0b1-161ca3398a12,worker-e103e2eb381f41e7a34a107b0fa63ea1-1544107698,True,65482256.0,8.316242730970345,60.074,11051.0,2025-01-13T12:40:18.727623009Z,2025-01-13T12:41:18.802082755Z,us_east
e7cfd0e0-cb64-4cb6-be33-e736988fd089,835c57d6-bce6-4c93-8498-a9779133aa97,worker-e103e2eb381f41e7a34a107b0fa63ea1-1544107698,True,13949612.0,1.7724555501017465,60.045,10615.0,2025-01-13T12:33:57.745849288Z,2025-01-13T12:34:57.791584061Z,us_east
e7cfd0e0-cb64-4cb6-be33-e736988fd089,d2e19aa5-8593-46b0-8733-e6cade2d302e,worker-e103e2eb381f41e7a34a107b0fa63ea1-1544107698,True,12342152.0,1.5692811641333286,60.004,10497.0,2025-01-13T12:35:17.857981841Z,2025-01-13T12:36:17.862427860Z,us_east
e7cfd0e0-cb64-4cb6-be33-e736988fd089,d2e19aa5-8593-46b0-8733-e6cade2d302e,worker-6994a2026c6b42309660a689e7134c40-1544107698,True,9836792.0,1.2505209965981896,60.014,10531.0,2025-01-13T12:35:17.894498724Z,2025-01-13T12:36:17.908903295Z,us_east
e7cfd0e0-cb64-4cb6-be33-e736988fd089,d2e19aa5-8593-46b0-8733-e6cade2d302e,worker-2bb55820e08d4b73b33a984e3dc33631-1544107698,True,8829392.0,1.1221541735642595,60.03,10511.0,2025-01-13T12:35:17.883130675Z,2025-01-13T12:36:17.913240758Z,us_east
e7cfd0e0-cb64-4cb6-be33-e736988fd089,d2e19aa5-8593-46b0-8733-e6cade2d302e,worker-cec6abfb88e24b0bb4fc30086c4bedd7-1544107698,True,9487852.0,1.2061211370652722,60.016,10538.0,2025-01-13T12:35:17.901876093Z,2025-01-13T12:36:17.918799946Z,us_east
e7cfd0e0-cb64-4cb6-be33-e736988fd089,d2e19aa5-8593-46b0-8733-e6cade2d302e,worker-82bc56ba50f947e88a2af6c26facc860-1544107698,True,9925852.0,1.2604987011351387,60.078,10519.0,2025-01-13T12:35:17.881860449Z,2025-01-13T12:36:17.960416921Z,us_east
e7cfd0e0-cb64-4cb6-be33-e736988fd089,d2e19aa5-8593-46b0-8733-e6cade2d302e,worker-d2b73c00c10042c5b46b0c38cd746a29-1544107698,True,8493592.0,1.0783984748788276,60.09,10532.0,2025-01-13T12:35:17.902729667Z,2025-01-13T12:36:17.993438088Z,us_east
e7cfd0e0-cb64-4cb6-be33-e736988fd089,d2e19aa5-8593-46b0-8733-e6cade2d302e,worker-d1ff53d716f142f5ba87ab2116f72493-1544107698,True,11742092.0,1.490004864783354,60.124,10518.0,2025-01-13T12:35:17.880686662Z,2025-01-13T12:36:18.005122679Z,us_east
e7cfd0e0-cb64-4cb6-be33-e736988fd089,d2e19aa5-8593-46b0-8733-e6cade2d302e,worker-0fe89cf787324cf48d221ebef7a57aa0-1544107698,True,9099492.0,1.1568867086929149,60.009,11536.0,2025-01-13T12:35:18.902736480Z,2025-01-13T12:36:18.912240569Z,us_east
e7cfd0e0-cb64-4cb6-be33-e736988fd089,86f7ed84-9097-437c-90a8-2095ca85cb26,worker-cec6abfb88e24b0bb4fc30086c4bedd7-1544107698,True,9035252.0,1.1485471391460167,60.018,10508.0,2025-01-13T12:36:37.961439294Z,2025-01-13T12:37:37.979713385Z,us_east
e7cfd0e0-cb64-4cb6-be33-e736988fd089,86f7ed84-9097-437c-90a8-2095ca85cb26,worker-2bb55820e08d4b73b33a984e3dc33631-1544107698,True,12232652.0,1.5538047461288689,60.064,10501.0,2025-01-13T12:36:37.955140637Z,2025-01-13T12:37:38.019806493Z,us_east
e7cfd0e0-cb64-4cb6-be33-e736988fd089,86f7ed84-9097-437c-90a8-2095ca85cb26,worker-3ab9affb0bd14884bf828e32075df7d5-1544107698,True,7302232.0,0.9278154895699756,60.046,10535.0,2025-01-13T12:36:37.989683868Z,2025-01-13T12:37:38.036190617Z,us_east
e7cfd0e0-cb64-4cb6-be33-e736988fd089,86f7ed84-9097-437c-90a8-2095ca85cb26,worker-82bc56ba50f947e88a2af6c26facc860-1544107698,True,9265932.0,1.176714065744534,60.077,10505.0,2025-01-13T12:36:37.965515156Z,2025-01-13T12:37:38.042836607Z,us_east
e7cfd0e0-cb64-4cb6-be33-e736988fd089,86f7ed84-9097-437c-90a8-2095ca85cb26,worker-d1ff53d716f142f5ba87ab2116f72493-1544107698,True,6662752.0,0.8463945464696626,60.058,10549.0,2025-01-13T12:36:38.005023177Z,2025-01-13T12:37:38.063551703Z,us_east
e7cfd0e0-cb64-4cb6-be33-e736988fd089,86f7ed84-9097-437c-90a8-2095ca85cb26,worker-e103e2eb381f41e7a34a107b0fa63ea1-1544107698,True,9216292.0,1.1696702617184251,60.115,10516.0,2025-01-13T12:36:37.969926391Z,2025-01-13T12:37:38.085297863Z,us_east
e7cfd0e0-cb64-4cb6-be33-e736988fd089,86f7ed84-9097-437c-90a8-2095ca85cb26,worker-d2b73c00c10042c5b46b0c38cd746a29-1544107698,True,9820732.0,1.246817303119644,60.094,10541.0,2025-01-13T12:36:37.994142559Z,2025-01-13T12:37:38.088279435Z,us_east
e7cfd0e0-cb64-4cb6-be33-e736988fd089,86f7ed84-9097-437c-90a8-2095ca85cb26,worker-7501fb23976a4df39f97f2c6e1595f7e-1544107698,True,7880392.0,1.000592800920436,60.087,10559.0,2025-01-13T12:36:38.012982221Z,2025-01-13T12:37:38.100724638Z,us_east
e7cfd0e0-cb64-4cb6-be33-e736988fd089,86f7ed84-9097-437c-90a8-2095ca85cb26,worker-6994a2026c6b42309660a689e7134c40-1544107698,True,10898212.0,1.382208611639982,60.155,10513.0,2025-01-13T12:36:37.966106942Z,2025-01-13T12:37:38.121513326Z,us_east
e7cfd0e0-cb64-4cb6-be33-e736988fd089,86f7ed84-9097-437c-90a8-2095ca85cb26,worker-0fe89cf787324cf48d221ebef7a57aa0-1544107698,True,7967992.0,1.010286422087412,60.172,10533.0,2025-01-13T12:36:37.999341824Z,2025-01-13T12:37:38.171892775Z,us_east
5ab38e34-c1a6-478e-ae9b-b502608205e5,7174ea45-8644-481c-b767-b7f12c25fd68,worker-6c1fa2e01c5f4bcd9f283752264af4cd-1544107698,True,24645572.0,3.1328022698488525,60.02,10281.0,2025-01-13T12:28:06.767228917Z,2025-01-13T12:29:06.787757674Z,hong_kong
5ab38e34-c1a6-478e-ae9b-b502608205e5,a057e966-83a9-47e6-bf0f-b84c65994c34,worker-a3f82edb11e544cf840e3bb3a40c0cb8-1544107698,True,19922472.0,2.532513561361279,60.018,10274.0,2025-01-13T12:29:26.825510181Z,2025-01-13T12:30:26.843558244Z,hong_kong
5ab38e34-c1a6-478e-ae9b-b502608205e5,a057e966-83a9-47e6-bf0f-b84c65994c34,worker-6c1fa2e01c5f4bcd9f283752264af4cd-1544107698,True,15158492.0,1.9260573897376447,60.045,10247.0,2025-01-13T12:29:26.798548158Z,2025-01-13T12:30:26.843653116Z,hong_kong
5ab38e34-c1a6-478e-ae9b-b502608205e5,a057e966-83a9-47e6-bf0f-b84c65994c34,worker-4940465561d9498f9a9b83cd3df83fe0-1544107698,True,17453612.0,2.2191566026724336,60.005,10286.0,2025-01-13T12:29:26.840193202Z,2025-01-13T12:30:26.845725181Z,hong_kong
5ab38e34-c1a6-478e-ae9b-b502608205e5,a057e966-83a9-47e6-bf0f-b84c65994c34,worker-4d801bd471204680b066c4ab29059ea3-1544107698,True,19087352.0,2.4257077483566603,60.034,10271.0,2025-01-13T12:29:26.835162001Z,2025-01-13T12:30:26.869883381Z,hong_kong
5ab38e34-c1a6-478e-ae9b-b502608205e5,a057e966-83a9-47e6-bf0f-b84c65994c34,worker-675ad76da3504964b01c73dd3dcf8484-1544107698,True,14116052.0,1.794679630249473,60.009,10295.0,2025-01-13T12:29:26.854962467Z,2025-01-13T12:30:26.864263308Z,hong_kong
5ab38e34-c1a6-478e-ae9b-b502608205e5,a057e966-83a9-47e6-bf0f-b84c65994c34,worker-f2a7953884d944f0911eaeddc5121cab-1544107698,True,21797112.0,2.769476694753173,60.047,10281.0,2025-01-13T12:29:26.837384524Z,2025-01-13T12:30:26.885011053Z,hong_kong
5ab38e34-c1a6-478e-ae9b-b502608205e5,a057e966-83a9-47e6-bf0f-b84c65994c34,worker-c3ac58b56afe4acd80d3fc5e3d5ea4b1-1544107698,True,15320552.0,1.9459035700294876,60.068,10279.0,2025-01-13T12:29:26.836342691Z,2025-01-13T12:30:26.904585197Z,hong_kong
5ab38e34-c1a6-478e-ae9b-b502608205e5,a057e966-83a9-47e6-bf0f-b84c65994c34,worker-d8474c22329a4f9c9d8b5b15a4050c16-1544107698,True,19320952.0,2.456049277339194,60.018,10257.0,2025-01-13T12:29:26.817914990Z,2025-01-13T12:30:26.836380428Z,hong_kong
5ab38e34-c1a6-478e-ae9b-b502608205e5,bc325a7a-45c7-43f5-8b0f-0dcaf64a9e57,worker-c3ac58b56afe4acd80d3fc5e3d5ea4b1-1544107698,True,15157032.0,1.9272841627769743,60.001,10235.0,2025-01-13T12:31:46.933873992Z,2025-01-13T12:32:46.934962527Z,hong_kong
5ab38e34-c1a6-478e-ae9b-b502608205e5,bc325a7a-45c7-43f5-8b0f-0dcaf64a9e57,worker-a3f82edb11e544cf840e3bb3a40c0cb8-1544107698,True,17141172.0,2.1789953499177837,60.017,10238.0,2025-01-13T12:31:46.934298667Z,2025-01-13T12:32:46.951636573Z,hong_kong
5ab38e34-c1a6-478e-ae9b-b502608205e5,bc325a7a-45c7-43f5-8b0f-0dcaf64a9e57,worker-6ba82886da384cb68456c19752df579e-1544107698,True,15742492.0,2.000694335904966,60.032,10233.0,2025-01-13T12:31:46.929844185Z,2025-01-13T12:32:46.962200513Z,hong_kong
5ab38e34-c1a6-478e-ae9b-b502608205e5,bc325a7a-45c7-43f5-8b0f-0dcaf64a9e57,worker-d8474c22329a4f9c9d8b5b15a4050c16-1544107698,True,15765852.0,2.0036965072928465,60.031,10246.0,2025-01-13T12:31:46.943277842Z,2025-01-13T12:32:46.974469741Z,hong_kong
5ab38e34-c1a6-478e-ae9b-b502608205e5,bc325a7a-45c7-43f5-8b0f-0dcaf64a9e57,worker-4940465561d9498f9a9b83cd3df83fe0-1544107698,True,14354032.0,1.8251487157459336,60.002,10273.0,2025-01-13T12:31:46.968516849Z,2025-01-13T12:32:46.971259320Z,hong_kong
5ab38e34-c1a6-478e-ae9b-b502608205e5,bc325a7a-45c7-43f5-8b0f-0dcaf64a9e57,worker-4d801bd471204680b066c4ab29059ea3-1544107698,True,16297292.0,2.0716173018824455,60.02,10263.0,2025-01-13T12:31:46.968164864Z,2025-01-13T12:32:46.988875065Z,hong_kong
5ab38e34-c1a6-478e-ae9b-b502608205e5,bc325a7a-45c7-43f5-8b0f-0dcaf64a9e57,worker-675ad76da3504964b01c73dd3dcf8484-1544107698,True,5180852.0,0.6585269632643423,60.023,10269.0,2025-01-13T12:31:46.969436159Z,2025-01-13T12:32:46.992673908Z,hong_kong
5ab38e34-c1a6-478e-ae9b-b502608205e5,bc325a7a-45c7-43f5-8b0f-0dcaf64a9e57,worker-36e2402f87ac4e3084dc0fa5884a54d2-1544107698,True,4831912.0,0.6141841822711881,60.022,10284.0,2025-01-13T12:31:46.982402762Z,2025-01-13T12:32:47.005375165Z,hong_kong
5ab38e34-c1a6-478e-ae9b-b502608205e5,bc325a7a-45c7-43f5-8b0f-0dcaf64a9e57,worker-f2a7953884d944f0911eaeddc5121cab-1544107698,True,5059672.0,0.6427278369417041,60.06,10280.0,2025-01-13T12:31:46.974872593Z,2025-01-13T12:32:47.035303730Z,hong_kong
5ab38e34-c1a6-478e-ae9b-b502608205e5,bc325a7a-45c7-43f5-8b0f-0dcaf64a9e57,worker-6c1fa2e01c5f4bcd9f283752264af4cd-1544107698,True,17085692.0,2.171110678005028,60.04,11281.0,2025-01-13T12:31:47.980141331Z,2025-01-13T12:32:48.020736860Z,hong_kong
61e021aa-be64-478c-b629-2b765c056351,af91b855-9c07-4341-8426-f844a39ad14c,worker-22d212959fda4b9a8190cfa016a60fa6-1544107698,True,23857172.0,3.027944130754103,60.112,10244.0,2025-01-13T12:23:04.433060553Z,2025-01-13T12:24:04.545868840Z,singapore
61e021aa-be64-478c-b629-2b765c056351,9401c51e-bd64-45ce-88a0-f9a5ecc224fc,worker-f1ee4ce68fb1439992d26a174e7c888d-1544107698,True,21032072.0,2.6738760410200837,60.011,10251.0,2025-01-13T12:24:24.526795355Z,2025-01-13T12:25:24.537886193Z,singapore
61e021aa-be64-478c-b629-2b765c056351,9401c51e-bd64-45ce-88a0-f9a5ecc224fc,worker-22d212959fda4b9a8190cfa016a60fa6-1544107698,True,23271712.0,2.9587073983173355,60.009,10311.0,2025-01-13T12:24:24.586695144Z,2025-01-13T12:25:24.596242059Z,singapore
61e021aa-be64-478c-b629-2b765c056351,9401c51e-bd64-45ce-88a0-f9a5ecc224fc,worker-0d969b026759411dae564de798730659-1544107698,True,24379852.0,3.0971678020761355,60.056,10273.0,2025-01-13T12:24:24.545802720Z,2025-01-13T12:25:24.602426618Z,singapore
61e021aa-be64-478c-b629-2b765c056351,9401c51e-bd64-45ce-88a0-f9a5ecc224fc,worker-0bc923d592cf4923ac745547a2575c8a-1544107698,True,21031584.0,2.6718549988031803,60.055,10281.0,2025-01-13T12:24:24.553884297Z,2025-01-13T12:25:24.609467745Z,singapore
61e021aa-be64-478c-b629-2b765c056351,9401c51e-bd64-45ce-88a0-f9a5ecc224fc,worker-61cd8ec6daaf494d97fb8d41a3b73be0-1544107698,True,9538952.0,1.2124958885518018,60.022,10418.0,2025-01-13T12:24:24.691387868Z,2025-01-13T12:25:24.713754001Z,singapore
61e021aa-be64-478c-b629-2b765c056351,9401c51e-bd64-45ce-88a0-f9a5ecc224fc,worker-b34593b2e8884a15bb1e68287655209f-1544107698,True,18370492.0,2.335773135143855,60.004,10458.0,2025-01-13T12:24:24.735908165Z,2025-01-13T12:25:24.740209Z,singapore
61e021aa-be64-478c-b629-2b765c056351,9401c51e-bd64-45ce-88a0-f9a5ecc224fc,worker-3ac03f864f024837b456c7c0fc6d4c3e-1544107698,True,15522032.0,1.9734324193818844,60.009,10491.0,2025-01-13T12:24:24.764297681Z,2025-01-13T12:25:24.773797825Z,singapore
61e021aa-be64-478c-b629-2b765c056351,9401c51e-bd64-45ce-88a0-f9a5ecc224fc,worker-bd0e90f8cfc34b56a88d3ffef54df0aa-1544107698,True,21132812.0,2.6820800529449778,60.114,10393.0,2025-01-13T12:24:24.666743084Z,2025-01-13T12:25:24.781093226Z,singapore
61e021aa-be64-478c-b629-2b765c056351,af07d920-533f-4b8f-bc72-bde5e1d6c61b,worker-0d969b026759411dae564de798730659-1544107698,True,22405932.0,2.847448030588656,60.034,10170.0,2025-01-13T12:25:44.514342681Z,2025-01-13T12:26:44.549320106Z,singapore
61e021aa-be64-478c-b629-2b765c056351,af07d920-533f-4b8f-bc72-bde5e1d6c61b,worker-f1ee4ce68fb1439992d26a174e7c888d-1544107698,True,18284352.0,2.324898089334522,60.002,10208.0,2025-01-13T12:25:44.555933427Z,2025-01-13T12:26:44.558351679Z,singapore
61e021aa-be64-478c-b629-2b765c056351,af07d920-533f-4b8f-bc72-bde5e1d6c61b,worker-bd0e90f8cfc34b56a88d3ffef54df0aa-1544107698,True,18811412.0,2.3917156971335114,60.007,10205.0,2025-01-13T12:25:44.548320936Z,2025-01-13T12:26:44.556206230Z,singapore
61e021aa-be64-478c-b629-2b765c056351,af07d920-533f-4b8f-bc72-bde5e1d6c61b,worker-61cd8ec6daaf494d97fb8d41a3b73be0-1544107698,True,6798532.0,0.8638014032562514,60.047,10174.0,2025-01-13T12:25:44.519505955Z,2025-01-13T12:26:44.567458807Z,singapore
61e021aa-be64-478c-b629-2b765c056351,af07d920-533f-4b8f-bc72-bde5e1d6c61b,worker-22d212959fda4b9a8190cfa016a60fa6-1544107698,True,18037612.0,2.2922638185993067,60.035,10209.0,2025-01-13T12:25:44.552466755Z,2025-01-13T12:26:44.588448832Z,singapore
61e021aa-be64-478c-b629-2b765c056351,af07d920-533f-4b8f-bc72-bde5e1d6c61b,worker-50d1cc4b17064a848d27b7e7aa902ccd-1544107698,True,20205712.0,2.5670643547727385,60.052,10195.0,2025-01-13T12:25:44.544385003Z,2025-01-13T12:26:44.596431718Z,singapore
61e021aa-be64-478c-b629-2b765c056351,af07d920-533f-4b8f-bc72-bde5e1d6c61b,worker-2e9760ff2c324641afbcbdd42cd97ec9-1544107698,True,6297752.0,0.799987257421101,60.061,10196.0,2025-01-13T12:25:44.541903865Z,2025-01-13T12:26:44.603458800Z,singapore
61e021aa-be64-478c-b629-2b765c056351,af07d920-533f-4b8f-bc72-bde5e1d6c61b,worker-b34593b2e8884a15bb1e68287655209f-1544107698,True,11093852.0,1.410656229654948,60.0,10267.0,2025-01-13T12:25:44.614619249Z,2025-01-13T12:26:44.614883238Z,singapore
61e021aa-be64-478c-b629-2b765c056351,af07d920-533f-4b8f-bc72-bde5e1d6c61b,worker-0bc923d592cf4923ac745547a2575c8a-1544107698,True,20716712.0,2.632204260633858,60.047,10202.0,2025-01-13T12:25:44.549558552Z,2025-01-13T12:26:44.597144981Z,singapore
61e021aa-be64-478c-b629-2b765c056351,af07d920-533f-4b8f-bc72-bde5e1d6c61b,worker-3ac03f864f024837b456c7c0fc6d4c3e-1544107698,True,13123252.0,1.6686521622781845,60.002,10284.0,2025-01-13T12:25:44.626947967Z,2025-01-13T12:26:44.629441604Z,singapore
02d466c5-ba4f-4bed-8651-7efbbed94d54,f2257478-2a8e-436b-b3cf-97038db9a212,worker-e3b8f7f1189c4eab91245b2eeb2eb489-1544107698,True,104857601.0,78.9110285686915,10.138,10989.0,2025-01-10T14:33:01.074327266Z,2025-01-10T14:33:11.213092506Z,hong_kong
02d466c5-ba4f-4bed-8651-7efbbed94d54,98f952e1-5d2b-493c-88e7-4b555578b430,worker-e9c4fe1bb87141a79436d827656f5666-1544107698,True,104857601.0,72.40474320113988,11.049,10624.0,2025-01-10T14:33:30.735268647Z,2025-01-10T14:33:41.785233453Z,hong_kong
02d466c5-ba4f-4bed-8651-7efbbed94d54,98f952e1-5d2b-493c-88e7-4b555578b430,worker-42b7fde376504c94832aa6c0702592c0-1544107698,True,104857601.0,56.33406151886448,14.201,10620.0,2025-01-10T14:33:30.742718549Z,2025-01-10T14:33:44.944333707Z,hong_kong
02d466c5-ba4f-4bed-8651-7efbbed94d54,98f952e1-5d2b-493c-88e7-4b555578b430,worker-e3b8f7f1189c4eab91245b2eeb2eb489-1544107698,True,104857601.0,36.74275513844645,21.773,10639.0,2025-01-10T14:33:30.746612131Z,2025-01-10T14:33:52.519728506Z,hong_kong
02d466c5-ba4f-4bed-8651-7efbbed94d54,98f952e1-5d2b-493c-88e7-4b555578b430,worker-d8d8946ba4144b04ab4f7cc44788b9ca-1544107698,True,104857601.0,32.57196399289094,24.561,10668.0,2025-01-10T14:33:30.780800669Z,2025-01-10T14:33:55.341830304Z,hong_kong
02d466c5-ba4f-4bed-8651-7efbbed94d54,98f952e1-5d2b-493c-88e7-4b555578b430,worker-ecb27e0e7e8c41debc67ee1d54ebcd2f-1544107698,True,104857601.0,32.470168342779225,24.638,10634.0,2025-01-10T14:33:30.747355335Z,2025-01-10T14:33:55.386203820Z,hong_kong
02d466c5-ba4f-4bed-8651-7efbbed94d54,98f952e1-5d2b-493c-88e7-4b555578b430,worker-8aefe905ce304f4cb9e45cc78b04d66c-1544107698,True,104857601.0,32.29191925524318,24.774,10646.0,2025-01-10T14:33:30.768055849Z,2025-01-10T14:33:55.542959661Z,hong_kong
02d466c5-ba4f-4bed-8651-7efbbed94d54,98f952e1-5d2b-493c-88e7-4b555578b430,worker-45a6b1435bf94d97be887bd0a0d35fa7-1544107698,True,104857601.0,31.96803227290288,25.025,10672.0,2025-01-10T14:33:30.781566945Z,2025-01-10T14:33:55.806638327Z,hong_kong
02d466c5-ba4f-4bed-8651-7efbbed94d54,98f952e1-5d2b-493c-88e7-4b555578b430,worker-772d5ea8b13549169aae09dd38b6e80e-1544107698,True,104857601.0,28.85794703229906,27.722,10663.0,2025-01-10T14:33:30.772854534Z,2025-01-10T14:33:58.495372260Z,hong_kong
02d466c5-ba4f-4bed-8651-7efbbed94d54,8ef4a069-c736-447d-bf20-d4f1dcb380fd,worker-772d5ea8b13549169aae09dd38b6e80e-1544107698,True,104857601.0,75.1597151098642,10.644,10927.0,2025-01-10T14:34:16.076861097Z,2025-01-10T14:34:26.721117157Z,hong_kong
02d466c5-ba4f-4bed-8651-7efbbed94d54,8ef4a069-c736-447d-bf20-d4f1dcb380fd,worker-e3b8f7f1189c4eab91245b2eeb2eb489-1544107698,True,104857601.0,60.064569984938394,13.319,10978.0,2025-01-10T14:34:16.135230238Z,2025-01-10T14:34:29.454543366Z,hong_kong
02d466c5-ba4f-4bed-8651-7efbbed94d54,8ef4a069-c736-447d-bf20-d4f1dcb380fd,worker-e9c4fe1bb87141a79436d827656f5666-1544107698,True,104857601.0,55.78022644187662,14.342,10965.0,2025-01-10T14:34:16.115847760Z,2025-01-10T14:34:30.458382908Z,hong_kong
02d466c5-ba4f-4bed-8651-7efbbed94d54,8ef4a069-c736-447d-bf20-d4f1dcb380fd,worker-ecb27e0e7e8c41debc67ee1d54ebcd2f-1544107698,True,104857601.0,28.20377252351118,28.365,10949.0,2025-01-10T14:34:16.100718120Z,2025-01-10T14:34:44.466365776Z,hong_kong
02d466c5-ba4f-4bed-8651-7efbbed94d54,8ef4a069-c736-447d-bf20-d4f1dcb380fd,worker-45a6b1435bf94d97be887bd0a0d35fa7-1544107698,True,104857601.0,27.292576679496264,29.312,10954.0,2025-01-10T14:34:16.108622254Z,2025-01-10T14:34:45.420838096Z,hong_kong
02d466c5-ba4f-4bed-8651-7efbbed94d54,8ef4a069-c736-447d-bf20-d4f1dcb380fd,worker-42b7fde376504c94832aa6c0702592c0-1544107698,True,104857601.0,26.936027192908902,29.7,10960.0,2025-01-10T14:34:16.109988168Z,2025-01-10T14:34:45.810966451Z,hong_kong
02d466c5-ba4f-4bed-8651-7efbbed94d54,8ef4a069-c736-447d-bf20-d4f1dcb380fd,worker-77f5e52ba32e4818a2e6fb72594690e7-1544107698,True,104857601.0,25.34773954023619,31.561,10974.0,2025-01-10T14:34:16.137600958Z,2025-01-10T14:34:47.698901300Z,hong_kong
02d466c5-ba4f-4bed-8651-7efbbed94d54,8ef4a069-c736-447d-bf20-d4f1dcb380fd,worker-1efd550cc53c459dadd30259e47f5fb3-1544107698,True,104857601.0,25.126417526599283,31.839,10980.0,2025-01-10T14:34:16.130360573Z,2025-01-10T14:34:47.969908740Z,hong_kong
02d466c5-ba4f-4bed-8651-7efbbed94d54,8ef4a069-c736-447d-bf20-d4f1dcb380fd,worker-8aefe905ce304f4cb9e45cc78b04d66c-1544107698,True,104857601.0,24.55042066008085,32.586,10945.0,2025-01-10T14:34:16.103774927Z,2025-01-10T14:34:48.689892767Z,hong_kong
02d466c5-ba4f-4bed-8651-7efbbed94d54,8ef4a069-c736-447d-bf20-d4f1dcb380fd,worker-d8d8946ba4144b04ab4f7cc44788b9ca-1544107698,True,104857601.0,23.056084144025434,34.698,10941.0,2025-01-10T14:34:16.092103688Z,2025-01-10T14:34:50.790112301Z,hong_kong
8a3107e8-772e-41ac-8d90-550684e1c371,2f4843a9-099f-44b2-a8e9-8e62b17770a9,worker-51673350c423460e9a484f8c187fc7b4-1544107698,True,104857601.0,65.27415205853414,12.256,11465.0,2025-01-10T14:29:46.660930773Z,2025-01-10T14:29:58.917134963Z,singapore
8a3107e8-772e-41ac-8d90-550684e1c371,76878b9a-35a4-44dd-9197-e13383ccbcad,worker-0fe49aec809c4cb886995c6452bfd06f-1544107698,True,104857601.0,43.24324365564295,18.5,10647.0,2025-01-10T14:30:15.892417480Z,2025-01-10T14:30:34.392730459Z,singapore
8a3107e8-772e-41ac-8d90-550684e1c371,76878b9a-35a4-44dd-9197-e13383ccbcad,worker-2992111522a34177a381c7144d6fb988-1544107698,True,104857601.0,40.83716220670723,19.59,10671.0,2025-01-10T14:30:15.911120975Z,2025-01-10T14:30:35.502082895Z,singapore
8a3107e8-772e-41ac-8d90-550684e1c371,76878b9a-35a4-44dd-9197-e13383ccbcad,worker-6ee9c772e38f43b6a29692a846e14457-1544107698,True,104857601.0,35.086180765290756,22.801,10703.0,2025-01-10T14:30:15.928923979Z,2025-01-10T14:30:38.730689223Z,singapore
8a3107e8-772e-41ac-8d90-550684e1c371,76878b9a-35a4-44dd-9197-e13383ccbcad,worker-cae8f495c74d48a78027fd2d4d2f1354-1544107698,True,104857601.0,33.955857709227274,23.56,10704.0,2025-01-10T14:30:15.930750307Z,2025-01-10T14:30:39.491459069Z,singapore
8a3107e8-772e-41ac-8d90-550684e1c371,76878b9a-35a4-44dd-9197-e13383ccbcad,worker-a68f19a6b8554d2cafb581a58084f3a6-1544107698,True,104857601.0,33.168871330875845,24.119,10682.0,2025-01-10T14:30:15.913109310Z,2025-01-10T14:30:40.032699628Z,singapore
8a3107e8-772e-41ac-8d90-550684e1c371,76878b9a-35a4-44dd-9197-e13383ccbcad,worker-a554d0c6da894574acfd4aa7a91b9422-1544107698,True,104857601.0,28.40909118002111,28.16,10707.0,2025-01-10T14:30:15.933961133Z,2025-01-10T14:30:44.094712839Z,singapore
8a3107e8-772e-41ac-8d90-550684e1c371,76878b9a-35a4-44dd-9197-e13383ccbcad,worker-51673350c423460e9a484f8c187fc7b4-1544107698,True,104857601.0,27.68261903973821,28.899,10692.0,2025-01-10T14:30:15.919591066Z,2025-01-10T14:30:44.819268708Z,singapore
8a3107e8-772e-41ac-8d90-550684e1c371,76878b9a-35a4-44dd-9197-e13383ccbcad,worker-1c0c90660cad4a77a05284db651a73f1-1544107698,True,104857601.0,17.788451017930637,44.973,10691.0,2025-01-10T14:30:15.929324509Z,2025-01-10T14:31:00.902361651Z,singapore
8a3107e8-772e-41ac-8d90-550684e1c371,4c35d901-992b-4e79-82c9-821ff63c79fc,worker-2992111522a34177a381c7144d6fb988-1544107698,True,104857601.0,53.97746492337862,14.821,10671.0,2025-01-10T14:31:18.214334957Z,2025-01-10T14:31:33.035839802Z,singapore
8a3107e8-772e-41ac-8d90-550684e1c371,4c35d901-992b-4e79-82c9-821ff63c79fc,worker-51673350c423460e9a484f8c187fc7b4-1544107698,True,104857601.0,46.05111717875861,17.372,10683.0,2025-01-10T14:31:18.221984189Z,2025-01-10T14:31:35.594909059Z,singapore
8a3107e8-772e-41ac-8d90-550684e1c371,4c35d901-992b-4e79-82c9-821ff63c79fc,worker-e2302bd9c29340fba17c6f9eb4f5896d-1544107698,True,104857601.0,37.75187615635858,21.191,10687.0,2025-01-10T14:31:18.226101762Z,2025-01-10T14:31:39.417599155Z,singapore
8a3107e8-772e-41ac-8d90-550684e1c371,4c35d901-992b-4e79-82c9-821ff63c79fc,worker-1c0c90660cad4a77a05284db651a73f1-1544107698,True,104857601.0,36.459757890319686,21.942,10715.0,2025-01-10T14:31:18.255217919Z,2025-01-10T14:31:40.197650017Z,singapore
8a3107e8-772e-41ac-8d90-550684e1c371,4c35d901-992b-4e79-82c9-821ff63c79fc,worker-c891bcc4037c43ee847578f45e1d5201-1544107698,True,104857601.0,35.90019779345695,22.284,10676.0,2025-01-10T14:31:18.227328688Z,2025-01-10T14:31:40.511630297Z,singapore
8a3107e8-772e-41ac-8d90-550684e1c371,4c35d901-992b-4e79-82c9-821ff63c79fc,worker-6ee9c772e38f43b6a29692a846e14457-1544107698,True,104857601.0,35.59668984735225,22.474,10685.0,2025-01-10T14:31:18.224631818Z,2025-01-10T14:31:40.699401647Z,singapore
8a3107e8-772e-41ac-8d90-550684e1c371,4c35d901-992b-4e79-82c9-821ff63c79fc,worker-a68f19a6b8554d2cafb581a58084f3a6-1544107698,True,104857601.0,34.8416884120637,22.961,10684.0,2025-01-10T14:31:18.244495708Z,2025-01-10T14:31:41.206361741Z,singapore
8a3107e8-772e-41ac-8d90-550684e1c371,4c35d901-992b-4e79-82c9-821ff63c79fc,worker-cae8f495c74d48a78027fd2d4d2f1354-1544107698,True,104857601.0,33.10025270509308,24.169,10674.0,2025-01-10T14:31:18.213627678Z,2025-01-10T14:31:42.383317471Z,singapore
8a3107e8-772e-41ac-8d90-550684e1c371,4c35d901-992b-4e79-82c9-821ff63c79fc,worker-a554d0c6da894574acfd4aa7a91b9422-1544107698,True,104857601.0,32.5401670786819,24.585,10668.0,2025-01-10T14:31:18.218458040Z,2025-01-10T14:31:42.804188775Z,singapore
8a3107e8-772e-41ac-8d90-550684e1c371,4c35d901-992b-4e79-82c9-821ff63c79fc,worker-0fe49aec809c4cb886995c6452bfd06f-1544107698,True,104857601.0,30.6231820406291,26.124,10704.0,2025-01-10T14:31:18.244844322Z,2025-01-10T14:31:44.369367368Z,singapore
0ed9699b-b898-458d-9e49-907e4c907d65,2f9a98c9-b209-45b7-a10e-dd29248c9782,worker-4ade8181062e4119823f3dfec9f869f6-1544107698,True,104857601.0,241.32730245230604,3.315,10309.0,2025-01-10T14:27:47.579453841Z,2025-01-10T14:27:50.894802752Z,us_east
0ed9699b-b898-458d-9e49-907e4c907d65,a560ddef-9b91-40f8-99c9-00c44216b8b9,worker-05f9418c7a7e4f848ed3ce9494a256a2-1544107698,True,104857601.0,236.2669839425264,3.386,13330.0,2025-01-10T14:28:06.032792234Z,2025-01-10T14:28:09.419074963Z,us_east
0ed9699b-b898-458d-9e49-907e4c907d65,a560ddef-9b91-40f8-99c9-00c44216b8b9,worker-a98da27749c0447baa6f1b1dcf561cde-1544107698,True,104857601.0,146.78899222557698,5.45,13525.0,2025-01-10T14:28:06.215609442Z,2025-01-10T14:28:11.666193237Z,us_east
0ed9699b-b898-458d-9e49-907e4c907d65,a560ddef-9b91-40f8-99c9-00c44216b8b9,worker-4ade8181062e4119823f3dfec9f869f6-1544107698,True,104857601.0,127.2467007522498,6.287,13340.0,2025-01-10T14:28:06.027370180Z,2025-01-10T14:28:12.315096506Z,us_east
0ed9699b-b898-458d-9e49-907e4c907d65,a560ddef-9b91-40f8-99c9-00c44216b8b9,worker-8201fc83a3af47a0a02af9c05166448b-1544107698,True,104857601.0,106.11487035805736,7.539,13341.0,2025-01-10T14:28:06.032272612Z,2025-01-10T14:28:13.571759878Z,us_east
0ed9699b-b898-458d-9e49-907e4c907d65,a560ddef-9b91-40f8-99c9-00c44216b8b9,worker-4565c1b498ed4df8a32f64c9d9b41c6a-1544107698,True,104857601.0,173.16017481155723,4.62,21983.0,2025-01-10T14:28:14.671690866Z,2025-01-10T14:28:19.292500909Z,us_east
0ed9699b-b898-458d-9e49-907e4c907d65,a560ddef-9b91-40f8-99c9-00c44216b8b9,worker-bd0f708e4f8e4b26a15cf6b04d4e9c71-1544107698,True,104857601.0,164.71072835688582,4.857,21970.0,2025-01-10T14:28:14.673194645Z,2025-01-10T14:28:19.530317872Z,us_east
0ed9699b-b898-458d-9e49-907e4c907d65,a560ddef-9b91-40f8-99c9-00c44216b8b9,worker-512d08349f6448358fb2f2dcb1ccd3d0-1544107698,True,104857601.0,54.869685022592215,14.58,13335.0,2025-01-10T14:28:06.029127133Z,2025-01-10T14:28:20.610012081Z,us_east
0ed9699b-b898-458d-9e49-907e4c907d65,a560ddef-9b91-40f8-99c9-00c44216b8b9,worker-d9cf70f3398b472d8012749670593a5b-1544107698,True,104857601.0,47.52851756353342,16.832,13340.0,2025-01-10T14:28:06.028455884Z,2025-01-10T14:28:22.861274106Z,us_east
0ed9699b-b898-458d-9e49-907e4c907d65,a31d9578-11bc-40bb-a86d-aafcb8087458,worker-8201fc83a3af47a0a02af9c05166448b-1544107698,True,104857601.0,104.1938014625416,7.678,10336.0,2025-01-10T14:28:38.065043468Z,2025-01-10T14:28:45.743129338Z,us_east
0ed9699b-b898-458d-9e49-907e4c907d65,a31d9578-11bc-40bb-a86d-aafcb8087458,worker-4565c1b498ed4df8a32f64c9d9b41c6a-1544107698,True,104857601.0,89.98875226427384,8.89,10338.0,2025-01-10T14:28:38.065922235Z,2025-01-10T14:28:46.956513799Z,us_east
0ed9699b-b898-458d-9e49-907e4c907d65,a31d9578-11bc-40bb-a86d-aafcb8087458,worker-05f9418c7a7e4f848ed3ce9494a256a2-1544107698,True,104857601.0,88.7803803827982,9.011,10331.0,2025-01-10T14:28:38.063998077Z,2025-01-10T14:28:47.075090634Z,us_east
0ed9699b-b898-458d-9e49-907e4c907d65,a31d9578-11bc-40bb-a86d-aafcb8087458,worker-512d08349f6448358fb2f2dcb1ccd3d0-1544107698,True,104857601.0,88.45643604924751,9.044,10334.0,2025-01-10T14:28:38.069831911Z,2025-01-10T14:28:47.113948823Z,us_east
0ed9699b-b898-458d-9e49-907e4c907d65,a31d9578-11bc-40bb-a86d-aafcb8087458,worker-bd0f708e4f8e4b26a15cf6b04d4e9c71-1544107698,True,104857601.0,87.67123371281036,9.125,10313.0,2025-01-10T14:28:38.065379687Z,2025-01-10T14:28:47.190760032Z,us_east
0ed9699b-b898-458d-9e49-907e4c907d65,a31d9578-11bc-40bb-a86d-aafcb8087458,worker-d9cf70f3398b472d8012749670593a5b-1544107698,True,104857601.0,78.85658034789498,10.145,10335.0,2025-01-10T14:28:38.064171038Z,2025-01-10T14:28:48.209390912Z,us_east
0ed9699b-b898-458d-9e49-907e4c907d65,a31d9578-11bc-40bb-a86d-aafcb8087458,worker-4ade8181062e4119823f3dfec9f869f6-1544107698,True,104857601.0,54.58515335899253,14.656,10438.0,2025-01-10T14:28:38.165930450Z,2025-01-10T14:28:52.822010034Z,us_east
0ed9699b-b898-458d-9e49-907e4c907d65,a31d9578-11bc-40bb-a86d-aafcb8087458,worker-a98da27749c0447baa6f1b1dcf561cde-1544107698,True,104857601.0,54.14185216766341,14.776,10441.0,2025-01-10T14:28:38.177576913Z,2025-01-10T14:28:52.954324366Z,us_east
0ed9699b-b898-458d-9e49-907e4c907d65,a31d9578-11bc-40bb-a86d-aafcb8087458,worker-ae578ceab4a24d5c9e0d30928111cb22-1544107698,True,104857601.0,53.944707190114265,14.83,10427.0,2025-01-10T14:28:38.165279591Z,2025-01-10T14:28:52.996176035Z,us_east
0ed9699b-b898-458d-9e49-907e4c907d65,a31d9578-11bc-40bb-a86d-aafcb8087458,worker-ce065cdefe114b36846a1af272167aaa-1544107698,True,104857601.0,46.67716947484652,17.139,10467.0,2025-01-10T14:28:38.197290597Z,2025-01-10T14:28:55.336399213Z,us_east
29ec95d8-cbee-4907-8444-3f12da6a7426,25518521-3908-4be7-b6e8-cbbb3db73b7d,worker-192271e7248e4f7790f10fe8ec7f7fa3-1544107698,True,104857601.0,171.71066916278053,4.659,10416.0,2025-01-10T13:55:51.901249265Z,2025-01-10T13:55:56.561129746Z,us_east
29ec95d8-cbee-4907-8444-3f12da6a7426,25518521-3908-4be7-b6e8-cbbb3db73b7d,worker-ddaa86480cad404eb7fa70c50c09a341-1544107698,True,104857601.0,152.35193441809074,5.251,10429.0,2025-01-10T13:55:51.904788408Z,2025-01-10T13:55:57.155968543Z,us_east
29ec95d8-cbee-4907-8444-3f12da6a7426,25518521-3908-4be7-b6e8-cbbb3db73b7d,worker-c387ebf5361045e5a3c75a6a9ec16f05-1544107698,True,104857601.0,129.61762923353768,6.172,10320.0,2025-01-10T13:55:51.797193872Z,2025-01-10T13:55:57.969469702Z,us_east
29ec95d8-cbee-4907-8444-3f12da6a7426,25518521-3908-4be7-b6e8-cbbb3db73b7d,worker-63d8aae8e41943d1ba5372b12c7695ca-1544107698,True,104857601.0,92.14466800615004,8.682,10426.0,2025-01-10T13:55:51.899361818Z,2025-01-10T13:56:00.581802085Z,us_east
29ec95d8-cbee-4907-8444-3f12da6a7426,25518521-3908-4be7-b6e8-cbbb3db73b7d,worker-3241827a4e994bbda88dc25efa5fd77c-1544107698,True,104857601.0,79.8482890138132,10.019,10368.0,2025-01-10T13:55:51.844019477Z,2025-01-10T13:56:01.863840451Z,us_east
29ec95d8-cbee-4907-8444-3f12da6a7426,25518521-3908-4be7-b6e8-cbbb3db73b7d,worker-b78b9c9625be4721a789ae3b211b5237-1544107698,True,104857601.0,46.438730343611454,17.227,10318.0,2025-01-10T13:55:51.794531322Z,2025-01-10T13:56:09.021653955Z,us_east
29ec95d8-cbee-4907-8444-3f12da6a7426,25518521-3908-4be7-b6e8-cbbb3db73b7d,worker-a1d391bd71164577874cd37fb2a21446-1544107698,True,104857601.0,46.69351588334761,17.133,10455.0,2025-01-10T13:55:51.929374243Z,2025-01-10T13:56:09.062665465Z,us_east
29ec95d8-cbee-4907-8444-3f12da6a7426,25518521-3908-4be7-b6e8-cbbb3db73b7d,worker-cb40c1403b8a49dab9501edd29d79499-1544107698,True,104857601.0,44.38280208762245,18.025,10471.0,2025-01-10T13:55:51.944886982Z,2025-01-10T13:56:09.970792252Z,us_east
29ec95d8-cbee-4907-8444-3f12da6a7426,b12d73b0-20be-4c8b-9f2e-bee48f0f36a4,worker-b78b9c9625be4721a789ae3b211b5237-1544107698,True,104857601.0,154.4998083486664,5.178,10249.0,2025-01-10T13:56:26.770646065Z,2025-01-10T13:56:31.949083905Z,us_east
29ec95d8-cbee-4907-8444-3f12da6a7426,b12d73b0-20be-4c8b-9f2e-bee48f0f36a4,worker-0d61a51af1e24f43a58434dcae9af4bd-1544107698,True,104857601.0,139.30001874097067,5.743,10315.0,2025-01-10T13:56:26.846764713Z,2025-01-10T13:56:32.590477366Z,us_east
29ec95d8-cbee-4907-8444-3f12da6a7426,b12d73b0-20be-4c8b-9f2e-bee48f0f36a4,worker-a1d391bd71164577874cd37fb2a21446-1544107698,True,104857601.0,86.29058436300231,9.271,10236.0,2025-01-10T13:56:26.769588944Z,2025-01-10T13:56:36.040821254Z,us_east
29ec95d8-cbee-4907-8444-3f12da6a7426,b12d73b0-20be-4c8b-9f2e-bee48f0f36a4,worker-3241827a4e994bbda88dc25efa5fd77c-1544107698,True,104857601.0,84.13082423276838,9.509,10242.0,2025-01-10T13:56:26.768655388Z,2025-01-10T13:56:36.278285448Z,us_east
29ec95d8-cbee-4907-8444-3f12da6a7426,b12d73b0-20be-4c8b-9f2e-bee48f0f36a4,worker-192271e7248e4f7790f10fe8ec7f7fa3-1544107698,True,104857601.0,82.72153940951242,9.671,10241.0,2025-01-10T13:56:26.766129168Z,2025-01-10T13:56:36.437732139Z,us_east
29ec95d8-cbee-4907-8444-3f12da6a7426,b12d73b0-20be-4c8b-9f2e-bee48f0f36a4,worker-cb40c1403b8a49dab9501edd29d79499-1544107698,True,104857601.0,80.98805503435862,9.878,10239.0,2025-01-10T13:56:26.771470398Z,2025-01-10T13:56:36.650377788Z,us_east
29ec95d8-cbee-4907-8444-3f12da6a7426,b12d73b0-20be-4c8b-9f2e-bee48f0f36a4,worker-c387ebf5361045e5a3c75a6a9ec16f05-1544107698,True,104857601.0,62.519537951656346,12.796,10248.0,2025-01-10T13:56:26.769622380Z,2025-01-10T13:56:39.565792041Z,us_east
29ec95d8-cbee-4907-8444-3f12da6a7426,b12d73b0-20be-4c8b-9f2e-bee48f0f36a4,worker-012c4e5af7c74da1843ccae22f1aca56-1544107698,True,104857601.0,53.98110712748951,14.82,10247.0,2025-01-10T13:56:26.770376791Z,2025-01-10T13:56:41.591231985Z,us_east
29ec95d8-cbee-4907-8444-3f12da6a7426,b12d73b0-20be-4c8b-9f2e-bee48f0f36a4,worker-ddaa86480cad404eb7fa70c50c09a341-1544107698,True,104857601.0,48.19277154393942,16.6,10362.0,2025-01-10T13:56:26.885887977Z,2025-01-10T13:56:43.486311039Z,us_east
29ec95d8-cbee-4907-8444-3f12da6a7426,b12d73b0-20be-4c8b-9f2e-bee48f0f36a4,worker-63d8aae8e41943d1ba5372b12c7695ca-1544107698,True,104857601.0,43.627638524807466,18.337,10242.0,2025-01-10T13:56:26.772706428Z,2025-01-10T13:56:45.109942885Z,us_east
aef4f589-395e-4fed-b4a0-90e6ad20134a,f0e62280-8141-43f2-98d4-99a8f1c4066e,worker-c387ebf5361045e5a3c75a6a9ec16f05-1544107698,False,,,,,,,us_east
aef4f589-395e-4fed-b4a0-90e6ad20134a,f0e62280-8141-43f2-98d4-99a8f1c4066e,worker-b78b9c9625be4721a789ae3b211b5237-1544107698,False,,,,,,,us_east
aef4f589-395e-4fed-b4a0-90e6ad20134a,f0e62280-8141-43f2-98d4-99a8f1c4066e,worker-192271e7248e4f7790f10fe8ec7f7fa3-1544107698,False,,,,,,,us_east
aef4f589-395e-4fed-b4a0-90e6ad20134a,f0e62280-8141-43f2-98d4-99a8f1c4066e,worker-63d8aae8e41943d1ba5372b12c7695ca-1544107698,False,,,,,,,us_east
aef4f589-395e-4fed-b4a0-90e6ad20134a,f0e62280-8141-43f2-98d4-99a8f1c4066e,worker-ddaa86480cad404eb7fa70c50c09a341-1544107698,False,,,,,,,us_east
aef4f589-395e-4fed-b4a0-90e6ad20134a,f0e62280-8141-43f2-98d4-99a8f1c4066e,worker-3241827a4e994bbda88dc25efa5fd77c-1544107698,False,,,,,,,us_east
aef4f589-395e-4fed-b4a0-90e6ad20134a,f0e62280-8141-43f2-98d4-99a8f1c4066e,worker-cb40c1403b8a49dab9501edd29d79499-1544107698,False,,,,,,,us_east
aef4f589-395e-4fed-b4a0-90e6ad20134a,f0e62280-8141-43f2-98d4-99a8f1c4066e,worker-a1d391bd71164577874cd37fb2a21446-1544107698,True,2506293.0,0.3175115505356783,60.223,10379.0,2025-01-10T13:53:26.677087310Z,2025-01-10T13:54:26.900206120Z,us_east
aef4f589-395e-4fed-b4a0-90e6ad20134a,05e81d10-ea99-46c5-9856-54482b14ddcf,worker-c387ebf5361045e5a3c75a6a9ec16f05-1544107698,False,,,,,,,us_east
aef4f589-395e-4fed-b4a0-90e6ad20134a,05e81d10-ea99-46c5-9856-54482b14ddcf,worker-b78b9c9625be4721a789ae3b211b5237-1544107698,False,,,,,,,us_east
aef4f589-395e-4fed-b4a0-90e6ad20134a,05e81d10-ea99-46c5-9856-54482b14ddcf,worker-192271e7248e4f7790f10fe8ec7f7fa3-1544107698,False,,,,,,,us_east
aef4f589-395e-4fed-b4a0-90e6ad20134a,05e81d10-ea99-46c5-9856-54482b14ddcf,worker-3241827a4e994bbda88dc25efa5fd77c-1544107698,False,,,,,,,us_east
aef4f589-395e-4fed-b4a0-90e6ad20134a,05e81d10-ea99-46c5-9856-54482b14ddcf,worker-a1d391bd71164577874cd37fb2a21446-1544107698,False,,,,,,,us_east
aef4f589-395e-4fed-b4a0-90e6ad20134a,05e81d10-ea99-46c5-9856-54482b14ddcf,worker-cb40c1403b8a49dab9501edd29d79499-1544107698,False,,,,,,,us_east
aef4f589-395e-4fed-b4a0-90e6ad20134a,05e81d10-ea99-46c5-9856-54482b14ddcf,worker-012c4e5af7c74da1843ccae22f1aca56-1544107698,False,,,,,,,us_east
aef4f589-395e-4fed-b4a0-90e6ad20134a,05e81d10-ea99-46c5-9856-54482b14ddcf,worker-63d8aae8e41943d1ba5372b12c7695ca-1544107698,False,,,,,,,us_east
aef4f589-395e-4fed-b4a0-90e6ad20134a,05e81d10-ea99-46c5-9856-54482b14ddcf,worker-ddaa86480cad404eb7fa70c50c09a341-1544107698,False,,,,,,,us_east
aef4f589-395e-4fed-b4a0-90e6ad20134a,05e81d10-ea99-46c5-9856-54482b14ddcf,worker-0d61a51af1e24f43a58434dcae9af4bd-1544107698,True,104857601.0,63.59300537594551,12.58,10295.0,2025-01-10T13:54:46.708756388Z,2025-01-10T13:54:59.289080458Z,us_east
e21fde0b-243c-42c1-81c3-32b49651dbdd,423380c4-2a5a-43c5-9b36-7f47343f54a7,worker-0fe75dfcfffb4b42a1d416d4c4b1787d-1544107698,True,1125500.0,0.14260372905292493,60.215,11188.0,2024-12-18T15:21:00.251000644Z,2024-12-18T15:22:00.466287604Z,hong_kong
e21fde0b-243c-42c1-81c3-32b49651dbdd,423380c4-2a5a-43c5-9b36-7f47343f54a7,worker-f642ee41a7ef4b7b80aadd3fe35a8eea-1544107698,True,1150756.0,0.14620922484017992,60.048,12507.0,2024-12-18T15:21:01.572610318Z,2024-12-18T15:22:01.621465908Z,hong_kong
e21fde0b-243c-42c1-81c3-32b49651dbdd,423380c4-2a5a-43c5-9b36-7f47343f54a7,worker-9341b19cf4a24008852cd01493803e1e-1544107698,True,873940.0,0.11110684802187308,60.011,12815.0,2024-12-18T15:21:01.877999001Z,2024-12-18T15:22:01.889647362Z,hong_kong
e21fde0b-243c-42c1-81c3-32b49651dbdd,423380c4-2a5a-43c5-9b36-7f47343f54a7,worker-4398e5a675d647f896152d26710fdfb3-1544107698,True,1023084.0,0.12968120077437076,60.19,12817.0,2024-12-18T15:21:01.888114364Z,2024-12-18T15:22:02.078329168Z,hong_kong
e21fde0b-243c-42c1-81c3-32b49651dbdd,423380c4-2a5a-43c5-9b36-7f47343f54a7,worker-4e00d7b178f74e2ba9e6c008135c01b0-1544107698,True,1095484.0,0.13911019521432524,60.081,12822.0,2024-12-18T15:21:01.882231171Z,2024-12-18T15:22:01.964140419Z,hong_kong
e21fde0b-243c-42c1-81c3-32b49651dbdd,423380c4-2a5a-43c5-9b36-7f47343f54a7,worker-20adfa6ecf4e484492a1945d650c7097-1544107698,True,978196.0,0.1241461068433939,60.115,12819.0,2024-12-18T15:21:01.879317737Z,2024-12-18T15:22:01.995287561Z,hong_kong
e21fde0b-243c-42c1-81c3-32b49651dbdd,423380c4-2a5a-43c5-9b36-7f47343f54a7,worker-8ae4a376fad448a29ba10958d74c2fab-1544107698,True,1049148.0,0.13302251863247427,60.173,12819.0,2024-12-18T15:21:01.883051359Z,2024-12-18T15:22:02.056199251Z,hong_kong
e21fde0b-243c-42c1-81c3-32b49651dbdd,423380c4-2a5a-43c5-9b36-7f47343f54a7,worker-c3a79ce8d38d4f759ad7105bb58535f0-1544107698,True,1024532.0,0.1294496602999292,60.383,12821.0,2024-12-18T15:21:01.881525114Z,2024-12-18T15:22:02.265200538Z,hong_kong
e21fde0b-243c-42c1-81c3-32b49651dbdd,9e454ee0-3f51-40c9-b209-cb04a813b102,worker-4e00d7b178f74e2ba9e6c008135c01b0-1544107698,True,930020.0,0.11796128912159606,60.151,11148.0,2024-12-18T15:22:20.323599751Z,2024-12-18T15:23:20.475537131Z,hong_kong
e21fde0b-243c-42c1-81c3-32b49651dbdd,9e454ee0-3f51-40c9-b209-cb04a813b102,worker-96868f4327ce4ff083395bafabbccf4c-1544107698,True,784164.0,0.0995324504758622,60.108,12299.0,2024-12-18T15:22:21.476237222Z,2024-12-18T15:23:21.584719726Z,hong_kong
e21fde0b-243c-42c1-81c3-32b49651dbdd,9e454ee0-3f51-40c9-b209-cb04a813b102,worker-a22b588701874d1685f95907e9889744-1544107698,True,800092.0,0.1016759532496648,60.036,12574.0,2024-12-18T15:22:21.751726112Z,2024-12-18T15:23:21.788626709Z,hong_kong
e21fde0b-243c-42c1-81c3-32b49651dbdd,9e454ee0-3f51-40c9-b209-cb04a813b102,worker-9341b19cf4a24008852cd01493803e1e-1544107698,True,884076.0,0.11176967537092772,60.347,12298.0,2024-12-18T15:22:21.474031062Z,2024-12-18T15:23:21.821314743Z,hong_kong
e21fde0b-243c-42c1-81c3-32b49651dbdd,9e454ee0-3f51-40c9-b209-cb04a813b102,worker-0fe75dfcfffb4b42a1d416d4c4b1787d-1544107698,True,805884.0,0.10225700571160834,60.127,12611.0,2024-12-18T15:22:21.787934872Z,2024-12-18T15:23:21.915907181Z,hong_kong
e21fde0b-243c-42c1-81c3-32b49651dbdd,9e454ee0-3f51-40c9-b209-cb04a813b102,worker-c3a79ce8d38d4f759ad7105bb58535f0-1544107698,True,868148.0,0.1103815282645717,60.005,12987.0,2024-12-18T15:22:22.164828928Z,2024-12-18T15:23:22.170500186Z,hong_kong
e21fde0b-243c-42c1-81c3-32b49651dbdd,9e454ee0-3f51-40c9-b209-cb04a813b102,worker-f642ee41a7ef4b7b80aadd3fe35a8eea-1544107698,True,813124.0,0.10335272222491212,60.024,13063.0,2024-12-18T15:22:22.238575663Z,2024-12-18T15:23:22.262924517Z,hong_kong
e21fde0b-243c-42c1-81c3-32b49651dbdd,9e454ee0-3f51-40c9-b209-cb04a813b102,worker-8ae4a376fad448a29ba10958d74c2fab-1544107698,True,717804.0,0.09105042499392114,60.147,13146.0,2024-12-18T15:22:22.324526740Z,2024-12-18T15:23:22.472179403Z,hong_kong
e21fde0b-243c-42c1-81c3-32b49651dbdd,9e454ee0-3f51-40c9-b209-cb04a813b102,worker-20adfa6ecf4e484492a1945d650c7097-1544107698,True,865500.0,0.10953736487561792,60.283,13060.0,2024-12-18T15:22:22.235848306Z,2024-12-18T15:23:22.519707844Z,hong_kong
e21fde0b-243c-42c1-81c3-32b49651dbdd,9e454ee0-3f51-40c9-b209-cb04a813b102,worker-4398e5a675d647f896152d26710fdfb3-1544107698,True,845228.0,0.10732604155614432,60.084,13633.0,2024-12-18T15:22:22.811026751Z,2024-12-18T15:23:22.895636467Z,hong_kong
3ed65aec-5697-404b-b869-567804eec977,33f37e53-d6ec-4cb6-a7b4-da852b28a58f,worker-ca8b2812024149d1b919d63b0dfd55d6-1544107698,True,1396840.0,0.17756116324882537,60.019,10989.0,2024-12-18T15:17:12.684729201Z,2024-12-18T15:18:12.703834015Z,us_east
3ed65aec-5697-404b-b869-567804eec977,33f37e53-d6ec-4cb6-a7b4-da852b28a58f,worker-3dd9a95588fb4a4f850b68a8ee0aad1e-1544107698,True,973854.0,0.12376799290093347,60.031,11751.0,2024-12-18T15:17:13.432738171Z,2024-12-18T15:18:13.463837777Z,us_east
3ed65aec-5697-404b-b869-567804eec977,33f37e53-d6ec-4cb6-a7b4-da852b28a58f,worker-81fefd0ccb5642d7a56786fb3a2d9b24-1544107698,True,772582.0,0.09817506763507364,60.039,11749.0,2024-12-18T15:17:13.430691059Z,2024-12-18T15:18:13.470243520Z,us_east
3ed65aec-5697-404b-b869-567804eec977,33f37e53-d6ec-4cb6-a7b4-da852b28a58f,worker-8b8ad7e35b67443499858fff8e1ef9ce-1544107698,True,869598.0,0.11043521914884376,60.076,11728.0,2024-12-18T15:17:13.433011669Z,2024-12-18T15:18:13.509269202Z,us_east
3ed65aec-5697-404b-b869-567804eec977,33f37e53-d6ec-4cb6-a7b4-da852b28a58f,worker-6ccd82060e54495b990766f2540a1439-1544107698,True,1010054.0,0.12837723797403147,60.027,11926.0,2024-12-18T15:17:13.620021498Z,2024-12-18T15:18:13.647159373Z,us_east
3ed65aec-5697-404b-b869-567804eec977,33f37e53-d6ec-4cb6-a7b4-da852b28a58f,worker-db8959a0a41048e590e27e62bc0b5139-1544107698,True,982542.0,0.12448024844774888,60.22,11728.0,2024-12-18T15:17:13.432453577Z,2024-12-18T15:18:13.653121305Z,us_east
3ed65aec-5697-404b-b869-567804eec977,33f37e53-d6ec-4cb6-a7b4-da852b28a58f,worker-df8995c05ca04bfa9edd50b2ba697469-1544107698,True,1146166.0,0.14570854487793994,60.014,12559.0,2024-12-18T15:17:14.252924778Z,2024-12-18T15:18:14.267206177Z,us_east
3ed65aec-5697-404b-b869-567804eec977,33f37e53-d6ec-4cb6-a7b4-da852b28a58f,worker-3ca5fbe6d34b499d9377a88e47e1a718-1544107698,True,1070870.0,0.13615908475567776,60.004,13112.0,2024-12-18T15:17:14.806495321Z,2024-12-18T15:18:14.811280728Z,us_east
3ed65aec-5697-404b-b869-567804eec977,128b1da1-12db-4085-840a-8a87c486454e,worker-22d3061d167f486191c760a06ec5350f-1544107698,True,1037494.0,0.13164334502735311,60.128,10941.0,2024-12-18T15:18:32.755670425Z,2024-12-18T15:19:32.884466145Z,us_east
3ed65aec-5697-404b-b869-567804eec977,128b1da1-12db-4085-840a-8a87c486454e,worker-3a505583760e41579c92fb2c01ac2d0f-1544107698,True,774030.0,0.09840168378557042,60.013,11701.0,2024-12-18T15:18:33.515533187Z,2024-12-18T15:19:33.529427158Z,us_east
3ed65aec-5697-404b-b869-567804eec977,128b1da1-12db-4085-840a-8a87c486454e,worker-db8959a0a41048e590e27e62bc0b5139-1544107698,True,607510.0,0.07711522480499947,60.104,11690.0,2024-12-18T15:18:33.513163937Z,2024-12-18T15:19:33.617939668Z,us_east
3ed65aec-5697-404b-b869-567804eec977,128b1da1-12db-4085-840a-8a87c486454e,worker-3ca5fbe6d34b499d9377a88e47e1a718-1544107698,True,813126.0,0.10310390828528292,60.169,11705.0,2024-12-18T15:18:33.514712247Z,2024-12-18T15:19:33.684440826Z,us_east
3ed65aec-5697-404b-b869-567804eec977,128b1da1-12db-4085-840a-8a87c486454e,worker-6ccd82060e54495b990766f2540a1439-1544107698,True,827606.0,0.104939963942058,60.169,11706.0,2024-12-18T15:18:33.516205119Z,2024-12-18T15:19:33.685231830Z,us_east
3ed65aec-5697-404b-b869-567804eec977,128b1da1-12db-4085-840a-8a87c486454e,worker-3dd9a95588fb4a4f850b68a8ee0aad1e-1544107698,True,869598.0,0.1101674840687114,60.222,12334.0,2024-12-18T15:18:34.144952630Z,2024-12-18T15:19:34.367922195Z,us_east
3ed65aec-5697-404b-b869-567804eec977,128b1da1-12db-4085-840a-8a87c486454e,worker-df8995c05ca04bfa9edd50b2ba697469-1544107698,True,820614.0,0.1042370171963969,60.063,12738.0,2024-12-18T15:18:34.548986666Z,2024-12-18T15:19:34.612692309Z,us_east
3ed65aec-5697-404b-b869-567804eec977,128b1da1-12db-4085-840a-8a87c486454e,worker-ca8b2812024149d1b919d63b0dfd55d6-1544107698,True,949238.0,0.12068173981094298,60.01,12804.0,2024-12-18T15:18:34.623716805Z,2024-12-18T15:19:34.633953188Z,us_east
3ed65aec-5697-404b-b869-567804eec977,128b1da1-12db-4085-840a-8a87c486454e,worker-8b8ad7e35b67443499858fff8e1ef9ce-1544107698,True,707422.0,0.08964706482993004,60.205,12739.0,2024-12-18T15:18:34.549673377Z,2024-12-18T15:19:34.755362327Z,us_east
3ed65aec-5697-404b-b869-567804eec977,128b1da1-12db-4085-840a-8a87c486454e,worker-81fefd0ccb5642d7a56786fb3a2d9b24-1544107698,True,813126.0,0.1033047868117163,60.052,13059.0,2024-12-18T15:18:34.868874778Z,2024-12-18T15:19:34.921299905Z,us_east
f1743201-f2e6-422e-b94f-44561cc3aa37,f6d641a5-8b16-4f58-b7d6-7776ab813d7f,worker-ca8b2812024149d1b919d63b0dfd55d6-1544107698,True,104857601.0,169.5993232201388,4.717,15422.0,2024-12-18T14:54:46.030963699Z,2024-12-18T14:54:50.748292044Z,us_east
f1743201-f2e6-422e-b94f-44561cc3aa37,f6d641a5-8b16-4f58-b7d6-7776ab813d7f,worker-6ccd82060e54495b990766f2540a1439-1544107698,True,104857601.0,150.51740501023414,5.315,15427.0,2024-12-18T14:54:46.037021734Z,2024-12-18T14:54:51.352745426Z,us_east
f1743201-f2e6-422e-b94f-44561cc3aa37,f6d641a5-8b16-4f58-b7d6-7776ab813d7f,worker-8b8ad7e35b67443499858fff8e1ef9ce-1544107698,True,104857601.0,149.72861830982492,5.343,15420.0,2024-12-18T14:54:46.031918953Z,2024-12-18T14:54:51.375865392Z,us_east
f1743201-f2e6-422e-b94f-44561cc3aa37,f6d641a5-8b16-4f58-b7d6-7776ab813d7f,worker-df8995c05ca04bfa9edd50b2ba697469-1544107698,True,104857601.0,52.89605974804248,15.124,15424.0,2024-12-18T14:54:46.030044211Z,2024-12-18T14:55:01.154428529Z,us_east
f1743201-f2e6-422e-b94f-44561cc3aa37,f6d641a5-8b16-4f58-b7d6-7776ab813d7f,worker-81fefd0ccb5642d7a56786fb3a2d9b24-1544107698,True,104857601.0,46.9621372250892,17.035,15869.0,2024-12-18T14:54:46.477804417Z,2024-12-18T14:55:03.513682437Z,us_east
f1743201-f2e6-422e-b94f-44561cc3aa37,f6d641a5-8b16-4f58-b7d6-7776ab813d7f,worker-3ca5fbe6d34b499d9377a88e47e1a718-1544107698,True,104857601.0,45.08058196942379,17.746,15428.0,2024-12-18T14:54:46.037175365Z,2024-12-18T14:55:03.784141412Z,us_east
f1743201-f2e6-422e-b94f-44561cc3aa37,f6d641a5-8b16-4f58-b7d6-7776ab813d7f,worker-3dd9a95588fb4a4f850b68a8ee0aad1e-1544107698,True,104857601.0,44.820438547223624,17.849,15400.0,2024-12-18T14:54:46.038486324Z,2024-12-18T14:55:03.888212454Z,us_east
f1743201-f2e6-422e-b94f-44561cc3aa37,f6d641a5-8b16-4f58-b7d6-7776ab813d7f,worker-db8959a0a41048e590e27e62bc0b5139-1544107698,True,104857601.0,43.912614317125616,18.218,15425.0,2024-12-18T14:54:46.031610119Z,2024-12-18T14:55:04.249929297Z,us_east
f1743201-f2e6-422e-b94f-44561cc3aa37,0827d378-0c4c-4af9-9fa6-5a330ba98c97,worker-3a505583760e41579c92fb2c01ac2d0f-1544107698,True,104857601.0,151.02888571444112,5.297,10240.0,2024-12-18T14:55:20.903579624Z,2024-12-18T14:55:26.201422782Z,us_east
f1743201-f2e6-422e-b94f-44561cc3aa37,0827d378-0c4c-4af9-9fa6-5a330ba98c97,worker-3ca5fbe6d34b499d9377a88e47e1a718-1544107698,True,104857601.0,128.22567841471303,6.239,10245.0,2024-12-18T14:55:20.897998441Z,2024-12-18T14:55:27.137733859Z,us_east
f1743201-f2e6-422e-b94f-44561cc3aa37,0827d378-0c4c-4af9-9fa6-5a330ba98c97,worker-8b8ad7e35b67443499858fff8e1ef9ce-1544107698,True,104857601.0,115.90843344384156,6.902,10249.0,2024-12-18T14:55:20.904991686Z,2024-12-18T14:55:27.807624361Z,us_east
f1743201-f2e6-422e-b94f-44561cc3aa37,0827d378-0c4c-4af9-9fa6-5a330ba98c97,worker-81fefd0ccb5642d7a56786fb3a2d9b24-1544107698,True,104857601.0,48.508368156038955,16.492,10245.0,2024-12-18T14:55:20.899959192Z,2024-12-18T14:55:37.392613166Z,us_east
f1743201-f2e6-422e-b94f-44561cc3aa37,0827d378-0c4c-4af9-9fa6-5a330ba98c97,worker-6ccd82060e54495b990766f2540a1439-1544107698,True,104857601.0,44.22821802462376,18.088,10237.0,2024-12-18T14:55:20.902306632Z,2024-12-18T14:55:38.990633778Z,us_east
f1743201-f2e6-422e-b94f-44561cc3aa37,0827d378-0c4c-4af9-9fa6-5a330ba98c97,worker-22d3061d167f486191c760a06ec5350f-1544107698,True,104857601.0,44.1233251133084,18.131,10243.0,2024-12-18T14:55:20.909579721Z,2024-12-18T14:55:39.041106817Z,us_east
f1743201-f2e6-422e-b94f-44561cc3aa37,0827d378-0c4c-4af9-9fa6-5a330ba98c97,worker-ca8b2812024149d1b919d63b0dfd55d6-1544107698,True,104857601.0,43.52557168821516,18.38,10313.0,2024-12-18T14:55:20.969116278Z,2024-12-18T14:55:39.349250522Z,us_east
f1743201-f2e6-422e-b94f-44561cc3aa37,0827d378-0c4c-4af9-9fa6-5a330ba98c97,worker-3dd9a95588fb4a4f850b68a8ee0aad1e-1544107698,True,104857601.0,42.449326521776214,18.846,10235.0,2024-12-18T14:55:20.898570729Z,2024-12-18T14:55:39.744748388Z,us_east
f1743201-f2e6-422e-b94f-44561cc3aa37,0827d378-0c4c-4af9-9fa6-5a330ba98c97,worker-db8959a0a41048e590e27e62bc0b5139-1544107698,True,104857601.0,42.012394056789965,19.042,10248.0,2024-12-18T14:55:20.907049859Z,2024-12-18T14:55:39.949643225Z,us_east
f1743201-f2e6-422e-b94f-44561cc3aa37,0827d378-0c4c-4af9-9fa6-5a330ba98c97,worker-df8995c05ca04bfa9edd50b2ba697469-1544107698,True,104857601.0,42.05214506041813,19.024,10310.0,2024-12-18T14:55:20.966677639Z,2024-12-18T14:55:39.991093052Z,us_east
3c8196f3-313b-4a84-94a1-c49684dc10fe,b24a58fa-3499-4f06-941d-cf4f89e75edf,worker-6ccd82060e54495b990766f2540a1439-1544107698,True,104857601.0,145.5868985676787,5.495,10407.0,2024-12-18T14:48:45.731671134Z,2024-12-18T14:48:51.227601889Z,us_east
3c8196f3-313b-4a84-94a1-c49684dc10fe,b24a58fa-3499-4f06-941d-cf4f89e75edf,worker-3dd9a95588fb4a4f850b68a8ee0aad1e-1544107698,True,104857601.0,73.70554704527314,10.854,10309.0,2024-12-18T14:48:45.629548437Z,2024-12-18T14:48:56.484084592Z,us_east
3c8196f3-313b-4a84-94a1-c49684dc10fe,b24a58fa-3499-4f06-941d-cf4f89e75edf,worker-8b8ad7e35b67443499858fff8e1ef9ce-1544107698,True,104857601.0,72.83984408899158,10.983,10351.0,2024-12-18T14:48:45.681406791Z,2024-12-18T14:48:56.665286969Z,us_east
3c8196f3-313b-4a84-94a1-c49684dc10fe,b24a58fa-3499-4f06-941d-cf4f89e75edf,worker-81fefd0ccb5642d7a56786fb3a2d9b24-1544107698,True,104857601.0,70.44734128473006,11.356,10405.0,2024-12-18T14:48:45.726953105Z,2024-12-18T14:48:57.083599503Z,us_east
3c8196f3-313b-4a84-94a1-c49684dc10fe,b24a58fa-3499-4f06-941d-cf4f89e75edf,worker-3ca5fbe6d34b499d9377a88e47e1a718-1544107698,True,104857601.0,68.68131933631479,11.648,10412.0,2024-12-18T14:48:45.733025078Z,2024-12-18T14:48:57.381971555Z,us_east
3c8196f3-313b-4a84-94a1-c49684dc10fe,b24a58fa-3499-4f06-941d-cf4f89e75edf,worker-df8995c05ca04bfa9edd50b2ba697469-1544107698,True,104857601.0,65.13066902461895,12.283,10354.0,2024-12-18T14:48:45.676808299Z,2024-12-18T14:48:57.960287334Z,us_east
3c8196f3-313b-4a84-94a1-c49684dc10fe,b24a58fa-3499-4f06-941d-cf4f89e75edf,worker-db8959a0a41048e590e27e62bc0b5139-1544107698,True,104857601.0,53.483086484115155,14.958,10412.0,2024-12-18T14:48:45.737867035Z,2024-12-18T14:49:00.696337102Z,us_east
3c8196f3-313b-4a84-94a1-c49684dc10fe,b24a58fa-3499-4f06-941d-cf4f89e75edf,worker-ca8b2812024149d1b919d63b0dfd55d6-1544107698,True,104857601.0,47.67864638115469,16.779,10352.0,2024-12-18T14:48:45.686997981Z,2024-12-18T14:49:02.466887033Z,us_east
3c8196f3-313b-4a84-94a1-c49684dc10fe,65de365a-da58-4b2d-b2c0-695695c558ec,worker-6ccd82060e54495b990766f2540a1439-1544107698,True,104857601.0,304.1825124066139,2.63,10245.0,2024-12-18T14:49:20.619577750Z,2024-12-18T14:49:23.250087411Z,us_east
3c8196f3-313b-4a84-94a1-c49684dc10fe,65de365a-da58-4b2d-b2c0-695695c558ec,worker-db8959a0a41048e590e27e62bc0b5139-1544107698,True,104857601.0,107.25298399643312,7.459,10244.0,2024-12-18T14:49:20.616125248Z,2024-12-18T14:49:28.076079858Z,us_east
3c8196f3-313b-4a84-94a1-c49684dc10fe,65de365a-da58-4b2d-b2c0-695695c558ec,worker-3a505583760e41579c92fb2c01ac2d0f-1544107698,True,104857601.0,85.54320013145792,9.352,10253.0,2024-12-18T14:49:20.625736847Z,2024-12-18T14:49:29.977876627Z,us_east
3c8196f3-313b-4a84-94a1-c49684dc10fe,65de365a-da58-4b2d-b2c0-695695c558ec,worker-3dd9a95588fb4a4f850b68a8ee0aad1e-1544107698,True,104857601.0,77.26482592518781,10.354,10245.0,2024-12-18T14:49:20.622345388Z,2024-12-18T14:49:30.976828858Z,us_east
3c8196f3-313b-4a84-94a1-c49684dc10fe,65de365a-da58-4b2d-b2c0-695695c558ec,worker-df8995c05ca04bfa9edd50b2ba697469-1544107698,True,104857601.0,76.52573250711636,10.454,10227.0,2024-12-18T14:49:20.618250013Z,2024-12-18T14:49:31.073115740Z,us_east
3c8196f3-313b-4a84-94a1-c49684dc10fe,65de365a-da58-4b2d-b2c0-695695c558ec,worker-8b8ad7e35b67443499858fff8e1ef9ce-1544107698,True,104857601.0,71.10479136338056,11.251,10307.0,2024-12-18T14:49:20.687517396Z,2024-12-18T14:49:31.938522737Z,us_east
3c8196f3-313b-4a84-94a1-c49684dc10fe,65de365a-da58-4b2d-b2c0-695695c558ec,worker-81fefd0ccb5642d7a56786fb3a2d9b24-1544107698,True,104857601.0,70.5342979747306,11.342,10252.0,2024-12-18T14:49:20.624634776Z,2024-12-18T14:49:31.967341678Z,us_east
3c8196f3-313b-4a84-94a1-c49684dc10fe,65de365a-da58-4b2d-b2c0-695695c558ec,worker-22d3061d167f486191c760a06ec5350f-1544107698,True,104857601.0,57.86199968388504,13.826,10248.0,2024-12-18T14:49:20.619906424Z,2024-12-18T14:49:34.446127207Z,us_east
3c8196f3-313b-4a84-94a1-c49684dc10fe,65de365a-da58-4b2d-b2c0-695695c558ec,worker-3ca5fbe6d34b499d9377a88e47e1a718-1544107698,True,104857601.0,52.195472540575096,15.327,10237.0,2024-12-18T14:49:20.615571420Z,2024-12-18T14:49:35.942630092Z,us_east
3c8196f3-313b-4a84-94a1-c49684dc10fe,65de365a-da58-4b2d-b2c0-695695c558ec,worker-ca8b2812024149d1b919d63b0dfd55d6-1544107698,True,104857601.0,43.551636323664574,18.369,10245.0,2024-12-18T14:49:20.618784664Z,2024-12-18T14:49:38.988236091Z,us_east
023624df-e299-4cdd-8228-2c529182642d,bb21188c-3636-4633-bf6f-b269bbc54048,worker-df8995c05ca04bfa9edd50b2ba697469-1544107698,True,60784640.0,7.729037849369178,60.001,21396.0,2024-12-18T14:40:01.246929371Z,2024-12-18T14:41:01.248546066Z,us_east
023624df-e299-4cdd-8228-2c529182642d,bb21188c-3636-4633-bf6f-b269bbc54048,worker-3ca5fbe6d34b499d9377a88e47e1a718-1544107698,True,58359808.0,7.4207096548390865,60.001,21612.0,2024-12-18T14:40:01.465341503Z,2024-12-18T14:41:01.466950236Z,us_east
023624df-e299-4cdd-8228-2c529182642d,bb21188c-3636-4633-bf6f-b269bbc54048,worker-3dd9a95588fb4a4f850b68a8ee0aad1e-1544107698,True,57016320.0,7.245652608434939,60.036,21616.0,2024-12-18T14:40:01.469077629Z,2024-12-18T14:41:01.505249493Z,us_east
023624df-e299-4cdd-8228-2c529182642d,bb21188c-3636-4633-bf6f-b269bbc54048,worker-6ccd82060e54495b990766f2540a1439-1544107698,True,58130432.0,7.386865204283882,60.039,21618.0,2024-12-18T14:40:01.469773508Z,2024-12-18T14:41:01.509687632Z,us_east
023624df-e299-4cdd-8228-2c529182642d,bb21188c-3636-4633-bf6f-b269bbc54048,worker-db8959a0a41048e590e27e62bc0b5139-1544107698,True,63205904.0,7.418241340209407,65.005,21615.0,2024-12-18T14:40:01.470481279Z,2024-12-18T14:41:06.475892702Z,us_east
023624df-e299-4cdd-8228-2c529182642d,bb21188c-3636-4633-bf6f-b269bbc54048,worker-ca8b2812024149d1b919d63b0dfd55d6-1544107698,True,58261504.0,6.509482316760636,68.285,20508.0,2024-12-18T14:40:00.367380160Z,2024-12-18T14:41:08.652412989Z,us_east
023624df-e299-4cdd-8228-2c529182642d,bb21188c-3636-4633-bf6f-b269bbc54048,worker-81fefd0ccb5642d7a56786fb3a2d9b24-1544107698,True,57114624.0,6.294964028776979,69.222,21167.0,2024-12-18T14:40:01.026319680Z,2024-12-18T14:41:10.248825795Z,us_east
023624df-e299-4cdd-8228-2c529182642d,bb21188c-3636-4633-bf6f-b269bbc54048,worker-8b8ad7e35b67443499858fff8e1ef9ce-1544107698,True,56262656.0,6.047904191616767,70.975,21391.0,2024-12-18T14:40:01.245887940Z,2024-12-18T14:41:12.221032944Z,us_east
023624df-e299-4cdd-8228-2c529182642d,ee6af797-848b-477f-a57f-2491762e3a67,worker-df8995c05ca04bfa9edd50b2ba697469-1544107698,True,42729472.0,5.426821147955786,60.072,23894.0,2024-12-18T14:41:43.878464744Z,2024-12-18T14:42:43.950815017Z,us_east
023624df-e299-4cdd-8228-2c529182642d,ee6af797-848b-477f-a57f-2491762e3a67,worker-db8959a0a41048e590e27e62bc0b5139-1544107698,True,40566784.0,5.152064987598422,60.073,23895.0,2024-12-18T14:41:43.878371127Z,2024-12-18T14:42:43.951832059Z,us_east
023624df-e299-4cdd-8228-2c529182642d,ee6af797-848b-477f-a57f-2491762e3a67,worker-3ca5fbe6d34b499d9377a88e47e1a718-1544107698,True,40271872.0,5.114780842669508,60.071,24118.0,2024-12-18T14:41:44.098349522Z,2024-12-18T14:42:44.169646444Z,us_east
023624df-e299-4cdd-8228-2c529182642d,ee6af797-848b-477f-a57f-2491762e3a67,worker-81fefd0ccb5642d7a56786fb3a2d9b24-1544107698,True,40992768.0,5.205992509363296,60.075,24108.0,2024-12-18T14:41:44.095591973Z,2024-12-18T14:42:44.171287777Z,us_east
023624df-e299-4cdd-8228-2c529182642d,ee6af797-848b-477f-a57f-2491762e3a67,worker-3a505583760e41579c92fb2c01ac2d0f-1544107698,True,39682048.0,5.03928226638703,60.078,24120.0,2024-12-18T14:41:44.099974712Z,2024-12-18T14:42:44.178537628Z,us_east
023624df-e299-4cdd-8228-2c529182642d,ee6af797-848b-477f-a57f-2491762e3a67,worker-6ccd82060e54495b990766f2540a1439-1544107698,True,39059456.0,4.7984026793765295,62.104,24124.0,2024-12-18T14:41:44.104149131Z,2024-12-18T14:42:46.209119813Z,us_east
023624df-e299-4cdd-8228-2c529182642d,ee6af797-848b-477f-a57f-2491762e3a67,worker-ca8b2812024149d1b919d63b0dfd55d6-1544107698,True,38535168.0,4.721905465525272,62.263,24332.0,2024-12-18T14:41:44.318072748Z,2024-12-18T14:42:46.581449057Z,us_east
023624df-e299-4cdd-8228-2c529182642d,ee6af797-848b-477f-a57f-2491762e3a67,worker-3dd9a95588fb4a4f850b68a8ee0aad1e-1544107698,True,38993920.0,4.726648766304952,62.941,24338.0,2024-12-18T14:41:44.322493433Z,2024-12-18T14:42:47.263701775Z,us_east
023624df-e299-4cdd-8228-2c529182642d,ee6af797-848b-477f-a57f-2491762e3a67,worker-8b8ad7e35b67443499858fff8e1ef9ce-1544107698,True,44498944.0,5.265443491477581,64.477,23238.0,2024-12-18T14:41:43.221059238Z,2024-12-18T14:42:47.698790133Z,us_east
023624df-e299-4cdd-8228-2c529182642d,ee6af797-848b-477f-a57f-2491762e3a67,worker-22d3061d167f486191c760a06ec5350f-1544107698,True,43712512.0,5.0373838833924935,66.205,23675.0,2024-12-18T14:41:43.658877680Z,2024-12-18T14:42:49.864085580Z,us_east
4625d744-d723-4fd3-914f-7f2847c566d1,4e631cda-0ce6-41af-a997-a6a36f80b79a,worker-6ccd82060e54495b990766f2540a1439-1544107698,True,84508672.0,10.719570385887907,60.147,11994.0,2024-12-18T14:33:46.487505843Z,2024-12-18T14:34:46.635059805Z,us_east
4625d744-d723-4fd3-914f-7f2847c566d1,4e631cda-0ce6-41af-a997-a6a36f80b79a,worker-81fefd0ccb5642d7a56786fb3a2d9b24-1544107698,True,82914720.0,10.521407613068408,60.124,12226.0,2024-12-18T14:33:46.722393813Z,2024-12-18T14:34:46.847315675Z,us_east
4625d744-d723-4fd3-914f-7f2847c566d1,4e631cda-0ce6-41af-a997-a6a36f80b79a,worker-df8995c05ca04bfa9edd50b2ba697469-1544107698,True,78249984.0,9.918096788663131,60.193,12456.0,2024-12-18T14:33:46.951182494Z,2024-12-18T14:34:47.144550836Z,us_east
4625d744-d723-4fd3-914f-7f2847c566d1,4e631cda-0ce6-41af-a997-a6a36f80b79a,worker-ca8b2812024149d1b919d63b0dfd55d6-1544107698,True,79784404.0,9.843888601407604,61.836,12460.0,2024-12-18T14:33:46.954318827Z,2024-12-18T14:34:48.790780850Z,us_east
4625d744-d723-4fd3-914f-7f2847c566d1,4e631cda-0ce6-41af-a997-a6a36f80b79a,worker-db8959a0a41048e590e27e62bc0b5139-1544107698,True,80543744.0,9.786278506816156,62.792,12446.0,2024-12-18T14:33:46.956013002Z,2024-12-18T14:34:49.748905118Z,us_east
4625d744-d723-4fd3-914f-7f2847c566d1,4e631cda-0ce6-41af-a997-a6a36f80b79a,worker-3ca5fbe6d34b499d9377a88e47e1a718-1544107698,True,80445440.0,9.704477895136298,63.244,12481.0,2024-12-18T14:33:46.972571279Z,2024-12-18T14:34:50.217079846Z,us_east
4625d744-d723-4fd3-914f-7f2847c566d1,4e631cda-0ce6-41af-a997-a6a36f80b79a,worker-3dd9a95588fb4a4f850b68a8ee0aad1e-1544107698,True,80412672.0,9.511627906976743,64.5,12693.0,2024-12-18T14:33:47.186344656Z,2024-12-18T14:34:51.686519637Z,us_east
4625d744-d723-4fd3-914f-7f2847c566d1,4e631cda-0ce6-41af-a997-a6a36f80b79a,worker-8b8ad7e35b67443499858fff8e1ef9ce-1544107698,True,86081536.0,9.8258501772917,66.839,11761.0,2024-12-18T14:33:46.253308865Z,2024-12-18T14:34:53.092370304Z,us_east
4625d744-d723-4fd3-914f-7f2847c566d1,ca3717c3-902b-4c92-b616-f9ac505da8b9,worker-3dd9a95588fb4a4f850b68a8ee0aad1e-1544107698,True,66305724.0,8.41172164612268,60.139,11256.0,2024-12-18T14:35:10.862484114Z,2024-12-18T14:36:11.002060932Z,us_east
4625d744-d723-4fd3-914f-7f2847c566d1,ca3717c3-902b-4c92-b616-f9ac505da8b9,worker-3a505583760e41579c92fb2c01ac2d0f-1544107698,True,62095360.0,7.874964676939444,60.159,11256.0,2024-12-18T14:35:10.867148958Z,2024-12-18T14:36:11.026687806Z,us_east
4625d744-d723-4fd3-914f-7f2847c566d1,ca3717c3-902b-4c92-b616-f9ac505da8b9,worker-ca8b2812024149d1b919d63b0dfd55d6-1544107698,True,58900156.0,7.471982974612525,60.141,11486.0,2024-12-18T14:35:11.093637238Z,2024-12-18T14:36:11.235229999Z,us_east
4625d744-d723-4fd3-914f-7f2847c566d1,ca3717c3-902b-4c92-b616-f9ac505da8b9,worker-df8995c05ca04bfa9edd50b2ba697469-1544107698,True,60948480.0,7.635844130252722,60.897,11491.0,2024-12-18T14:35:11.097115409Z,2024-12-18T14:36:11.995073785Z,us_east
4625d744-d723-4fd3-914f-7f2847c566d1,ca3717c3-902b-4c92-b616-f9ac505da8b9,worker-81fefd0ccb5642d7a56786fb3a2d9b24-1544107698,True,60817408.0,7.533812856191853,61.589,11479.0,2024-12-18T14:35:11.098487165Z,2024-12-18T14:36:12.687968638Z,us_east
4625d744-d723-4fd3-914f-7f2847c566d1,ca3717c3-902b-4c92-b616-f9ac505da8b9,worker-8b8ad7e35b67443499858fff8e1ef9ce-1544107698,True,49643520.0,6.107885824866957,62.01,11493.0,2024-12-18T14:35:11.099445075Z,2024-12-18T14:36:13.109618945Z,us_east
4625d744-d723-4fd3-914f-7f2847c566d1,ca3717c3-902b-4c92-b616-f9ac505da8b9,worker-22d3061d167f486191c760a06ec5350f-1544107698,True,72515584.0,8.213697165847648,67.357,10775.0,2024-12-18T14:35:10.393593215Z,2024-12-18T14:36:17.751124752Z,us_east
4625d744-d723-4fd3-914f-7f2847c566d1,ca3717c3-902b-4c92-b616-f9ac505da8b9,worker-db8959a0a41048e590e27e62bc0b5139-1544107698,True,63733760.0,7.288575111670714,66.714,11712.0,2024-12-18T14:35:11.325059002Z,2024-12-18T14:36:18.039716459Z,us_east
4625d744-d723-4fd3-914f-7f2847c566d1,ca3717c3-902b-4c92-b616-f9ac505da8b9,worker-3ca5fbe6d34b499d9377a88e47e1a718-1544107698,True,63766528.0,7.215210523974075,67.427,11737.0,2024-12-18T14:35:11.343219470Z,2024-12-18T14:36:18.770272307Z,us_east
4625d744-d723-4fd3-914f-7f2847c566d1,ca3717c3-902b-4c92-b616-f9ac505da8b9,worker-6ccd82060e54495b990766f2540a1439-1544107698,True,68452352.0,7.485201588052343,69.771,11021.0,2024-12-18T14:35:10.627133111Z,2024-12-18T14:36:20.398453297Z,us_east
75579f18-65d8-4c61-9a92-fe51ea6bd7c5,6334998d-1e87-4e3d-a5d6-b0e61c6c0333,worker-8b8ad7e35b67443499858fff8e1ef9ce-1544107698,True,104857601.0,493.8271652033299,1.62,10120.0,2024-12-18T14:32:09.495036886Z,2024-12-18T14:32:11.115686345Z,us_east
75579f18-65d8-4c61-9a92-fe51ea6bd7c5,6334998d-1e87-4e3d-a5d6-b0e61c6c0333,worker-3dd9a95588fb4a4f850b68a8ee0aad1e-1544107698,True,104857601.0,470.3115859079333,1.701,10118.0,2024-12-18T14:32:09.494916112Z,2024-12-18T14:32:11.196177021Z,us_east
75579f18-65d8-4c61-9a92-fe51ea6bd7c5,6334998d-1e87-4e3d-a5d6-b0e61c6c0333,worker-3ca5fbe6d34b499d9377a88e47e1a718-1544107698,True,104857601.0,468.9331814943696,1.706,10122.0,2024-12-18T14:32:09.495049963Z,2024-12-18T14:32:11.201346666Z,us_east
75579f18-65d8-4c61-9a92-fe51ea6bd7c5,6334998d-1e87-4e3d-a5d6-b0e61c6c0333,worker-81fefd0ccb5642d7a56786fb3a2d9b24-1544107698,True,104857601.0,464.0371273952405,1.724,10117.0,2024-12-18T14:32:09.494814250Z,2024-12-18T14:32:11.219116174Z,us_east
75579f18-65d8-4c61-9a92-fe51ea6bd7c5,6334998d-1e87-4e3d-a5d6-b0e61c6c0333,worker-ca8b2812024149d1b919d63b0dfd55d6-1544107698,True,104857601.0,465.6577460008117,1.718,10132.0,2024-12-18T14:32:09.505338276Z,2024-12-18T14:32:11.224071272Z,us_east
75579f18-65d8-4c61-9a92-fe51ea6bd7c5,6334998d-1e87-4e3d-a5d6-b0e61c6c0333,worker-6ccd82060e54495b990766f2540a1439-1544107698,True,104857601.0,454.28734107291,1.761,10133.0,2024-12-18T14:32:09.505414312Z,2024-12-18T14:32:11.266766261Z,us_east
75579f18-65d8-4c61-9a92-fe51ea6bd7c5,6334998d-1e87-4e3d-a5d6-b0e61c6c0333,worker-db8959a0a41048e590e27e62bc0b5139-1544107698,True,104857601.0,393.3136714008823,2.034,10133.0,2024-12-18T14:32:09.506750082Z,2024-12-18T14:32:11.541575109Z,us_east
75579f18-65d8-4c61-9a92-fe51ea6bd7c5,6334998d-1e87-4e3d-a5d6-b0e61c6c0333,worker-df8995c05ca04bfa9edd50b2ba697469-1544107698,True,104857601.0,385.17092326884665,2.077,10181.0,2024-12-18T14:32:09.558619327Z,2024-12-18T14:32:11.636477554Z,us_east
75579f18-65d8-4c61-9a92-fe51ea6bd7c5,2b88623f-4cb0-4497-802f-fb7564849547,worker-3ca5fbe6d34b499d9377a88e47e1a718-1544107698,True,104857601.0,782.0136926973554,1.023,10025.0,2024-12-18T14:32:29.434848632Z,2024-12-18T14:32:30.457933304Z,us_east
75579f18-65d8-4c61-9a92-fe51ea6bd7c5,2b88623f-4cb0-4497-802f-fb7564849547,worker-df8995c05ca04bfa9edd50b2ba697469-1544107698,True,104857601.0,782.0136926973554,1.023,10023.0,2024-12-18T14:32:29.434057157Z,2024-12-18T14:32:30.457958196Z,us_east
75579f18-65d8-4c61-9a92-fe51ea6bd7c5,2b88623f-4cb0-4497-802f-fb7564849547,worker-3a505583760e41579c92fb2c01ac2d0f-1544107698,True,104857601.0,786.6273428017646,1.017,10028.0,2024-12-18T14:32:29.441406329Z,2024-12-18T14:32:30.459155891Z,us_east
75579f18-65d8-4c61-9a92-fe51ea6bd7c5,2b88623f-4cb0-4497-802f-fb7564849547,worker-db8959a0a41048e590e27e62bc0b5139-1544107698,True,104857601.0,784.3137329699946,1.02,10031.0,2024-12-18T14:32:29.443421888Z,2024-12-18T14:32:30.463454731Z,us_east
75579f18-65d8-4c61-9a92-fe51ea6bd7c5,2b88623f-4cb0-4497-802f-fb7564849547,worker-ca8b2812024149d1b919d63b0dfd55d6-1544107698,True,104857601.0,781.2500074505806,1.024,10023.0,2024-12-18T14:32:29.442478576Z,2024-12-18T14:32:30.467104816Z,us_east
75579f18-65d8-4c61-9a92-fe51ea6bd7c5,2b88623f-4cb0-4497-802f-fb7564849547,worker-3dd9a95588fb4a4f850b68a8ee0aad1e-1544107698,True,104857601.0,764.0878773919719,1.047,10028.0,2024-12-18T14:32:29.438931237Z,2024-12-18T14:32:30.486810384Z,us_east
75579f18-65d8-4c61-9a92-fe51ea6bd7c5,2b88623f-4cb0-4497-802f-fb7564849547,worker-8b8ad7e35b67443499858fff8e1ef9ce-1544107698,True,104857601.0,755.4296578181252,1.059,10015.0,2024-12-18T14:32:29.442540786Z,2024-12-18T14:32:30.502275968Z,us_east
75579f18-65d8-4c61-9a92-fe51ea6bd7c5,2b88623f-4cb0-4497-802f-fb7564849547,worker-81fefd0ccb5642d7a56786fb3a2d9b24-1544107698,True,104857601.0,734.6189234429702,1.089,10029.0,2024-12-18T14:32:29.439619326Z,2024-12-18T14:32:30.529118774Z,us_east
75579f18-65d8-4c61-9a92-fe51ea6bd7c5,2b88623f-4cb0-4497-802f-fb7564849547,worker-22d3061d167f486191c760a06ec5350f-1544107698,True,104857601.0,764.0878773919719,1.047,10051.0,2024-12-18T14:32:29.482237655Z,2024-12-18T14:32:30.530164921Z,us_east
75579f18-65d8-4c61-9a92-fe51ea6bd7c5,2b88623f-4cb0-4497-802f-fb7564849547,worker-6ccd82060e54495b990766f2540a1439-1544107698,True,104857601.0,715.563513085326,1.118,10023.0,2024-12-18T14:32:29.434322472Z,2024-12-18T14:32:30.552726240Z,us_east
7ef16b49-a940-4b03-ba4b-d49f1bbaf599,1ddacce1-fc4f-45d7-aef0-f53c972caf5c,worker-81fefd0ccb5642d7a56786fb3a2d9b24-1544107698,True,104857601.0,383.32535104427143,2.087,10191.0,2024-12-18T14:30:34.419543056Z,2024-12-18T14:30:36.507431154Z,us_east
7ef16b49-a940-4b03-ba4b-d49f1bbaf599,1ddacce1-fc4f-45d7-aef0-f53c972caf5c,worker-3ca5fbe6d34b499d9377a88e47e1a718-1544107698,True,104857601.0,379.68676204527503,2.107,10169.0,2024-12-18T14:30:34.403881835Z,2024-12-18T14:30:36.511658444Z,us_east
7ef16b49-a940-4b03-ba4b-d49f1bbaf599,1ddacce1-fc4f-45d7-aef0-f53c972caf5c,worker-6ccd82060e54495b990766f2540a1439-1544107698,True,104857601.0,381.86157882071336,2.095,10190.0,2024-12-18T14:30:34.419410454Z,2024-12-18T14:30:36.515249116Z,us_east
7ef16b49-a940-4b03-ba4b-d49f1bbaf599,1ddacce1-fc4f-45d7-aef0-f53c972caf5c,worker-3dd9a95588fb4a4f850b68a8ee0aad1e-1544107698,True,104857601.0,378.4295211113503,2.114,10175.0,2024-12-18T14:30:34.404132010Z,2024-12-18T14:30:36.518140149Z,us_east
7ef16b49-a940-4b03-ba4b-d49f1bbaf599,1ddacce1-fc4f-45d7-aef0-f53c972caf5c,worker-8b8ad7e35b67443499858fff8e1ef9ce-1544107698,True,104857601.0,378.96731768327544,2.111,10192.0,2024-12-18T14:30:34.420265479Z,2024-12-18T14:30:36.532123765Z,us_east
7ef16b49-a940-4b03-ba4b-d49f1bbaf599,1ddacce1-fc4f-45d7-aef0-f53c972caf5c,worker-df8995c05ca04bfa9edd50b2ba697469-1544107698,True,104857601.0,373.6571731104131,2.141,10176.0,2024-12-18T14:30:34.403469356Z,2024-12-18T14:30:36.545265971Z,us_east
7ef16b49-a940-4b03-ba4b-d49f1bbaf599,1ddacce1-fc4f-45d7-aef0-f53c972caf5c,worker-ca8b2812024149d1b919d63b0dfd55d6-1544107698,True,104857601.0,376.4705918255974,2.125,10172.0,2024-12-18T14:30:34.419352636Z,2024-12-18T14:30:36.544434569Z,us_east
7ef16b49-a940-4b03-ba4b-d49f1bbaf599,1ddacce1-fc4f-45d7-aef0-f53c972caf5c,worker-db8959a0a41048e590e27e62bc0b5139-1544107698,True,104857601.0,375.93985320930193,2.128,10184.0,2024-12-18T14:30:34.419510756Z,2024-12-18T14:30:36.547847300Z,us_east
7ef16b49-a940-4b03-ba4b-d49f1bbaf599,f24e565e-ec26-45fe-94c3-9f11d9ccd597,worker-3dd9a95588fb4a4f850b68a8ee0aad1e-1544107698,True,104857601.0,781.2500074505806,1.024,10022.0,2024-12-18T14:30:54.297104277Z,2024-12-18T14:30:55.321466733Z,us_east
7ef16b49-a940-4b03-ba4b-d49f1bbaf599,f24e565e-ec26-45fe-94c3-9f11d9ccd597,worker-8b8ad7e35b67443499858fff8e1ef9ce-1544107698,True,104857601.0,782.0136926973554,1.023,10019.0,2024-12-18T14:30:54.298195192Z,2024-12-18T14:30:55.321249006Z,us_east
7ef16b49-a940-4b03-ba4b-d49f1bbaf599,f24e565e-ec26-45fe-94c3-9f11d9ccd597,worker-3ca5fbe6d34b499d9377a88e47e1a718-1544107698,True,104857601.0,783.5455510571935,1.021,10026.0,2024-12-18T14:30:54.302293266Z,2024-12-18T14:30:55.323314164Z,us_east
7ef16b49-a940-4b03-ba4b-d49f1bbaf599,f24e565e-ec26-45fe-94c3-9f11d9ccd597,worker-81fefd0ccb5642d7a56786fb3a2d9b24-1544107698,True,104857601.0,782.0136926973554,1.023,10019.0,2024-12-18T14:30:54.299919981Z,2024-12-18T14:30:55.323911096Z,us_east
7ef16b49-a940-4b03-ba4b-d49f1bbaf599,f24e565e-ec26-45fe-94c3-9f11d9ccd597,worker-22d3061d167f486191c760a06ec5350f-1544107698,True,104857601.0,778.9678750042791,1.027,10023.0,2024-12-18T14:30:54.297350139Z,2024-12-18T14:30:55.324649869Z,us_east
7ef16b49-a940-4b03-ba4b-d49f1bbaf599,f24e565e-ec26-45fe-94c3-9f11d9ccd597,worker-db8959a0a41048e590e27e62bc0b5139-1544107698,True,104857601.0,780.4878123213606,1.025,10023.0,2024-12-18T14:30:54.305096287Z,2024-12-18T14:30:55.330860882Z,us_east
7ef16b49-a940-4b03-ba4b-d49f1bbaf599,f24e565e-ec26-45fe-94c3-9f11d9ccd597,worker-ca8b2812024149d1b919d63b0dfd55d6-1544107698,True,104857601.0,788.9546426325389,1.014,10038.0,2024-12-18T14:30:54.321421946Z,2024-12-18T14:30:55.336391512Z,us_east
7ef16b49-a940-4b03-ba4b-d49f1bbaf599,f24e565e-ec26-45fe-94c3-9f11d9ccd597,worker-6ccd82060e54495b990766f2540a1439-1544107698,True,104857601.0,756.8590422227006,1.057,10016.0,2024-12-18T14:30:54.298620539Z,2024-12-18T14:30:55.355621445Z,us_east
7ef16b49-a940-4b03-ba4b-d49f1bbaf599,f24e565e-ec26-45fe-94c3-9f11d9ccd597,worker-df8995c05ca04bfa9edd50b2ba697469-1544107698,True,104857601.0,735.9705681963152,1.087,10036.0,2024-12-18T14:30:54.311810296Z,2024-12-18T14:30:55.399111924Z,us_east
7ef16b49-a940-4b03-ba4b-d49f1bbaf599,f24e565e-ec26-45fe-94c3-9f11d9ccd597,worker-3a505583760e41579c92fb2c01ac2d0f-1544107698,True,104857601.0,711.1111178927952,1.125,10032.0,2024-12-18T14:30:54.307682913Z,2024-12-18T14:30:55.433035024Z,us_east
20e7f2d4-d853-4ce4-816d-25a2a8a0a73b,c50d64aa-1d7f-440f-a3b3-fb72901f425a,worker-df8995c05ca04bfa9edd50b2ba697469-1544107698,True,104857601.0,501.25313761240255,1.596,10100.0,2024-12-18T14:29:24.220815516Z,2024-12-18T14:29:25.817542672Z,us_east
20e7f2d4-d853-4ce4-816d-25a2a8a0a73b,c50d64aa-1d7f-440f-a3b3-fb72901f425a,worker-db8959a0a41048e590e27e62bc0b5139-1544107698,True,104857601.0,506.0088599806417,1.581,10135.0,2024-12-18T14:29:24.252978448Z,2024-12-18T14:29:25.834247182Z,us_east
20e7f2d4-d853-4ce4-816d-25a2a8a0a73b,c50d64aa-1d7f-440f-a3b3-fb72901f425a,worker-81fefd0ccb5642d7a56786fb3a2d9b24-1544107698,True,104857601.0,503.7783423358907,1.588,10141.0,2024-12-18T14:29:24.253255520Z,2024-12-18T14:29:25.841355993Z,us_east
20e7f2d4-d853-4ce4-816d-25a2a8a0a73b,c50d64aa-1d7f-440f-a3b3-fb72901f425a,worker-6ccd82060e54495b990766f2540a1439-1544107698,True,104857601.0,499.3757850370752,1.602,10136.0,2024-12-18T14:29:24.246942018Z,2024-12-18T14:29:25.849474418Z,us_east
20e7f2d4-d853-4ce4-816d-25a2a8a0a73b,c50d64aa-1d7f-440f-a3b3-fb72901f425a,worker-3dd9a95588fb4a4f850b68a8ee0aad1e-1544107698,True,104857601.0,489.2966407519232,1.635,10137.0,2024-12-18T14:29:24.253562723Z,2024-12-18T14:29:25.888729856Z,us_east
20e7f2d4-d853-4ce4-816d-25a2a8a0a73b,c50d64aa-1d7f-440f-a3b3-fb72901f425a,worker-3ca5fbe6d34b499d9377a88e47e1a718-1544107698,True,104857601.0,486.3221930877778,1.645,10129.0,2024-12-18T14:29:24.247000819Z,2024-12-18T14:29:25.892646025Z,us_east
20e7f2d4-d853-4ce4-816d-25a2a8a0a73b,c50d64aa-1d7f-440f-a3b3-fb72901f425a,worker-8b8ad7e35b67443499858fff8e1ef9ce-1544107698,True,104857601.0,509.5541449868755,1.57,10142.0,2024-12-18T14:29:24.253963978Z,2024-12-18T14:29:25.824577557Z,us_east
20e7f2d4-d853-4ce4-816d-25a2a8a0a73b,c50d64aa-1d7f-440f-a3b3-fb72901f425a,worker-ca8b2812024149d1b919d63b0dfd55d6-1544107698,True,104857601.0,483.09179204673586,1.656,10140.0,2024-12-18T14:29:24.253629573Z,2024-12-18T14:29:25.909941990Z,us_east
20e7f2d4-d853-4ce4-816d-25a2a8a0a73b,26382a1c-6b65-4f6a-8a58-b20188142f1b,worker-3ca5fbe6d34b499d9377a88e47e1a718-1544107698,True,104857601.0,775.9456912021286,1.031,10020.0,2024-12-18T14:29:44.173728979Z,2024-12-18T14:29:45.205212311Z,us_east
20e7f2d4-d853-4ce4-816d-25a2a8a0a73b,26382a1c-6b65-4f6a-8a58-b20188142f1b,worker-81fefd0ccb5642d7a56786fb3a2d9b24-1544107698,True,104857601.0,775.9456912021286,1.031,10026.0,2024-12-18T14:29:44.182769850Z,2024-12-18T14:29:45.214498510Z,us_east
20e7f2d4-d853-4ce4-816d-25a2a8a0a73b,26382a1c-6b65-4f6a-8a58-b20188142f1b,worker-3a505583760e41579c92fb2c01ac2d0f-1544107698,True,104857601.0,774.4433762143219,1.033,10025.0,2024-12-18T14:29:44.183414122Z,2024-12-18T14:29:45.216851286Z,us_east
20e7f2d4-d853-4ce4-816d-25a2a8a0a73b,26382a1c-6b65-4f6a-8a58-b20188142f1b,worker-8b8ad7e35b67443499858fff8e1ef9ce-1544107698,True,104857601.0,769.2307765667255,1.04,10025.0,2024-12-18T14:29:44.178386967Z,2024-12-18T14:29:45.219012124Z,us_east
20e7f2d4-d853-4ce4-816d-25a2a8a0a73b,26382a1c-6b65-4f6a-8a58-b20188142f1b,worker-df8995c05ca04bfa9edd50b2ba697469-1544107698,True,104857601.0,769.2307765667255,1.04,10025.0,2024-12-18T14:29:44.182080650Z,2024-12-18T14:29:45.222927930Z,us_east
20e7f2d4-d853-4ce4-816d-25a2a8a0a73b,26382a1c-6b65-4f6a-8a58-b20188142f1b,worker-3dd9a95588fb4a4f850b68a8ee0aad1e-1544107698,True,104857601.0,761.9047691708519,1.05,10020.0,2024-12-18T14:29:44.174234310Z,2024-12-18T14:29:45.224556199Z,us_east
20e7f2d4-d853-4ce4-816d-25a2a8a0a73b,26382a1c-6b65-4f6a-8a58-b20188142f1b,worker-db8959a0a41048e590e27e62bc0b5139-1544107698,True,104857601.0,757.575764800563,1.056,10010.0,2024-12-18T14:29:44.172623318Z,2024-12-18T14:29:45.229201518Z,us_east
20e7f2d4-d853-4ce4-816d-25a2a8a0a73b,26382a1c-6b65-4f6a-8a58-b20188142f1b,worker-22d3061d167f486191c760a06ec5350f-1544107698,True,104857601.0,762.6310844894133,1.049,10020.0,2024-12-18T14:29:44.180284837Z,2024-12-18T14:29:45.229475938Z,us_east
20e7f2d4-d853-4ce4-816d-25a2a8a0a73b,26382a1c-6b65-4f6a-8a58-b20188142f1b,worker-6ccd82060e54495b990766f2540a1439-1544107698,True,104857601.0,777.4538460927062,1.029,10011.0,2024-12-18T14:29:44.171514630Z,2024-12-18T14:29:45.200909118Z,us_east
20e7f2d4-d853-4ce4-816d-25a2a8a0a73b,26382a1c-6b65-4f6a-8a58-b20188142f1b,worker-ca8b2812024149d1b919d63b0dfd55d6-1544107698,True,104857601.0,706.7137876584758,1.132,10026.0,2024-12-18T14:29:44.182247650Z,2024-12-18T14:29:45.314617981Z,us_east
887bf991-5683-4bfb-8e38-09e2d344a333,bc439237-b3f3-4e0f-95c2-f03048006564,worker-9a8851ff33e64fd690844e42d38219a1-1544107698,True,104857601.0,15.432694309761072,51.838,10523.0,2024-12-10T14:23:03.163189692Z,2024-12-10T14:23:55.001501202Z,hong_kong
887bf991-5683-4bfb-8e38-09e2d344a333,bc439237-b3f3-4e0f-95c2-f03048006564,worker-795780e220f7430795aad863b88ed6c2-1544107698,True,104857601.0,14.30436117848972,55.927,11899.0,2024-12-10T14:23:04.539519330Z,2024-12-10T14:24:00.467126074Z,hong_kong
887bf991-5683-4bfb-8e38-09e2d344a333,bc439237-b3f3-4e0f-95c2-f03048006564,worker-d713451ca3a14768a7621b534ff2f9cf-1544107698,True,104472548.0,13.281936417939262,60.011,10658.0,2024-12-10T14:23:03.296460787Z,2024-12-10T14:24:03.308185555Z,hong_kong
887bf991-5683-4bfb-8e38-09e2d344a333,bc439237-b3f3-4e0f-95c2-f03048006564,worker-ecb636fe5b1e4ac2a034222e9c153156-1544107698,True,94433896.0,12.006690159434577,60.006,10774.0,2024-12-10T14:23:03.414309149Z,2024-12-10T14:24:03.420486837Z,hong_kong
887bf991-5683-4bfb-8e38-09e2d344a333,bc439237-b3f3-4e0f-95c2-f03048006564,worker-9d825bbfcbe5435ca8b45331e36e7c2b-1544107698,True,84992604.0,10.807008235630429,60.002,10927.0,2024-12-10T14:23:03.566023070Z,2024-12-10T14:24:03.568172619Z,hong_kong
887bf991-5683-4bfb-8e38-09e2d344a333,bc439237-b3f3-4e0f-95c2-f03048006564,worker-a7b86a763065437c91d14744f9499223-1544107698,True,73634492.0,9.362329648798797,60.005,11078.0,2024-12-10T14:23:03.730644497Z,2024-12-10T14:24:03.736176138Z,hong_kong
887bf991-5683-4bfb-8e38-09e2d344a333,bc439237-b3f3-4e0f-95c2-f03048006564,worker-fee5cd7329c944d8825a32efe6aafd7e-1544107698,True,70069516.0,8.907275974769387,60.017,11218.0,2024-12-10T14:23:03.855829142Z,2024-12-10T14:24:03.873081524Z,hong_kong
887bf991-5683-4bfb-8e38-09e2d344a333,bc439237-b3f3-4e0f-95c2-f03048006564,worker-fd92d929cf2b4410be5787a5136d56be-1544107698,True,97817540.0,12.437936113336914,60.001,11431.0,2024-12-10T14:23:04.070048490Z,2024-12-10T14:24:04.071217767Z,hong_kong
887bf991-5683-4bfb-8e38-09e2d344a333,bc439237-b3f3-4e0f-95c2-f03048006564,worker-70401d3106fc41b9b26d6c4881b588b1-1544107698,True,77009780.0,9.790504980499668,60.011,11634.0,2024-12-10T14:23:04.281753575Z,2024-12-10T14:24:04.293314153Z,hong_kong
887bf991-5683-4bfb-8e38-09e2d344a333,bc439237-b3f3-4e0f-95c2-f03048006564,worker-1f0fd314d8704363a3a38c82bf34d3ce-1544107698,True,77787356.0,9.888207345576276,60.018,11806.0,2024-12-10T14:23:04.445133854Z,2024-12-10T14:24:04.463736169Z,hong_kong
887bf991-5683-4bfb-8e38-09e2d344a333,fb3b51aa-f6e2-45ab-bef8-9c83b0ef5d60,worker-9d825bbfcbe5435ca8b45331e36e7c2b-1544107698,True,104857601.0,27.994541331469172,28.577,10767.0,2024-12-10T14:24:23.558422710Z,2024-12-10T14:24:52.136261595Z,hong_kong
887bf991-5683-4bfb-8e38-09e2d344a333,fb3b51aa-f6e2-45ab-bef8-9c83b0ef5d60,worker-a7b86a763065437c91d14744f9499223-1544107698,True,104857601.0,21.42302459977491,37.343,11403.0,2024-12-10T14:24:24.192405734Z,2024-12-10T14:25:01.535832466Z,hong_kong
887bf991-5683-4bfb-8e38-09e2d344a333,fb3b51aa-f6e2-45ab-bef8-9c83b0ef5d60,worker-d713451ca3a14768a7621b534ff2f9cf-1544107698,True,104857601.0,20.72646270867388,38.598,11766.0,2024-12-10T14:24:24.554350767Z,2024-12-10T14:25:03.152558758Z,hong_kong
887bf991-5683-4bfb-8e38-09e2d344a333,fb3b51aa-f6e2-45ab-bef8-9c83b0ef5d60,worker-795780e220f7430795aad863b88ed6c2-1544107698,True,104857601.0,17.437171857045588,45.879,11058.0,2024-12-10T14:24:23.847114577Z,2024-12-10T14:25:09.727074795Z,hong_kong
887bf991-5683-4bfb-8e38-09e2d344a333,fb3b51aa-f6e2-45ab-bef8-9c83b0ef5d60,worker-ecb636fe5b1e4ac2a034222e9c153156-1544107698,True,104857601.0,14.925930214362374,53.598,10483.0,2024-12-10T14:24:23.272401622Z,2024-12-10T14:25:16.870921248Z,hong_kong
887bf991-5683-4bfb-8e38-09e2d344a333,fb3b51aa-f6e2-45ab-bef8-9c83b0ef5d60,worker-9a8851ff33e64fd690844e42d38219a1-1544107698,True,104857601.0,14.905906607590731,53.67,11616.0,2024-12-10T14:24:24.414411960Z,2024-12-10T14:25:18.084852199Z,hong_kong
887bf991-5683-4bfb-8e38-09e2d344a333,fb3b51aa-f6e2-45ab-bef8-9c83b0ef5d60,worker-fd92d929cf2b4410be5787a5136d56be-1544107698,True,104857601.0,14.462100396431378,55.317,10876.0,2024-12-10T14:24:23.679323919Z,2024-12-10T14:25:18.996918811Z,hong_kong
887bf991-5683-4bfb-8e38-09e2d344a333,fb3b51aa-f6e2-45ab-bef8-9c83b0ef5d60,worker-1f0fd314d8704363a3a38c82bf34d3ce-1544107698,True,104857601.0,14.475446162729249,55.266,11916.0,2024-12-10T14:24:24.704317661Z,2024-12-10T14:25:19.970926023Z,hong_kong
887bf991-5683-4bfb-8e38-09e2d344a333,fb3b51aa-f6e2-45ab-bef8-9c83b0ef5d60,worker-fee5cd7329c944d8825a32efe6aafd7e-1544107698,True,82293532.0,10.453013835209893,60.064,11194.0,2024-12-10T14:24:23.986229115Z,2024-12-10T14:25:24.051171100Z,hong_kong
887bf991-5683-4bfb-8e38-09e2d344a333,fb3b51aa-f6e2-45ab-bef8-9c83b0ef5d60,worker-70401d3106fc41b9b26d6c4881b588b1-1544107698,True,62091036.0,7.895283508300781,60.0,12014.0,2024-12-10T14:24:24.803353561Z,2024-12-10T14:25:24.803457909Z,hong_kong
e9f94805-e0ba-430d-ab6d-eb022ce9e6d5,9b6b74aa-de3c-46ea-a42c-df737ab824ae,worker-0f1e6c5d1bc94f2f944b25da06a047a0-1544107698,True,104857601.0,21.971382484122778,36.411,10894.0,2024-12-10T14:20:28.199109826Z,2024-12-10T14:21:04.610141571Z,singapore
e9f94805-e0ba-430d-ab6d-eb022ce9e6d5,9b6b74aa-de3c-46ea-a42c-df737ab824ae,worker-5fcfe25d36d5467fa80b283191e5e6b3-1544107698,True,104857601.0,21.340162388748254,37.488,10632.0,2024-12-10T14:20:27.954444228Z,2024-12-10T14:21:05.443182669Z,singapore
e9f94805-e0ba-430d-ab6d-eb022ce9e6d5,9b6b74aa-de3c-46ea-a42c-df737ab824ae,worker-722af65a999e4b1d80cc9a57d1c73eba-1544107698,True,104857601.0,20.73075946176197,38.59,10758.0,2024-12-10T14:20:28.069891137Z,2024-12-10T14:21:06.660006097Z,singapore
e9f94805-e0ba-430d-ab6d-eb022ce9e6d5,9b6b74aa-de3c-46ea-a42c-df737ab824ae,worker-3eb2886177454119a1a81928103323df-1544107698,True,104857601.0,18.50438340224816,43.233,10377.0,2024-12-10T14:20:27.695429307Z,2024-12-10T14:21:10.929221303Z,singapore
e9f94805-e0ba-430d-ab6d-eb022ce9e6d5,9b6b74aa-de3c-46ea-a42c-df737ab824ae,worker-7ce7555618184aec89df1037f2478afa-1544107698,True,104857601.0,16.46497093169907,48.588,10535.0,2024-12-10T14:20:27.841134612Z,2024-12-10T14:21:16.429830860Z,singapore
e9f94805-e0ba-430d-ab6d-eb022ce9e6d5,9b6b74aa-de3c-46ea-a42c-df737ab824ae,worker-890e7fe13f7447d1b05593641091695b-1544107698,True,104857601.0,16.372306400126774,48.863,11470.0,2024-12-10T14:20:28.783877770Z,2024-12-10T14:21:17.647322761Z,singapore
e9f94805-e0ba-430d-ab6d-eb022ce9e6d5,9b6b74aa-de3c-46ea-a42c-df737ab824ae,worker-d985e2c5bb8742fea88fb473b7523fc8-1544107698,True,104857601.0,16.177957687146503,49.45,11221.0,2024-12-10T14:20:28.526783383Z,2024-12-10T14:21:17.977220832Z,singapore
e9f94805-e0ba-430d-ab6d-eb022ce9e6d5,9b6b74aa-de3c-46ea-a42c-df737ab824ae,worker-9160190514cd4dcdbfa133f8c94bf059-1544107698,True,104857601.0,15.19641379130375,52.644,11678.0,2024-12-10T14:20:28.984715770Z,2024-12-10T14:21:21.628787135Z,singapore
e9f94805-e0ba-430d-ab6d-eb022ce9e6d5,9b6b74aa-de3c-46ea-a42c-df737ab824ae,worker-03f1b39a638942ab9d7755dae2aa8699-1544107698,True,104857601.0,14.668940492315208,54.537,11092.0,2024-12-10T14:20:28.399448907Z,2024-12-10T14:21:22.936464832Z,singapore
e9f94805-e0ba-430d-ab6d-eb022ce9e6d5,9b6b74aa-de3c-46ea-a42c-df737ab824ae,worker-38014c6a78d648f48b514b8ef094d1dd-1544107698,False,,,,,,,singapore
e9f94805-e0ba-430d-ab6d-eb022ce9e6d5,21b95281-18e7-45df-814b-70635dc55764,worker-0f1e6c5d1bc94f2f944b25da06a047a0-1544107698,True,104857601.0,23.06339572835341,34.687,10856.0,2024-12-10T14:21:43.312847490Z,2024-12-10T14:22:17.999988815Z,singapore
e9f94805-e0ba-430d-ab6d-eb022ce9e6d5,21b95281-18e7-45df-814b-70635dc55764,worker-5fcfe25d36d5467fa80b283191e5e6b3-1544107698,True,104857601.0,21.289052307983248,37.578,10380.0,2024-12-10T14:21:42.831430566Z,2024-12-10T14:22:20.409715741Z,singapore
e9f94805-e0ba-430d-ab6d-eb022ce9e6d5,21b95281-18e7-45df-814b-70635dc55764,worker-d985e2c5bb8742fea88fb473b7523fc8-1544107698,True,104857601.0,19.983014628300808,40.034,11216.0,2024-12-10T14:21:43.668672877Z,2024-12-10T14:22:23.703129119Z,singapore
e9f94805-e0ba-430d-ab6d-eb022ce9e6d5,21b95281-18e7-45df-814b-70635dc55764,worker-9160190514cd4dcdbfa133f8c94bf059-1544107698,True,104857601.0,19.54938682443171,40.922,11413.0,2024-12-10T14:21:43.865843062Z,2024-12-10T14:22:24.788790005Z,singapore
e9f94805-e0ba-430d-ab6d-eb022ce9e6d5,21b95281-18e7-45df-814b-70635dc55764,worker-3eb2886177454119a1a81928103323df-1544107698,True,104857601.0,17.903500305017335,44.684,10974.0,2024-12-10T14:21:43.430199621Z,2024-12-10T14:22:28.114900844Z,singapore
e9f94805-e0ba-430d-ab6d-eb022ce9e6d5,21b95281-18e7-45df-814b-70635dc55764,worker-03f1b39a638942ab9d7755dae2aa8699-1544107698,True,104857601.0,16.041065279703933,49.872,11664.0,2024-12-10T14:21:44.116859988Z,2024-12-10T14:22:33.989109746Z,singapore
e9f94805-e0ba-430d-ab6d-eb022ce9e6d5,21b95281-18e7-45df-814b-70635dc55764,worker-722af65a999e4b1d80cc9a57d1c73eba-1544107698,True,104857601.0,15.18285869748903,52.691,10740.0,2024-12-10T14:21:43.192994374Z,2024-12-10T14:22:35.884259690Z,singapore
e9f94805-e0ba-430d-ab6d-eb022ce9e6d5,21b95281-18e7-45df-814b-70635dc55764,worker-7ce7555618184aec89df1037f2478afa-1544107698,True,104857601.0,14.79344664428038,54.078,11093.0,2024-12-10T14:21:43.549719924Z,2024-12-10T14:22:37.628106237Z,singapore
e9f94805-e0ba-430d-ab6d-eb022ce9e6d5,21b95281-18e7-45df-814b-70635dc55764,worker-38014c6a78d648f48b514b8ef094d1dd-1544107698,False,,,,,,,singapore
e9f94805-e0ba-430d-ab6d-eb022ce9e6d5,21b95281-18e7-45df-814b-70635dc55764,worker-890e7fe13f7447d1b05593641091695b-1544107698,True,104857601.0,14.080540827045102,56.816,10543.0,2024-12-10T14:21:42.996234988Z,2024-12-10T14:22:39.812687555Z,singapore
aafdc19e-7c35-4413-8c84-5e70a28b0c97,23573a99-b1bb-4faa-95ef-f68ba1972596,worker-ca63b6b59a174f518b265ebfe0c317b7-1544107698,True,104857601.0,41.201009817654345,19.417,11020.0,2024-12-10T14:17:47.954190331Z,2024-12-10T14:18:07.371599496Z,us_east
aafdc19e-7c35-4413-8c84-5e70a28b0c97,23573a99-b1bb-4faa-95ef-f68ba1972596,worker-220cd1c59fa44005ab3b7c763ebc36ca-1544107698,True,104857601.0,30.764498062967025,26.004,11252.0,2024-12-10T14:17:48.182724707Z,2024-12-10T14:18:14.187238404Z,us_east
aafdc19e-7c35-4413-8c84-5e70a28b0c97,23573a99-b1bb-4faa-95ef-f68ba1972596,worker-175d097d8edb4a21914859c9380c6b7f-1544107698,True,104857601.0,23.851405969690667,33.541,10890.0,2024-12-10T14:17:47.820033716Z,2024-12-10T14:18:21.361554866Z,us_east
aafdc19e-7c35-4413-8c84-5e70a28b0c97,23573a99-b1bb-4faa-95ef-f68ba1972596,worker-9878e5db143845ad83edbf1ba738cb84-1544107698,True,104857601.0,23.774145843369823,33.65,11131.0,2024-12-10T14:17:48.065112216Z,2024-12-10T14:18:21.716091250Z,us_east
aafdc19e-7c35-4413-8c84-5e70a28b0c97,23573a99-b1bb-4faa-95ef-f68ba1972596,worker-3064bf5ec7524b7db77d892d00312b20-1544107698,True,104857601.0,20.70982960028462,38.629,11362.0,2024-12-10T14:17:48.292413203Z,2024-12-10T14:18:26.922156335Z,us_east
aafdc19e-7c35-4413-8c84-5e70a28b0c97,23573a99-b1bb-4faa-95ef-f68ba1972596,worker-313062e39ee04fc98e9b450bff7204e7-1544107698,True,104857601.0,20.008003392091695,39.984,11964.0,2024-12-10T14:17:48.893003315Z,2024-12-10T14:18:28.877792387Z,us_east
aafdc19e-7c35-4413-8c84-5e70a28b0c97,23573a99-b1bb-4faa-95ef-f68ba1972596,worker-26c7dfaec87a4eecbd3f13d2c213223a-1544107698,True,104857601.0,19.009148333833775,42.085,11701.0,2024-12-10T14:17:48.648506113Z,2024-12-10T14:18:30.734021695Z,us_east
aafdc19e-7c35-4413-8c84-5e70a28b0c97,23573a99-b1bb-4faa-95ef-f68ba1972596,worker-3e8ac1b1242a4f6c9fba9b725a8c73ad-1544107698,True,104857601.0,15.29227372461281,52.314,12226.0,2024-12-10T14:17:49.160500854Z,2024-12-10T14:18:41.474965638Z,us_east
aafdc19e-7c35-4413-8c84-5e70a28b0c97,23573a99-b1bb-4faa-95ef-f68ba1972596,worker-775527b2822c497f85097bce4d55ff33-1544107698,True,104857601.0,15.02629616133348,53.24,11473.0,2024-12-10T14:17:48.410965118Z,2024-12-10T14:18:41.651544476Z,us_east
aafdc19e-7c35-4413-8c84-5e70a28b0c97,23573a99-b1bb-4faa-95ef-f68ba1972596,worker-0d9f23a00ed04d32b6b93384dff2746f-1544107698,True,86407302.0,10.972991733061471,60.078,12116.0,2024-12-10T14:17:49.047531469Z,2024-12-10T14:18:49.125763968Z,us_east
aafdc19e-7c35-4413-8c84-5e70a28b0c97,fa867e00-8cfe-4e59-8b20-5657746c407f,worker-9878e5db143845ad83edbf1ba738cb84-1544107698,True,70211422.0,8.902767854511227,60.169,10678.0,2024-12-10T14:19:02.779953572Z,2024-12-10T14:20:02.949526954Z,us_east
aafdc19e-7c35-4413-8c84-5e70a28b0c97,fa867e00-8cfe-4e59-8b20-5657746c407f,worker-220cd1c59fa44005ab3b7c763ebc36ca-1544107698,True,90842526.0,11.542567592128169,60.045,10896.0,2024-12-10T14:19:02.999507909Z,2024-12-10T14:20:03.045206116Z,us_east
aafdc19e-7c35-4413-8c84-5e70a28b0c97,fa867e00-8cfe-4e59-8b20-5657746c407f,worker-3064bf5ec7524b7db77d892d00312b20-1544107698,True,60755608.0,7.714931317498897,60.082,11007.0,2024-12-10T14:19:03.111499831Z,2024-12-10T14:20:03.193614763Z,us_east
aafdc19e-7c35-4413-8c84-5e70a28b0c97,fa867e00-8cfe-4e59-8b20-5657746c407f,worker-175d097d8edb4a21914859c9380c6b7f-1544107698,True,92066086.0,11.687523803091436,60.099,11126.0,2024-12-10T14:19:03.231844522Z,2024-12-10T14:20:03.331557199Z,us_east
aafdc19e-7c35-4413-8c84-5e70a28b0c97,fa867e00-8cfe-4e59-8b20-5657746c407f,worker-ca63b6b59a174f518b265ebfe0c317b7-1544107698,True,61708766.0,7.839358629455608,60.056,11239.0,2024-12-10T14:19:03.345622487Z,2024-12-10T14:20:03.402178823Z,us_east
aafdc19e-7c35-4413-8c84-5e70a28b0c97,fa867e00-8cfe-4e59-8b20-5657746c407f,worker-775527b2822c497f85097bce4d55ff33-1544107698,True,82620782.0,10.494057341941472,60.067,11378.0,2024-12-10T14:19:03.480033785Z,2024-12-10T14:20:03.547268217Z,us_east
aafdc19e-7c35-4413-8c84-5e70a28b0c97,fa867e00-8cfe-4e59-8b20-5657746c407f,worker-26c7dfaec87a4eecbd3f13d2c213223a-1544107698,True,78721360.0,9.99760817452746,60.074,11518.0,2024-12-10T14:19:03.636731276Z,2024-12-10T14:20:03.711108775Z,us_east
aafdc19e-7c35-4413-8c84-5e70a28b0c97,fa867e00-8cfe-4e59-8b20-5657746c407f,worker-313062e39ee04fc98e9b450bff7204e7-1544107698,True,33283078.0,4.227441578177156,60.067,11862.0,2024-12-10T14:19:03.973673866Z,2024-12-10T14:20:04.041145911Z,us_east
aafdc19e-7c35-4413-8c84-5e70a28b0c97,fa867e00-8cfe-4e59-8b20-5657746c407f,worker-0d9f23a00ed04d32b6b93384dff2746f-1544107698,True,98728334.0,12.552283220554315,60.008,11998.0,2024-12-10T14:19:04.101753916Z,2024-12-10T14:20:04.110041376Z,us_east
aafdc19e-7c35-4413-8c84-5e70a28b0c97,fa867e00-8cfe-4e59-8b20-5657746c407f,worker-3e8ac1b1242a4f6c9fba9b725a8c73ad-1544107698,True,31106734.0,3.954700742607995,60.011,12138.0,2024-12-10T14:19:04.239945265Z,2024-12-10T14:20:04.251345652Z,us_east
c7057de1-b64e-48ac-aafe-cc17cdd37556,2985aa49-a121-4450-bb65-431df00dfffc,worker-9878e5db143845ad83edbf1ba738cb84-1544107698,True,104857601.0,17.884688641644374,44.731,10514.0,2024-12-10T14:15:02.105874748Z,2024-12-10T14:15:46.837756126Z,us_east
c7057de1-b64e-48ac-aafe-cc17cdd37556,2985aa49-a121-4450-bb65-431df00dfffc,worker-775527b2822c497f85097bce4d55ff33-1544107698,True,104857601.0,16.703902608510525,47.893,11516.0,2024-12-10T14:15:03.108165637Z,2024-12-10T14:15:51.001801517Z,us_east
c7057de1-b64e-48ac-aafe-cc17cdd37556,2985aa49-a121-4450-bb65-431df00dfffc,worker-175d097d8edb4a21914859c9380c6b7f-1544107698,True,97205036.0,12.359847506222447,60.002,10536.0,2024-12-10T14:15:02.139295535Z,2024-12-10T14:16:02.141941860Z,us_east
c7057de1-b64e-48ac-aafe-cc17cdd37556,2985aa49-a121-4450-bb65-431df00dfffc,worker-220cd1c59fa44005ab3b7c763ebc36ca-1544107698,True,69459908.0,8.831842445149878,60.003,10546.0,2024-12-10T14:15:02.140322164Z,2024-12-10T14:16:02.144181307Z,us_east
c7057de1-b64e-48ac-aafe-cc17cdd37556,2985aa49-a121-4450-bb65-431df00dfffc,worker-ca63b6b59a174f518b265ebfe0c317b7-1544107698,True,84703004.0,10.770543924967448,60.0,10554.0,2024-12-10T14:15:02.146515163Z,2024-12-10T14:16:02.146565669Z,us_east
c7057de1-b64e-48ac-aafe-cc17cdd37556,2985aa49-a121-4450-bb65-431df00dfffc,worker-3e8ac1b1242a4f6c9fba9b725a8c73ad-1544107698,True,98165060.0,12.480252823259926,60.01,10548.0,2024-12-10T14:15:02.140699013Z,2024-12-10T14:16:02.151666904Z,us_east
c7057de1-b64e-48ac-aafe-cc17cdd37556,2985aa49-a121-4450-bb65-431df00dfffc,worker-313062e39ee04fc98e9b450bff7204e7-1544107698,True,91715668.0,11.656033713171986,60.032,10554.0,2024-12-10T14:15:02.149731723Z,2024-12-10T14:16:02.182319260Z,us_east
c7057de1-b64e-48ac-aafe-cc17cdd37556,2985aa49-a121-4450-bb65-431df00dfffc,worker-0d9f23a00ed04d32b6b93384dff2746f-1544107698,True,41930532.0,5.326593818195796,60.058,10525.0,2024-12-10T14:15:02.133765077Z,2024-12-10T14:16:02.192749104Z,us_east
c7057de1-b64e-48ac-aafe-cc17cdd37556,2985aa49-a121-4450-bb65-431df00dfffc,worker-3064bf5ec7524b7db77d892d00312b20-1544107698,True,90893204.0,11.544008149113392,60.071,10541.0,2024-12-10T14:15:02.134978184Z,2024-12-10T14:16:02.206580496Z,us_east
c7057de1-b64e-48ac-aafe-cc17cdd37556,2985aa49-a121-4450-bb65-431df00dfffc,worker-26c7dfaec87a4eecbd3f13d2c213223a-1544107698,True,95877220.0,12.173159226817326,60.09,10546.0,2024-12-10T14:15:02.137890353Z,2024-12-10T14:16:02.228503766Z,us_east
c7057de1-b64e-48ac-aafe-cc17cdd37556,11af8522-5620-46ed-8421-7053249ba359,worker-3e8ac1b1242a4f6c9fba9b725a8c73ad-1544107698,True,46763956.0,5.9462453986769495,60.001,10513.0,2024-12-10T14:16:22.259931440Z,2024-12-10T14:17:22.261050456Z,us_east
c7057de1-b64e-48ac-aafe-cc17cdd37556,11af8522-5620-46ed-8421-7053249ba359,worker-26c7dfaec87a4eecbd3f13d2c213223a-1544107698,True,44028684.0,5.597976884440462,60.006,10511.0,2024-12-10T14:16:22.259016603Z,2024-12-10T14:17:22.265586349Z,us_east
c7057de1-b64e-48ac-aafe-cc17cdd37556,11af8522-5620-46ed-8421-7053249ba359,worker-220cd1c59fa44005ab3b7c763ebc36ca-1544107698,True,45987828.0,5.847654724121094,60.0,10530.0,2024-12-10T14:16:22.276440423Z,2024-12-10T14:17:22.276598506Z,us_east
c7057de1-b64e-48ac-aafe-cc17cdd37556,11af8522-5620-46ed-8421-7053249ba359,worker-9878e5db143845ad83edbf1ba738cb84-1544107698,True,30392868.0,3.8645241976634632,60.002,10532.0,2024-12-10T14:16:22.284181110Z,2024-12-10T14:17:22.286201065Z,us_east
c7057de1-b64e-48ac-aafe-cc17cdd37556,11af8522-5620-46ed-8421-7053249ba359,worker-3064bf5ec7524b7db77d892d00312b20-1544107698,True,26022804.0,3.3072618901132853,60.031,10534.0,2024-12-10T14:16:22.281300793Z,2024-12-10T14:17:22.312386024Z,us_east
c7057de1-b64e-48ac-aafe-cc17cdd37556,11af8522-5620-46ed-8421-7053249ba359,worker-313062e39ee04fc98e9b450bff7204e7-1544107698,True,40275468.0,5.118390167284112,60.034,10527.0,2024-12-10T14:16:22.277911279Z,2024-12-10T14:17:22.312361790Z,us_east
c7057de1-b64e-48ac-aafe-cc17cdd37556,11af8522-5620-46ed-8421-7053249ba359,worker-ca63b6b59a174f518b265ebfe0c317b7-1544107698,True,35197332.0,4.472739469592436,60.038,10531.0,2024-12-10T14:16:22.277120441Z,2024-12-10T14:17:22.315185203Z,us_east
c7057de1-b64e-48ac-aafe-cc17cdd37556,11af8522-5620-46ed-8421-7053249ba359,worker-175d097d8edb4a21914859c9380c6b7f-1544107698,True,60448740.0,7.668688976819587,60.139,10537.0,2024-12-10T14:16:22.283617299Z,2024-12-10T14:17:22.422798143Z,us_east
c7057de1-b64e-48ac-aafe-cc17cdd37556,11af8522-5620-46ed-8421-7053249ba359,worker-0d9f23a00ed04d32b6b93384dff2746f-1544107698,True,42238956.0,5.3526727001430014,60.205,10527.0,2024-12-10T14:16:22.275238072Z,2024-12-10T14:17:22.480349386Z,us_east
c7057de1-b64e-48ac-aafe-cc17cdd37556,11af8522-5620-46ed-8421-7053249ba359,worker-775527b2822c497f85097bce4d55ff33-1544107698,True,46187652.0,5.869737475098746,60.034,11251.0,2024-12-10T14:16:22.999099621Z,2024-12-10T14:17:23.033606886Z,us_east
96bcb907-fcaf-46fb-8fb8-2346a615bff4,7846e223-742c-4253-8cc5-f5898dfb850b,worker-722af65a999e4b1d80cc9a57d1c73eba-1544107698,True,90056262.0,11.44342620555316,60.041,10194.0,2024-12-10T14:11:01.164794095Z,2024-12-10T14:12:01.206635349Z,singapore
96bcb907-fcaf-46fb-8fb8-2346a615bff4,7846e223-742c-4253-8cc5-f5898dfb850b,worker-7ce7555618184aec89df1037f2478afa-1544107698,True,71866486.0,9.126735722560667,60.076,10194.0,2024-12-10T14:11:01.162979153Z,2024-12-10T14:12:01.239057829Z,singapore
96bcb907-fcaf-46fb-8fb8-2346a615bff4,7846e223-742c-4253-8cc5-f5898dfb850b,worker-3eb2886177454119a1a81928103323df-1544107698,True,73168238.0,9.292052647619656,60.076,10197.0,2024-12-10T14:11:01.169872872Z,2024-12-10T14:12:01.246588988Z,singapore
96bcb907-fcaf-46fb-8fb8-2346a615bff4,7846e223-742c-4253-8cc5-f5898dfb850b,worker-890e7fe13f7447d1b05593641091695b-1544107698,True,66650790.0,8.46295597526033,60.086,10193.0,2024-12-10T14:11:01.161935398Z,2024-12-10T14:12:01.247985870Z,singapore
96bcb907-fcaf-46fb-8fb8-2346a615bff4,7846e223-742c-4253-8cc5-f5898dfb850b,worker-0f1e6c5d1bc94f2f944b25da06a047a0-1544107698,True,63428990.0,8.060442550905458,60.037,10276.0,2024-12-10T14:11:01.246452441Z,2024-12-10T14:12:01.283821489Z,singapore
96bcb907-fcaf-46fb-8fb8-2346a615bff4,7846e223-742c-4253-8cc5-f5898dfb850b,worker-5fcfe25d36d5467fa80b283191e5e6b3-1544107698,True,73052398.0,9.272710973877787,60.106,10248.0,2024-12-10T14:11:01.217195151Z,2024-12-10T14:12:01.323326983Z,singapore
96bcb907-fcaf-46fb-8fb8-2346a615bff4,7846e223-742c-4253-8cc5-f5898dfb850b,worker-03f1b39a638942ab9d7755dae2aa8699-1544107698,True,58676654.0,6.858910080585408,65.268,10198.0,2024-12-10T14:11:01.166634417Z,2024-12-10T14:12:06.435499884Z,singapore
96bcb907-fcaf-46fb-8fb8-2346a615bff4,7846e223-742c-4253-8cc5-f5898dfb850b,worker-d985e2c5bb8742fea88fb473b7523fc8-1544107698,True,82373174.0,8.022792698410711,78.334,10196.0,2024-12-10T14:11:01.163756824Z,2024-12-10T14:12:19.498537611Z,singapore
96bcb907-fcaf-46fb-8fb8-2346a615bff4,7846e223-742c-4253-8cc5-f5898dfb850b,worker-9160190514cd4dcdbfa133f8c94bf059-1544107698,True,42390998.0,2.985706027542232,108.322,10266.0,2024-12-10T14:11:01.234629715Z,2024-12-10T14:12:49.557389989Z,singapore
96bcb907-fcaf-46fb-8fb8-2346a615bff4,7846e223-742c-4253-8cc5-f5898dfb850b,worker-38014c6a78d648f48b514b8ef094d1dd-1544107698,False,,,,,,,singapore
96bcb907-fcaf-46fb-8fb8-2346a615bff4,a130ea89-8457-4238-8d48-d02340e4af86,worker-9160190514cd4dcdbfa133f8c94bf059-1544107698,False,,,,,,,singapore
96bcb907-fcaf-46fb-8fb8-2346a615bff4,a130ea89-8457-4238-8d48-d02340e4af86,worker-38014c6a78d648f48b514b8ef094d1dd-1544107698,False,,,,,,,singapore
96bcb907-fcaf-46fb-8fb8-2346a615bff4,a130ea89-8457-4238-8d48-d02340e4af86,worker-7ce7555618184aec89df1037f2478afa-1544107698,True,61264230.0,7.788591970326638,60.012,10270.0,2024-12-10T14:12:36.568802128Z,2024-12-10T14:13:36.581181624Z,singapore
96bcb907-fcaf-46fb-8fb8-2346a615bff4,a130ea89-8457-4238-8d48-d02340e4af86,worker-890e7fe13f7447d1b05593641091695b-1544107698,True,61168662.0,7.767640734798264,60.08,10303.0,2024-12-10T14:12:36.600281068Z,2024-12-10T14:13:36.680627944Z,singapore
96bcb907-fcaf-46fb-8fb8-2346a615bff4,a130ea89-8457-4238-8d48-d02340e4af86,worker-722af65a999e4b1d80cc9a57d1c73eba-1544107698,True,67804846.0,8.602905628694346,60.132,10328.0,2024-12-10T14:12:36.625105403Z,2024-12-10T14:13:36.758018264Z,singapore
96bcb907-fcaf-46fb-8fb8-2346a615bff4,a130ea89-8457-4238-8d48-d02340e4af86,worker-d985e2c5bb8742fea88fb473b7523fc8-1544107698,True,58754502.0,7.4026699515328,60.554,10323.0,2024-12-10T14:12:36.629165121Z,2024-12-10T14:13:37.183198089Z,singapore
96bcb907-fcaf-46fb-8fb8-2346a615bff4,a130ea89-8457-4238-8d48-d02340e4af86,worker-0f1e6c5d1bc94f2f944b25da06a047a0-1544107698,True,66255486.0,8.302633617819604,60.883,10374.0,2024-12-10T14:12:36.675099338Z,2024-12-10T14:13:37.558387755Z,singapore
96bcb907-fcaf-46fb-8fb8-2346a615bff4,a130ea89-8457-4238-8d48-d02340e4af86,worker-5fcfe25d36d5467fa80b283191e5e6b3-1544107698,True,61755102.0,7.8499506410460835,60.02,11475.0,2024-12-10T14:12:37.772374699Z,2024-12-10T14:13:37.793022859Z,singapore
96bcb907-fcaf-46fb-8fb8-2346a615bff4,a130ea89-8457-4238-8d48-d02340e4af86,worker-3eb2886177454119a1a81928103323df-1544107698,True,41141374.0,5.220693807755949,60.123,10329.0,2024-12-10T14:12:36.626813802Z,2024-12-10T14:13:36.750085547Z,singapore
96bcb907-fcaf-46fb-8fb8-2346a615bff4,a130ea89-8457-4238-8d48-d02340e4af86,worker-03f1b39a638942ab9d7755dae2aa8699-1544107698,False,,,,,,,singapore
731ce9e9-cbd9-4ece-952c-de4b5897cb0f,b4453069-05c2-4edb-9a03-c195771d1638,worker-1f0fd314d8704363a3a38c82bf34d3ce-1544107698,True,104857601.0,16.090428359970925,49.719,10270.0,2024-12-10T14:08:15.886556970Z,2024-12-10T14:09:05.605577591Z,hong_kong
731ce9e9-cbd9-4ece-952c-de4b5897cb0f,b4453069-05c2-4edb-9a03-c195771d1638,worker-d713451ca3a14768a7621b534ff2f9cf-1544107698,True,104857601.0,15.955961698300582,50.138,10278.0,2024-12-10T14:08:15.894864339Z,2024-12-10T14:09:06.033612690Z,hong_kong
731ce9e9-cbd9-4ece-952c-de4b5897cb0f,b4453069-05c2-4edb-9a03-c195771d1638,worker-795780e220f7430795aad863b88ed6c2-1544107698,True,104857601.0,13.992619026977671,57.173,10258.0,2024-12-10T14:08:15.875774309Z,2024-12-10T14:09:13.049461103Z,hong_kong
731ce9e9-cbd9-4ece-952c-de4b5897cb0f,b4453069-05c2-4edb-9a03-c195771d1638,worker-a7b86a763065437c91d14744f9499223-1544107698,True,104857601.0,13.935582901551982,57.407,10272.0,2024-12-10T14:08:15.892440138Z,2024-12-10T14:09:13.299792144Z,hong_kong
731ce9e9-cbd9-4ece-952c-de4b5897cb0f,b4453069-05c2-4edb-9a03-c195771d1638,worker-9a8851ff33e64fd690844e42d38219a1-1544107698,True,104857601.0,13.475726975531355,59.366,10273.0,2024-12-10T14:08:15.891219569Z,2024-12-10T14:09:15.257628607Z,hong_kong
731ce9e9-cbd9-4ece-952c-de4b5897cb0f,b4453069-05c2-4edb-9a03-c195771d1638,worker-fee5cd7329c944d8825a32efe6aafd7e-1544107698,True,86601334.0,11.011929066975911,60.0,10264.0,2024-12-10T14:08:15.880625580Z,2024-12-10T14:09:15.881515333Z,hong_kong
731ce9e9-cbd9-4ece-952c-de4b5897cb0f,b4453069-05c2-4edb-9a03-c195771d1638,worker-fd92d929cf2b4410be5787a5136d56be-1544107698,True,102367158.0,13.016223382967311,60.002,10258.0,2024-12-10T14:08:15.876820012Z,2024-12-10T14:09:15.879370582Z,hong_kong
731ce9e9-cbd9-4ece-952c-de4b5897cb0f,b4453069-05c2-4edb-9a03-c195771d1638,worker-70401d3106fc41b9b26d6c4881b588b1-1544107698,True,48736134.0,6.19691333978646,60.002,10277.0,2024-12-10T14:08:15.897482263Z,2024-12-10T14:09:15.900210412Z,hong_kong
731ce9e9-cbd9-4ece-952c-de4b5897cb0f,b4453069-05c2-4edb-9a03-c195771d1638,worker-ecb636fe5b1e4ac2a034222e9c153156-1544107698,True,82051718.0,10.433241589121302,60.001,10275.0,2024-12-10T14:08:15.891023597Z,2024-12-10T14:09:15.892328366Z,hong_kong
731ce9e9-cbd9-4ece-952c-de4b5897cb0f,b4453069-05c2-4edb-9a03-c195771d1638,worker-9d825bbfcbe5435ca8b45331e36e7c2b-1544107698,True,99831710.0,12.69383524414746,60.002,10301.0,2024-12-10T14:08:15.918224055Z,2024-12-10T14:09:15.920642890Z,hong_kong
731ce9e9-cbd9-4ece-952c-de4b5897cb0f,ba650328-38b7-4b91-a706-8b5f1d15b5a1,worker-795780e220f7430795aad863b88ed6c2-1544107698,True,91501366.0,11.634806442597702,60.001,10235.0,2024-12-10T14:09:36.011708970Z,2024-12-10T14:10:36.013694480Z,hong_kong
731ce9e9-cbd9-4ece-952c-de4b5897cb0f,ba650328-38b7-4b91-a706-8b5f1d15b5a1,worker-d713451ca3a14768a7621b534ff2f9cf-1544107698,True,96728646.0,12.29906842670562,60.003,10258.0,2024-12-10T14:09:36.035242778Z,2024-12-10T14:10:36.038313361Z,hong_kong
731ce9e9-cbd9-4ece-952c-de4b5897cb0f,ba650328-38b7-4b91-a706-8b5f1d15b5a1,worker-1f0fd314d8704363a3a38c82bf34d3ce-1544107698,True,69529414.0,8.841122182210286,60.0,10260.0,2024-12-10T14:09:36.035768469Z,2024-12-10T14:10:36.036492264Z,hong_kong
731ce9e9-cbd9-4ece-952c-de4b5897cb0f,ba650328-38b7-4b91-a706-8b5f1d15b5a1,worker-9a8851ff33e64fd690844e42d38219a1-1544107698,True,93671056.0,11.910096699933549,60.004,10255.0,2024-12-10T14:09:36.034133354Z,2024-12-10T14:10:36.038868285Z,hong_kong
731ce9e9-cbd9-4ece-952c-de4b5897cb0f,ba650328-38b7-4b91-a706-8b5f1d15b5a1,worker-70401d3106fc41b9b26d6c4881b588b1-1544107698,True,88683558.0,11.275194181059062,60.008,10256.0,2024-12-10T14:09:36.035296324Z,2024-12-10T14:10:36.043637244Z,hong_kong
731ce9e9-cbd9-4ece-952c-de4b5897cb0f,ba650328-38b7-4b91-a706-8b5f1d15b5a1,worker-fee5cd7329c944d8825a32efe6aafd7e-1544107698,True,67502214.0,8.580919111899414,60.017,10262.0,2024-12-10T14:09:36.038022184Z,2024-12-10T14:10:36.055915045Z,hong_kong
731ce9e9-cbd9-4ece-952c-de4b5897cb0f,ba650328-38b7-4b91-a706-8b5f1d15b5a1,worker-ecb636fe5b1e4ac2a034222e9c153156-1544107698,True,86488390.0,10.99390286042348,60.02,10263.0,2024-12-10T14:09:36.037846909Z,2024-12-10T14:10:36.057888146Z,hong_kong
731ce9e9-cbd9-4ece-952c-de4b5897cb0f,ba650328-38b7-4b91-a706-8b5f1d15b5a1,worker-a7b86a763065437c91d14744f9499223-1544107698,True,85554430.0,10.871379563401858,60.041,10257.0,2024-12-10T14:09:36.037390901Z,2024-12-10T14:10:36.078670930Z,hong_kong
731ce9e9-cbd9-4ece-952c-de4b5897cb0f,ba650328-38b7-4b91-a706-8b5f1d15b5a1,worker-9d825bbfcbe5435ca8b45331e36e7c2b-1544107698,True,72836646.0,9.256104814894266,60.036,10264.0,2024-12-10T14:09:36.042840193Z,2024-12-10T14:10:36.079648557Z,hong_kong
731ce9e9-cbd9-4ece-952c-de4b5897cb0f,ba650328-38b7-4b91-a706-8b5f1d15b5a1,worker-fd92d929cf2b4410be5787a5136d56be-1544107698,True,74122470.0,9.416684438351188,60.054,10253.0,2024-12-10T14:09:36.032868597Z,2024-12-10T14:10:36.087164547Z,hong_kong
a46dc055-fcaf-4757-92e1-24b217c6e21f,71db46de-5f75-43c5-8747-02ed9e2e32d2,worker-795780e220f7430795aad863b88ed6c2-1544107698,True,44101544.0,5.607520934174645,60.003,11217.0,2024-12-10T14:03:51.418606867Z,2024-12-10T14:04:51.422048669Z,hong_kong
a46dc055-fcaf-4757-92e1-24b217c6e21f,71db46de-5f75-43c5-8747-02ed9e2e32d2,worker-d713451ca3a14768a7621b534ff2f9cf-1544107698,True,43487480.0,5.524010890244144,60.062,11171.0,2024-12-10T14:03:51.370794889Z,2024-12-10T14:04:51.432960006Z,hong_kong
a46dc055-fcaf-4757-92e1-24b217c6e21f,71db46de-5f75-43c5-8747-02ed9e2e32d2,worker-fd92d929cf2b4410be5787a5136d56be-1544107698,True,43022024.0,5.470077404031435,60.005,11370.0,2024-12-10T14:03:51.567852242Z,2024-12-10T14:04:51.573307890Z,hong_kong
a46dc055-fcaf-4757-92e1-24b217c6e21f,71db46de-5f75-43c5-8747-02ed9e2e32d2,worker-70401d3106fc41b9b26d6c4881b588b1-1544107698,True,43223888.0,5.48331578667735,60.141,11239.0,2024-12-10T14:03:51.435615210Z,2024-12-10T14:04:51.577525834Z,hong_kong
a46dc055-fcaf-4757-92e1-24b217c6e21f,71db46de-5f75-43c5-8747-02ed9e2e32d2,worker-9a8851ff33e64fd690844e42d38219a1-1544107698,True,43153040.0,5.486369834238406,60.009,11372.0,2024-12-10T14:03:51.568592707Z,2024-12-10T14:04:51.578494960Z,hong_kong
a46dc055-fcaf-4757-92e1-24b217c6e21f,71db46de-5f75-43c5-8747-02ed9e2e32d2,worker-1f0fd314d8704363a3a38c82bf34d3ce-1544107698,True,43292320.0,5.4896237049067595,60.167,11242.0,2024-12-10T14:03:51.439321949Z,2024-12-10T14:04:51.606401752Z,hong_kong
a46dc055-fcaf-4757-92e1-24b217c6e21f,71db46de-5f75-43c5-8747-02ed9e2e32d2,worker-a7b86a763065437c91d14744f9499223-1544107698,True,43325088.0,5.496336644326061,60.139,11323.0,2024-12-10T14:03:51.521824647Z,2024-12-10T14:04:51.661252219Z,hong_kong
a46dc055-fcaf-4757-92e1-24b217c6e21f,71db46de-5f75-43c5-8747-02ed9e2e32d2,worker-ecb636fe5b1e4ac2a034222e9c153156-1544107698,True,43722648.0,5.542624809633271,60.184,11344.0,2024-12-10T14:03:51.541599310Z,2024-12-10T14:04:51.725669393Z,hong_kong
a46dc055-fcaf-4757-92e1-24b217c6e21f,71db46de-5f75-43c5-8747-02ed9e2e32d2,worker-9d825bbfcbe5435ca8b45331e36e7c2b-1544107698,True,43786736.0,5.536031489123815,60.344,11266.0,2024-12-10T14:03:51.462659193Z,2024-12-10T14:04:51.806783527Z,hong_kong
a46dc055-fcaf-4757-92e1-24b217c6e21f,71db46de-5f75-43c5-8747-02ed9e2e32d2,worker-fee5cd7329c944d8825a32efe6aafd7e-1544107698,True,43944784.0,5.553069012961483,60.376,11308.0,2024-12-10T14:03:51.506401931Z,2024-12-10T14:04:51.882589691Z,hong_kong
a46dc055-fcaf-4757-92e1-24b217c6e21f,498d2432-ba1a-411c-be6b-530cd9af24e2,worker-795780e220f7430795aad863b88ed6c2-1544107698,True,49916656.0,6.3398345647525804,60.07,10902.0,2024-12-10T14:05:11.265535920Z,2024-12-10T14:06:11.336189746Z,hong_kong
a46dc055-fcaf-4757-92e1-24b217c6e21f,498d2432-ba1a-411c-be6b-530cd9af24e2,worker-fd92d929cf2b4410be5787a5136d56be-1544107698,True,49942776.0,6.349388313639895,60.011,10983.0,2024-12-10T14:05:11.348613333Z,2024-12-10T14:06:11.360348169Z,hong_kong
a46dc055-fcaf-4757-92e1-24b217c6e21f,498d2432-ba1a-411c-be6b-530cd9af24e2,worker-70401d3106fc41b9b26d6c4881b588b1-1544107698,True,49419720.0,6.279228283381179,60.046,11007.0,2024-12-10T14:05:11.366583620Z,2024-12-10T14:06:11.412826335Z,hong_kong
a46dc055-fcaf-4757-92e1-24b217c6e21f,498d2432-ba1a-411c-be6b-530cd9af24e2,worker-a7b86a763065437c91d14744f9499223-1544107698,True,49441656.0,6.280341978328123,60.062,11012.0,2024-12-10T14:05:11.375538441Z,2024-12-10T14:06:11.437573884Z,hong_kong
a46dc055-fcaf-4757-92e1-24b217c6e21f,498d2432-ba1a-411c-be6b-530cd9af24e2,worker-1f0fd314d8704363a3a38c82bf34d3ce-1544107698,True,49944224.0,6.317150308412358,60.319,10878.0,2024-12-10T14:05:11.238580819Z,2024-12-10T14:06:11.557901421Z,hong_kong
a46dc055-fcaf-4757-92e1-24b217c6e21f,498d2432-ba1a-411c-be6b-530cd9af24e2,worker-d713451ca3a14768a7621b534ff2f9cf-1544107698,True,50172152.0,6.330865853329206,60.463,10837.0,2024-12-10T14:05:11.197921493Z,2024-12-10T14:06:11.661368689Z,hong_kong
a46dc055-fcaf-4757-92e1-24b217c6e21f,498d2432-ba1a-411c-be6b-530cd9af24e2,worker-9a8851ff33e64fd690844e42d38219a1-1544107698,True,49944224.0,6.301584134635261,60.468,10966.0,2024-12-10T14:05:11.326897253Z,2024-12-10T14:06:11.795513371Z,hong_kong
a46dc055-fcaf-4757-92e1-24b217c6e21f,498d2432-ba1a-411c-be6b-530cd9af24e2,worker-fee5cd7329c944d8825a32efe6aafd7e-1544107698,True,50335992.0,6.343356437618206,60.541,10892.0,2024-12-10T14:05:11.261940515Z,2024-12-10T14:06:11.803111867Z,hong_kong
a46dc055-fcaf-4757-92e1-24b217c6e21f,498d2432-ba1a-411c-be6b-530cd9af24e2,worker-9d825bbfcbe5435ca8b45331e36e7c2b-1544107698,True,49787624.0,6.266384451053851,60.617,10924.0,2024-12-10T14:05:11.284734425Z,2024-12-10T14:06:11.901918502Z,hong_kong
a46dc055-fcaf-4757-92e1-24b217c6e21f,498d2432-ba1a-411c-be6b-530cd9af24e2,worker-ecb636fe5b1e4ac2a034222e9c153156-1544107698,True,50078192.0,6.297553679468716,60.669,10977.0,2024-12-10T14:05:11.342672028Z,2024-12-10T14:06:12.011834843Z,hong_kong
d91afa3b-be78-4f10-8de1-e385d0e28c21,77944449-4aec-41b4-aecd-dff8bc91b7ee,worker-7ce7555618184aec89df1037f2478afa-1544107698,True,45025000.0,5.725033978359575,60.002,10864.0,2024-12-10T14:01:05.715071087Z,2024-12-10T14:02:05.717526218Z,singapore
d91afa3b-be78-4f10-8de1-e385d0e28c21,77944449-4aec-41b4-aecd-dff8bc91b7ee,worker-0f1e6c5d1bc94f2f944b25da06a047a0-1544107698,True,45127328.0,5.730500315459546,60.081,10750.0,2024-12-10T14:01:05.602173790Z,2024-12-10T14:02:05.683393730Z,singapore
d91afa3b-be78-4f10-8de1-e385d0e28c21,77944449-4aec-41b4-aecd-dff8bc91b7ee,worker-722af65a999e4b1d80cc9a57d1c73eba-1544107698,True,45160096.0,5.724181180793225,60.191,10707.0,2024-12-10T14:01:05.559153620Z,2024-12-10T14:02:05.751084983Z,singapore
d91afa3b-be78-4f10-8de1-e385d0e28c21,77944449-4aec-41b4-aecd-dff8bc91b7ee,worker-03f1b39a638942ab9d7755dae2aa8699-1544107698,True,45027360.0,5.720471818903719,60.053,10862.0,2024-12-10T14:01:05.713155182Z,2024-12-10T14:02:05.766619620Z,singapore
d91afa3b-be78-4f10-8de1-e385d0e28c21,77944449-4aec-41b4-aecd-dff8bc91b7ee,worker-9160190514cd4dcdbfa133f8c94bf059-1544107698,True,44999152.0,5.704634013154888,60.182,10768.0,2024-12-10T14:01:05.622204685Z,2024-12-10T14:02:05.804550183Z,singapore
d91afa3b-be78-4f10-8de1-e385d0e28c21,77944449-4aec-41b4-aecd-dff8bc91b7ee,worker-3eb2886177454119a1a81928103323df-1544107698,True,45584632.0,5.774059338721008,60.232,10777.0,2024-12-10T14:01:05.629492010Z,2024-12-10T14:02:05.861779127Z,singapore
d91afa3b-be78-4f10-8de1-e385d0e28c21,77944449-4aec-41b4-aecd-dff8bc91b7ee,worker-5fcfe25d36d5467fa80b283191e5e6b3-1544107698,True,45031920.0,5.702061045585904,60.253,10818.0,2024-12-10T14:01:05.668426264Z,2024-12-10T14:02:05.922335311Z,singapore
d91afa3b-be78-4f10-8de1-e385d0e28c21,77944449-4aec-41b4-aecd-dff8bc91b7ee,worker-890e7fe13f7447d1b05593641091695b-1544107698,True,44667128.0,5.65239910581927,60.29,10826.0,2024-12-10T14:01:05.687002611Z,2024-12-10T14:02:05.977220349Z,singapore
d91afa3b-be78-4f10-8de1-e385d0e28c21,77944449-4aec-41b4-aecd-dff8bc91b7ee,worker-d985e2c5bb8742fea88fb473b7523fc8-1544107698,True,45191416.0,5.714101030674088,60.339,10835.0,2024-12-10T14:01:05.686878234Z,2024-12-10T14:02:06.026353042Z,singapore
d91afa3b-be78-4f10-8de1-e385d0e28c21,77944449-4aec-41b4-aecd-dff8bc91b7ee,worker-38014c6a78d648f48b514b8ef094d1dd-1544107698,False,,,,,,,singapore
d91afa3b-be78-4f10-8de1-e385d0e28c21,8a195fa0-d38d-4abc-85e2-ba85d7063007,worker-38014c6a78d648f48b514b8ef094d1dd-1544107698,False,,,,,,,singapore
d91afa3b-be78-4f10-8de1-e385d0e28c21,8a195fa0-d38d-4abc-85e2-ba85d7063007,worker-5fcfe25d36d5467fa80b283191e5e6b3-1544107698,True,52401072.0,6.661697501348666,60.013,11038.0,2024-12-10T14:02:26.055639601Z,2024-12-10T14:03:26.069324278Z,singapore
d91afa3b-be78-4f10-8de1-e385d0e28c21,8a195fa0-d38d-4abc-85e2-ba85d7063007,worker-03f1b39a638942ab9d7755dae2aa8699-1544107698,True,52280888.0,6.647526306952882,60.003,11049.0,2024-12-10T14:02:26.068364960Z,2024-12-10T14:03:26.071607524Z,singapore
d91afa3b-be78-4f10-8de1-e385d0e28c21,8a195fa0-d38d-4abc-85e2-ba85d7063007,worker-0f1e6c5d1bc94f2f944b25da06a047a0-1544107698,True,52447192.0,6.665228367661971,60.034,10984.0,2024-12-10T14:02:26.005404267Z,2024-12-10T14:03:26.040279872Z,singapore
d91afa3b-be78-4f10-8de1-e385d0e28c21,8a195fa0-d38d-4abc-85e2-ba85d7063007,worker-3eb2886177454119a1a81928103323df-1544107698,True,52708320.0,6.694510785253208,60.069,11055.0,2024-12-10T14:02:26.078376279Z,2024-12-10T14:03:26.147801021Z,singapore
d91afa3b-be78-4f10-8de1-e385d0e28c21,8a195fa0-d38d-4abc-85e2-ba85d7063007,worker-d985e2c5bb8742fea88fb473b7523fc8-1544107698,True,51846216.0,6.588634099813549,60.036,11072.0,2024-12-10T14:02:26.092166585Z,2024-12-10T14:03:26.128697468Z,singapore
d91afa3b-be78-4f10-8de1-e385d0e28c21,8a195fa0-d38d-4abc-85e2-ba85d7063007,worker-890e7fe13f7447d1b05593641091695b-1544107698,True,52495784.0,6.654112765630192,60.19,10966.0,2024-12-10T14:02:25.984307031Z,2024-12-10T14:03:26.175170442Z,singapore
d91afa3b-be78-4f10-8de1-e385d0e28c21,8a195fa0-d38d-4abc-85e2-ba85d7063007,worker-7ce7555618184aec89df1037f2478afa-1544107698,True,52564216.0,6.650853130947025,60.298,10917.0,2024-12-10T14:02:25.940464561Z,2024-12-10T14:03:26.239338369Z,singapore
d91afa3b-be78-4f10-8de1-e385d0e28c21,8a195fa0-d38d-4abc-85e2-ba85d7063007,worker-9160190514cd4dcdbfa133f8c94bf059-1544107698,True,52208112.0,6.607110841317843,60.286,11026.0,2024-12-10T14:02:26.047513884Z,2024-12-10T14:03:26.334125067Z,singapore
d91afa3b-be78-4f10-8de1-e385d0e28c21,8a195fa0-d38d-4abc-85e2-ba85d7063007,worker-722af65a999e4b1d80cc9a57d1c73eba-1544107698,True,52565664.0,6.641783800687705,60.382,10987.0,2024-12-10T14:02:26.006231596Z,2024-12-10T14:03:26.389185763Z,singapore
c2ff83c6-263f-4bbf-a8f3-af5164ad62af,c6a1d43f-c2ec-499e-b2cb-ec8b8f8ddd36,worker-9878e5db143845ad83edbf1ba738cb84-1544107698,True,42343496.0,5.370380464074578,60.155,10942.0,2024-12-10T13:58:20.425879316Z,2024-12-10T13:59:20.581193209Z,us_east
c2ff83c6-263f-4bbf-a8f3-af5164ad62af,c6a1d43f-c2ec-499e-b2cb-ec8b8f8ddd36,worker-3064bf5ec7524b7db77d892d00312b20-1544107698,True,43523144.0,5.529645908682869,60.05,11290.0,2024-12-10T13:58:20.771141197Z,2024-12-10T13:59:20.821349100Z,us_east
c2ff83c6-263f-4bbf-a8f3-af5164ad62af,c6a1d43f-c2ec-499e-b2cb-ec8b8f8ddd36,worker-0d9f23a00ed04d32b6b93384dff2746f-1544107698,True,43198360.0,5.484728433066546,60.09,11327.0,2024-12-10T13:58:20.810482576Z,2024-12-10T13:59:20.901057894Z,us_east
c2ff83c6-263f-4bbf-a8f3-af5164ad62af,c6a1d43f-c2ec-499e-b2cb-ec8b8f8ddd36,worker-3e8ac1b1242a4f6c9fba9b725a8c73ad-1544107698,True,43357856.0,5.497020281056301,60.177,11412.0,2024-12-10T13:58:20.900412525Z,2024-12-10T13:59:21.077590219Z,us_east
c2ff83c6-263f-4bbf-a8f3-af5164ad62af,c6a1d43f-c2ec-499e-b2cb-ec8b8f8ddd36,worker-220cd1c59fa44005ab3b7c763ebc36ca-1544107698,True,43976104.0,5.57734968021945,60.156,11503.0,2024-12-10T13:58:20.985806925Z,2024-12-10T13:59:21.142498941Z,us_east
c2ff83c6-263f-4bbf-a8f3-af5164ad62af,c6a1d43f-c2ec-499e-b2cb-ec8b8f8ddd36,worker-313062e39ee04fc98e9b450bff7204e7-1544107698,True,43420496.0,5.506883681204909,60.156,11593.0,2024-12-10T13:58:21.074931051Z,2024-12-10T13:59:21.231906572Z,us_east
c2ff83c6-263f-4bbf-a8f3-af5164ad62af,c6a1d43f-c2ec-499e-b2cb-ec8b8f8ddd36,worker-775527b2822c497f85097bce4d55ff33-1544107698,True,43159800.0,5.468093825700256,60.219,11618.0,2024-12-10T13:58:21.098142520Z,2024-12-10T13:59:21.318081942Z,us_east
c2ff83c6-263f-4bbf-a8f3-af5164ad62af,c6a1d43f-c2ec-499e-b2cb-ec8b8f8ddd36,worker-ca63b6b59a174f518b265ebfe0c317b7-1544107698,True,43107296.0,5.459628618658593,60.239,11668.0,2024-12-10T13:58:21.154805337Z,2024-12-10T13:59:21.393820503Z,us_east
c2ff83c6-263f-4bbf-a8f3-af5164ad62af,c6a1d43f-c2ec-499e-b2cb-ec8b8f8ddd36,worker-26c7dfaec87a4eecbd3f13d2c213223a-1544107698,True,43327984.0,5.487852516430166,60.236,11737.0,2024-12-10T13:58:21.217499008Z,2024-12-10T13:59:21.453820846Z,us_east
c2ff83c6-263f-4bbf-a8f3-af5164ad62af,c6a1d43f-c2ec-499e-b2cb-ec8b8f8ddd36,worker-175d097d8edb4a21914859c9380c6b7f-1544107698,True,43320744.0,5.476480047775203,60.351,11809.0,2024-12-10T13:58:21.289943389Z,2024-12-10T13:59:21.641475087Z,us_east
c2ff83c6-263f-4bbf-a8f3-af5164ad62af,ef198208-6a7f-4a30-9cba-3f55295ed4c2,worker-3064bf5ec7524b7db77d892d00312b20-1544107698,True,49431456.0,6.278001066688724,60.072,10951.0,2024-12-10T13:59:40.585857575Z,2024-12-10T14:00:40.657983271Z,us_east
c2ff83c6-263f-4bbf-a8f3-af5164ad62af,ef198208-6a7f-4a30-9cba-3f55295ed4c2,worker-0d9f23a00ed04d32b6b93384dff2746f-1544107698,True,47981040.0,6.096633871489034,60.044,11088.0,2024-12-10T13:59:40.723465360Z,2024-12-10T14:00:40.768004121Z,us_east
c2ff83c6-263f-4bbf-a8f3-af5164ad62af,ef198208-6a7f-4a30-9cba-3f55295ed4c2,worker-220cd1c59fa44005ab3b7c763ebc36ca-1544107698,True,48190680.0,6.121538276905459,60.061,11073.0,2024-12-10T13:59:40.706837685Z,2024-12-10T14:00:40.768749535Z,us_east
c2ff83c6-263f-4bbf-a8f3-af5164ad62af,ef198208-6a7f-4a30-9cba-3f55295ed4c2,worker-9878e5db143845ad83edbf1ba738cb84-1544107698,True,48063952.0,6.103814313948142,60.077,11106.0,2024-12-10T13:59:40.745114808Z,2024-12-10T14:00:40.822987727Z,us_east
c2ff83c6-263f-4bbf-a8f3-af5164ad62af,ef198208-6a7f-4a30-9cba-3f55295ed4c2,worker-313062e39ee04fc98e9b450bff7204e7-1544107698,True,48502968.0,6.153318680511386,60.138,11115.0,2024-12-10T13:59:40.751124656Z,2024-12-10T14:00:40.889128952Z,us_east
c2ff83c6-263f-4bbf-a8f3-af5164ad62af,ef198208-6a7f-4a30-9cba-3f55295ed4c2,worker-ca63b6b59a174f518b265ebfe0c317b7-1544107698,True,48743392.0,6.185054192185993,60.126,11134.0,2024-12-10T13:59:40.770104296Z,2024-12-10T14:00:40.896706037Z,us_east
c2ff83c6-263f-4bbf-a8f3-af5164ad62af,ef198208-6a7f-4a30-9cba-3f55295ed4c2,worker-175d097d8edb4a21914859c9380c6b7f-1544107698,True,47227376.0,6.0028702548928345,60.024,11301.0,2024-12-10T13:59:40.947201144Z,2024-12-10T14:00:40.972067053Z,us_east
c2ff83c6-263f-4bbf-a8f3-af5164ad62af,ef198208-6a7f-4a30-9cba-3f55295ed4c2,worker-775527b2822c497f85097bce4d55ff33-1544107698,True,47941032.0,6.066091405122749,60.296,11070.0,2024-12-10T13:59:40.706838565Z,2024-12-10T14:00:41.003510074Z,us_east
c2ff83c6-263f-4bbf-a8f3-af5164ad62af,ef198208-6a7f-4a30-9cba-3f55295ed4c2,worker-26c7dfaec87a4eecbd3f13d2c213223a-1544107698,True,47156048.0,5.9900118998129015,60.062,11347.0,2024-12-10T13:59:40.981271284Z,2024-12-10T14:00:41.043836622Z,us_east
c2ff83c6-263f-4bbf-a8f3-af5164ad62af,ef198208-6a7f-4a30-9cba-3f55295ed4c2,worker-3e8ac1b1242a4f6c9fba9b725a8c73ad-1544107698,True,47614800.0,6.038733559295885,60.157,11320.0,2024-12-10T13:59:40.953909346Z,2024-12-10T14:00:41.111879307Z,us_east
c1c718bc-1407-4678-8539-a16e9bcf46e1,cf937433-9a1d-47b7-b1df-ec83762e4a81,worker-9d825bbfcbe5435ca8b45331e36e7c2b-1544107698,True,72723700.0,9.243291225006924,60.026,10989.0,2024-12-10T13:55:35.126929387Z,2024-12-10T13:56:35.153217511Z,hong_kong
c1c718bc-1407-4678-8539-a16e9bcf46e1,cf937433-9a1d-47b7-b1df-ec83762e4a81,worker-9a8851ff33e64fd690844e42d38219a1-1544107698,True,58636108.0,7.455469663838818,60.004,11029.0,2024-12-10T13:55:35.167216228Z,2024-12-10T13:56:35.171762817Z,hong_kong
c1c718bc-1407-4678-8539-a16e9bcf46e1,cf937433-9a1d-47b7-b1df-ec83762e4a81,worker-fee5cd7329c944d8825a32efe6aafd7e-1544107698,True,56113692.0,7.135224914550781,60.0,11034.0,2024-12-10T13:55:35.170669329Z,2024-12-10T13:56:35.171090165Z,hong_kong
c1c718bc-1407-4678-8539-a16e9bcf46e1,cf937433-9a1d-47b7-b1df-ec83762e4a81,worker-ecb636fe5b1e4ac2a034222e9c153156-1544107698,True,82449916.0,10.481079331396469,60.017,11019.0,2024-12-10T13:55:35.157050162Z,2024-12-10T13:56:35.175039864Z,hong_kong
c1c718bc-1407-4678-8539-a16e9bcf46e1,cf937433-9a1d-47b7-b1df-ec83762e4a81,worker-70401d3106fc41b9b26d6c4881b588b1-1544107698,True,71682588.0,9.110509001866545,60.029,11008.0,2024-12-10T13:55:35.155227984Z,2024-12-10T13:56:35.184269297Z,hong_kong
c1c718bc-1407-4678-8539-a16e9bcf46e1,cf937433-9a1d-47b7-b1df-ec83762e4a81,worker-795780e220f7430795aad863b88ed6c2-1544107698,True,48986636.0,6.228142461050766,60.008,11039.0,2024-12-10T13:55:35.178843811Z,2024-12-10T13:56:35.186933778Z,hong_kong
c1c718bc-1407-4678-8539-a16e9bcf46e1,cf937433-9a1d-47b7-b1df-ec83762e4a81,worker-a7b86a763065437c91d14744f9499223-1544107698,True,60518508.0,7.693531075659169,60.014,11050.0,2024-12-10T13:55:35.186890007Z,2024-12-10T13:56:35.201398703Z,hong_kong
c1c718bc-1407-4678-8539-a16e9bcf46e1,cf937433-9a1d-47b7-b1df-ec83762e4a81,worker-d713451ca3a14768a7621b534ff2f9cf-1544107698,True,72855468.0,9.259113624914368,60.032,11038.0,2024-12-10T13:55:35.176469942Z,2024-12-10T13:56:35.209110158Z,hong_kong
c1c718bc-1407-4678-8539-a16e9bcf46e1,cf937433-9a1d-47b7-b1df-ec83762e4a81,worker-fd92d929cf2b4410be5787a5136d56be-1544107698,True,75978804.0,9.655250457693016,60.037,11027.0,2024-12-10T13:55:35.170125556Z,2024-12-10T13:56:35.207674760Z,hong_kong
c1c718bc-1407-4678-8539-a16e9bcf46e1,cf937433-9a1d-47b7-b1df-ec83762e4a81,worker-1f0fd314d8704363a3a38c82bf34d3ce-1544107698,True,94459628.0,12.005760229348615,60.027,11050.0,2024-12-10T13:55:35.186485778Z,2024-12-10T13:56:35.213957048Z,hong_kong
c1c718bc-1407-4678-8539-a16e9bcf46e1,b8d9a3d4-83b2-4297-a57b-ad2617f4ad54,worker-70401d3106fc41b9b26d6c4881b588b1-1544107698,True,104685404.0,13.310328285631146,60.005,11121.0,2024-12-10T13:56:55.408441145Z,2024-12-10T13:57:55.414128272Z,hong_kong
c1c718bc-1407-4678-8539-a16e9bcf46e1,b8d9a3d4-83b2-4297-a57b-ad2617f4ad54,worker-1f0fd314d8704363a3a38c82bf34d3ce-1544107698,True,79449660.0,10.101536538240708,60.006,11129.0,2024-12-10T13:56:55.412588157Z,2024-12-10T13:57:55.418749641Z,hong_kong
c1c718bc-1407-4678-8539-a16e9bcf46e1,b8d9a3d4-83b2-4297-a57b-ad2617f4ad54,worker-9a8851ff33e64fd690844e42d38219a1-1544107698,True,62851236.0,7.991947937011719,60.0,11131.0,2024-12-10T13:56:55.417686790Z,2024-12-10T13:57:55.418038322Z,hong_kong
c1c718bc-1407-4678-8539-a16e9bcf46e1,b8d9a3d4-83b2-4297-a57b-ad2617f4ad54,worker-9d825bbfcbe5435ca8b45331e36e7c2b-1544107698,True,100196604.0,12.73747267528821,60.015,11132.0,2024-12-10T13:56:55.419707504Z,2024-12-10T13:57:55.434710118Z,hong_kong
c1c718bc-1407-4678-8539-a16e9bcf46e1,b8d9a3d4-83b2-4297-a57b-ad2617f4ad54,worker-d713451ca3a14768a7621b534ff2f9cf-1544107698,True,85043284.0,10.80984915312953,60.022,11141.0,2024-12-10T13:56:55.425013070Z,2024-12-10T13:57:55.447775620Z,hong_kong
c1c718bc-1407-4678-8539-a16e9bcf46e1,b8d9a3d4-83b2-4297-a57b-ad2617f4ad54,worker-795780e220f7430795aad863b88ed6c2-1544107698,True,33277284.0,4.229381275124575,60.029,11127.0,2024-12-10T13:56:55.412632033Z,2024-12-10T13:57:55.441702613Z,hong_kong
c1c718bc-1407-4678-8539-a16e9bcf46e1,b8d9a3d4-83b2-4297-a57b-ad2617f4ad54,worker-ecb636fe5b1e4ac2a034222e9c153156-1544107698,True,71148276.0,9.042148651090512,60.032,11133.0,2024-12-10T13:56:55.417008162Z,2024-12-10T13:57:55.449581672Z,hong_kong
c1c718bc-1407-4678-8539-a16e9bcf46e1,b8d9a3d4-83b2-4297-a57b-ad2617f4ad54,worker-fee5cd7329c944d8825a32efe6aafd7e-1544107698,True,88989084.0,11.309892234058752,60.03,11153.0,2024-12-10T13:56:55.437850247Z,2024-12-10T13:57:55.468237886Z,hong_kong
c1c718bc-1407-4678-8539-a16e9bcf46e1,b8d9a3d4-83b2-4297-a57b-ad2617f4ad54,worker-fd92d929cf2b4410be5787a5136d56be-1544107698,True,71543580.0,9.088753796424118,60.056,11155.0,2024-12-10T13:56:55.439629184Z,2024-12-10T13:57:55.496549009Z,hong_kong
c1c718bc-1407-4678-8539-a16e9bcf46e1,b8d9a3d4-83b2-4297-a57b-ad2617f4ad54,worker-a7b86a763065437c91d14744f9499223-1544107698,True,5717500.0,0.7254338566200774,60.131,11099.0,2024-12-10T13:56:55.393392830Z,2024-12-10T13:57:55.525223466Z,hong_kong
fe5f3e98-238a-4288-b48f-eae5cd4f3584,96ce0407-dd17-46c2-86f9-9c6cdc0422c8,worker-722af65a999e4b1d80cc9a57d1c73eba-1544107698,True,65388134.0,8.313145674858227,60.01,10710.0,2024-12-10T13:52:49.510608860Z,2024-12-10T13:53:49.521512845Z,singapore
fe5f3e98-238a-4288-b48f-eae5cd4f3584,96ce0407-dd17-46c2-86f9-9c6cdc0422c8,worker-03f1b39a638942ab9d7755dae2aa8699-1544107698,True,67040302.0,8.522200600698943,60.017,10754.0,2024-12-10T13:52:49.552418815Z,2024-12-10T13:53:49.570076359Z,singapore
fe5f3e98-238a-4288-b48f-eae5cd4f3584,96ce0407-dd17-46c2-86f9-9c6cdc0422c8,worker-890e7fe13f7447d1b05593641091695b-1544107698,True,66825998.0,8.49057260335937,60.048,10736.0,2024-12-10T13:52:49.535284051Z,2024-12-10T13:53:49.583966447Z,singapore
fe5f3e98-238a-4288-b48f-eae5cd4f3584,96ce0407-dd17-46c2-86f9-9c6cdc0422c8,worker-3eb2886177454119a1a81928103323df-1544107698,True,52561750.0,6.673561790696117,60.09,10738.0,2024-12-10T13:52:49.542218156Z,2024-12-10T13:53:49.632868707Z,singapore
fe5f3e98-238a-4288-b48f-eae5cd4f3584,96ce0407-dd17-46c2-86f9-9c6cdc0422c8,worker-0f1e6c5d1bc94f2f944b25da06a047a0-1544107698,True,46666942.0,5.931833529122004,60.022,10775.0,2024-12-10T13:52:49.573587426Z,2024-12-10T13:53:49.596501507Z,singapore
fe5f3e98-238a-4288-b48f-eae5cd4f3584,96ce0407-dd17-46c2-86f9-9c6cdc0422c8,worker-9160190514cd4dcdbfa133f8c94bf059-1544107698,True,96472350.0,12.253002705336128,60.069,10776.0,2024-12-10T13:52:49.575301349Z,2024-12-10T13:53:49.644629305Z,singapore
fe5f3e98-238a-4288-b48f-eae5cd4f3584,96ce0407-dd17-46c2-86f9-9c6cdc0422c8,worker-5fcfe25d36d5467fa80b283191e5e6b3-1544107698,True,90797638.0,11.539362386853965,60.032,10796.0,2024-12-10T13:52:49.595556302Z,2024-12-10T13:53:49.628011561Z,singapore
fe5f3e98-238a-4288-b48f-eae5cd4f3584,96ce0407-dd17-46c2-86f9-9c6cdc0422c8,worker-d985e2c5bb8742fea88fb473b7523fc8-1544107698,True,44677390.0,5.672892769306052,60.086,10753.0,2024-12-10T13:52:49.555121045Z,2024-12-10T13:53:49.642033379Z,singapore
fe5f3e98-238a-4288-b48f-eae5cd4f3584,96ce0407-dd17-46c2-86f9-9c6cdc0422c8,worker-7ce7555618184aec89df1037f2478afa-1544107698,True,104397254.0,13.243454470172544,60.142,10740.0,2024-12-10T13:52:49.547406953Z,2024-12-10T13:53:49.690204990Z,singapore
fe5f3e98-238a-4288-b48f-eae5cd4f3584,96ce0407-dd17-46c2-86f9-9c6cdc0422c8,worker-38014c6a78d648f48b514b8ef094d1dd-1544107698,False,,,,,,,singapore
fe5f3e98-238a-4288-b48f-eae5cd4f3584,236adce9-d8f8-4aa6-b325-f320c0b35e71,worker-38014c6a78d648f48b514b8ef094d1dd-1544107698,False,,,,,,,singapore
fe5f3e98-238a-4288-b48f-eae5cd4f3584,236adce9-d8f8-4aa6-b325-f320c0b35e71,worker-3eb2886177454119a1a81928103323df-1544107698,True,80400998.0,10.221811938814234,60.01,10727.0,2024-12-10T13:54:09.678639076Z,2024-12-10T13:55:09.688999132Z,singapore
fe5f3e98-238a-4288-b48f-eae5cd4f3584,236adce9-d8f8-4aa6-b325-f320c0b35e71,worker-7ce7555618184aec89df1037f2478afa-1544107698,True,91171222.0,11.591861189450716,60.006,10744.0,2024-12-10T13:54:09.698217636Z,2024-12-10T13:55:09.704751057Z,singapore
fe5f3e98-238a-4288-b48f-eae5cd4f3584,236adce9-d8f8-4aa6-b325-f320c0b35e71,worker-03f1b39a638942ab9d7755dae2aa8699-1544107698,True,75130278.0,9.549648169943058,60.023,10733.0,2024-12-10T13:54:09.684411638Z,2024-12-10T13:55:09.707744139Z,singapore
fe5f3e98-238a-4288-b48f-eae5cd4f3584,236adce9-d8f8-4aa6-b325-f320c0b35e71,worker-890e7fe13f7447d1b05593641091695b-1544107698,True,93724046.0,11.912466664429138,60.026,10749.0,2024-12-10T13:54:09.702096276Z,2024-12-10T13:55:09.728814053Z,singapore
fe5f3e98-238a-4288-b48f-eae5cd4f3584,236adce9-d8f8-4aa6-b325-f320c0b35e71,worker-5fcfe25d36d5467fa80b283191e5e6b3-1544107698,True,79076078.0,10.052027675795568,60.018,10748.0,2024-12-10T13:54:09.699936806Z,2024-12-10T13:55:09.718897744Z,singapore
fe5f3e98-238a-4288-b48f-eae5cd4f3584,236adce9-d8f8-4aa6-b325-f320c0b35e71,worker-9160190514cd4dcdbfa133f8c94bf059-1544107698,True,71172894.0,9.045427999814027,60.031,10766.0,2024-12-10T13:54:09.717981147Z,2024-12-10T13:55:09.749978433Z,singapore
fe5f3e98-238a-4288-b48f-eae5cd4f3584,236adce9-d8f8-4aa6-b325-f320c0b35e71,worker-d985e2c5bb8742fea88fb473b7523fc8-1544107698,True,86652014.0,11.013967775113262,60.024,10751.0,2024-12-10T13:54:09.706070635Z,2024-12-10T13:55:09.730128818Z,singapore
fe5f3e98-238a-4288-b48f-eae5cd4f3584,236adce9-d8f8-4aa6-b325-f320c0b35e71,worker-722af65a999e4b1d80cc9a57d1c73eba-1544107698,True,54978462.0,6.990872955322265,60.0,11344.0,2024-12-10T13:54:10.300832733Z,2024-12-10T13:55:10.301198850Z,singapore
fe5f3e98-238a-4288-b48f-eae5cd4f3584,236adce9-d8f8-4aa6-b325-f320c0b35e71,worker-0f1e6c5d1bc94f2f944b25da06a047a0-1544107698,True,69787158.0,8.869904569555029,60.027,11366.0,2024-12-10T13:54:10.324317250Z,2024-12-10T13:55:10.352007649Z,singapore
bd910975-9ade-47d6-9e2f-edf9e2d49234,279096a6-8f5a-47ea-99ea-fd755443bb63,worker-175d097d8edb4a21914859c9380c6b7f-1544107698,True,58762084.0,7.471238248082744,60.006,11478.0,2024-12-10T13:50:04.956645144Z,2024-12-10T13:51:04.963603344Z,us_east
bd910975-9ade-47d6-9e2f-edf9e2d49234,279096a6-8f5a-47ea-99ea-fd755443bb63,worker-0d9f23a00ed04d32b6b93384dff2746f-1544107698,True,60430180.0,7.683454459035965,60.005,11525.0,2024-12-10T13:50:04.981361905Z,2024-12-10T13:51:04.986484131Z,us_east
bd910975-9ade-47d6-9e2f-edf9e2d49234,279096a6-8f5a-47ea-99ea-fd755443bb63,worker-ca63b6b59a174f518b265ebfe0c317b7-1544107698,True,73016196.0,9.282942283870655,60.01,11536.0,2024-12-10T13:50:04.992038528Z,2024-12-10T13:51:05.002194695Z,us_east
bd910975-9ade-47d6-9e2f-edf9e2d49234,279096a6-8f5a-47ea-99ea-fd755443bb63,worker-220cd1c59fa44005ab3b7c763ebc36ca-1544107698,True,41611972.0,5.287974942307712,60.037,11514.0,2024-12-10T13:50:04.968996424Z,2024-12-10T13:51:05.006042535Z,us_east
bd910975-9ade-47d6-9e2f-edf9e2d49234,279096a6-8f5a-47ea-99ea-fd755443bb63,worker-9878e5db143845ad83edbf1ba738cb84-1544107698,True,36943620.0,4.685052648602552,60.161,11388.0,2024-12-10T13:50:04.845663464Z,2024-12-10T13:51:05.007641377Z,us_east
bd910975-9ade-47d6-9e2f-edf9e2d49234,279096a6-8f5a-47ea-99ea-fd755443bb63,worker-313062e39ee04fc98e9b450bff7204e7-1544107698,True,75166476.0,9.556318962301855,60.01,11550.0,2024-12-10T13:50:05.006334125Z,2024-12-10T13:51:05.017015683Z,us_east
bd910975-9ade-47d6-9e2f-edf9e2d49234,279096a6-8f5a-47ea-99ea-fd755443bb63,worker-3064bf5ec7524b7db77d892d00312b20-1544107698,True,56912988.0,7.230232943207008,60.055,11523.0,2024-12-10T13:50:04.978028700Z,2024-12-10T13:51:05.033671130Z,us_east
bd910975-9ade-47d6-9e2f-edf9e2d49234,279096a6-8f5a-47ea-99ea-fd755443bb63,worker-26c7dfaec87a4eecbd3f13d2c213223a-1544107698,True,85861888.0,10.90681505053196,60.061,11529.0,2024-12-10T13:50:04.988967236Z,2024-12-10T13:51:05.050911107Z,us_east
bd910975-9ade-47d6-9e2f-edf9e2d49234,279096a6-8f5a-47ea-99ea-fd755443bb63,worker-3e8ac1b1242a4f6c9fba9b725a8c73ad-1544107698,True,78905212.0,10.018956045000865,60.086,11505.0,2024-12-10T13:50:04.969112837Z,2024-12-10T13:51:05.055276587Z,us_east
bd910975-9ade-47d6-9e2f-edf9e2d49234,279096a6-8f5a-47ea-99ea-fd755443bb63,worker-775527b2822c497f85097bce4d55ff33-1544107698,True,43915740.0,5.574976398805253,60.099,11548.0,2024-12-10T13:50:05.005596224Z,2024-12-10T13:51:05.105369656Z,us_east
bd910975-9ade-47d6-9e2f-edf9e2d49234,114e3e17-1cc1-4189-9350-8d8b23a568d0,worker-3e8ac1b1242a4f6c9fba9b725a8c73ad-1544107698,True,44962644.0,5.716533632917955,60.008,10964.0,2024-12-10T13:51:24.585519724Z,2024-12-10T13:52:24.593772186Z,us_east
bd910975-9ade-47d6-9e2f-edf9e2d49234,114e3e17-1cc1-4189-9350-8d8b23a568d0,worker-175d097d8edb4a21914859c9380c6b7f-1544107698,True,88267980.0,11.22142275667746,60.013,11012.0,2024-12-10T13:51:24.632939553Z,2024-12-10T13:52:24.646358803Z,us_east
bd910975-9ade-47d6-9e2f-edf9e2d49234,114e3e17-1cc1-4189-9350-8d8b23a568d0,worker-0d9f23a00ed04d32b6b93384dff2746f-1544107698,True,90982980.0,11.568120157467346,60.005,11032.0,2024-12-10T13:51:24.660577740Z,2024-12-10T13:52:24.665690044Z,us_east
bd910975-9ade-47d6-9e2f-edf9e2d49234,114e3e17-1cc1-4189-9350-8d8b23a568d0,worker-9878e5db143845ad83edbf1ba738cb84-1544107698,True,50835732.0,6.461082423417249,60.028,11010.0,2024-12-10T13:51:24.646430889Z,2024-12-10T13:52:24.674890225Z,us_east
bd910975-9ade-47d6-9e2f-edf9e2d49234,114e3e17-1cc1-4189-9350-8d8b23a568d0,worker-220cd1c59fa44005ab3b7c763ebc36ca-1544107698,True,92130444.0,11.71323477503765,60.009,11025.0,2024-12-10T13:51:24.667378534Z,2024-12-10T13:52:24.676727083Z,us_east
bd910975-9ade-47d6-9e2f-edf9e2d49234,114e3e17-1cc1-4189-9350-8d8b23a568d0,worker-ca63b6b59a174f518b265ebfe0c317b7-1544107698,True,48139556.0,6.119119396264693,60.021,11041.0,2024-12-10T13:51:24.666681189Z,2024-12-10T13:52:24.688453615Z,us_east
bd910975-9ade-47d6-9e2f-edf9e2d49234,114e3e17-1cc1-4189-9350-8d8b23a568d0,worker-313062e39ee04fc98e9b450bff7204e7-1544107698,True,57545764.0,7.313421794346401,60.032,11037.0,2024-12-10T13:51:24.658060838Z,2024-12-10T13:52:24.690290033Z,us_east
bd910975-9ade-47d6-9e2f-edf9e2d49234,114e3e17-1cc1-4189-9350-8d8b23a568d0,worker-26c7dfaec87a4eecbd3f13d2c213223a-1544107698,True,42362036.0,5.384098850386747,60.028,11044.0,2024-12-10T13:51:24.669061623Z,2024-12-10T13:52:24.697211925Z,us_east
bd910975-9ade-47d6-9e2f-edf9e2d49234,114e3e17-1cc1-4189-9350-8d8b23a568d0,worker-775527b2822c497f85097bce4d55ff33-1544107698,True,63029340.0,8.003390285338806,60.084,10998.0,2024-12-10T13:51:24.622685188Z,2024-12-10T13:52:24.706907701Z,us_east
bd910975-9ade-47d6-9e2f-edf9e2d49234,114e3e17-1cc1-4189-9350-8d8b23a568d0,worker-3064bf5ec7524b7db77d892d00312b20-1544107698,True,45006084.0,5.713867792834195,60.094,11005.0,2024-12-10T13:51:24.626588930Z,2024-12-10T13:52:24.721237707Z,us_east
db415af2-770a-40ce-a7ad-b319626cd356,042cf651-d5e7-4e53-8808-36cb94f93fc0,worker-1f0fd314d8704363a3a38c82bf34d3ce-1544107698,True,6496312.0,0.8259386622799252,60.008,10422.0,2024-12-10T13:47:18.523867283Z,2024-12-10T13:48:18.531985023Z,hong_kong
db415af2-770a-40ce-a7ad-b319626cd356,042cf651-d5e7-4e53-8808-36cb94f93fc0,worker-fd92d929cf2b4410be5787a5136d56be-1544107698,True,8541772.0,1.0859614828192696,60.01,10425.0,2024-12-10T13:47:18.529664421Z,2024-12-10T13:48:18.540193831Z,hong_kong
db415af2-770a-40ce-a7ad-b319626cd356,042cf651-d5e7-4e53-8808-36cb94f93fc0,worker-9d825bbfcbe5435ca8b45331e36e7c2b-1544107698,True,9720964.0,1.2354255993483163,60.032,10430.0,2024-12-10T13:47:18.531239710Z,2024-12-10T13:48:18.563702869Z,hong_kong
db415af2-770a-40ce-a7ad-b319626cd356,042cf651-d5e7-4e53-8808-36cb94f93fc0,worker-a7b86a763065437c91d14744f9499223-1544107698,True,9609032.0,1.2206919458415546,60.057,10422.0,2024-12-10T13:47:18.524411725Z,2024-12-10T13:48:18.582062731Z,hong_kong
db415af2-770a-40ce-a7ad-b319626cd356,042cf651-d5e7-4e53-8808-36cb94f93fc0,worker-795780e220f7430795aad863b88ed6c2-1544107698,True,8411832.0,1.0685511997767856,60.06,10423.0,2024-12-10T13:47:18.526399262Z,2024-12-10T13:48:18.586581490Z,hong_kong
db415af2-770a-40ce-a7ad-b319626cd356,042cf651-d5e7-4e53-8808-36cb94f93fc0,worker-9a8851ff33e64fd690844e42d38219a1-1544107698,True,7605912.0,0.9658699948063176,60.079,10422.0,2024-12-10T13:47:18.524369692Z,2024-12-10T13:48:18.603525399Z,hong_kong
db415af2-770a-40ce-a7ad-b319626cd356,042cf651-d5e7-4e53-8808-36cb94f93fc0,worker-70401d3106fc41b9b26d6c4881b588b1-1544107698,True,7226312.0,0.9176953784960344,60.077,10424.0,2024-12-10T13:47:18.526952901Z,2024-12-10T13:48:18.604533710Z,hong_kong
db415af2-770a-40ce-a7ad-b319626cd356,042cf651-d5e7-4e53-8808-36cb94f93fc0,worker-d713451ca3a14768a7621b534ff2f9cf-1544107698,True,8135892.0,1.0345321655273438,60.0,10943.0,2024-12-10T13:47:19.043661984Z,2024-12-10T13:48:19.044608094Z,hong_kong
db415af2-770a-40ce-a7ad-b319626cd356,042cf651-d5e7-4e53-8808-36cb94f93fc0,worker-ecb636fe5b1e4ac2a034222e9c153156-1544107698,True,7718332.0,0.9814366658528646,60.0,10961.0,2024-12-10T13:47:19.062330272Z,2024-12-10T13:48:19.062484076Z,hong_kong
db415af2-770a-40ce-a7ad-b319626cd356,042cf651-d5e7-4e53-8808-36cb94f93fc0,worker-fee5cd7329c944d8825a32efe6aafd7e-1544107698,True,10011992.0,1.2724543896671456,60.03,11014.0,2024-12-10T13:47:19.113939978Z,2024-12-10T13:48:19.144344583Z,hong_kong
db415af2-770a-40ce-a7ad-b319626cd356,f7212e3e-549e-4bc0-b780-84fb08ae0eab,worker-9a8851ff33e64fd690844e42d38219a1-1544107698,True,9410472.0,1.1964638061106414,60.007,10236.0,2024-12-10T13:48:38.485462913Z,2024-12-10T13:49:38.493057570Z,hong_kong
db415af2-770a-40ce-a7ad-b319626cd356,f7212e3e-549e-4bc0-b780-84fb08ae0eab,worker-d713451ca3a14768a7621b534ff2f9cf-1544107698,True,9027952.0,1.1479443278809938,60.001,10239.0,2024-12-10T13:48:38.487796035Z,2024-12-10T13:49:38.489117497Z,hong_kong
db415af2-770a-40ce-a7ad-b319626cd356,f7212e3e-549e-4bc0-b780-84fb08ae0eab,worker-795780e220f7430795aad863b88ed6c2-1544107698,True,11572732.0,1.4707400635054366,60.033,10225.0,2024-12-10T13:48:38.475758966Z,2024-12-10T13:49:38.509542106Z,hong_kong
db415af2-770a-40ce-a7ad-b319626cd356,f7212e3e-549e-4bc0-b780-84fb08ae0eab,worker-fee5cd7329c944d8825a32efe6aafd7e-1544107698,True,9414852.0,1.1968810671064771,60.014,10223.0,2024-12-10T13:48:38.471629513Z,2024-12-10T13:49:38.486271529Z,hong_kong
db415af2-770a-40ce-a7ad-b319626cd356,f7212e3e-549e-4bc0-b780-84fb08ae0eab,worker-ecb636fe5b1e4ac2a034222e9c153156-1544107698,True,9774012.0,1.2426020846373478,60.011,10251.0,2024-12-10T13:48:38.498678152Z,2024-12-10T13:49:38.510431479Z,hong_kong
db415af2-770a-40ce-a7ad-b319626cd356,f7212e3e-549e-4bc0-b780-84fb08ae0eab,worker-70401d3106fc41b9b26d6c4881b588b1-1544107698,True,10266032.0,1.30495848714491,60.02,10246.0,2024-12-10T13:48:38.495061590Z,2024-12-10T13:49:38.515079095Z,hong_kong
db415af2-770a-40ce-a7ad-b319626cd356,f7212e3e-549e-4bc0-b780-84fb08ae0eab,worker-1f0fd314d8704363a3a38c82bf34d3ce-1544107698,True,10216392.0,1.2983673188730571,60.033,10245.0,2024-12-10T13:48:38.493912972Z,2024-12-10T13:49:38.527046184Z,hong_kong
db415af2-770a-40ce-a7ad-b319626cd356,f7212e3e-549e-4bc0-b780-84fb08ae0eab,worker-fd92d929cf2b4410be5787a5136d56be-1544107698,True,9962352.0,1.2658713566475277,60.043,10247.0,2024-12-10T13:48:38.495302222Z,2024-12-10T13:49:38.539146834Z,hong_kong
db415af2-770a-40ce-a7ad-b319626cd356,f7212e3e-549e-4bc0-b780-84fb08ae0eab,worker-9d825bbfcbe5435ca8b45331e36e7c2b-1544107698,True,8617692.0,1.0944099510086702,60.076,10266.0,2024-12-10T13:48:38.512885183Z,2024-12-10T13:49:38.589708282Z,hong_kong
db415af2-770a-40ce-a7ad-b319626cd356,f7212e3e-549e-4bc0-b780-84fb08ae0eab,worker-a7b86a763065437c91d14744f9499223-1544107698,True,9451352.0,1.2006009534085706,60.06,10694.0,2024-12-10T13:48:38.942957219Z,2024-12-10T13:49:39.003434249Z,hong_kong
c2c2157c-a1fc-467a-a06a-d823ced51648,a060f665-db3b-4796-91ba-de68a213e1f2,worker-7ce7555618184aec89df1037f2478afa-1544107698,True,8744712.0,1.1116697144073358,60.015,10226.0,2024-12-10T13:43:35.863921061Z,2024-12-10T13:44:35.879451282Z,singapore
c2c2157c-a1fc-467a-a06a-d823ced51648,a060f665-db3b-4796-91ba-de68a213e1f2,worker-5fcfe25d36d5467fa80b283191e5e6b3-1544107698,True,5912312.0,0.7516640699857315,60.01,10267.0,2024-12-10T13:43:35.902787612Z,2024-12-10T13:44:35.913177003Z,singapore
c2c2157c-a1fc-467a-a06a-d823ced51648,a060f665-db3b-4796-91ba-de68a213e1f2,worker-d985e2c5bb8742fea88fb473b7523fc8-1544107698,True,7608832.0,0.9665464743589745,60.06,10220.0,2024-12-10T13:43:35.868016271Z,2024-12-10T13:44:35.928623520Z,singapore
c2c2157c-a1fc-467a-a06a-d823ced51648,a060f665-db3b-4796-91ba-de68a213e1f2,worker-0f1e6c5d1bc94f2f944b25da06a047a0-1544107698,True,5542932.0,0.7042099361868152,60.052,10244.0,2024-12-10T13:43:35.902659731Z,2024-12-10T13:44:35.954969658Z,singapore
c2c2157c-a1fc-467a-a06a-d823ced51648,a060f665-db3b-4796-91ba-de68a213e1f2,worker-890e7fe13f7447d1b05593641091695b-1544107698,True,7189812.0,0.9133033474886468,60.061,10470.0,2024-12-10T13:43:36.108794069Z,2024-12-10T13:44:36.170667404Z,singapore
c2c2157c-a1fc-467a-a06a-d823ced51648,a060f665-db3b-4796-91ba-de68a213e1f2,worker-3eb2886177454119a1a81928103323df-1544107698,True,6956212.0,0.8842186199999271,60.021,10477.0,2024-12-10T13:43:36.113634206Z,2024-12-10T13:44:36.135174096Z,singapore
c2c2157c-a1fc-467a-a06a-d823ced51648,a060f665-db3b-4796-91ba-de68a213e1f2,worker-03f1b39a638942ab9d7755dae2aa8699-1544107698,True,10346332.0,1.3149028647937246,60.032,10473.0,2024-12-10T13:43:36.114139875Z,2024-12-10T13:44:36.146886169Z,singapore
c2c2157c-a1fc-467a-a06a-d823ced51648,a060f665-db3b-4796-91ba-de68a213e1f2,worker-9160190514cd4dcdbfa133f8c94bf059-1544107698,True,5264072.0,0.6692609796681539,60.009,10642.0,2024-12-10T13:43:36.278675439Z,2024-12-10T13:44:36.287846611Z,singapore
c2c2157c-a1fc-467a-a06a-d823ced51648,a060f665-db3b-4796-91ba-de68a213e1f2,worker-722af65a999e4b1d80cc9a57d1c73eba-1544107698,True,8954952.0,1.1385102537353773,60.009,11209.0,2024-12-10T13:43:36.848540095Z,2024-12-10T13:44:36.857631138Z,singapore
c2c2157c-a1fc-467a-a06a-d823ced51648,a060f665-db3b-4796-91ba-de68a213e1f2,worker-38014c6a78d648f48b514b8ef094d1dd-1544107698,False,,,,,,,singapore
c2c2157c-a1fc-467a-a06a-d823ced51648,86f236b8-bf65-47be-aa7d-f5ba8c6f66b7,worker-38014c6a78d648f48b514b8ef094d1dd-1544107698,False,,,,,,,singapore
c2c2157c-a1fc-467a-a06a-d823ced51648,86f236b8-bf65-47be-aa7d-f5ba8c6f66b7,worker-722af65a999e4b1d80cc9a57d1c73eba-1544107698,True,13740832.0,1.74677133623742,60.016,10149.0,2024-12-10T13:44:55.944570418Z,2024-12-10T13:45:55.961004333Z,singapore
c2c2157c-a1fc-467a-a06a-d823ced51648,86f236b8-bf65-47be-aa7d-f5ba8c6f66b7,worker-03f1b39a638942ab9d7755dae2aa8699-1544107698,True,17437552.0,2.21718853835954,60.003,10177.0,2024-12-10T13:44:55.964642233Z,2024-12-10T13:45:55.968140014Z,singapore
c2c2157c-a1fc-467a-a06a-d823ced51648,86f236b8-bf65-47be-aa7d-f5ba8c6f66b7,worker-890e7fe13f7447d1b05593641091695b-1544107698,True,14057652.0,1.7874037279350647,60.004,10195.0,2024-12-10T13:44:55.986535994Z,2024-12-10T13:45:55.991402407Z,singapore
c2c2157c-a1fc-467a-a06a-d823ced51648,86f236b8-bf65-47be-aa7d-f5ba8c6f66b7,worker-3eb2886177454119a1a81928103323df-1544107698,True,15409612.0,1.959106974195707,60.01,10155.0,2024-12-10T13:44:55.953618080Z,2024-12-10T13:45:55.964170685Z,singapore
c2c2157c-a1fc-467a-a06a-d823ced51648,86f236b8-bf65-47be-aa7d-f5ba8c6f66b7,worker-7ce7555618184aec89df1037f2478afa-1544107698,True,13864932.0,1.7621362048467952,60.03,10195.0,2024-12-10T13:44:55.982447813Z,2024-12-10T13:45:56.012717109Z,singapore
c2c2157c-a1fc-467a-a06a-d823ced51648,86f236b8-bf65-47be-aa7d-f5ba8c6f66b7,worker-d985e2c5bb8742fea88fb473b7523fc8-1544107698,True,17066712.0,2.169421512816041,60.02,10182.0,2024-12-10T13:44:55.969566413Z,2024-12-10T13:45:55.990029777Z,singapore
c2c2157c-a1fc-467a-a06a-d823ced51648,86f236b8-bf65-47be-aa7d-f5ba8c6f66b7,worker-0f1e6c5d1bc94f2f944b25da06a047a0-1544107698,True,9401712.0,1.193222379432204,60.114,10269.0,2024-12-10T13:44:56.060693944Z,2024-12-10T13:45:56.175176981Z,singapore
c2c2157c-a1fc-467a-a06a-d823ced51648,86f236b8-bf65-47be-aa7d-f5ba8c6f66b7,worker-9160190514cd4dcdbfa133f8c94bf059-1544107698,True,10671912.0,1.3343640737287563,61.018,10250.0,2024-12-10T13:44:56.038158383Z,2024-12-10T13:45:57.056895118Z,singapore
c2c2157c-a1fc-467a-a06a-d823ced51648,86f236b8-bf65-47be-aa7d-f5ba8c6f66b7,worker-5fcfe25d36d5467fa80b283191e5e6b3-1544107698,True,10422252.0,1.2777469816025675,62.231,10251.0,2024-12-10T13:44:56.038050446Z,2024-12-10T13:45:58.269559942Z,singapore
cda01835-c064-4d98-bec2-aa681a1b33be,2c1b76dd-520f-47b1-bced-b4930b66f6b3,worker-313062e39ee04fc98e9b450bff7204e7-1544107698,True,5427592.0,0.6895219502565357,60.055,10555.0,2024-12-10T13:40:13.391329571Z,2024-12-10T13:41:13.447137650Z,us_east
cda01835-c064-4d98-bec2-aa681a1b33be,2c1b76dd-520f-47b1-bced-b4930b66f6b3,worker-3e8ac1b1242a4f6c9fba9b725a8c73ad-1544107698,True,4830452.0,0.6134364910409246,60.077,10567.0,2024-12-10T13:40:13.402636266Z,2024-12-10T13:41:13.480157203Z,us_east
cda01835-c064-4d98-bec2-aa681a1b33be,2c1b76dd-520f-47b1-bced-b4930b66f6b3,worker-26c7dfaec87a4eecbd3f13d2c213223a-1544107698,True,5804272.0,0.7372894851101779,60.062,10800.0,2024-12-10T13:40:13.645435739Z,2024-12-10T13:41:13.708080548Z,us_east
cda01835-c064-4d98-bec2-aa681a1b33be,2c1b76dd-520f-47b1-bced-b4930b66f6b3,worker-220cd1c59fa44005ab3b7c763ebc36ca-1544107698,True,4859084.0,0.6157094983637996,60.21,10862.0,2024-12-10T13:40:13.706016573Z,2024-12-10T13:41:13.916635912Z,us_east
cda01835-c064-4d98-bec2-aa681a1b33be,2c1b76dd-520f-47b1-bced-b4930b66f6b3,worker-ca63b6b59a174f518b265ebfe0c317b7-1544107698,True,5353132.0,0.6806859334309896,60.0,11288.0,2024-12-10T13:40:14.127472427Z,2024-12-10T13:41:14.127620289Z,us_east
cda01835-c064-4d98-bec2-aa681a1b33be,2c1b76dd-520f-47b1-bced-b4930b66f6b3,worker-9878e5db143845ad83edbf1ba738cb84-1544107698,True,5100552.0,0.6481258395955473,60.041,11272.0,2024-12-10T13:40:14.123712859Z,2024-12-10T13:41:14.164831648Z,us_east
cda01835-c064-4d98-bec2-aa681a1b33be,2c1b76dd-520f-47b1-bced-b4930b66f6b3,worker-775527b2822c497f85097bce4d55ff33-1544107698,True,5361892.0,0.6814590954848097,60.03,11329.0,2024-12-10T13:40:14.166989547Z,2024-12-10T13:41:14.197622357Z,us_east
cda01835-c064-4d98-bec2-aa681a1b33be,2c1b76dd-520f-47b1-bced-b4930b66f6b3,worker-175d097d8edb4a21914859c9380c6b7f-1544107698,True,7240912.0,0.920131488100443,60.039,11326.0,2024-12-10T13:40:14.164498696Z,2024-12-10T13:41:14.203895534Z,us_east
cda01835-c064-4d98-bec2-aa681a1b33be,2c1b76dd-520f-47b1-bced-b4930b66f6b3,worker-3064bf5ec7524b7db77d892d00312b20-1544107698,True,4296092.0,0.5454309289026488,60.093,11335.0,2024-12-10T13:40:14.171002081Z,2024-12-10T13:41:14.264920287Z,us_east
cda01835-c064-4d98-bec2-aa681a1b33be,2c1b76dd-520f-47b1-bced-b4930b66f6b3,worker-0d9f23a00ed04d32b6b93384dff2746f-1544107698,True,4570572.0,0.579844641017067,60.138,11313.0,2024-12-10T13:40:14.163733499Z,2024-12-10T13:41:14.302312738Z,us_east
cda01835-c064-4d98-bec2-aa681a1b33be,c594674c-4fc8-47f0-aa9d-ded657afc987,worker-0d9f23a00ed04d32b6b93384dff2746f-1544107698,True,5323932.0,0.6768263157240411,60.013,10534.0,2024-12-10T13:41:33.545951377Z,2024-12-10T13:42:33.559462194Z,us_east
cda01835-c064-4d98-bec2-aa681a1b33be,c594674c-4fc8-47f0-aa9d-ded657afc987,worker-313062e39ee04fc98e9b450bff7204e7-1544107698,True,5410072.0,0.6876626248349591,60.023,10529.0,2024-12-10T13:41:33.541233091Z,2024-12-10T13:42:33.565197357Z,us_east
cda01835-c064-4d98-bec2-aa681a1b33be,c594674c-4fc8-47f0-aa9d-ded657afc987,worker-9878e5db143845ad83edbf1ba738cb84-1544107698,True,6836492.0,0.8685232403792316,60.054,10518.0,2024-12-10T13:41:33.526605396Z,2024-12-10T13:42:33.581111993Z,us_east
cda01835-c064-4d98-bec2-aa681a1b33be,c594674c-4fc8-47f0-aa9d-ded657afc987,worker-3064bf5ec7524b7db77d892d00312b20-1544107698,True,5856832.0,0.7439907098110223,60.06,10536.0,2024-12-10T13:41:33.542475072Z,2024-12-10T13:42:33.602885731Z,us_east
cda01835-c064-4d98-bec2-aa681a1b33be,c594674c-4fc8-47f0-aa9d-ded657afc987,worker-220cd1c59fa44005ab3b7c763ebc36ca-1544107698,True,5104932.0,0.648077945375029,60.097,10517.0,2024-12-10T13:41:33.526989584Z,2024-12-10T13:42:33.624414099Z,us_east
cda01835-c064-4d98-bec2-aa681a1b33be,c594674c-4fc8-47f0-aa9d-ded657afc987,worker-ca63b6b59a174f518b265ebfe0c317b7-1544107698,True,5947352.0,0.7546099255649218,60.13,10491.0,2024-12-10T13:41:33.499746421Z,2024-12-10T13:42:33.630642634Z,us_east
cda01835-c064-4d98-bec2-aa681a1b33be,c594674c-4fc8-47f0-aa9d-ded657afc987,worker-3e8ac1b1242a4f6c9fba9b725a8c73ad-1544107698,True,4174912.0,0.5297374065535192,60.128,10514.0,2024-12-10T13:41:33.525654500Z,2024-12-10T13:42:33.654399999Z,us_east
cda01835-c064-4d98-bec2-aa681a1b33be,c594674c-4fc8-47f0-aa9d-ded657afc987,worker-775527b2822c497f85097bce4d55ff33-1544107698,True,5217352.0,0.6619422758573561,60.134,10528.0,2024-12-10T13:41:33.535510461Z,2024-12-10T13:42:33.670352261Z,us_east
cda01835-c064-4d98-bec2-aa681a1b33be,c594674c-4fc8-47f0-aa9d-ded657afc987,worker-175d097d8edb4a21914859c9380c6b7f-1544107698,True,5883112.0,0.7455786867249921,60.201,10545.0,2024-12-10T13:41:33.551703182Z,2024-12-10T13:42:33.753374697Z,us_east
cda01835-c064-4d98-bec2-aa681a1b33be,c594674c-4fc8-47f0-aa9d-ded657afc987,worker-26c7dfaec87a4eecbd3f13d2c213223a-1544107698,True,5303492.0,0.6718655828461764,60.224,10526.0,2024-12-10T13:41:33.533962162Z,2024-12-10T13:42:33.758838345Z,us_east
15f41be7-26a0-4351-90e2-14ec21bc693f,a2938374-b5b4-49c7-960a-b1e8f306078d,worker-317859f7a4494b4f89441014bb0791a9-1544107698,True,104857601.0,58.22416358292536,13.74,10205.0,2024-11-12T13:42:09.124095762Z,2024-11-12T13:42:22.864220329Z,singapore
15f41be7-26a0-4351-90e2-14ec21bc693f,a2938374-b5b4-49c7-960a-b1e8f306078d,worker-358593d91ac04fceb00ee0bdccc24f20-1544107698,True,104857601.0,56.16399941234165,14.244,10202.0,2024-11-12T13:42:09.123424099Z,2024-11-12T13:42:23.368299729Z,singapore
15f41be7-26a0-4351-90e2-14ec21bc693f,a2938374-b5b4-49c7-960a-b1e8f306078d,worker-d13164f093bb4ed3b524edf389cdea30-1544107698,True,104857601.0,32.37948790340367,24.707,10205.0,2024-11-12T13:42:09.124305095Z,2024-11-12T13:42:33.831508083Z,singapore
15f41be7-26a0-4351-90e2-14ec21bc693f,a2938374-b5b4-49c7-960a-b1e8f306078d,worker-b003f28b8c3340cd8cf7f858546499ef-1544107698,True,104857601.0,29.11843952935119,27.474,10204.0,2024-11-12T13:42:09.124021412Z,2024-11-12T13:42:36.598134865Z,singapore
15f41be7-26a0-4351-90e2-14ec21bc693f,a2938374-b5b4-49c7-960a-b1e8f306078d,worker-0ad6f0fdb17944d1baadcd6d7598af92-1544107698,True,104857601.0,28.176951522590677,28.392,10210.0,2024-11-12T13:42:09.125909919Z,2024-11-12T13:42:37.517948501Z,singapore
15f41be7-26a0-4351-90e2-14ec21bc693f,a2938374-b5b4-49c7-960a-b1e8f306078d,worker-5e493b238cf348f6b37c7c7434581d2d-1544107698,True,104857601.0,26.069671444891796,30.687,10203.0,2024-11-12T13:42:09.121768561Z,2024-11-12T13:42:39.809735453Z,singapore
15f41be7-26a0-4351-90e2-14ec21bc693f,a2938374-b5b4-49c7-960a-b1e8f306078d,worker-5f610ba13ac04a0a93228dcc653d54a7-1544107698,True,104857601.0,25.869038241855925,30.925,10205.0,2024-11-12T13:42:09.123130066Z,2024-11-12T13:42:40.048903748Z,singapore
15f41be7-26a0-4351-90e2-14ec21bc693f,a2938374-b5b4-49c7-960a-b1e8f306078d,worker-38837e2cab4d44d1b94eba46d6ed0752-1544107698,True,104857601.0,25.30044299903209,31.62,10205.0,2024-11-12T13:42:09.125316451Z,2024-11-12T13:42:40.745409531Z,singapore
15f41be7-26a0-4351-90e2-14ec21bc693f,a2938374-b5b4-49c7-960a-b1e8f306078d,worker-530cf3818a79491980240c9408ecac94-1544107698,True,104857601.0,20.297871454327115,39.413,10208.0,2024-11-12T13:42:09.125741969Z,2024-11-12T13:42:48.539661164Z,singapore
15f41be7-26a0-4351-90e2-14ec21bc693f,a2938374-b5b4-49c7-960a-b1e8f306078d,worker-3109a4756c724d4387d76cb418f7b8a8-1544107698,True,104857601.0,20.227560243473945,39.55,10209.0,2024-11-12T13:42:09.125358867Z,2024-11-12T13:42:48.676052067Z,singapore
15f41be7-26a0-4351-90e2-14ec21bc693f,abda52b8-f1d5-4747-b163-96cb3bc04959,worker-317859f7a4494b4f89441014bb0791a9-1544107698,True,104857601.0,47.05882397819968,17.0,10176.0,2024-11-12T13:43:09.221661622Z,2024-11-12T13:43:26.222190052Z,singapore
15f41be7-26a0-4351-90e2-14ec21bc693f,abda52b8-f1d5-4747-b163-96cb3bc04959,worker-3109a4756c724d4387d76cb418f7b8a8-1544107698,True,104857601.0,35.78617793018987,22.355,10189.0,2024-11-12T13:43:09.236152855Z,2024-11-12T13:43:31.591986586Z,singapore
15f41be7-26a0-4351-90e2-14ec21bc693f,abda52b8-f1d5-4747-b163-96cb3bc04959,worker-530cf3818a79491980240c9408ecac94-1544107698,True,104857601.0,33.682792624706096,23.751,10184.0,2024-11-12T13:43:09.230998270Z,2024-11-12T13:43:32.982710844Z,singapore
15f41be7-26a0-4351-90e2-14ec21bc693f,abda52b8-f1d5-4747-b163-96cb3bc04959,worker-d13164f093bb4ed3b524edf389cdea30-1544107698,True,104857601.0,30.173877253777185,26.513,10172.0,2024-11-12T13:43:09.233334303Z,2024-11-12T13:43:35.747238741Z,singapore
15f41be7-26a0-4351-90e2-14ec21bc693f,abda52b8-f1d5-4747-b163-96cb3bc04959,worker-38837e2cab4d44d1b94eba46d6ed0752-1544107698,True,104857601.0,29.030736568907884,27.557,10172.0,2024-11-12T13:43:09.218726239Z,2024-11-12T13:43:36.776275643Z,singapore
15f41be7-26a0-4351-90e2-14ec21bc693f,abda52b8-f1d5-4747-b163-96cb3bc04959,worker-b003f28b8c3340cd8cf7f858546499ef-1544107698,True,104857601.0,27.828023084367416,28.748,10194.0,2024-11-12T13:43:09.241271929Z,2024-11-12T13:43:37.990227453Z,singapore
15f41be7-26a0-4351-90e2-14ec21bc693f,abda52b8-f1d5-4747-b163-96cb3bc04959,worker-5e493b238cf348f6b37c7c7434581d2d-1544107698,True,104857601.0,27.315874197746258,29.287,10186.0,2024-11-12T13:43:09.232779741Z,2024-11-12T13:43:38.520122184Z,singapore
15f41be7-26a0-4351-90e2-14ec21bc693f,abda52b8-f1d5-4747-b163-96cb3bc04959,worker-5f610ba13ac04a0a93228dcc653d54a7-1544107698,True,104857601.0,26.356538320080205,30.353,10190.0,2024-11-12T13:43:09.236510442Z,2024-11-12T13:43:39.590346865Z,singapore
15f41be7-26a0-4351-90e2-14ec21bc693f,abda52b8-f1d5-4747-b163-96cb3bc04959,worker-0ad6f0fdb17944d1baadcd6d7598af92-1544107698,True,104857601.0,25.548494479270417,31.313,10172.0,2024-11-12T13:43:09.217336022Z,2024-11-12T13:43:40.531006151Z,singapore
15f41be7-26a0-4351-90e2-14ec21bc693f,abda52b8-f1d5-4747-b163-96cb3bc04959,worker-358593d91ac04fceb00ee0bdccc24f20-1544107698,True,104857601.0,24.120360829420644,33.167,10186.0,2024-11-12T13:43:09.231865040Z,2024-11-12T13:43:42.398992041Z,singapore
eab0091f-88ff-4c06-bce0-88ca2ce3d248,7dfed73d-1ab0-4755-8e55-3c6dc114de9e,worker-d13164f093bb4ed3b524edf389cdea30-1544107698,True,655292.0,0.08328998252681175,60.025,10248.0,2024-11-12T13:39:13.771813274Z,2024-11-12T13:40:13.797445261Z,singapore
eab0091f-88ff-4c06-bce0-88ca2ce3d248,7dfed73d-1ab0-4755-8e55-3c6dc114de9e,worker-317859f7a4494b4f89441014bb0791a9-1544107698,True,522076.0,0.06622314960508213,60.147,10186.0,2024-11-12T13:39:13.713687514Z,2024-11-12T13:40:13.861417612Z,singapore
eab0091f-88ff-4c06-bce0-88ca2ce3d248,7dfed73d-1ab0-4755-8e55-3c6dc114de9e,worker-38837e2cab4d44d1b94eba46d6ed0752-1544107698,True,762444.0,0.096451435648887,60.31,10188.0,2024-11-12T13:39:13.713920885Z,2024-11-12T13:40:14.023971336Z,singapore
eab0091f-88ff-4c06-bce0-88ca2ce3d248,7dfed73d-1ab0-4755-8e55-3c6dc114de9e,worker-3109a4756c724d4387d76cb418f7b8a8-1544107698,True,410580.0,0.05158633148297392,60.723,10191.0,2024-11-12T13:39:13.714009977Z,2024-11-12T13:40:14.437320645Z,singapore
eab0091f-88ff-4c06-bce0-88ca2ce3d248,7dfed73d-1ab0-4755-8e55-3c6dc114de9e,worker-5f610ba13ac04a0a93228dcc653d54a7-1544107698,True,766788.0,0.09623345846964394,60.791,10188.0,2024-11-12T13:39:13.711319524Z,2024-11-12T13:40:14.502881805Z,singapore
eab0091f-88ff-4c06-bce0-88ca2ce3d248,7dfed73d-1ab0-4755-8e55-3c6dc114de9e,worker-b003f28b8c3340cd8cf7f858546499ef-1544107698,True,491916.0,0.0624608268187993,60.086,13134.0,2024-11-12T13:39:16.655106845Z,2024-11-12T13:40:16.741701230Z,singapore
eab0091f-88ff-4c06-bce0-88ca2ce3d248,7dfed73d-1ab0-4755-8e55-3c6dc114de9e,worker-530cf3818a79491980240c9408ecac94-1544107698,True,555628.0,0.07024782872830185,60.345,13105.0,2024-11-12T13:39:16.650498266Z,2024-11-12T13:40:16.995711542Z,singapore
eab0091f-88ff-4c06-bce0-88ca2ce3d248,7dfed73d-1ab0-4755-8e55-3c6dc114de9e,worker-5e493b238cf348f6b37c7c7434581d2d-1544107698,True,511940.0,0.05832761728608523,66.963,10194.0,2024-11-12T13:39:13.714516157Z,2024-11-12T13:40:20.677561282Z,singapore
eab0091f-88ff-4c06-bce0-88ca2ce3d248,7dfed73d-1ab0-4755-8e55-3c6dc114de9e,worker-358593d91ac04fceb00ee0bdccc24f20-1544107698,True,193628.0,0.02077903063967248,71.094,13230.0,2024-11-12T13:39:16.752524584Z,2024-11-12T13:40:27.846600946Z,singapore
eab0091f-88ff-4c06-bce0-88ca2ce3d248,7dfed73d-1ab0-4755-8e55-3c6dc114de9e,worker-0ad6f0fdb17944d1baadcd6d7598af92-1544107698,True,503252.0,0.05054245394835354,75.966,10407.0,2024-11-12T13:39:13.926821403Z,2024-11-12T13:40:29.893453551Z,singapore
eab0091f-88ff-4c06-bce0-88ca2ce3d248,e22d95c0-6b7e-42ae-8302-cd1e121fffb4,worker-d13164f093bb4ed3b524edf389cdea30-1544107698,True,104857601.0,26.548085472535824,30.134,20767.0,2024-11-12T13:40:59.494407404Z,2024-11-12T13:41:29.628952538Z,singapore
eab0091f-88ff-4c06-bce0-88ca2ce3d248,e22d95c0-6b7e-42ae-8302-cd1e121fffb4,worker-38837e2cab4d44d1b94eba46d6ed0752-1544107698,True,104857601.0,20.07377130026333,39.853,12469.0,2024-11-12T13:40:51.195918929Z,2024-11-12T13:41:31.049909794Z,singapore
eab0091f-88ff-4c06-bce0-88ca2ce3d248,e22d95c0-6b7e-42ae-8302-cd1e121fffb4,worker-530cf3818a79491980240c9408ecac94-1544107698,True,104857601.0,20.498104120872053,39.028,13667.0,2024-11-12T13:40:52.390850730Z,2024-11-12T13:41:31.419135381Z,singapore
eab0091f-88ff-4c06-bce0-88ca2ce3d248,e22d95c0-6b7e-42ae-8302-cd1e121fffb4,worker-317859f7a4494b4f89441014bb0791a9-1544107698,True,104857601.0,20.43474948605059,39.149,13776.0,2024-11-12T13:40:52.500336818Z,2024-11-12T13:41:31.649652270Z,singapore
eab0091f-88ff-4c06-bce0-88ca2ce3d248,e22d95c0-6b7e-42ae-8302-cd1e121fffb4,worker-0ad6f0fdb17944d1baadcd6d7598af92-1544107698,True,104857601.0,19.40475920220716,41.227,12830.0,2024-11-12T13:40:51.551023817Z,2024-11-12T13:41:32.778621765Z,singapore
eab0091f-88ff-4c06-bce0-88ca2ce3d248,e22d95c0-6b7e-42ae-8302-cd1e121fffb4,worker-358593d91ac04fceb00ee0bdccc24f20-1544107698,True,104857601.0,18.317534634551325,43.674,13911.0,2024-11-12T13:40:52.637721021Z,2024-11-12T13:41:36.312057846Z,singapore
eab0091f-88ff-4c06-bce0-88ca2ce3d248,e22d95c0-6b7e-42ae-8302-cd1e121fffb4,worker-5f610ba13ac04a0a93228dcc653d54a7-1544107698,True,104857601.0,21.04432480940141,38.015,19693.0,2024-11-12T13:40:58.415670965Z,2024-11-12T13:41:36.430752609Z,singapore
eab0091f-88ff-4c06-bce0-88ca2ce3d248,e22d95c0-6b7e-42ae-8302-cd1e121fffb4,worker-b003f28b8c3340cd8cf7f858546499ef-1544107698,True,104857601.0,17.567745786582517,45.538,12339.0,2024-11-12T13:40:51.065958037Z,2024-11-12T13:41:36.604457519Z,singapore
eab0091f-88ff-4c06-bce0-88ca2ce3d248,e22d95c0-6b7e-42ae-8302-cd1e121fffb4,worker-5e493b238cf348f6b37c7c7434581d2d-1544107698,True,104857601.0,15.911532034476204,50.278,14227.0,2024-11-12T13:40:52.949147699Z,2024-11-12T13:41:43.227487483Z,singapore
eab0091f-88ff-4c06-bce0-88ca2ce3d248,e22d95c0-6b7e-42ae-8302-cd1e121fffb4,worker-3109a4756c724d4387d76cb418f7b8a8-1544107698,True,104857601.0,18.37644157737388,43.534,20968.0,2024-11-12T13:40:59.690943780Z,2024-11-12T13:41:43.225807987Z,singapore
89a08ee5-4ac5-4521-8d6e-791d3c771a03,15fd166e-bf23-49c2-9d5c-fd07b55e3b43,worker-55b74f68c378406fb338353f85e0bcc9-1544107698,True,1096932.0,0.13368465866830334,62.602,10153.0,2024-11-12T13:35:18.120564868Z,2024-11-12T13:36:20.723292708Z,hong_kong
89a08ee5-4ac5-4521-8d6e-791d3c771a03,15fd166e-bf23-49c2-9d5c-fd07b55e3b43,worker-336602893cc3403c94a6172053df72fe-1544107698,True,727692.0,0.09249074343175248,60.026,26035.0,2024-11-12T13:35:34.000544569Z,2024-11-12T13:36:34.026930685Z,hong_kong
89a08ee5-4ac5-4521-8d6e-791d3c771a03,15fd166e-bf23-49c2-9d5c-fd07b55e3b43,worker-3495f46c836e49ec9c583308b2285bee-1544107698,True,940548.0,0.11907886970973142,60.261,26032.0,2024-11-12T13:35:34.009575687Z,2024-11-12T13:36:34.271099775Z,hong_kong
89a08ee5-4ac5-4521-8d6e-791d3c771a03,15fd166e-bf23-49c2-9d5c-fd07b55e3b43,worker-689fb313f2b34c80b499936d812a064b-1544107698,True,840636.0,0.10643295941140536,60.259,26078.0,2024-11-12T13:35:34.043133227Z,2024-11-12T13:36:34.303012329Z,hong_kong
89a08ee5-4ac5-4521-8d6e-791d3c771a03,15fd166e-bf23-49c2-9d5c-fd07b55e3b43,worker-25a72e94d80445b3898ceb9973f89e90-1544107698,True,1037564.0,0.13113751751742553,60.364,25981.0,2024-11-12T13:35:33.958398279Z,2024-11-12T13:36:34.323172066Z,hong_kong
89a08ee5-4ac5-4521-8d6e-791d3c771a03,15fd166e-bf23-49c2-9d5c-fd07b55e3b43,worker-3411be34b19249d79bc821e96ff58eb6-1544107698,True,398996.0,0.050325649722103974,60.488,25928.0,2024-11-12T13:35:33.898596229Z,2024-11-12T13:36:34.387120273Z,hong_kong
89a08ee5-4ac5-4521-8d6e-791d3c771a03,15fd166e-bf23-49c2-9d5c-fd07b55e3b43,worker-7024dfbd6f2949cc8e64f0a18bf95c3a-1544107698,True,639364.0,0.0798095583291578,61.12,25970.0,2024-11-12T13:35:33.938460598Z,2024-11-12T13:36:35.058932715Z,hong_kong
89a08ee5-4ac5-4521-8d6e-791d3c771a03,15fd166e-bf23-49c2-9d5c-fd07b55e3b43,worker-5dc0276a95104f5c81ef45e31564ee42-1544107698,True,947788.0,0.11546400191588756,62.626,25939.0,2024-11-12T13:35:33.903963361Z,2024-11-12T13:36:36.530906426Z,hong_kong
89a08ee5-4ac5-4521-8d6e-791d3c771a03,15fd166e-bf23-49c2-9d5c-fd07b55e3b43,worker-32463579859f4033b734d6b0f66bede6-1544107698,True,872492.0,0.09535562819962431,69.808,26050.0,2024-11-12T13:35:34.019099697Z,2024-11-12T13:36:43.827270829Z,hong_kong
89a08ee5-4ac5-4521-8d6e-791d3c771a03,15fd166e-bf23-49c2-9d5c-fd07b55e3b43,worker-02bf2b91b53341b59db9a49c1bec78be-1544107698,True,355804.0,0.024411373025394333,111.201,11371.0,2024-11-12T13:35:19.337052914Z,2024-11-12T13:37:10.538299107Z,hong_kong
89a08ee5-4ac5-4521-8d6e-791d3c771a03,9fc0bc38-154a-4387-b1e5-9f2143fa5815,worker-02bf2b91b53341b59db9a49c1bec78be-1544107698,True,365940.0,0.04639018717520936,60.183,11347.0,2024-11-12T13:37:29.627305278Z,2024-11-12T13:38:29.811275186Z,hong_kong
89a08ee5-4ac5-4521-8d6e-791d3c771a03,9fc0bc38-154a-4387-b1e5-9f2143fa5815,worker-7024dfbd6f2949cc8e64f0a18bf95c3a-1544107698,True,998468.0,0.1269215798135278,60.019,12584.0,2024-11-12T13:37:30.867962990Z,2024-11-12T13:38:30.887275965Z,hong_kong
89a08ee5-4ac5-4521-8d6e-791d3c771a03,9fc0bc38-154a-4387-b1e5-9f2143fa5815,worker-3495f46c836e49ec9c583308b2285bee-1544107698,True,997020.0,0.12635226297376956,60.202,12956.0,2024-11-12T13:37:31.240556342Z,2024-11-12T13:38:31.442939814Z,hong_kong
89a08ee5-4ac5-4521-8d6e-791d3c771a03,9fc0bc38-154a-4387-b1e5-9f2143fa5815,worker-5dc0276a95104f5c81ef45e31564ee42-1544107698,True,1007156.0,0.12750125242285243,60.266,13026.0,2024-11-12T13:37:31.304225473Z,2024-11-12T13:38:31.571006770Z,hong_kong
89a08ee5-4ac5-4521-8d6e-791d3c771a03,9fc0bc38-154a-4387-b1e5-9f2143fa5815,worker-32463579859f4033b734d6b0f66bede6-1544107698,True,787060.0,0.09840209854916385,61.023,12939.0,2024-11-12T13:37:31.219765671Z,2024-11-12T13:38:32.243143709Z,hong_kong
89a08ee5-4ac5-4521-8d6e-791d3c771a03,9fc0bc38-154a-4387-b1e5-9f2143fa5815,worker-55b74f68c378406fb338353f85e0bcc9-1544107698,True,640812.0,0.07994191291854368,61.157,12840.0,2024-11-12T13:37:31.117821581Z,2024-11-12T13:38:32.274950117Z,hong_kong
89a08ee5-4ac5-4521-8d6e-791d3c771a03,9fc0bc38-154a-4387-b1e5-9f2143fa5815,worker-25a72e94d80445b3898ceb9973f89e90-1544107698,True,939100.0,0.11343472981059616,63.162,12718.0,2024-11-12T13:37:31.000624674Z,2024-11-12T13:38:34.163581914Z,hong_kong
89a08ee5-4ac5-4521-8d6e-791d3c771a03,9fc0bc38-154a-4387-b1e5-9f2143fa5815,worker-3411be34b19249d79bc821e96ff58eb6-1544107698,True,960820.0,0.12062852529275823,60.769,15210.0,2024-11-12T13:37:33.489242035Z,2024-11-12T13:38:34.258933660Z,hong_kong
89a08ee5-4ac5-4521-8d6e-791d3c771a03,9fc0bc38-154a-4387-b1e5-9f2143fa5815,worker-336602893cc3403c94a6172053df72fe-1544107698,True,659884.0,0.08087704831980232,62.249,16707.0,2024-11-12T13:37:34.985184609Z,2024-11-12T13:38:37.234930909Z,hong_kong
89a08ee5-4ac5-4521-8d6e-791d3c771a03,9fc0bc38-154a-4387-b1e5-9f2143fa5815,worker-689fb313f2b34c80b499936d812a064b-1544107698,True,265780.0,0.026397371361638524,76.816,12892.0,2024-11-12T13:37:31.169957276Z,2024-11-12T13:38:47.986871757Z,hong_kong
7bccb4b6-7fde-4a1b-9a76-9aed14277e42,6737d374-5add-40d1-8d72-cf8c916e71c6,worker-ff554b7db2794fcca654a1b57f95035e-1544107698,True,104857601.0,41.35008051012531,19.347,10656.0,2024-11-12T13:33:13.351407127Z,2024-11-12T13:33:32.698997101Z,us_east
7bccb4b6-7fde-4a1b-9a76-9aed14277e42,6737d374-5add-40d1-8d72-cf8c916e71c6,worker-a765493920fb47bf965b38720a93975e-1544107698,True,104857601.0,36.58146269282521,21.869,10664.0,2024-11-12T13:33:13.352058893Z,2024-11-12T13:33:35.221500523Z,us_east
7bccb4b6-7fde-4a1b-9a76-9aed14277e42,6737d374-5add-40d1-8d72-cf8c916e71c6,worker-6288fd7fb22c4ed3a3ecf2956fc3fb54-1544107698,True,104857601.0,34.681580076706744,23.067,10656.0,2024-11-12T13:33:13.350961421Z,2024-11-12T13:33:36.418051857Z,us_east
7bccb4b6-7fde-4a1b-9a76-9aed14277e42,6737d374-5add-40d1-8d72-cf8c916e71c6,worker-2e2509d5868e40acaa90a6f48bb6e7d5-1544107698,True,104857601.0,34.56470112894338,23.145,10655.0,2024-11-12T13:33:13.354084612Z,2024-11-12T13:33:36.499496623Z,us_east
7bccb4b6-7fde-4a1b-9a76-9aed14277e42,6737d374-5add-40d1-8d72-cf8c916e71c6,worker-0a6f3d35ad3a433fada434aa8c64db04-1544107698,True,104857601.0,33.2088006487918,24.09,10651.0,2024-11-12T13:33:13.347577048Z,2024-11-12T13:33:37.438003836Z,us_east
7bccb4b6-7fde-4a1b-9a76-9aed14277e42,6737d374-5add-40d1-8d72-cf8c916e71c6,worker-1a3fcd605aa14849ab91da96ea2f2a2b-1544107698,True,104857601.0,22.59631701585681,35.404,10674.0,2024-11-12T13:33:13.366173604Z,2024-11-12T13:33:48.770822828Z,us_east
7bccb4b6-7fde-4a1b-9a76-9aed14277e42,6737d374-5add-40d1-8d72-cf8c916e71c6,worker-bf1c6d1c461743559b7d622a7d564fe2-1544107698,True,104857601.0,22.048285956052105,36.284,10672.0,2024-11-12T13:33:13.360789244Z,2024-11-12T13:33:49.645646145Z,us_east
7bccb4b6-7fde-4a1b-9a76-9aed14277e42,6737d374-5add-40d1-8d72-cf8c916e71c6,worker-8c80a74669cb44ad8bfeea0c05d33004-1544107698,True,104857601.0,20.94240857668572,38.2,10653.0,2024-11-12T13:33:13.351848117Z,2024-11-12T13:33:51.552131106Z,us_east
7bccb4b6-7fde-4a1b-9a76-9aed14277e42,6737d374-5add-40d1-8d72-cf8c916e71c6,worker-1f42b274d4f04ea6a8dee019a528feaa-1544107698,True,104857601.0,20.56766782263972,38.896,10661.0,2024-11-12T13:33:13.351523818Z,2024-11-12T13:33:52.247789036Z,us_east
7bccb4b6-7fde-4a1b-9a76-9aed14277e42,6737d374-5add-40d1-8d72-cf8c916e71c6,worker-c54df69524f44e18a4b82a7e644e674d-1544107698,True,104857601.0,20.05062802650178,39.899,10657.0,2024-11-12T13:33:13.358259276Z,2024-11-12T13:33:53.257610492Z,us_east
7bccb4b6-7fde-4a1b-9a76-9aed14277e42,d803b205-0ec8-4499-96ee-2e89716c8c65,worker-1f42b274d4f04ea6a8dee019a528feaa-1544107698,True,104857601.0,45.90314480315553,17.428,10614.0,2024-11-12T13:34:13.439206848Z,2024-11-12T13:34:30.867797048Z,us_east
7bccb4b6-7fde-4a1b-9a76-9aed14277e42,d803b205-0ec8-4499-96ee-2e89716c8c65,worker-2e2509d5868e40acaa90a6f48bb6e7d5-1544107698,True,104857601.0,34.509533587671235,23.182,10638.0,2024-11-12T13:34:13.455231335Z,2024-11-12T13:34:36.637601989Z,us_east
7bccb4b6-7fde-4a1b-9a76-9aed14277e42,d803b205-0ec8-4499-96ee-2e89716c8c65,worker-1a3fcd605aa14849ab91da96ea2f2a2b-1544107698,True,104857601.0,33.48541323633982,23.891,10628.0,2024-11-12T13:34:13.449659726Z,2024-11-12T13:34:37.341556117Z,us_east
7bccb4b6-7fde-4a1b-9a76-9aed14277e42,d803b205-0ec8-4499-96ee-2e89716c8c65,worker-ff554b7db2794fcca654a1b57f95035e-1544107698,True,104857601.0,32.69576621012729,24.468,10602.0,2024-11-12T13:34:13.433363210Z,2024-11-12T13:34:37.902279262Z,us_east
7bccb4b6-7fde-4a1b-9a76-9aed14277e42,d803b205-0ec8-4499-96ee-2e89716c8c65,worker-c54df69524f44e18a4b82a7e644e674d-1544107698,True,104857601.0,31.67187963218633,25.259,10619.0,2024-11-12T13:34:13.446190313Z,2024-11-12T13:34:38.705510376Z,us_east
7bccb4b6-7fde-4a1b-9a76-9aed14277e42,d803b205-0ec8-4499-96ee-2e89716c8c65,worker-8c80a74669cb44ad8bfeea0c05d33004-1544107698,True,104857601.0,31.31360606033328,25.548,10627.0,2024-11-12T13:34:13.447121195Z,2024-11-12T13:34:38.996098812Z,us_east
7bccb4b6-7fde-4a1b-9a76-9aed14277e42,d803b205-0ec8-4499-96ee-2e89716c8c65,worker-bf1c6d1c461743559b7d622a7d564fe2-1544107698,True,104857601.0,20.587781348226734,38.858,10637.0,2024-11-12T13:34:13.456089330Z,2024-11-12T13:34:52.315008115Z,us_east
7bccb4b6-7fde-4a1b-9a76-9aed14277e42,d803b205-0ec8-4499-96ee-2e89716c8c65,worker-6288fd7fb22c4ed3a3ecf2956fc3fb54-1544107698,True,104857601.0,20.191312880275472,39.621,10640.0,2024-11-12T13:34:13.457451276Z,2024-11-12T13:34:53.078743914Z,us_east
7bccb4b6-7fde-4a1b-9a76-9aed14277e42,d803b205-0ec8-4499-96ee-2e89716c8c65,worker-0a6f3d35ad3a433fada434aa8c64db04-1544107698,True,104857601.0,19.471826886440173,41.085,10626.0,2024-11-12T13:34:13.450547278Z,2024-11-12T13:34:54.536524986Z,us_east
7bccb4b6-7fde-4a1b-9a76-9aed14277e42,d803b205-0ec8-4499-96ee-2e89716c8c65,worker-a765493920fb47bf965b38720a93975e-1544107698,True,104857601.0,18.419174536168224,43.433,10633.0,2024-11-12T13:34:13.453152623Z,2024-11-12T13:34:56.886785169Z,us_east
ad3b74ec-c767-4b8c-94d6-f07cf3742c43,b8f7da85-d931-4fc7-9f7d-9a46520eba3a,worker-7024dfbd6f2949cc8e64f0a18bf95c3a-1544107698,True,104857601.0,35.298270721381684,22.664,10274.0,2024-11-12T13:31:22.718159220Z,2024-11-12T13:31:45.382514212Z,hong_kong
ad3b74ec-c767-4b8c-94d6-f07cf3742c43,b8f7da85-d931-4fc7-9f7d-9a46520eba3a,worker-5dc0276a95104f5c81ef45e31564ee42-1544107698,True,104857601.0,29.63402013740534,26.996,10282.0,2024-11-12T13:31:22.723746303Z,2024-11-12T13:31:49.720390635Z,hong_kong
ad3b74ec-c767-4b8c-94d6-f07cf3742c43,b8f7da85-d931-4fc7-9f7d-9a46520eba3a,worker-32463579859f4033b734d6b0f66bede6-1544107698,True,104857601.0,28.387921210368493,28.181,10275.0,2024-11-12T13:31:22.718184069Z,2024-11-12T13:31:50.899833157Z,hong_kong
ad3b74ec-c767-4b8c-94d6-f07cf3742c43,b8f7da85-d931-4fc7-9f7d-9a46520eba3a,worker-689fb313f2b34c80b499936d812a064b-1544107698,True,104857601.0,27.435783381782453,29.159,10278.0,2024-11-12T13:31:22.721007597Z,2024-11-12T13:31:51.880212473Z,hong_kong
ad3b74ec-c767-4b8c-94d6-f07cf3742c43,b8f7da85-d931-4fc7-9f7d-9a46520eba3a,worker-55b74f68c378406fb338353f85e0bcc9-1544107698,True,104857601.0,25.563189251618297,31.295,10281.0,2024-11-12T13:31:22.728485276Z,2024-11-12T13:31:54.024331815Z,hong_kong
ad3b74ec-c767-4b8c-94d6-f07cf3742c43,b8f7da85-d931-4fc7-9f7d-9a46520eba3a,worker-336602893cc3403c94a6172053df72fe-1544107698,True,104857601.0,24.513559296135885,32.635,10276.0,2024-11-12T13:31:22.721357834Z,2024-11-12T13:31:55.356417096Z,hong_kong
ad3b74ec-c767-4b8c-94d6-f07cf3742c43,b8f7da85-d931-4fc7-9f7d-9a46520eba3a,worker-25a72e94d80445b3898ceb9973f89e90-1544107698,True,104857601.0,22.813471572401248,35.067,10272.0,2024-11-12T13:31:22.723632728Z,2024-11-12T13:31:57.791210087Z,hong_kong
ad3b74ec-c767-4b8c-94d6-f07cf3742c43,b8f7da85-d931-4fc7-9f7d-9a46520eba3a,worker-3411be34b19249d79bc821e96ff58eb6-1544107698,True,104857601.0,22.390148548261813,35.73,10279.0,2024-11-12T13:31:22.723156675Z,2024-11-12T13:31:58.453398899Z,hong_kong
ad3b74ec-c767-4b8c-94d6-f07cf3742c43,b8f7da85-d931-4fc7-9f7d-9a46520eba3a,worker-02bf2b91b53341b59db9a49c1bec78be-1544107698,True,104857601.0,21.373801267183055,37.429,10279.0,2024-11-12T13:31:22.724306049Z,2024-11-12T13:32:00.153908339Z,hong_kong
ad3b74ec-c767-4b8c-94d6-f07cf3742c43,b8f7da85-d931-4fc7-9f7d-9a46520eba3a,worker-3495f46c836e49ec9c583308b2285bee-1544107698,True,104857601.0,21.219033675385777,37.702,10271.0,2024-11-12T13:31:22.724925309Z,2024-11-12T13:32:00.427323536Z,hong_kong
ad3b74ec-c767-4b8c-94d6-f07cf3742c43,eb602615-2fa2-46a6-8f2b-66cb2b8f1fb2,worker-689fb313f2b34c80b499936d812a064b-1544107698,True,104857601.0,66.69445665939097,11.995,10239.0,2024-11-12T13:32:17.802664340Z,2024-11-12T13:32:29.798660231Z,hong_kong
ad3b74ec-c767-4b8c-94d6-f07cf3742c43,eb602615-2fa2-46a6-8f2b-66cb2b8f1fb2,worker-336602893cc3403c94a6172053df72fe-1544107698,True,104857601.0,37.90750604764,21.104,10254.0,2024-11-12T13:32:17.817976992Z,2024-11-12T13:32:38.922423757Z,hong_kong
ad3b74ec-c767-4b8c-94d6-f07cf3742c43,eb602615-2fa2-46a6-8f2b-66cb2b8f1fb2,worker-25a72e94d80445b3898ceb9973f89e90-1544107698,True,104857601.0,32.6597267862582,24.495,10250.0,2024-11-12T13:32:17.816494716Z,2024-11-12T13:32:42.311829503Z,hong_kong
ad3b74ec-c767-4b8c-94d6-f07cf3742c43,eb602615-2fa2-46a6-8f2b-66cb2b8f1fb2,worker-3411be34b19249d79bc821e96ff58eb6-1544107698,True,104857601.0,30.74085488892539,26.024,10261.0,2024-11-12T13:32:17.823963348Z,2024-11-12T13:32:43.848076283Z,hong_kong
ad3b74ec-c767-4b8c-94d6-f07cf3742c43,eb602615-2fa2-46a6-8f2b-66cb2b8f1fb2,worker-32463579859f4033b734d6b0f66bede6-1544107698,True,104857601.0,29.956937188893264,26.705,10251.0,2024-11-12T13:32:17.814713328Z,2024-11-12T13:32:44.519780922Z,hong_kong
ad3b74ec-c767-4b8c-94d6-f07cf3742c43,eb602615-2fa2-46a6-8f2b-66cb2b8f1fb2,worker-3495f46c836e49ec9c583308b2285bee-1544107698,True,104857601.0,29.223744570936788,27.375,10244.0,2024-11-12T13:32:17.809151443Z,2024-11-12T13:32:45.184636880Z,hong_kong
ad3b74ec-c767-4b8c-94d6-f07cf3742c43,eb602615-2fa2-46a6-8f2b-66cb2b8f1fb2,worker-55b74f68c378406fb338353f85e0bcc9-1544107698,True,104857601.0,28.952987862523777,27.631,10243.0,2024-11-12T13:32:17.808464782Z,2024-11-12T13:32:45.439896293Z,hong_kong
ad3b74ec-c767-4b8c-94d6-f07cf3742c43,eb602615-2fa2-46a6-8f2b-66cb2b8f1fb2,worker-02bf2b91b53341b59db9a49c1bec78be-1544107698,True,104857601.0,28.685144954261343,27.889,10232.0,2024-11-12T13:32:17.801700676Z,2024-11-12T13:32:45.691476767Z,hong_kong
ad3b74ec-c767-4b8c-94d6-f07cf3742c43,eb602615-2fa2-46a6-8f2b-66cb2b8f1fb2,worker-7024dfbd6f2949cc8e64f0a18bf95c3a-1544107698,True,104857601.0,27.57004540887737,29.017,10261.0,2024-11-12T13:32:17.825344490Z,2024-11-12T13:32:46.842792780Z,hong_kong
ad3b74ec-c767-4b8c-94d6-f07cf3742c43,eb602615-2fa2-46a6-8f2b-66cb2b8f1fb2,worker-5dc0276a95104f5c81ef45e31564ee42-1544107698,True,104857601.0,27.03890247843291,29.587,10255.0,2024-11-12T13:32:17.815829970Z,2024-11-12T13:32:47.403580326Z,hong_kong
db252037-a59c-43f1-adb5-538f5e24fbfd,dcf1e5eb-06fa-4940-9513-b18c87d0c82f,worker-3411be34b19249d79bc821e96ff58eb6-1544107698,True,29770230.0,3.7853543207902183,60.002,10952.0,2024-11-12T13:27:17.819599163Z,2024-11-12T13:28:17.821739620Z,hong_kong
db252037-a59c-43f1-adb5-538f5e24fbfd,dcf1e5eb-06fa-4940-9513-b18c87d0c82f,worker-689fb313f2b34c80b499936d812a064b-1544107698,True,30636134.0,3.8955209612880153,60.001,10957.0,2024-11-12T13:27:17.813909953Z,2024-11-12T13:28:17.815365578Z,hong_kong
db252037-a59c-43f1-adb5-538f5e24fbfd,dcf1e5eb-06fa-4940-9513-b18c87d0c82f,worker-32463579859f4033b734d6b0f66bede6-1544107698,True,25778094.0,3.277854156494141,60.0,10969.0,2024-11-12T13:27:17.828465864Z,2024-11-12T13:28:17.829156435Z,hong_kong
db252037-a59c-43f1-adb5-538f5e24fbfd,dcf1e5eb-06fa-4940-9513-b18c87d0c82f,worker-3495f46c836e49ec9c583308b2285bee-1544107698,True,19742830.0,2.5072547978127444,60.076,10960.0,2024-11-12T13:27:17.822316250Z,2024-11-12T13:28:17.898945610Z,hong_kong
db252037-a59c-43f1-adb5-538f5e24fbfd,dcf1e5eb-06fa-4940-9513-b18c87d0c82f,worker-55b74f68c378406fb338353f85e0bcc9-1544107698,True,52643528.0,6.671066747980372,60.206,10960.0,2024-11-12T13:27:17.818834274Z,2024-11-12T13:28:18.025738164Z,hong_kong
db252037-a59c-43f1-adb5-538f5e24fbfd,dcf1e5eb-06fa-4940-9513-b18c87d0c82f,worker-02bf2b91b53341b59db9a49c1bec78be-1544107698,True,18367230.0,2.2873650346246666,61.263,10942.0,2024-11-12T13:27:17.803356089Z,2024-11-12T13:28:19.066730633Z,hong_kong
db252037-a59c-43f1-adb5-538f5e24fbfd,dcf1e5eb-06fa-4940-9513-b18c87d0c82f,worker-336602893cc3403c94a6172053df72fe-1544107698,True,24118686.0,3.003035023571374,61.275,10960.0,2024-11-12T13:27:17.816804037Z,2024-11-12T13:28:19.092194738Z,hong_kong
db252037-a59c-43f1-adb5-538f5e24fbfd,dcf1e5eb-06fa-4940-9513-b18c87d0c82f,worker-25a72e94d80445b3898ceb9973f89e90-1544107698,True,19460470.0,2.421574950964814,61.312,10939.0,2024-11-12T13:27:17.799784554Z,2024-11-12T13:28:19.112446471Z,hong_kong
db252037-a59c-43f1-adb5-538f5e24fbfd,dcf1e5eb-06fa-4940-9513-b18c87d0c82f,worker-5dc0276a95104f5c81ef45e31564ee42-1544107698,True,22866854.0,2.8416961356260844,61.393,10951.0,2024-11-12T13:27:17.807694448Z,2024-11-12T13:28:19.201423740Z,hong_kong
db252037-a59c-43f1-adb5-538f5e24fbfd,dcf1e5eb-06fa-4940-9513-b18c87d0c82f,worker-7024dfbd6f2949cc8e64f0a18bf95c3a-1544107698,True,31297870.0,3.888606947493298,61.406,10958.0,2024-11-12T13:27:17.816260055Z,2024-11-12T13:28:19.223215490Z,hong_kong
db252037-a59c-43f1-adb5-538f5e24fbfd,59da326f-433b-4f68-943e-7e923a27af11,worker-3495f46c836e49ec9c583308b2285bee-1544107698,True,22155198.0,2.815302239506345,60.04,10862.0,2024-11-12T13:29:58.120470756Z,2024-11-12T13:30:58.160544469Z,hong_kong
db252037-a59c-43f1-adb5-538f5e24fbfd,59da326f-433b-4f68-943e-7e923a27af11,worker-55b74f68c378406fb338353f85e0bcc9-1544107698,True,42599280.0,5.416598011186085,60.002,10959.0,2024-11-12T13:29:58.209564019Z,2024-11-12T13:30:58.212026209Z,hong_kong
db252037-a59c-43f1-adb5-538f5e24fbfd,59da326f-433b-4f68-943e-7e923a27af11,worker-336602893cc3403c94a6172053df72fe-1544107698,True,21102502.0,2.6831877298550437,60.003,10957.0,2024-11-12T13:29:58.204409349Z,2024-11-12T13:30:58.207576696Z,hong_kong
db252037-a59c-43f1-adb5-538f5e24fbfd,59da326f-433b-4f68-943e-7e923a27af11,worker-02bf2b91b53341b59db9a49c1bec78be-1544107698,True,46247384.0,5.878013869995481,60.027,10961.0,2024-11-12T13:29:58.211985896Z,2024-11-12T13:30:58.239409975Z,hong_kong
db252037-a59c-43f1-adb5-538f5e24fbfd,59da326f-433b-4f68-943e-7e923a27af11,worker-7024dfbd6f2949cc8e64f0a18bf95c3a-1544107698,True,22699646.0,2.8841980324036727,60.046,10945.0,2024-11-12T13:29:58.206591896Z,2024-11-12T13:30:58.252715548Z,hong_kong
db252037-a59c-43f1-adb5-538f5e24fbfd,59da326f-433b-4f68-943e-7e923a27af11,worker-5dc0276a95104f5c81ef45e31564ee42-1544107698,True,24068400.0,3.0546514844451793,60.114,10948.0,2024-11-12T13:29:58.196572738Z,2024-11-12T13:30:58.311384694Z,hong_kong
db252037-a59c-43f1-adb5-538f5e24fbfd,59da326f-433b-4f68-943e-7e923a27af11,worker-3411be34b19249d79bc821e96ff58eb6-1544107698,True,33149328.0,4.202756896452341,60.177,10943.0,2024-11-12T13:29:58.194811958Z,2024-11-12T13:30:58.372555880Z,hong_kong
db252037-a59c-43f1-adb5-538f5e24fbfd,59da326f-433b-4f68-943e-7e923a27af11,worker-32463579859f4033b734d6b0f66bede6-1544107698,True,27473702.0,3.483128581740706,60.178,10953.0,2024-11-12T13:29:58.201735180Z,2024-11-12T13:30:58.380365293Z,hong_kong
db252037-a59c-43f1-adb5-538f5e24fbfd,59da326f-433b-4f68-943e-7e923a27af11,worker-689fb313f2b34c80b499936d812a064b-1544107698,True,30935870.0,3.9201095767582537,60.208,10944.0,2024-11-12T13:29:58.193488878Z,2024-11-12T13:30:58.401743654Z,hong_kong
db252037-a59c-43f1-adb5-538f5e24fbfd,59da326f-433b-4f68-943e-7e923a27af11,worker-25a72e94d80445b3898ceb9973f89e90-1544107698,True,20792630.0,2.6348294652167468,60.207,10941.0,2024-11-12T13:29:58.202922465Z,2024-11-12T13:30:58.410005040Z,hong_kong
94926e15-2b50-427a-b2ba-207b88bc8787,5557ac57-e218-4fe4-ab88-d2427a8c1e36,worker-3109a4756c724d4387d76cb418f7b8a8-1544107698,True,32719804.0,4.160330211842273,60.003,10961.0,2024-11-12T13:25:57.642578988Z,2024-11-12T13:26:57.646063479Z,singapore
94926e15-2b50-427a-b2ba-207b88bc8787,5557ac57-e218-4fe4-ab88-d2427a8c1e36,worker-317859f7a4494b4f89441014bb0791a9-1544107698,True,21761340.0,2.7667746827648756,60.007,10988.0,2024-11-12T13:25:57.677282876Z,2024-11-12T13:26:57.684913184Z,singapore
94926e15-2b50-427a-b2ba-207b88bc8787,5557ac57-e218-4fe4-ab88-d2427a8c1e36,worker-b003f28b8c3340cd8cf7f858546499ef-1544107698,True,31344204.0,3.985223120754331,60.006,10980.0,2024-11-12T13:25:57.671103714Z,2024-11-12T13:26:57.677664059Z,singapore
94926e15-2b50-427a-b2ba-207b88bc8787,5557ac57-e218-4fe4-ab88-d2427a8c1e36,worker-5f610ba13ac04a0a93228dcc653d54a7-1544107698,True,21701972.0,2.758766790978233,60.017,10986.0,2024-11-12T13:25:57.669149870Z,2024-11-12T13:26:57.686998941Z,singapore
94926e15-2b50-427a-b2ba-207b88bc8787,5557ac57-e218-4fe4-ab88-d2427a8c1e36,worker-358593d91ac04fceb00ee0bdccc24f20-1544107698,True,23471428.0,2.984098792244965,60.009,10991.0,2024-11-12T13:25:57.676960279Z,2024-11-12T13:26:57.686184495Z,singapore
94926e15-2b50-427a-b2ba-207b88bc8787,5557ac57-e218-4fe4-ab88-d2427a8c1e36,worker-0ad6f0fdb17944d1baadcd6d7598af92-1544107698,True,24024564.0,3.0539650970919663,60.018,10985.0,2024-11-12T13:25:57.666437233Z,2024-11-12T13:26:57.685196830Z,singapore
94926e15-2b50-427a-b2ba-207b88bc8787,5557ac57-e218-4fe4-ab88-d2427a8c1e36,worker-530cf3818a79491980240c9408ecac94-1544107698,True,23814604.0,3.0281834920247395,60.0,10991.0,2024-11-12T13:25:57.673129548Z,2024-11-12T13:26:57.673373358Z,singapore
94926e15-2b50-427a-b2ba-207b88bc8787,5557ac57-e218-4fe4-ab88-d2427a8c1e36,worker-d13164f093bb4ed3b524edf389cdea30-1544107698,True,39122860.0,4.970007395155592,60.057,10973.0,2024-11-12T13:25:57.665456068Z,2024-11-12T13:26:57.722869844Z,singapore
94926e15-2b50-427a-b2ba-207b88bc8787,5557ac57-e218-4fe4-ab88-d2427a8c1e36,worker-5e493b238cf348f6b37c7c7434581d2d-1544107698,True,40593248.0,5.149168760962906,60.146,11001.0,2024-11-12T13:25:57.684060290Z,2024-11-12T13:26:57.830290995Z,singapore
94926e15-2b50-427a-b2ba-207b88bc8787,5557ac57-e218-4fe4-ab88-d2427a8c1e36,worker-38837e2cab4d44d1b94eba46d6ed0752-1544107698,True,33451044.0,4.241291146497651,60.173,10999.0,2024-11-12T13:25:57.681426883Z,2024-11-12T13:26:57.854768880Z,singapore
94926e15-2b50-427a-b2ba-207b88bc8787,1d4904ce-c854-45bc-a9cb-a4111fd954d3,worker-38837e2cab4d44d1b94eba46d6ed0752-1544107698,True,41876392.0,5.312462855225827,60.14,10923.0,2024-11-12T13:28:37.954732537Z,2024-11-12T13:29:38.094856067Z,singapore
94926e15-2b50-427a-b2ba-207b88bc8787,1d4904ce-c854-45bc-a9cb-a4111fd954d3,worker-5f610ba13ac04a0a93228dcc653d54a7-1544107698,True,28068828.0,3.4920775363935306,61.324,10970.0,2024-11-12T13:28:38.003718748Z,2024-11-12T13:29:39.328626920Z,singapore
94926e15-2b50-427a-b2ba-207b88bc8787,1d4904ce-c854-45bc-a9cb-a4111fd954d3,worker-3109a4756c724d4387d76cb418f7b8a8-1544107698,True,16509444.0,2.053558461060032,61.336,10958.0,2024-11-12T13:28:37.991559347Z,2024-11-12T13:29:39.327937507Z,singapore
94926e15-2b50-427a-b2ba-207b88bc8787,1d4904ce-c854-45bc-a9cb-a4111fd954d3,worker-b003f28b8c3340cd8cf7f858546499ef-1544107698,True,25285772.0,3.1448084672540815,61.344,10955.0,2024-11-12T13:28:37.987520549Z,2024-11-12T13:29:39.332013925Z,singapore
94926e15-2b50-427a-b2ba-207b88bc8787,1d4904ce-c854-45bc-a9cb-a4111fd954d3,worker-530cf3818a79491980240c9408ecac94-1544107698,True,24959972.0,3.104744010384823,61.335,10951.0,2024-11-12T13:28:37.992102442Z,2024-11-12T13:29:39.327163546Z,singapore
94926e15-2b50-427a-b2ba-207b88bc8787,1d4904ce-c854-45bc-a9cb-a4111fd954d3,worker-358593d91ac04fceb00ee0bdccc24f20-1544107698,True,44349416.0,5.517295675551246,61.327,10972.0,2024-11-12T13:28:38.008059889Z,2024-11-12T13:29:39.335400555Z,singapore
94926e15-2b50-427a-b2ba-207b88bc8787,1d4904ce-c854-45bc-a9cb-a4111fd954d3,worker-0ad6f0fdb17944d1baadcd6d7598af92-1544107698,True,29729684.0,3.692745201722329,61.423,10923.0,2024-11-12T13:28:37.954031171Z,2024-11-12T13:29:39.377298277Z,singapore
94926e15-2b50-427a-b2ba-207b88bc8787,1d4904ce-c854-45bc-a9cb-a4111fd954d3,worker-317859f7a4494b4f89441014bb0791a9-1544107698,True,15201900.0,1.8864268033669915,61.482,10916.0,2024-11-12T13:28:37.950867460Z,2024-11-12T13:29:39.433256472Z,singapore
94926e15-2b50-427a-b2ba-207b88bc8787,1d4904ce-c854-45bc-a9cb-a4111fd954d3,worker-5e493b238cf348f6b37c7c7434581d2d-1544107698,True,42331968.0,5.256714548678364,61.439,10964.0,2024-11-12T13:28:38.001029331Z,2024-11-12T13:29:39.441008404Z,singapore
94926e15-2b50-427a-b2ba-207b88bc8787,1d4904ce-c854-45bc-a9cb-a4111fd954d3,worker-d13164f093bb4ed3b524edf389cdea30-1544107698,True,22323716.0,2.7688326955322236,61.512,10974.0,2024-11-12T13:28:38.005747068Z,2024-11-12T13:29:39.518725353Z,singapore
7d87222d-f472-416b-860e-a918d9367818,82bef855-998a-4d7d-91c2-a02d572be037,worker-d13164f093bb4ed3b524edf389cdea30-1544107698,True,104857601.0,355.71365390368805,2.249,18078.0,2024-11-12T13:24:29.501950812Z,2024-11-12T13:24:31.751761770Z,singapore
7d87222d-f472-416b-860e-a918d9367818,82bef855-998a-4d7d-91c2-a02d572be037,worker-5e493b238cf348f6b37c7c7434581d2d-1544107698,True,104857601.0,348.5838813199976,2.295,18275.0,2024-11-12T13:24:29.700799353Z,2024-11-12T13:24:31.996775674Z,singapore
7d87222d-f472-416b-860e-a918d9367818,82bef855-998a-4d7d-91c2-a02d572be037,worker-358593d91ac04fceb00ee0bdccc24f20-1544107698,True,104857601.0,253.72661199790505,3.153,18109.0,2024-11-12T13:24:29.536443980Z,2024-11-12T13:24:32.690119900Z,singapore
7d87222d-f472-416b-860e-a918d9367818,82bef855-998a-4d7d-91c2-a02d572be037,worker-0ad6f0fdb17944d1baadcd6d7598af92-1544107698,True,104857601.0,249.45432105687388,3.207,18340.0,2024-11-12T13:24:29.765415190Z,2024-11-12T13:24:32.972625479Z,singapore
7d87222d-f472-416b-860e-a918d9367818,82bef855-998a-4d7d-91c2-a02d572be037,worker-38837e2cab4d44d1b94eba46d6ed0752-1544107698,True,104857601.0,219.35837883997655,3.647,18470.0,2024-11-12T13:24:29.895836300Z,2024-11-12T13:24:33.542903158Z,singapore
7d87222d-f472-416b-860e-a918d9367818,82bef855-998a-4d7d-91c2-a02d572be037,worker-530cf3818a79491980240c9408ecac94-1544107698,True,104857601.0,187.6612731947911,4.263,18467.0,2024-11-12T13:24:29.892472166Z,2024-11-12T13:24:34.156209068Z,singapore
7d87222d-f472-416b-860e-a918d9367818,82bef855-998a-4d7d-91c2-a02d572be037,worker-3109a4756c724d4387d76cb418f7b8a8-1544107698,True,104857601.0,175.20806124165452,4.566,18463.0,2024-11-12T13:24:29.888336636Z,2024-11-12T13:24:34.455069963Z,singapore
7d87222d-f472-416b-860e-a918d9367818,82bef855-998a-4d7d-91c2-a02d572be037,worker-317859f7a4494b4f89441014bb0791a9-1544107698,True,104857601.0,155.55123617137752,5.143,18413.0,2024-11-12T13:24:29.844718142Z,2024-11-12T13:24:34.987786714Z,singapore
7d87222d-f472-416b-860e-a918d9367818,82bef855-998a-4d7d-91c2-a02d572be037,worker-5f610ba13ac04a0a93228dcc653d54a7-1544107698,True,104857601.0,138.6001399219325,5.772,18478.0,2024-11-12T13:24:29.903691032Z,2024-11-12T13:24:35.676687752Z,singapore
7d87222d-f472-416b-860e-a918d9367818,82bef855-998a-4d7d-91c2-a02d572be037,worker-b003f28b8c3340cd8cf7f858546499ef-1544107698,True,104857601.0,52.386877586889824,15.271,18432.0,2024-11-12T13:24:29.856210702Z,2024-11-12T13:24:45.127265873Z,singapore
7d87222d-f472-416b-860e-a918d9367818,9f89a1dc-139f-4e79-aa1c-79a7cefd3c9a,worker-d13164f093bb4ed3b524edf389cdea30-1544107698,True,104857601.0,440.2861902198099,1.817,10193.0,2024-11-12T13:25:06.706506805Z,2024-11-12T13:25:08.523654429Z,singapore
7d87222d-f472-416b-860e-a918d9367818,9f89a1dc-139f-4e79-aa1c-79a7cefd3c9a,worker-5e493b238cf348f6b37c7c7434581d2d-1544107698,True,104857601.0,388.1610905528358,2.061,10193.0,2024-11-12T13:25:06.712058938Z,2024-11-12T13:25:08.773195596Z,singapore
7d87222d-f472-416b-860e-a918d9367818,9f89a1dc-139f-4e79-aa1c-79a7cefd3c9a,worker-3109a4756c724d4387d76cb418f7b8a8-1544107698,True,104857601.0,360.03600703393096,2.222,10189.0,2024-11-12T13:25:06.704679426Z,2024-11-12T13:25:08.927525882Z,singapore
7d87222d-f472-416b-860e-a918d9367818,9f89a1dc-139f-4e79-aa1c-79a7cefd3c9a,worker-b003f28b8c3340cd8cf7f858546499ef-1544107698,True,104857601.0,297.72981303661874,2.687,10183.0,2024-11-12T13:25:06.697604571Z,2024-11-12T13:25:09.385425864Z,singapore
7d87222d-f472-416b-860e-a918d9367818,9f89a1dc-139f-4e79-aa1c-79a7cefd3c9a,worker-0ad6f0fdb17944d1baadcd6d7598af92-1544107698,True,104857601.0,356.03026596768785,2.247,28784.0,2024-11-12T13:25:25.297155344Z,2024-11-12T13:25:27.544345331Z,singapore
7d87222d-f472-416b-860e-a918d9367818,9f89a1dc-139f-4e79-aa1c-79a7cefd3c9a,worker-530cf3818a79491980240c9408ecac94-1544107698,True,104857601.0,351.6483550019317,2.275,29042.0,2024-11-12T13:25:25.556780669Z,2024-11-12T13:25:27.832762017Z,singapore
7d87222d-f472-416b-860e-a918d9367818,9f89a1dc-139f-4e79-aa1c-79a7cefd3c9a,worker-38837e2cab4d44d1b94eba46d6ed0752-1544107698,True,104857601.0,312.2560529388738,2.562,28814.0,2024-11-12T13:25:25.329777866Z,2024-11-12T13:25:27.892647644Z,singapore
7d87222d-f472-416b-860e-a918d9367818,9f89a1dc-139f-4e79-aa1c-79a7cefd3c9a,worker-358593d91ac04fceb00ee0bdccc24f20-1544107698,True,104857601.0,289.4356033391442,2.764,28722.0,2024-11-12T13:25:25.240869495Z,2024-11-12T13:25:28.005328194Z,singapore
7d87222d-f472-416b-860e-a918d9367818,9f89a1dc-139f-4e79-aa1c-79a7cefd3c9a,worker-5f610ba13ac04a0a93228dcc653d54a7-1544107698,True,104857601.0,244.34942200042593,3.274,28741.0,2024-11-12T13:25:25.259182521Z,2024-11-12T13:25:28.533514232Z,singapore
7d87222d-f472-416b-860e-a918d9367818,9f89a1dc-139f-4e79-aa1c-79a7cefd3c9a,worker-317859f7a4494b4f89441014bb0791a9-1544107698,True,104857601.0,273.1307639567752,2.929,29341.0,2024-11-12T13:25:25.860200551Z,2024-11-12T13:25:28.789879296Z,singapore
23bcaba1-e419-4e9c-a4c8-2632873d454e,7662125c-57c0-4c0f-a696-c8dda81ad2b7,worker-3109a4756c724d4387d76cb418f7b8a8-1544107698,True,104857601.0,29.74973067678385,26.891,10194.0,2024-11-12T13:19:35.747816750Z,2024-11-12T13:20:02.639619302Z,singapore
23bcaba1-e419-4e9c-a4c8-2632873d454e,7662125c-57c0-4c0f-a696-c8dda81ad2b7,worker-5e493b238cf348f6b37c7c7434581d2d-1544107698,True,104857601.0,29.45725044662326,27.158,10192.0,2024-11-12T13:19:35.744092350Z,2024-11-12T13:20:02.902418504Z,singapore
23bcaba1-e419-4e9c-a4c8-2632873d454e,7662125c-57c0-4c0f-a696-c8dda81ad2b7,worker-530cf3818a79491980240c9408ecac94-1544107698,True,104857601.0,26.230368458946018,30.499,10182.0,2024-11-12T13:19:35.740354119Z,2024-11-12T13:20:06.239830021Z,singapore
23bcaba1-e419-4e9c-a4c8-2632873d454e,7662125c-57c0-4c0f-a696-c8dda81ad2b7,worker-d13164f093bb4ed3b524edf389cdea30-1544107698,True,104857601.0,25.271670698426668,31.656,10205.0,2024-11-12T13:19:35.759220439Z,2024-11-12T13:20:07.415874642Z,singapore
23bcaba1-e419-4e9c-a4c8-2632873d454e,7662125c-57c0-4c0f-a696-c8dda81ad2b7,worker-38837e2cab4d44d1b94eba46d6ed0752-1544107698,True,104857601.0,24.97112737239425,32.037,10208.0,2024-11-12T13:19:35.760749805Z,2024-11-12T13:20:07.798568643Z,singapore
23bcaba1-e419-4e9c-a4c8-2632873d454e,7662125c-57c0-4c0f-a696-c8dda81ad2b7,worker-317859f7a4494b4f89441014bb0791a9-1544107698,True,104857601.0,23.11938293296519,34.603,10204.0,2024-11-12T13:19:35.760950199Z,2024-11-12T13:20:10.364790294Z,singapore
23bcaba1-e419-4e9c-a4c8-2632873d454e,7662125c-57c0-4c0f-a696-c8dda81ad2b7,worker-0ad6f0fdb17944d1baadcd6d7598af92-1544107698,True,104857601.0,21.80668395653368,36.686,10208.0,2024-11-12T13:19:35.758788976Z,2024-11-12T13:20:12.444994241Z,singapore
23bcaba1-e419-4e9c-a4c8-2632873d454e,7662125c-57c0-4c0f-a696-c8dda81ad2b7,worker-5f610ba13ac04a0a93228dcc653d54a7-1544107698,False,,,,,,,singapore
23bcaba1-e419-4e9c-a4c8-2632873d454e,7662125c-57c0-4c0f-a696-c8dda81ad2b7,worker-b003f28b8c3340cd8cf7f858546499ef-1544107698,False,,,,,,,singapore
23bcaba1-e419-4e9c-a4c8-2632873d454e,7662125c-57c0-4c0f-a696-c8dda81ad2b7,worker-358593d91ac04fceb00ee0bdccc24f20-1544107698,False,,,,,,,singapore
23bcaba1-e419-4e9c-a4c8-2632873d454e,9f342142-275c-498d-9b47-8f953ec3b8bf,worker-358593d91ac04fceb00ee0bdccc24f20-1544107698,False,,,,,,,singapore
23bcaba1-e419-4e9c-a4c8-2632873d454e,9f342142-275c-498d-9b47-8f953ec3b8bf,worker-38837e2cab4d44d1b94eba46d6ed0752-1544107698,True,104857601.0,41.85851860764936,19.112,10196.0,2024-11-12T13:21:56.183105878Z,2024-11-12T13:22:15.295587460Z,singapore
23bcaba1-e419-4e9c-a4c8-2632873d454e,9f342142-275c-498d-9b47-8f953ec3b8bf,worker-317859f7a4494b4f89441014bb0791a9-1544107698,True,104857601.0,34.764471042473254,23.012,10185.0,2024-11-12T13:21:56.171037089Z,2024-11-12T13:22:19.183915591Z,singapore
23bcaba1-e419-4e9c-a4c8-2632873d454e,9f342142-275c-498d-9b47-8f953ec3b8bf,worker-3109a4756c724d4387d76cb418f7b8a8-1544107698,True,104857601.0,27.579550026869185,29.007,10185.0,2024-11-12T13:21:56.175722737Z,2024-11-12T13:22:25.183612532Z,singapore
23bcaba1-e419-4e9c-a4c8-2632873d454e,9f342142-275c-498d-9b47-8f953ec3b8bf,worker-0ad6f0fdb17944d1baadcd6d7598af92-1544107698,True,104857601.0,27.00695454828825,29.622,10193.0,2024-11-12T13:21:56.177960296Z,2024-11-12T13:22:25.800788655Z,singapore
23bcaba1-e419-4e9c-a4c8-2632873d454e,9f342142-275c-498d-9b47-8f953ec3b8bf,worker-5e493b238cf348f6b37c7c7434581d2d-1544107698,True,104857601.0,25.99090343175421,30.78,10176.0,2024-11-12T13:21:56.160447778Z,2024-11-12T13:22:26.940803071Z,singapore
23bcaba1-e419-4e9c-a4c8-2632873d454e,9f342142-275c-498d-9b47-8f953ec3b8bf,worker-530cf3818a79491980240c9408ecac94-1544107698,True,104857601.0,25.797297979084664,31.011,10194.0,2024-11-12T13:21:56.179372507Z,2024-11-12T13:22:27.190843525Z,singapore
23bcaba1-e419-4e9c-a4c8-2632873d454e,9f342142-275c-498d-9b47-8f953ec3b8bf,worker-d13164f093bb4ed3b524edf389cdea30-1544107698,True,104857601.0,25.571360320581572,31.285,10192.0,2024-11-12T13:21:56.178855366Z,2024-11-12T13:22:27.464187011Z,singapore
23bcaba1-e419-4e9c-a4c8-2632873d454e,9f342142-275c-498d-9b47-8f953ec3b8bf,worker-5f610ba13ac04a0a93228dcc653d54a7-1544107698,False,,,,,,,singapore
23bcaba1-e419-4e9c-a4c8-2632873d454e,9f342142-275c-498d-9b47-8f953ec3b8bf,worker-b003f28b8c3340cd8cf7f858546499ef-1544107698,False,,,,,,,singapore
69acafca-47c2-4e59-a191-d8528d4f1e2d,10619138-f294-420b-b387-1f510da29e5a,worker-3411be34b19249d79bc821e96ff58eb6-1544107698,True,19604192.0,2.492552665306386,60.006,10305.0,2024-11-12T13:16:50.502072842Z,2024-11-12T13:17:50.508678521Z,hong_kong
69acafca-47c2-4e59-a191-d8528d4f1e2d,10619138-f294-420b-b387-1f510da29e5a,worker-5dc0276a95104f5c81ef45e31564ee42-1544107698,True,21296332.0,2.7072016078191905,60.017,10299.0,2024-11-12T13:16:50.502285731Z,2024-11-12T13:17:50.519638118Z,hong_kong
69acafca-47c2-4e59-a191-d8528d4f1e2d,10619138-f294-420b-b387-1f510da29e5a,worker-55b74f68c378406fb338353f85e0bcc9-1544107698,True,19842172.0,2.522894449452068,60.004,10306.0,2024-11-12T13:16:50.503744687Z,2024-11-12T13:17:50.508245624Z,hong_kong
69acafca-47c2-4e59-a191-d8528d4f1e2d,10619138-f294-420b-b387-1f510da29e5a,worker-25a72e94d80445b3898ceb9973f89e90-1544107698,True,16295832.0,2.0704658197270307,60.048,10299.0,2024-11-12T13:16:50.498333481Z,2024-11-12T13:17:50.546351339Z,hong_kong
69acafca-47c2-4e59-a191-d8528d4f1e2d,10619138-f294-420b-b387-1f510da29e5a,worker-3495f46c836e49ec9c583308b2285bee-1544107698,True,19192472.0,2.439717100169428,60.018,10631.0,2024-11-12T13:16:50.829606842Z,2024-11-12T13:17:50.848452115Z,hong_kong
69acafca-47c2-4e59-a191-d8528d4f1e2d,10619138-f294-420b-b387-1f510da29e5a,worker-7024dfbd6f2949cc8e64f0a18bf95c3a-1544107698,True,20230532.0,2.5721022231215525,60.008,10653.0,2024-11-12T13:16:50.848420919Z,2024-11-12T13:17:50.857144650Z,hong_kong
69acafca-47c2-4e59-a191-d8528d4f1e2d,10619138-f294-420b-b387-1f510da29e5a,worker-336602893cc3403c94a6172053df72fe-1544107698,True,23331572.0,2.9664661504227183,60.006,10656.0,2024-11-12T13:16:50.853891532Z,2024-11-12T13:17:50.860441744Z,hong_kong
69acafca-47c2-4e59-a191-d8528d4f1e2d,10619138-f294-420b-b387-1f510da29e5a,worker-02bf2b91b53341b59db9a49c1bec78be-1544107698,True,17792332.0,2.2618088586207743,60.016,10653.0,2024-11-12T13:16:50.853239818Z,2024-11-12T13:17:50.869726519Z,hong_kong
69acafca-47c2-4e59-a191-d8528d4f1e2d,10619138-f294-420b-b387-1f510da29e5a,worker-32463579859f4033b734d6b0f66bede6-1544107698,True,17814232.0,2.2630468421536,60.057,10648.0,2024-11-12T13:16:50.843456242Z,2024-11-12T13:17:50.900868797Z,hong_kong
69acafca-47c2-4e59-a191-d8528d4f1e2d,10619138-f294-420b-b387-1f510da29e5a,worker-689fb313f2b34c80b499936d812a064b-1544107698,True,12929072.0,1.6430580696416677,60.035,10687.0,2024-11-12T13:16:50.883165228Z,2024-11-12T13:17:50.918694363Z,hong_kong
69acafca-47c2-4e59-a191-d8528d4f1e2d,e547b5a3-63ef-4ae0-a2a0-939feed488be,worker-5dc0276a95104f5c81ef45e31564ee42-1544107698,True,17955852.0,2.2831665981022713,60.001,10248.0,2024-11-12T13:18:10.606078903Z,2024-11-12T13:19:10.607535949Z,hong_kong
69acafca-47c2-4e59-a191-d8528d4f1e2d,e547b5a3-63ef-4ae0-a2a0-939feed488be,worker-02bf2b91b53341b59db9a49c1bec78be-1544107698,True,16117712.0,2.0489949643260323,60.014,10232.0,2024-11-12T13:18:10.594839462Z,2024-11-12T13:19:10.609711507Z,hong_kong
69acafca-47c2-4e59-a191-d8528d4f1e2d,e547b5a3-63ef-4ae0-a2a0-939feed488be,worker-25a72e94d80445b3898ceb9973f89e90-1544107698,True,21303632.0,2.7084454836954257,60.01,10253.0,2024-11-12T13:18:10.613889355Z,2024-11-12T13:19:10.624748691Z,hong_kong
69acafca-47c2-4e59-a191-d8528d4f1e2d,e547b5a3-63ef-4ae0-a2a0-939feed488be,worker-3411be34b19249d79bc821e96ff58eb6-1544107698,True,18068272.0,2.297269866112347,60.006,10265.0,2024-11-12T13:18:10.624756708Z,2024-11-12T13:19:10.631566605Z,hong_kong
69acafca-47c2-4e59-a191-d8528d4f1e2d,e547b5a3-63ef-4ae0-a2a0-939feed488be,worker-3495f46c836e49ec9c583308b2285bee-1544107698,True,19601272.0,2.491434049752495,60.024,10245.0,2024-11-12T13:18:10.617473788Z,2024-11-12T13:19:10.642401637Z,hong_kong
69acafca-47c2-4e59-a191-d8528d4f1e2d,e547b5a3-63ef-4ae0-a2a0-939feed488be,worker-32463579859f4033b734d6b0f66bede6-1544107698,True,19871372.0,2.5257653082972538,60.024,10261.0,2024-11-12T13:18:10.621370032Z,2024-11-12T13:19:10.645634778Z,hong_kong
69acafca-47c2-4e59-a191-d8528d4f1e2d,e547b5a3-63ef-4ae0-a2a0-939feed488be,worker-7024dfbd6f2949cc8e64f0a18bf95c3a-1544107698,True,19173492.0,2.4364113092899005,60.04,10243.0,2024-11-12T13:18:10.603100137Z,2024-11-12T13:19:10.643955088Z,hong_kong
69acafca-47c2-4e59-a191-d8528d4f1e2d,e547b5a3-63ef-4ae0-a2a0-939feed488be,worker-689fb313f2b34c80b499936d812a064b-1544107698,True,16450592.0,2.090546616040792,60.036,10274.0,2024-11-12T13:18:10.632826584Z,2024-11-12T13:19:10.669141388Z,hong_kong
69acafca-47c2-4e59-a191-d8528d4f1e2d,e547b5a3-63ef-4ae0-a2a0-939feed488be,worker-336602893cc3403c94a6172053df72fe-1544107698,True,16034492.0,2.036515158584516,60.07,10243.0,2024-11-12T13:18:10.604699246Z,2024-11-12T13:19:10.675522768Z,hong_kong
69acafca-47c2-4e59-a191-d8528d4f1e2d,e547b5a3-63ef-4ae0-a2a0-939feed488be,worker-55b74f68c378406fb338353f85e0bcc9-1544107698,True,11787352.0,1.49734197280584,60.06,10656.0,2024-11-12T13:18:11.025045278Z,2024-11-12T13:19:11.085341876Z,hong_kong
3113c5d2-29b3-4968-8d59-79d7b4730cb3,ab66b178-317a-43bd-b6da-70da8fe155b9,worker-6288fd7fb22c4ed3a3ecf2956fc3fb54-1544107698,True,10937632.0,1.3906527641506683,60.006,10569.0,2024-11-12T13:14:05.366821963Z,2024-11-12T13:15:05.372970981Z,us_east
3113c5d2-29b3-4968-8d59-79d7b4730cb3,ab66b178-317a-43bd-b6da-70da8fe155b9,worker-bf1c6d1c461743559b7d622a7d564fe2-1544107698,True,13746672.0,1.747309934186687,60.023,10560.0,2024-11-12T13:14:05.362447141Z,2024-11-12T13:15:05.386075111Z,us_east
3113c5d2-29b3-4968-8d59-79d7b4730cb3,ab66b178-317a-43bd-b6da-70da8fe155b9,worker-1f42b274d4f04ea6a8dee019a528feaa-1544107698,True,11026692.0,1.4006690360390617,60.062,10558.0,2024-11-12T13:14:05.353586704Z,2024-11-12T13:15:05.415917440Z,us_east
3113c5d2-29b3-4968-8d59-79d7b4730cb3,ab66b178-317a-43bd-b6da-70da8fe155b9,worker-c54df69524f44e18a4b82a7e644e674d-1544107698,True,11003332.0,1.3977249960261755,60.061,10558.0,2024-11-12T13:14:05.354992916Z,2024-11-12T13:15:05.416523478Z,us_east
3113c5d2-29b3-4968-8d59-79d7b4730cb3,ab66b178-317a-43bd-b6da-70da8fe155b9,worker-8c80a74669cb44ad8bfeea0c05d33004-1544107698,True,12619552.0,1.6005775441894003,60.153,10565.0,2024-11-12T13:14:05.356959306Z,2024-11-12T13:15:05.510545869Z,us_east
3113c5d2-29b3-4968-8d59-79d7b4730cb3,ab66b178-317a-43bd-b6da-70da8fe155b9,worker-a765493920fb47bf965b38720a93975e-1544107698,True,8892172.0,1.1303401993990965,60.019,11222.0,2024-11-12T13:14:06.018660167Z,2024-11-12T13:15:06.037999214Z,us_east
3113c5d2-29b3-4968-8d59-79d7b4730cb3,ab66b178-317a-43bd-b6da-70da8fe155b9,worker-ff554b7db2794fcca654a1b57f95035e-1544107698,True,10558032.0,1.3421652826173438,60.016,11298.0,2024-11-12T13:14:06.097366611Z,2024-11-12T13:15:06.114337361Z,us_east
3113c5d2-29b3-4968-8d59-79d7b4730cb3,ab66b178-317a-43bd-b6da-70da8fe155b9,worker-2e2509d5868e40acaa90a6f48bb6e7d5-1544107698,True,8692152.0,1.1047119262634308,60.03,11302.0,2024-11-12T13:14:06.095253627Z,2024-11-12T13:15:06.126245617Z,us_east
3113c5d2-29b3-4968-8d59-79d7b4730cb3,ab66b178-317a-43bd-b6da-70da8fe155b9,worker-0a6f3d35ad3a433fada434aa8c64db04-1544107698,True,11245692.0,1.4297968744466791,60.007,11333.0,2024-11-12T13:14:06.129430834Z,2024-11-12T13:15:06.137345205Z,us_east
3113c5d2-29b3-4968-8d59-79d7b4730cb3,ab66b178-317a-43bd-b6da-70da8fe155b9,worker-1a3fcd605aa14849ab91da96ea2f2a2b-1544107698,True,12204912.0,1.551365980260363,60.022,11344.0,2024-11-12T13:14:06.140093271Z,2024-11-12T13:15:06.162774422Z,us_east
3113c5d2-29b3-4968-8d59-79d7b4730cb3,8019c4c1-f562-43f0-8f0a-9e04f6da43b7,worker-1f42b274d4f04ea6a8dee019a528feaa-1544107698,True,11879332.0,1.510283462684605,60.01,10479.0,2024-11-12T13:15:30.498129437Z,2024-11-12T13:16:30.509027416Z,us_east
3113c5d2-29b3-4968-8d59-79d7b4730cb3,8019c4c1-f562-43f0-8f0a-9e04f6da43b7,worker-0a6f3d35ad3a433fada434aa8c64db04-1544107698,True,10533212.0,1.3389654775116944,60.018,10511.0,2024-11-12T13:15:30.516005512Z,2024-11-12T13:16:30.534008995Z,us_east
3113c5d2-29b3-4968-8d59-79d7b4730cb3,8019c4c1-f562-43f0-8f0a-9e04f6da43b7,worker-c54df69524f44e18a4b82a7e644e674d-1544107698,True,13456132.0,1.7106935261710678,60.012,10522.0,2024-11-12T13:15:30.526902705Z,2024-11-12T13:16:30.539498969Z,us_east
3113c5d2-29b3-4968-8d59-79d7b4730cb3,8019c4c1-f562-43f0-8f0a-9e04f6da43b7,worker-8c80a74669cb44ad8bfeea0c05d33004-1544107698,True,9089272.0,1.155568106812927,60.01,10535.0,2024-11-12T13:15:30.542937330Z,2024-11-12T13:16:30.553649094Z,us_east
3113c5d2-29b3-4968-8d59-79d7b4730cb3,8019c4c1-f562-43f0-8f0a-9e04f6da43b7,worker-1a3fcd605aa14849ab91da96ea2f2a2b-1544107698,True,12336312.0,1.5677286800798491,60.035,10512.0,2024-11-12T13:15:30.518962152Z,2024-11-12T13:16:30.554735505Z,us_east
3113c5d2-29b3-4968-8d59-79d7b4730cb3,8019c4c1-f562-43f0-8f0a-9e04f6da43b7,worker-2e2509d5868e40acaa90a6f48bb6e7d5-1544107698,True,8350512.0,1.0610797539378685,60.042,10525.0,2024-11-12T13:15:30.535799600Z,2024-11-12T13:16:30.578790654Z,us_east
3113c5d2-29b3-4968-8d59-79d7b4730cb3,8019c4c1-f562-43f0-8f0a-9e04f6da43b7,worker-bf1c6d1c461743559b7d622a7d564fe2-1544107698,True,10831052.0,1.374719163142312,60.11,10476.0,2024-11-12T13:15:30.496736283Z,2024-11-12T13:16:30.606796747Z,us_east
3113c5d2-29b3-4968-8d59-79d7b4730cb3,8019c4c1-f562-43f0-8f0a-9e04f6da43b7,worker-ff554b7db2794fcca654a1b57f95035e-1544107698,True,10632492.0,1.3502584403075948,60.077,10516.0,2024-11-12T13:15:30.531729535Z,2024-11-12T13:16:30.609520397Z,us_east
3113c5d2-29b3-4968-8d59-79d7b4730cb3,8019c4c1-f562-43f0-8f0a-9e04f6da43b7,worker-a765493920fb47bf965b38720a93975e-1544107698,True,9546252.0,1.2121111522082042,60.087,10521.0,2024-11-12T13:15:30.532977423Z,2024-11-12T13:16:30.620519939Z,us_east
3113c5d2-29b3-4968-8d59-79d7b4730cb3,8019c4c1-f562-43f0-8f0a-9e04f6da43b7,worker-6288fd7fb22c4ed3a3ecf2956fc3fb54-1544107698,True,11134732.0,1.4155005153334062,60.015,12014.0,2024-11-12T13:15:32.021806903Z,2024-11-12T13:16:32.036833416Z,us_east
e25cad75-6db5-4d61-8217-293312c01378,f7186b93-98e9-4410-9266-3e83342eaeca,worker-336602893cc3403c94a6172053df72fe-1544107698,True,104857601.0,125.47051562568922,6.376,12947.0,2024-11-12T13:13:07.590685170Z,2024-11-12T13:13:13.967181646Z,hong_kong
e25cad75-6db5-4d61-8217-293312c01378,f7186b93-98e9-4410-9266-3e83342eaeca,worker-3495f46c836e49ec9c583308b2285bee-1544107698,True,104857601.0,123.20961152462569,6.493,12928.0,2024-11-12T13:13:07.590237677Z,2024-11-12T13:13:14.083935694Z,hong_kong
e25cad75-6db5-4d61-8217-293312c01378,f7186b93-98e9-4410-9266-3e83342eaeca,worker-25a72e94d80445b3898ceb9973f89e90-1544107698,True,104857601.0,122.79355450950032,6.515,12942.0,2024-11-12T13:13:07.590196885Z,2024-11-12T13:13:14.106091704Z,hong_kong
e25cad75-6db5-4d61-8217-293312c01378,f7186b93-98e9-4410-9266-3e83342eaeca,worker-32463579859f4033b734d6b0f66bede6-1544107698,True,104857601.0,122.3241601879808,6.54,12947.0,2024-11-12T13:13:07.590247873Z,2024-11-12T13:13:14.130471636Z,hong_kong
e25cad75-6db5-4d61-8217-293312c01378,f7186b93-98e9-4410-9266-3e83342eaeca,worker-5dc0276a95104f5c81ef45e31564ee42-1544107698,True,104857601.0,101.36847537118533,7.892,12947.0,2024-11-12T13:13:07.590261442Z,2024-11-12T13:13:15.483188800Z,hong_kong
e25cad75-6db5-4d61-8217-293312c01378,f7186b93-98e9-4410-9266-3e83342eaeca,worker-689fb313f2b34c80b499936d812a064b-1544107698,True,104857601.0,99.3171952364239,8.055,12947.0,2024-11-12T13:13:07.590019794Z,2024-11-12T13:13:15.645544928Z,hong_kong
e25cad75-6db5-4d61-8217-293312c01378,f7186b93-98e9-4410-9266-3e83342eaeca,worker-55b74f68c378406fb338353f85e0bcc9-1544107698,True,104857601.0,98.34050493293113,8.135,12944.0,2024-11-12T13:13:07.591386757Z,2024-11-12T13:13:15.726927534Z,hong_kong
e25cad75-6db5-4d61-8217-293312c01378,f7186b93-98e9-4410-9266-3e83342eaeca,worker-7024dfbd6f2949cc8e64f0a18bf95c3a-1544107698,True,104857601.0,97.96718192865472,8.166,12946.0,2024-11-12T13:13:07.590733197Z,2024-11-12T13:13:15.756746199Z,hong_kong
e25cad75-6db5-4d61-8217-293312c01378,f7186b93-98e9-4410-9266-3e83342eaeca,worker-3411be34b19249d79bc821e96ff58eb6-1544107698,True,104857601.0,95.2721219041794,8.397,12940.0,2024-11-12T13:13:07.590062177Z,2024-11-12T13:13:15.987632715Z,hong_kong
e25cad75-6db5-4d61-8217-293312c01378,f7186b93-98e9-4410-9266-3e83342eaeca,worker-02bf2b91b53341b59db9a49c1bec78be-1544107698,True,104857601.0,95.01187739066444,8.42,12948.0,2024-11-12T13:13:07.591105772Z,2024-11-12T13:13:16.011124621Z,hong_kong
e25cad75-6db5-4d61-8217-293312c01378,9ed2a16d-c4d3-409c-b7b1-8679a5b01a3e,worker-3495f46c836e49ec9c583308b2285bee-1544107698,True,104857601.0,298.8419901491948,2.677,10014.0,2024-11-12T13:13:34.732767479Z,2024-11-12T13:13:37.410441778Z,hong_kong
e25cad75-6db5-4d61-8217-293312c01378,9ed2a16d-c4d3-409c-b7b1-8679a5b01a3e,worker-336602893cc3403c94a6172053df72fe-1544107698,True,104857601.0,262.6395297535767,3.046,10031.0,2024-11-12T13:13:34.744573661Z,2024-11-12T13:13:37.791484268Z,hong_kong
e25cad75-6db5-4d61-8217-293312c01378,9ed2a16d-c4d3-409c-b7b1-8679a5b01a3e,worker-689fb313f2b34c80b499936d812a064b-1544107698,True,104857601.0,240.5291664550194,3.326,10018.0,2024-11-12T13:13:34.728972453Z,2024-11-12T13:13:38.055460371Z,hong_kong
e25cad75-6db5-4d61-8217-293312c01378,9ed2a16d-c4d3-409c-b7b1-8679a5b01a3e,worker-32463579859f4033b734d6b0f66bede6-1544107698,True,104857601.0,222.7171513444862,3.592,10026.0,2024-11-12T13:13:34.745832949Z,2024-11-12T13:13:38.337993594Z,hong_kong
e25cad75-6db5-4d61-8217-293312c01378,9ed2a16d-c4d3-409c-b7b1-8679a5b01a3e,worker-25a72e94d80445b3898ceb9973f89e90-1544107698,True,104857601.0,216.8021700892668,3.69,10032.0,2024-11-12T13:13:34.747911492Z,2024-11-12T13:13:38.438667265Z,hong_kong
e25cad75-6db5-4d61-8217-293312c01378,9ed2a16d-c4d3-409c-b7b1-8679a5b01a3e,worker-7024dfbd6f2949cc8e64f0a18bf95c3a-1544107698,True,104857601.0,178.45193121333807,4.483,10029.0,2024-11-12T13:13:34.740664776Z,2024-11-12T13:13:39.224199727Z,hong_kong
e25cad75-6db5-4d61-8217-293312c01378,9ed2a16d-c4d3-409c-b7b1-8679a5b01a3e,worker-55b74f68c378406fb338353f85e0bcc9-1544107698,True,104857601.0,174.55815134832957,4.583,10034.0,2024-11-12T13:13:34.747472720Z,2024-11-12T13:13:39.331249607Z,hong_kong
e25cad75-6db5-4d61-8217-293312c01378,9ed2a16d-c4d3-409c-b7b1-8679a5b01a3e,worker-3411be34b19249d79bc821e96ff58eb6-1544107698,True,104857601.0,153.8461553133451,5.2,10031.0,2024-11-12T13:13:34.750452966Z,2024-11-12T13:13:39.951150515Z,hong_kong
e25cad75-6db5-4d61-8217-293312c01378,9ed2a16d-c4d3-409c-b7b1-8679a5b01a3e,worker-5dc0276a95104f5c81ef45e31564ee42-1544107698,True,104857601.0,149.56066697128333,5.349,10038.0,2024-11-12T13:13:34.749387865Z,2024-11-12T13:13:40.098716456Z,hong_kong
e25cad75-6db5-4d61-8217-293312c01378,9ed2a16d-c4d3-409c-b7b1-8679a5b01a3e,worker-02bf2b91b53341b59db9a49c1bec78be-1544107698,True,104857601.0,145.9055275632673,5.483,10039.0,2024-11-12T13:13:34.752910803Z,2024-11-12T13:13:40.236752308Z,hong_kong
7eb3d672-9c08-4a15-97ec-49b5dbfc2946,780b06a6-6c35-45c9-b42a-fdb449a029be,worker-1f42b274d4f04ea6a8dee019a528feaa-1544107698,True,104857601.0,92.07043475997176,8.689,10479.0,2024-11-12T13:11:54.928837580Z,2024-11-12T13:12:03.618802432Z,us_east
7eb3d672-9c08-4a15-97ec-49b5dbfc2946,780b06a6-6c35-45c9-b42a-fdb449a029be,worker-0a6f3d35ad3a433fada434aa8c64db04-1544107698,True,104857601.0,91.98574308720188,8.697,10476.0,2024-11-12T13:11:54.928876643Z,2024-11-12T13:12:03.626827221Z,us_east
7eb3d672-9c08-4a15-97ec-49b5dbfc2946,780b06a6-6c35-45c9-b42a-fdb449a029be,worker-a765493920fb47bf965b38720a93975e-1544107698,True,104857601.0,91.95402386544764,8.7,10503.0,2024-11-12T13:11:54.954738471Z,2024-11-12T13:12:03.654842383Z,us_east
7eb3d672-9c08-4a15-97ec-49b5dbfc2946,780b06a6-6c35-45c9-b42a-fdb449a029be,worker-ff554b7db2794fcca654a1b57f95035e-1544107698,True,104857601.0,91.59606224288925,8.734,10473.0,2024-11-12T13:11:54.928394936Z,2024-11-12T13:12:03.662548036Z,us_east
7eb3d672-9c08-4a15-97ec-49b5dbfc2946,780b06a6-6c35-45c9-b42a-fdb449a029be,worker-8c80a74669cb44ad8bfeea0c05d33004-1544107698,True,104857601.0,91.61704164331134,8.732,10514.0,2024-11-12T13:11:54.961645522Z,2024-11-12T13:12:03.694377183Z,us_east
7eb3d672-9c08-4a15-97ec-49b5dbfc2946,780b06a6-6c35-45c9-b42a-fdb449a029be,worker-6288fd7fb22c4ed3a3ecf2956fc3fb54-1544107698,True,104857601.0,91.1784827478225,8.774,10507.0,2024-11-12T13:11:54.961881614Z,2024-11-12T13:12:03.736342411Z,us_east
7eb3d672-9c08-4a15-97ec-49b5dbfc2946,780b06a6-6c35-45c9-b42a-fdb449a029be,worker-c54df69524f44e18a4b82a7e644e674d-1544107698,True,104857601.0,91.25128409141035,8.767,10524.0,2024-11-12T13:11:54.972634230Z,2024-11-12T13:12:03.739745945Z,us_east
7eb3d672-9c08-4a15-97ec-49b5dbfc2946,780b06a6-6c35-45c9-b42a-fdb449a029be,worker-1a3fcd605aa14849ab91da96ea2f2a2b-1544107698,True,104857601.0,86.43976311500751,9.255,10516.0,2024-11-12T13:11:54.962723330Z,2024-11-12T13:12:04.218291093Z,us_east
7eb3d672-9c08-4a15-97ec-49b5dbfc2946,780b06a6-6c35-45c9-b42a-fdb449a029be,worker-2e2509d5868e40acaa90a6f48bb6e7d5-1544107698,True,104857601.0,86.43976311500751,9.255,10516.0,2024-11-12T13:11:54.971725822Z,2024-11-12T13:12:04.226909241Z,us_east
7eb3d672-9c08-4a15-97ec-49b5dbfc2946,780b06a6-6c35-45c9-b42a-fdb449a029be,worker-bf1c6d1c461743559b7d622a7d564fe2-1544107698,True,104857601.0,91.1888758269001,8.773,13211.0,2024-11-12T13:11:57.658212031Z,2024-11-12T13:12:06.431525314Z,us_east
7eb3d672-9c08-4a15-97ec-49b5dbfc2946,e44cfb32-b886-48dd-b920-c989cb71fa91,worker-a765493920fb47bf965b38720a93975e-1544107698,True,104857601.0,92.07043475997176,8.689,10469.0,2024-11-12T13:12:24.993403219Z,2024-11-12T13:12:33.683086921Z,us_east
7eb3d672-9c08-4a15-97ec-49b5dbfc2946,e44cfb32-b886-48dd-b920-c989cb71fa91,worker-8c80a74669cb44ad8bfeea0c05d33004-1544107698,True,104857601.0,90.61048902813393,8.829,10470.0,2024-11-12T13:12:25.000569825Z,2024-11-12T13:12:33.830436761Z,us_east
7eb3d672-9c08-4a15-97ec-49b5dbfc2946,e44cfb32-b886-48dd-b920-c989cb71fa91,worker-c54df69524f44e18a4b82a7e644e674d-1544107698,True,104857601.0,89.4954701453624,8.939,10471.0,2024-11-12T13:12:24.996375169Z,2024-11-12T13:12:33.936235564Z,us_east
7eb3d672-9c08-4a15-97ec-49b5dbfc2946,e44cfb32-b886-48dd-b920-c989cb71fa91,worker-bf1c6d1c461743559b7d622a7d564fe2-1544107698,True,104857601.0,88.57396010068584,9.032,10480.0,2024-11-12T13:12:25.010353308Z,2024-11-12T13:12:34.042614842Z,us_east
7eb3d672-9c08-4a15-97ec-49b5dbfc2946,e44cfb32-b886-48dd-b920-c989cb71fa91,worker-6288fd7fb22c4ed3a3ecf2956fc3fb54-1544107698,True,104857601.0,87.38394403379515,9.155,10467.0,2024-11-12T13:12:24.992651062Z,2024-11-12T13:12:34.148391669Z,us_east
7eb3d672-9c08-4a15-97ec-49b5dbfc2946,e44cfb32-b886-48dd-b920-c989cb71fa91,worker-0a6f3d35ad3a433fada434aa8c64db04-1544107698,True,104857601.0,86.12337255133971,9.289,10473.0,2024-11-12T13:12:24.997121467Z,2024-11-12T13:12:34.286400466Z,us_east
7eb3d672-9c08-4a15-97ec-49b5dbfc2946,e44cfb32-b886-48dd-b920-c989cb71fa91,worker-2e2509d5868e40acaa90a6f48bb6e7d5-1544107698,True,104857601.0,80.02400796532905,9.997,10446.0,2024-11-12T13:12:24.970720482Z,2024-11-12T13:12:34.967726998Z,us_east
7eb3d672-9c08-4a15-97ec-49b5dbfc2946,e44cfb32-b886-48dd-b920-c989cb71fa91,worker-1a3fcd605aa14849ab91da96ea2f2a2b-1544107698,True,104857601.0,76.38690037519282,10.473,10481.0,2024-11-12T13:12:25.005288199Z,2024-11-12T13:12:35.478394067Z,us_east
7eb3d672-9c08-4a15-97ec-49b5dbfc2946,e44cfb32-b886-48dd-b920-c989cb71fa91,worker-1f42b274d4f04ea6a8dee019a528feaa-1544107698,True,104857601.0,67.65327760079447,11.825,10482.0,2024-11-12T13:12:25.006893906Z,2024-11-12T13:12:36.832368893Z,us_east
7eb3d672-9c08-4a15-97ec-49b5dbfc2946,e44cfb32-b886-48dd-b920-c989cb71fa91,worker-ff554b7db2794fcca654a1b57f95035e-1544107698,True,104857601.0,58.4966370012719,13.676,10483.0,2024-11-12T13:12:25.010781680Z,2024-11-12T13:12:38.687227316Z,us_east
fbad35ff-750c-4227-bbfc-2563ae420faa,a10c50d0-6b2a-4d16-8ba4-dc9eb0774c46,worker-336602893cc3403c94a6172053df72fe-1544107698,True,805118.0,0.10180930928184669,60.334,10667.0,2024-11-12T13:08:59.712425710Z,2024-11-12T13:10:00.046907924Z,hong_kong
fbad35ff-750c-4227-bbfc-2563ae420faa,a10c50d0-6b2a-4d16-8ba4-dc9eb0774c46,worker-55b74f68c378406fb338353f85e0bcc9-1544107698,True,816022.0,0.10375391690991896,60.005,11288.0,2024-11-12T13:09:00.330705265Z,2024-11-12T13:10:00.336007441Z,hong_kong
fbad35ff-750c-4227-bbfc-2563ae420faa,a10c50d0-6b2a-4d16-8ba4-dc9eb0774c46,worker-02bf2b91b53341b59db9a49c1bec78be-1544107698,True,480086.0,0.06096582005242576,60.079,11615.0,2024-11-12T13:09:00.658345244Z,2024-11-12T13:10:00.737471272Z,hong_kong
fbad35ff-750c-4227-bbfc-2563ae420faa,a10c50d0-6b2a-4d16-8ba4-dc9eb0774c46,worker-3411be34b19249d79bc821e96ff58eb6-1544107698,True,814574.0,0.10309389902289968,60.282,11649.0,2024-11-12T13:09:00.692455849Z,2024-11-12T13:10:00.975414145Z,hong_kong
fbad35ff-750c-4227-bbfc-2563ae420faa,a10c50d0-6b2a-4d16-8ba4-dc9eb0774c46,worker-3495f46c836e49ec9c583308b2285bee-1544107698,True,827606.0,0.1048302013951004,60.232,11787.0,2024-11-12T13:09:00.840185976Z,2024-11-12T13:10:01.072230003Z,hong_kong
fbad35ff-750c-4227-bbfc-2563ae420faa,a10c50d0-6b2a-4d16-8ba4-dc9eb0774c46,worker-32463579859f4033b734d6b0f66bede6-1544107698,True,823262.0,0.10435099268305788,60.191,11837.0,2024-11-12T13:09:00.881444849Z,2024-11-12T13:10:01.073361334Z,hong_kong
fbad35ff-750c-4227-bbfc-2563ae420faa,a10c50d0-6b2a-4d16-8ba4-dc9eb0774c46,worker-7024dfbd6f2949cc8e64f0a18bf95c3a-1544107698,True,904350.0,0.1149748865911671,60.01,12101.0,2024-11-12T13:09:01.146457571Z,2024-11-12T13:10:01.157053645Z,hong_kong
fbad35ff-750c-4227-bbfc-2563ae420faa,a10c50d0-6b2a-4d16-8ba4-dc9eb0774c46,worker-5dc0276a95104f5c81ef45e31564ee42-1544107698,True,1043358.0,0.1311269037547514,60.706,11457.0,2024-11-12T13:09:00.499167986Z,2024-11-12T13:10:01.205297661Z,hong_kong
fbad35ff-750c-4227-bbfc-2563ae420faa,a10c50d0-6b2a-4d16-8ba4-dc9eb0774c46,worker-689fb313f2b34c80b499936d812a064b-1544107698,True,889870.0,0.11312454072354308,60.015,12191.0,2024-11-12T13:09:01.233260323Z,2024-11-12T13:10:01.248492668Z,hong_kong
fbad35ff-750c-4227-bbfc-2563ae420faa,a10c50d0-6b2a-4d16-8ba4-dc9eb0774c46,worker-25a72e94d80445b3898ceb9973f89e90-1544107698,True,1657558.0,0.2106745954392138,60.027,19469.0,2024-11-12T13:09:08.528177936Z,2024-11-12T13:10:08.555817061Z,hong_kong
fbad35ff-750c-4227-bbfc-2563ae420faa,64806bf6-10e9-4b3b-bfc4-68b0eeeb3cd4,worker-55b74f68c378406fb338353f85e0bcc9-1544107698,True,989174.0,0.12574225575751757,60.018,10668.0,2024-11-12T13:10:29.919999590Z,2024-11-12T13:11:29.938131785Z,hong_kong
fbad35ff-750c-4227-bbfc-2563ae420faa,64806bf6-10e9-4b3b-bfc4-68b0eeeb3cd4,worker-32463579859f4033b734d6b0f66bede6-1544107698,True,694638.0,0.08808994645122233,60.162,11292.0,2024-11-12T13:10:30.541836088Z,2024-11-12T13:11:30.704606542Z,hong_kong
fbad35ff-750c-4227-bbfc-2563ae420faa,64806bf6-10e9-4b3b-bfc4-68b0eeeb3cd4,worker-25a72e94d80445b3898ceb9973f89e90-1544107698,True,753758.0,0.0958181375791182,60.017,11365.0,2024-11-12T13:10:30.618466361Z,2024-11-12T13:11:30.635880775Z,hong_kong
fbad35ff-750c-4227-bbfc-2563ae420faa,64806bf6-10e9-4b3b-bfc4-68b0eeeb3cd4,worker-689fb313f2b34c80b499936d812a064b-1544107698,True,656742.0,0.08341591594789464,60.067,11577.0,2024-11-12T13:10:30.829002881Z,2024-11-12T13:11:30.896257213Z,hong_kong
fbad35ff-750c-4227-bbfc-2563ae420faa,64806bf6-10e9-4b3b-bfc4-68b0eeeb3cd4,worker-3411be34b19249d79bc821e96ff58eb6-1544107698,True,746518.0,0.09461245135518934,60.198,11534.0,2024-11-12T13:10:30.782856625Z,2024-11-12T13:11:30.981664104Z,hong_kong
fbad35ff-750c-4227-bbfc-2563ae420faa,64806bf6-10e9-4b3b-bfc4-68b0eeeb3cd4,worker-5dc0276a95104f5c81ef45e31564ee42-1544107698,True,939102.0,0.11903604690290642,60.19,11576.0,2024-11-12T13:10:30.829008096Z,2024-11-12T13:11:31.019576503Z,hong_kong
fbad35ff-750c-4227-bbfc-2563ae420faa,64806bf6-10e9-4b3b-bfc4-68b0eeeb3cd4,worker-3495f46c836e49ec9c583308b2285bee-1544107698,True,522078.0,0.06596129960729204,60.386,11578.0,2024-11-12T13:10:30.829043331Z,2024-11-12T13:11:31.215966536Z,hong_kong
fbad35ff-750c-4227-bbfc-2563ae420faa,64806bf6-10e9-4b3b-bfc4-68b0eeeb3cd4,worker-336602893cc3403c94a6172053df72fe-1544107698,True,926070.0,0.11770880637003012,60.024,12026.0,2024-11-12T13:10:31.281276932Z,2024-11-12T13:11:31.306162048Z,hong_kong
fbad35ff-750c-4227-bbfc-2563ae420faa,64806bf6-10e9-4b3b-bfc4-68b0eeeb3cd4,worker-02bf2b91b53341b59db9a49c1bec78be-1544107698,True,850774.0,0.10810043305736844,60.045,12280.0,2024-11-12T13:10:31.537496327Z,2024-11-12T13:11:31.583084624Z,hong_kong
fbad35ff-750c-4227-bbfc-2563ae420faa,64806bf6-10e9-4b3b-bfc4-68b0eeeb3cd4,worker-7024dfbd6f2949cc8e64f0a18bf95c3a-1544107698,True,1105622.0,0.14029015983550963,60.127,12223.0,2024-11-12T13:10:31.474320345Z,2024-11-12T13:11:31.601499911Z,hong_kong
48347532-c2e1-4813-afd5-7776250a5328,e416f307-c56a-4b24-917b-71c342a68f6b,worker-c54df69524f44e18a4b82a7e644e674d-1544107698,True,869844.0,0.11025357284424216,60.192,10929.0,2024-11-12T13:05:59.558176896Z,2024-11-12T13:06:59.750454408Z,us_east
48347532-c2e1-4813-afd5-7776250a5328,e416f307-c56a-4b24-917b-71c342a68f6b,worker-8c80a74669cb44ad8bfeea0c05d33004-1544107698,True,621988.0,0.07901874722255178,60.054,11397.0,2024-11-12T13:06:00.025225589Z,2024-11-12T13:07:00.080218727Z,us_east
48347532-c2e1-4813-afd5-7776250a5328,e416f307-c56a-4b24-917b-71c342a68f6b,worker-2e2509d5868e40acaa90a6f48bb6e7d5-1544107698,True,760996.0,0.0966689763686834,60.06,11397.0,2024-11-12T13:06:00.024275022Z,2024-11-12T13:07:00.084756018Z,us_east
48347532-c2e1-4813-afd5-7776250a5328,e416f307-c56a-4b24-917b-71c342a68f6b,worker-a765493920fb47bf965b38720a93975e-1544107698,True,895660.0,0.11362015739182892,60.142,11403.0,2024-11-12T13:06:00.029793088Z,2024-11-12T13:07:00.172012669Z,us_east
48347532-c2e1-4813-afd5-7776250a5328,e416f307-c56a-4b24-917b-71c342a68f6b,worker-1a3fcd605aa14849ab91da96ea2f2a2b-1544107698,True,714660.0,0.09062751351666516,60.163,11394.0,2024-11-12T13:06:00.024390331Z,2024-11-12T13:07:00.188004658Z,us_east
48347532-c2e1-4813-afd5-7776250a5328,e416f307-c56a-4b24-917b-71c342a68f6b,worker-6288fd7fb22c4ed3a3ecf2956fc3fb54-1544107698,True,846428.0,0.10730161597622044,60.183,11401.0,2024-11-12T13:06:00.028811590Z,2024-11-12T13:07:00.212339286Z,us_east
48347532-c2e1-4813-afd5-7776250a5328,e416f307-c56a-4b24-917b-71c342a68f6b,worker-ff554b7db2794fcca654a1b57f95035e-1544107698,True,928964.0,0.11809238971821057,60.016,11729.0,2024-11-12T13:06:00.357823797Z,2024-11-12T13:07:00.374469142Z,us_east
48347532-c2e1-4813-afd5-7776250a5328,e416f307-c56a-4b24-917b-71c342a68f6b,worker-bf1c6d1c461743559b7d622a7d564fe2-1544107698,True,930412.0,0.1182587292729592,60.025,12003.0,2024-11-12T13:06:00.632293258Z,2024-11-12T13:07:00.657304879Z,us_east
48347532-c2e1-4813-afd5-7776250a5328,e416f307-c56a-4b24-917b-71c342a68f6b,worker-1f42b274d4f04ea6a8dee019a528feaa-1544107698,True,804436.0,0.10117471883319802,60.661,11390.0,2024-11-12T13:06:00.024953914Z,2024-11-12T13:07:00.686118283Z,us_east
48347532-c2e1-4813-afd5-7776250a5328,e416f307-c56a-4b24-917b-71c342a68f6b,worker-0a6f3d35ad3a433fada434aa8c64db04-1544107698,True,771132.0,0.09803163034745016,60.014,12947.0,2024-11-12T13:06:01.575858207Z,2024-11-12T13:07:01.590542584Z,us_east
48347532-c2e1-4813-afd5-7776250a5328,6790e508-ecdb-4e1d-b59c-01abd3086403,worker-1a3fcd605aa14849ab91da96ea2f2a2b-1544107698,True,1082700.0,0.1374090569572382,60.115,10947.0,2024-11-12T13:07:19.760566503Z,2024-11-12T13:08:19.876178892Z,us_east
48347532-c2e1-4813-afd5-7776250a5328,6790e508-ecdb-4e1d-b59c-01abd3086403,worker-6288fd7fb22c4ed3a3ecf2956fc3fb54-1544107698,True,830500.0,0.10554900231885402,60.031,12172.0,2024-11-12T13:07:20.983358474Z,2024-11-12T13:08:21.014653842Z,us_east
48347532-c2e1-4813-afd5-7776250a5328,6790e508-ecdb-4e1d-b59c-01abd3086403,worker-ff554b7db2794fcca654a1b57f95035e-1544107698,True,1024532.0,0.13018268304199698,60.043,12635.0,2024-11-12T13:07:21.452846507Z,2024-11-12T13:08:21.495935214Z,us_east
48347532-c2e1-4813-afd5-7776250a5328,6790e508-ecdb-4e1d-b59c-01abd3086403,worker-a765493920fb47bf965b38720a93975e-1544107698,True,897108.0,0.11394973560543786,60.065,12620.0,2024-11-12T13:07:21.431430750Z,2024-11-12T13:08:21.497018254Z,us_east
48347532-c2e1-4813-afd5-7776250a5328,6790e508-ecdb-4e1d-b59c-01abd3086403,worker-8c80a74669cb44ad8bfeea0c05d33004-1544107698,True,908692.0,0.11521396266416208,60.173,12576.0,2024-11-12T13:07:21.388292409Z,2024-11-12T13:08:21.561314488Z,us_east
48347532-c2e1-4813-afd5-7776250a5328,6790e508-ecdb-4e1d-b59c-01abd3086403,worker-1f42b274d4f04ea6a8dee019a528feaa-1544107698,True,802988.0,0.10184211214129124,60.155,15421.0,2024-11-12T13:07:24.231446759Z,2024-11-12T13:08:24.387382664Z,us_east
48347532-c2e1-4813-afd5-7776250a5328,6790e508-ecdb-4e1d-b59c-01abd3086403,worker-bf1c6d1c461743559b7d622a7d564fe2-1544107698,True,981092.0,0.12453436385414068,60.105,19412.0,2024-11-12T13:07:28.231355978Z,2024-11-12T13:08:28.337140106Z,us_east
48347532-c2e1-4813-afd5-7776250a5328,6790e508-ecdb-4e1d-b59c-01abd3086403,worker-c54df69524f44e18a4b82a7e644e674d-1544107698,True,813124.0,0.1033337852723932,60.035,19673.0,2024-11-12T13:07:28.487010581Z,2024-11-12T13:08:28.522399707Z,us_east
48347532-c2e1-4813-afd5-7776250a5328,6790e508-ecdb-4e1d-b59c-01abd3086403,worker-0a6f3d35ad3a433fada434aa8c64db04-1544107698,True,865252.0,0.10992904159719448,60.051,19669.0,2024-11-12T13:07:28.487359311Z,2024-11-12T13:08:28.538757255Z,us_east
48347532-c2e1-4813-afd5-7776250a5328,6790e508-ecdb-4e1d-b59c-01abd3086403,worker-2e2509d5868e40acaa90a6f48bb6e7d5-1544107698,True,1873060.0,0.23814808053699835,60.006,27865.0,2024-11-12T13:07:36.678928791Z,2024-11-12T13:08:36.685731034Z,us_east
30cdbbe8-ac43-4913-b34f-4d10b50f71e3,198bbd0b-afe9-41b9-a714-09d8f773b30a,worker-689fb313f2b34c80b499936d812a064b-1544107698,True,104857601.0,26.956902908966356,29.677,10253.0,2024-11-12T13:03:43.589803820Z,2024-11-12T13:04:13.267366602Z,hong_kong
30cdbbe8-ac43-4913-b34f-4d10b50f71e3,198bbd0b-afe9-41b9-a714-09d8f773b30a,worker-336602893cc3403c94a6172053df72fe-1544107698,True,104857601.0,25.62706242205832,31.217,10270.0,2024-11-12T13:03:43.588113831Z,2024-11-12T13:04:14.805345669Z,hong_kong
30cdbbe8-ac43-4913-b34f-4d10b50f71e3,198bbd0b-afe9-41b9-a714-09d8f773b30a,worker-55b74f68c378406fb338353f85e0bcc9-1544107698,True,104857601.0,23.19916505131059,34.484,10241.0,2024-11-12T13:03:43.563249418Z,2024-11-12T13:04:18.047892574Z,hong_kong
30cdbbe8-ac43-4913-b34f-4d10b50f71e3,198bbd0b-afe9-41b9-a714-09d8f773b30a,worker-02bf2b91b53341b59db9a49c1bec78be-1544107698,True,104857601.0,22.841480345745616,35.024,10268.0,2024-11-12T13:03:43.588023002Z,2024-11-12T13:04:18.612390159Z,hong_kong
30cdbbe8-ac43-4913-b34f-4d10b50f71e3,198bbd0b-afe9-41b9-a714-09d8f773b30a,worker-5dc0276a95104f5c81ef45e31564ee42-1544107698,True,104857601.0,22.764135322237557,35.143,10280.0,2024-11-12T13:03:43.597554247Z,2024-11-12T13:04:18.741221715Z,hong_kong
30cdbbe8-ac43-4913-b34f-4d10b50f71e3,198bbd0b-afe9-41b9-a714-09d8f773b30a,worker-3411be34b19249d79bc821e96ff58eb6-1544107698,True,104857601.0,22.353237241314215,35.789,10246.0,2024-11-12T13:03:43.567330424Z,2024-11-12T13:04:19.356895889Z,hong_kong
30cdbbe8-ac43-4913-b34f-4d10b50f71e3,198bbd0b-afe9-41b9-a714-09d8f773b30a,worker-32463579859f4033b734d6b0f66bede6-1544107698,True,104857601.0,20.847992276584957,38.373,10284.0,2024-11-12T13:03:43.602298842Z,2024-11-12T13:04:21.975680735Z,hong_kong
30cdbbe8-ac43-4913-b34f-4d10b50f71e3,198bbd0b-afe9-41b9-a714-09d8f773b30a,worker-3495f46c836e49ec9c583308b2285bee-1544107698,True,104857601.0,20.785159594413848,38.489,10276.0,2024-11-12T13:03:43.594613833Z,2024-11-12T13:04:22.084603653Z,hong_kong
30cdbbe8-ac43-4913-b34f-4d10b50f71e3,198bbd0b-afe9-41b9-a714-09d8f773b30a,worker-7024dfbd6f2949cc8e64f0a18bf95c3a-1544107698,True,104857601.0,19.141961755064116,41.793,10235.0,2024-11-12T13:03:43.554665946Z,2024-11-12T13:04:25.347729959Z,hong_kong
30cdbbe8-ac43-4913-b34f-4d10b50f71e3,198bbd0b-afe9-41b9-a714-09d8f773b30a,worker-25a72e94d80445b3898ceb9973f89e90-1544107698,True,104857601.0,18.487278617830853,43.273,12328.0,2024-11-12T13:03:45.645568680Z,2024-11-12T13:04:28.918761981Z,hong_kong
30cdbbe8-ac43-4913-b34f-4d10b50f71e3,530ab850-70c0-4a33-819c-c638477bb3f3,worker-32463579859f4033b734d6b0f66bede6-1544107698,True,104857601.0,30.15113283946009,26.533,10252.0,2024-11-12T13:04:48.714254279Z,2024-11-12T13:05:15.247286152Z,hong_kong
30cdbbe8-ac43-4913-b34f-4d10b50f71e3,530ab850-70c0-4a33-819c-c638477bb3f3,worker-55b74f68c378406fb338353f85e0bcc9-1544107698,True,104857601.0,23.94636038162699,33.408,10249.0,2024-11-12T13:04:48.710401936Z,2024-11-12T13:05:22.118637973Z,hong_kong
30cdbbe8-ac43-4913-b34f-4d10b50f71e3,530ab850-70c0-4a33-819c-c638477bb3f3,worker-3495f46c836e49ec9c583308b2285bee-1544107698,True,104857601.0,23.48037943205056,34.071,10252.0,2024-11-12T13:04:48.715396180Z,2024-11-12T13:05:22.786762964Z,hong_kong
30cdbbe8-ac43-4913-b34f-4d10b50f71e3,530ab850-70c0-4a33-819c-c638477bb3f3,worker-5dc0276a95104f5c81ef45e31564ee42-1544107698,True,104857601.0,23.06206600447965,34.689,10271.0,2024-11-12T13:04:48.729348571Z,2024-11-12T13:05:23.418486629Z,hong_kong
30cdbbe8-ac43-4913-b34f-4d10b50f71e3,530ab850-70c0-4a33-819c-c638477bb3f3,worker-689fb313f2b34c80b499936d812a064b-1544107698,True,104857601.0,21.58545161160743,37.062,10274.0,2024-11-12T13:04:48.733226604Z,2024-11-12T13:05:25.795932937Z,hong_kong
30cdbbe8-ac43-4913-b34f-4d10b50f71e3,530ab850-70c0-4a33-819c-c638477bb3f3,worker-02bf2b91b53341b59db9a49c1bec78be-1544107698,True,104857601.0,20.33553654370601,39.34,10251.0,2024-11-12T13:04:48.712907742Z,2024-11-12T13:05:28.053382654Z,hong_kong
30cdbbe8-ac43-4913-b34f-4d10b50f71e3,530ab850-70c0-4a33-819c-c638477bb3f3,worker-25a72e94d80445b3898ceb9973f89e90-1544107698,True,104857601.0,19.718032328438195,40.572,10243.0,2024-11-12T13:04:48.703136025Z,2024-11-12T13:05:29.275168873Z,hong_kong
30cdbbe8-ac43-4913-b34f-4d10b50f71e3,530ab850-70c0-4a33-819c-c638477bb3f3,worker-7024dfbd6f2949cc8e64f0a18bf95c3a-1544107698,True,104857601.0,19.880715895362687,40.24,10659.0,2024-11-12T13:04:49.124493827Z,2024-11-12T13:05:29.365098794Z,hong_kong
30cdbbe8-ac43-4913-b34f-4d10b50f71e3,530ab850-70c0-4a33-819c-c638477bb3f3,worker-3411be34b19249d79bc821e96ff58eb6-1544107698,True,104857601.0,18.62977988052244,42.942,10255.0,2024-11-12T13:04:48.714263677Z,2024-11-12T13:05:31.656472712Z,hong_kong
30cdbbe8-ac43-4913-b34f-4d10b50f71e3,530ab850-70c0-4a33-819c-c638477bb3f3,worker-336602893cc3403c94a6172053df72fe-1544107698,True,104857601.0,18.06807163153318,44.277,10253.0,2024-11-12T13:04:48.712690258Z,2024-11-12T13:05:32.990471318Z,hong_kong
fb40bef1-7318-4fb2-8aa3-6811377f3c64,0a24427b-64cc-43b0-b525-529cce258e6c,worker-ff554b7db2794fcca654a1b57f95035e-1544107698,True,104857601.0,18.72352394573442,42.727,10522.0,2024-11-12T13:00:58.445971515Z,2024-11-12T13:01:41.173372759Z,us_east
fb40bef1-7318-4fb2-8aa3-6811377f3c64,0a24427b-64cc-43b0-b525-529cce258e6c,worker-2e2509d5868e40acaa90a6f48bb6e7d5-1544107698,True,104857601.0,16.443311839788592,48.652,10547.0,2024-11-12T13:00:58.466019268Z,2024-11-12T13:01:47.118926185Z,us_east
fb40bef1-7318-4fb2-8aa3-6811377f3c64,0a24427b-64cc-43b0-b525-529cce258e6c,worker-0a6f3d35ad3a433fada434aa8c64db04-1544107698,True,104857601.0,16.171090287833167,49.471,10521.0,2024-11-12T13:00:58.444142595Z,2024-11-12T13:01:47.915468199Z,us_east
fb40bef1-7318-4fb2-8aa3-6811377f3c64,0a24427b-64cc-43b0-b525-529cce258e6c,worker-6288fd7fb22c4ed3a3ecf2956fc3fb54-1544107698,True,104857601.0,15.819656073351682,50.57,10539.0,2024-11-12T13:00:58.455328378Z,2024-11-12T13:01:49.025776760Z,us_east
fb40bef1-7318-4fb2-8aa3-6811377f3c64,0a24427b-64cc-43b0-b525-529cce258e6c,worker-a765493920fb47bf965b38720a93975e-1544107698,True,104857601.0,15.54545116065047,51.462,10549.0,2024-11-12T13:00:58.469349151Z,2024-11-12T13:01:49.931764156Z,us_east
fb40bef1-7318-4fb2-8aa3-6811377f3c64,0a24427b-64cc-43b0-b525-529cce258e6c,worker-1a3fcd605aa14849ab91da96ea2f2a2b-1544107698,True,104857601.0,14.311270261706522,55.9,10545.0,2024-11-12T13:00:58.463081060Z,2024-11-12T13:01:54.363620348Z,us_east
fb40bef1-7318-4fb2-8aa3-6811377f3c64,0a24427b-64cc-43b0-b525-529cce258e6c,worker-1f42b274d4f04ea6a8dee019a528feaa-1544107698,True,104857601.0,13.8331720782507,57.832,10554.0,2024-11-12T13:00:58.470302352Z,2024-11-12T13:01:56.303259695Z,us_east
fb40bef1-7318-4fb2-8aa3-6811377f3c64,0a24427b-64cc-43b0-b525-529cce258e6c,worker-c54df69524f44e18a4b82a7e644e674d-1544107698,True,104857601.0,13.650246687757342,58.607,11250.0,2024-11-12T13:00:59.167443932Z,2024-11-12T13:01:57.774970689Z,us_east
fb40bef1-7318-4fb2-8aa3-6811377f3c64,0a24427b-64cc-43b0-b525-529cce258e6c,worker-bf1c6d1c461743559b7d622a7d564fe2-1544107698,True,96069804.0,12.21448226466678,60.007,10514.0,2024-11-12T13:00:58.435560061Z,2024-11-12T13:01:58.443157634Z,us_east
fb40bef1-7318-4fb2-8aa3-6811377f3c64,0a24427b-64cc-43b0-b525-529cce258e6c,worker-8c80a74669cb44ad8bfeea0c05d33004-1544107698,True,98638556.0,12.539406143744012,60.015,10532.0,2024-11-12T13:00:58.450331418Z,2024-11-12T13:01:58.466172053Z,us_east
fb40bef1-7318-4fb2-8aa3-6811377f3c64,c40033dd-289e-4e79-b0a4-e4fd62a8da97,worker-8c80a74669cb44ad8bfeea0c05d33004-1544107698,True,104857601.0,20.565552895357182,38.9,10497.0,2024-11-12T13:02:18.607705560Z,2024-11-12T13:02:57.508701227Z,us_east
fb40bef1-7318-4fb2-8aa3-6811377f3c64,c40033dd-289e-4e79-b0a4-e4fd62a8da97,worker-0a6f3d35ad3a433fada434aa8c64db04-1544107698,True,104857601.0,18.391650366209817,43.498,10543.0,2024-11-12T13:02:18.649339961Z,2024-11-12T13:03:02.147691974Z,us_east
fb40bef1-7318-4fb2-8aa3-6811377f3c64,c40033dd-289e-4e79-b0a4-e4fd62a8da97,worker-1a3fcd605aa14849ab91da96ea2f2a2b-1544107698,True,104857601.0,15.010507498299958,53.296,10524.0,2024-11-12T13:02:18.647527183Z,2024-11-12T13:03:11.944116110Z,us_east
fb40bef1-7318-4fb2-8aa3-6811377f3c64,c40033dd-289e-4e79-b0a4-e4fd62a8da97,worker-6288fd7fb22c4ed3a3ecf2956fc3fb54-1544107698,True,104857601.0,14.105615932811329,56.715,10527.0,2024-11-12T13:02:18.635241563Z,2024-11-12T13:03:15.350461553Z,us_east
fb40bef1-7318-4fb2-8aa3-6811377f3c64,c40033dd-289e-4e79-b0a4-e4fd62a8da97,worker-bf1c6d1c461743559b7d622a7d564fe2-1544107698,True,104857601.0,13.93218522194658,57.421,10529.0,2024-11-12T13:02:18.637209021Z,2024-11-12T13:03:16.058374835Z,us_east
fb40bef1-7318-4fb2-8aa3-6811377f3c64,c40033dd-289e-4e79-b0a4-e4fd62a8da97,worker-1f42b274d4f04ea6a8dee019a528feaa-1544107698,True,92319484.0,11.738833792060497,60.001,10501.0,2024-11-12T13:02:18.611471773Z,2024-11-12T13:03:18.613069315Z,us_east
fb40bef1-7318-4fb2-8aa3-6811377f3c64,c40033dd-289e-4e79-b0a4-e4fd62a8da97,worker-c54df69524f44e18a4b82a7e644e674d-1544107698,True,88017476.0,11.191441262084032,60.003,10509.0,2024-11-12T13:02:18.624255536Z,2024-11-12T13:03:18.627895479Z,us_east
fb40bef1-7318-4fb2-8aa3-6811377f3c64,c40033dd-289e-4e79-b0a4-e4fd62a8da97,worker-ff554b7db2794fcca654a1b57f95035e-1544107698,True,94391572.0,12.00130892265591,60.006,10511.0,2024-11-12T13:02:18.653848821Z,2024-11-12T13:03:18.660190845Z,us_east
fb40bef1-7318-4fb2-8aa3-6811377f3c64,c40033dd-289e-4e79-b0a4-e4fd62a8da97,worker-a765493920fb47bf965b38720a93975e-1544107698,True,91011940.0,11.565634480644489,60.037,10526.0,2024-11-12T13:02:18.635794853Z,2024-11-12T13:03:18.673499385Z,us_east
fb40bef1-7318-4fb2-8aa3-6811377f3c64,c40033dd-289e-4e79-b0a4-e4fd62a8da97,worker-2e2509d5868e40acaa90a6f48bb6e7d5-1544107698,True,94505964.0,12.007648757008834,60.047,10540.0,2024-11-12T13:02:18.649185560Z,2024-11-12T13:03:18.696972480Z,us_east
06fa6c3f-bd69-4e21-aea5-3b30c758cdac,22b23c8d-cf13-44c6-99c0-f6da535d7c30,worker-a765493920fb47bf965b38720a93975e-1544107698,True,104857601.0,77.45933458843867,10.328,13419.0,2024-11-12T12:59:51.161765703Z,2024-11-12T13:00:01.490061422Z,us_east
06fa6c3f-bd69-4e21-aea5-3b30c758cdac,22b23c8d-cf13-44c6-99c0-f6da535d7c30,worker-bf1c6d1c461743559b7d622a7d564fe2-1544107698,True,104857601.0,77.13073733411055,10.372,13416.0,2024-11-12T12:59:51.161563445Z,2024-11-12T13:00:01.533754669Z,us_east
06fa6c3f-bd69-4e21-aea5-3b30c758cdac,22b23c8d-cf13-44c6-99c0-f6da535d7c30,worker-0a6f3d35ad3a433fada434aa8c64db04-1544107698,True,104857601.0,76.69446914288127,10.431,13406.0,2024-11-12T12:59:51.161882349Z,2024-11-12T13:00:01.593623688Z,us_east
06fa6c3f-bd69-4e21-aea5-3b30c758cdac,22b23c8d-cf13-44c6-99c0-f6da535d7c30,worker-1a3fcd605aa14849ab91da96ea2f2a2b-1544107698,True,104857601.0,75.08212178595913,10.655,13416.0,2024-11-12T12:59:51.161624088Z,2024-11-12T13:00:01.817241483Z,us_east
06fa6c3f-bd69-4e21-aea5-3b30c758cdac,22b23c8d-cf13-44c6-99c0-f6da535d7c30,worker-2e2509d5868e40acaa90a6f48bb6e7d5-1544107698,True,104857601.0,75.0609877678171,10.658,13420.0,2024-11-12T12:59:51.162120400Z,2024-11-12T13:00:01.820735235Z,us_east
06fa6c3f-bd69-4e21-aea5-3b30c758cdac,22b23c8d-cf13-44c6-99c0-f6da535d7c30,worker-6288fd7fb22c4ed3a3ecf2956fc3fb54-1544107698,True,104857601.0,74.89234297223315,10.682,13419.0,2024-11-12T12:59:51.162532481Z,2024-11-12T13:00:01.845340600Z,us_east
06fa6c3f-bd69-4e21-aea5-3b30c758cdac,22b23c8d-cf13-44c6-99c0-f6da535d7c30,worker-8c80a74669cb44ad8bfeea0c05d33004-1544107698,True,104857601.0,74.51564899677669,10.736,13416.0,2024-11-12T12:59:51.162277648Z,2024-11-12T13:00:01.898625131Z,us_east
06fa6c3f-bd69-4e21-aea5-3b30c758cdac,22b23c8d-cf13-44c6-99c0-f6da535d7c30,worker-ff554b7db2794fcca654a1b57f95035e-1544107698,True,104857601.0,73.87570483233858,10.829,13416.0,2024-11-12T12:59:51.163793177Z,2024-11-12T13:00:01.993330935Z,us_east
06fa6c3f-bd69-4e21-aea5-3b30c758cdac,22b23c8d-cf13-44c6-99c0-f6da535d7c30,worker-c54df69524f44e18a4b82a7e644e674d-1544107698,True,104857601.0,58.655327196231,13.639,13417.0,2024-11-12T12:59:51.162204089Z,2024-11-12T13:00:04.801410736Z,us_east
06fa6c3f-bd69-4e21-aea5-3b30c758cdac,22b23c8d-cf13-44c6-99c0-f6da535d7c30,worker-1f42b274d4f04ea6a8dee019a528feaa-1544107698,True,104857601.0,58.52659357885687,13.669,13418.0,2024-11-12T12:59:51.163388500Z,2024-11-12T13:00:04.832886878Z,us_east
06fa6c3f-bd69-4e21-aea5-3b30c758cdac,23877fa4-56b9-4043-aa3e-1d52c266a0fa,worker-1a3fcd605aa14849ab91da96ea2f2a2b-1544107698,True,104857601.0,93.07737145193651,8.595,10446.0,2024-11-12T13:00:23.264124662Z,2024-11-12T13:00:31.860033566Z,us_east
06fa6c3f-bd69-4e21-aea5-3b30c758cdac,23877fa4-56b9-4043-aa3e-1d52c266a0fa,worker-a765493920fb47bf965b38720a93975e-1544107698,True,104857601.0,92.51763705671269,8.647,10444.0,2024-11-12T13:00:23.264728076Z,2024-11-12T13:00:31.912083139Z,us_east
06fa6c3f-bd69-4e21-aea5-3b30c758cdac,23877fa4-56b9-4043-aa3e-1d52c266a0fa,worker-0a6f3d35ad3a433fada434aa8c64db04-1544107698,True,104857601.0,92.28284780590546,8.669,10456.0,2024-11-12T13:00:23.276541118Z,2024-11-12T13:00:31.945562703Z,us_east
06fa6c3f-bd69-4e21-aea5-3b30c758cdac,23877fa4-56b9-4043-aa3e-1d52c266a0fa,worker-2e2509d5868e40acaa90a6f48bb6e7d5-1544107698,True,104857601.0,91.94345565215428,8.701,10457.0,2024-11-12T13:00:23.279741784Z,2024-11-12T13:00:31.981112526Z,us_east
06fa6c3f-bd69-4e21-aea5-3b30c758cdac,23877fa4-56b9-4043-aa3e-1d52c266a0fa,worker-6288fd7fb22c4ed3a3ecf2956fc3fb54-1544107698,True,104857601.0,90.9711175380253,8.794,10473.0,2024-11-12T13:00:23.288769514Z,2024-11-12T13:00:32.083507473Z,us_east
06fa6c3f-bd69-4e21-aea5-3b30c758cdac,23877fa4-56b9-4043-aa3e-1d52c266a0fa,worker-8c80a74669cb44ad8bfeea0c05d33004-1544107698,True,104857601.0,89.91795072826734,8.897,10473.0,2024-11-12T13:00:23.293359243Z,2024-11-12T13:00:32.191314397Z,us_east
06fa6c3f-bd69-4e21-aea5-3b30c758cdac,23877fa4-56b9-4043-aa3e-1d52c266a0fa,worker-bf1c6d1c461743559b7d622a7d564fe2-1544107698,True,104857601.0,89.97863093346018,8.891,10486.0,2024-11-12T13:00:23.303922446Z,2024-11-12T13:00:32.195174630Z,us_east
06fa6c3f-bd69-4e21-aea5-3b30c758cdac,23877fa4-56b9-4043-aa3e-1d52c266a0fa,worker-ff554b7db2794fcca654a1b57f95035e-1544107698,True,104857601.0,89.43543964554438,8.945,10474.0,2024-11-12T13:00:23.291610466Z,2024-11-12T13:00:32.237441111Z,us_east
06fa6c3f-bd69-4e21-aea5-3b30c758cdac,23877fa4-56b9-4043-aa3e-1d52c266a0fa,worker-1f42b274d4f04ea6a8dee019a528feaa-1544107698,True,104857601.0,85.35154247619701,9.373,10465.0,2024-11-12T13:00:23.285931860Z,2024-11-12T13:00:32.659007737Z,us_east
06fa6c3f-bd69-4e21-aea5-3b30c758cdac,23877fa4-56b9-4043-aa3e-1d52c266a0fa,worker-c54df69524f44e18a4b82a7e644e674d-1544107698,True,104857601.0,85.2333270434045,9.386,10454.0,2024-11-12T13:00:23.283186709Z,2024-11-12T13:00:32.669453237Z,us_east
55b54989-740c-47a9-b33d-19afda9f8753,6eb93c38-c3fb-432a-a232-93207240f77c,worker-689fb313f2b34c80b499936d812a064b-1544107698,True,104857601.0,393.12039686948134,2.035,10165.0,2024-11-12T12:57:57.619299701Z,2024-11-12T12:57:59.655006555Z,hong_kong
55b54989-740c-47a9-b33d-19afda9f8753,6eb93c38-c3fb-432a-a232-93207240f77c,worker-7024dfbd6f2949cc8e64f0a18bf95c3a-1544107698,True,104857601.0,321.93159260740225,2.485,10206.0,2024-11-12T12:57:57.673544620Z,2024-11-12T12:58:00.159233916Z,hong_kong
55b54989-740c-47a9-b33d-19afda9f8753,6eb93c38-c3fb-432a-a232-93207240f77c,worker-3411be34b19249d79bc821e96ff58eb6-1544107698,True,104857601.0,264.9006647779452,3.02,10183.0,2024-11-12T12:57:57.637892761Z,2024-11-12T12:58:00.658877170Z,hong_kong
55b54989-740c-47a9-b33d-19afda9f8753,6eb93c38-c3fb-432a-a232-93207240f77c,worker-55b74f68c378406fb338353f85e0bcc9-1544107698,True,104857601.0,217.5095181156592,3.678,10202.0,2024-11-12T12:57:57.665228785Z,2024-11-12T12:58:01.343386651Z,hong_kong
55b54989-740c-47a9-b33d-19afda9f8753,6eb93c38-c3fb-432a-a232-93207240f77c,worker-02bf2b91b53341b59db9a49c1bec78be-1544107698,True,104857601.0,215.2852550132924,3.716,10190.0,2024-11-12T12:57:57.653703633Z,2024-11-12T12:58:01.370663933Z,hong_kong
55b54989-740c-47a9-b33d-19afda9f8753,6eb93c38-c3fb-432a-a232-93207240f77c,worker-25a72e94d80445b3898ceb9973f89e90-1544107698,True,104857601.0,199.2528038927508,4.015,10214.0,2024-11-12T12:57:57.668373027Z,2024-11-12T12:58:01.684256968Z,hong_kong
55b54989-740c-47a9-b33d-19afda9f8753,6eb93c38-c3fb-432a-a232-93207240f77c,worker-5dc0276a95104f5c81ef45e31564ee42-1544107698,True,104857601.0,173.98869239438767,4.598,10185.0,2024-11-12T12:57:57.639370182Z,2024-11-12T12:58:02.238199221Z,hong_kong
55b54989-740c-47a9-b33d-19afda9f8753,6eb93c38-c3fb-432a-a232-93207240f77c,worker-336602893cc3403c94a6172053df72fe-1544107698,True,104857601.0,156.8319952223867,5.101,10199.0,2024-11-12T12:57:57.661766061Z,2024-11-12T12:58:02.763225887Z,hong_kong
55b54989-740c-47a9-b33d-19afda9f8753,6eb93c38-c3fb-432a-a232-93207240f77c,worker-32463579859f4033b734d6b0f66bede6-1544107698,True,104857601.0,143.8848934585242,5.56,10222.0,2024-11-12T12:57:57.677025699Z,2024-11-12T12:58:03.237703161Z,hong_kong
55b54989-740c-47a9-b33d-19afda9f8753,6eb93c38-c3fb-432a-a232-93207240f77c,worker-3495f46c836e49ec9c583308b2285bee-1544107698,True,104857601.0,140.67170874439853,5.687,10205.0,2024-11-12T12:57:57.662656107Z,2024-11-12T12:58:03.349872496Z,hong_kong
55b54989-740c-47a9-b33d-19afda9f8753,a86e3979-8f37-4d4f-92ae-8969d2056fbc,worker-3411be34b19249d79bc821e96ff58eb6-1544107698,True,104857601.0,247.98512325771685,3.226,10051.0,2024-11-12T12:59:17.706492638Z,2024-11-12T12:59:20.932677012Z,hong_kong
55b54989-740c-47a9-b33d-19afda9f8753,a86e3979-8f37-4d4f-92ae-8969d2056fbc,worker-689fb313f2b34c80b499936d812a064b-1544107698,True,104857601.0,246.30542106816333,3.248,10040.0,2024-11-12T12:59:17.693496820Z,2024-11-12T12:59:20.942060048Z,hong_kong
55b54989-740c-47a9-b33d-19afda9f8753,a86e3979-8f37-4d4f-92ae-8969d2056fbc,worker-55b74f68c378406fb338353f85e0bcc9-1544107698,True,104857601.0,226.05255937535873,3.539,10047.0,2024-11-12T12:59:17.702533719Z,2024-11-12T12:59:21.241800946Z,hong_kong
55b54989-740c-47a9-b33d-19afda9f8753,a86e3979-8f37-4d4f-92ae-8969d2056fbc,worker-02bf2b91b53341b59db9a49c1bec78be-1544107698,True,104857601.0,216.27467089196932,3.699,10053.0,2024-11-12T12:59:17.711586794Z,2024-11-12T12:59:21.410736525Z,hong_kong
55b54989-740c-47a9-b33d-19afda9f8753,a86e3979-8f37-4d4f-92ae-8969d2056fbc,worker-3495f46c836e49ec9c583308b2285bee-1544107698,True,104857601.0,189.43878939838848,4.223,10032.0,2024-11-12T12:59:17.687865079Z,2024-11-12T12:59:21.911662531Z,hong_kong
55b54989-740c-47a9-b33d-19afda9f8753,a86e3979-8f37-4d4f-92ae-8969d2056fbc,worker-25a72e94d80445b3898ceb9973f89e90-1544107698,True,104857601.0,183.9080477308953,4.35,10022.0,2024-11-12T12:59:17.677645509Z,2024-11-12T12:59:22.027807772Z,hong_kong
55b54989-740c-47a9-b33d-19afda9f8753,a86e3979-8f37-4d4f-92ae-8969d2056fbc,worker-336602893cc3403c94a6172053df72fe-1544107698,True,104857601.0,184.33179899294805,4.34,10039.0,2024-11-12T12:59:17.701098422Z,2024-11-12T12:59:22.041957098Z,hong_kong
55b54989-740c-47a9-b33d-19afda9f8753,a86e3979-8f37-4d4f-92ae-8969d2056fbc,worker-7024dfbd6f2949cc8e64f0a18bf95c3a-1544107698,True,104857601.0,147.79235315525486,5.413,10047.0,2024-11-12T12:59:17.704442263Z,2024-11-12T12:59:23.118381194Z,hong_kong
55b54989-740c-47a9-b33d-19afda9f8753,a86e3979-8f37-4d4f-92ae-8969d2056fbc,worker-5dc0276a95104f5c81ef45e31564ee42-1544107698,True,104857601.0,142.80614202595405,5.602,10042.0,2024-11-12T12:59:17.694899768Z,2024-11-12T12:59:23.297360144Z,hong_kong
55b54989-740c-47a9-b33d-19afda9f8753,a86e3979-8f37-4d4f-92ae-8969d2056fbc,worker-32463579859f4033b734d6b0f66bede6-1544107698,True,104857601.0,143.03593914346408,5.593,10057.0,2024-11-12T12:59:17.709714635Z,2024-11-12T12:59:23.303225361Z,hong_kong
56bba3ef-1420-4874-9f21-c624d27a7066,d5fab82d-4423-45e6-bdba-aea92cbf7832,worker-b003f28b8c3340cd8cf7f858546499ef-1544107698,True,104857601.0,347.6749272617968,2.301,10114.0,2024-11-12T12:57:27.501264449Z,2024-11-12T12:57:29.803095778Z,singapore
56bba3ef-1420-4874-9f21-c624d27a7066,d5fab82d-4423-45e6-bdba-aea92cbf7832,worker-358593d91ac04fceb00ee0bdccc24f20-1544107698,True,104857601.0,277.200279843865,2.886,10162.0,2024-11-12T12:57:27.550846531Z,2024-11-12T12:57:30.437424373Z,singapore
56bba3ef-1420-4874-9f21-c624d27a7066,d5fab82d-4423-45e6-bdba-aea92cbf7832,worker-3109a4756c724d4387d76cb418f7b8a8-1544107698,True,104857601.0,232.96447513960237,3.434,10149.0,2024-11-12T12:57:27.534307446Z,2024-11-12T12:57:30.969163184Z,singapore
56bba3ef-1420-4874-9f21-c624d27a7066,d5fab82d-4423-45e6-bdba-aea92cbf7832,worker-d13164f093bb4ed3b524edf389cdea30-1544107698,True,104857601.0,200.60180732933665,3.988,10141.0,2024-11-12T12:57:27.527562693Z,2024-11-12T12:57:31.516277515Z,singapore
56bba3ef-1420-4874-9f21-c624d27a7066,d5fab82d-4423-45e6-bdba-aea92cbf7832,worker-317859f7a4494b4f89441014bb0791a9-1544107698,True,104857601.0,193.37684496722133,4.137,10104.0,2024-11-12T12:57:27.495893169Z,2024-11-12T12:57:31.633748556Z,singapore
56bba3ef-1420-4874-9f21-c624d27a7066,d5fab82d-4423-45e6-bdba-aea92cbf7832,worker-5f610ba13ac04a0a93228dcc653d54a7-1544107698,True,104857601.0,146.92378468859405,5.445,10146.0,2024-11-12T12:57:27.530638228Z,2024-11-12T12:57:32.976514900Z,singapore
56bba3ef-1420-4874-9f21-c624d27a7066,d5fab82d-4423-45e6-bdba-aea92cbf7832,worker-0ad6f0fdb17944d1baadcd6d7598af92-1544107698,True,104857601.0,130.250733902539,6.142,10152.0,2024-11-12T12:57:27.535483777Z,2024-11-12T12:57:33.677699825Z,singapore
56bba3ef-1420-4874-9f21-c624d27a7066,d5fab82d-4423-45e6-bdba-aea92cbf7832,worker-38837e2cab4d44d1b94eba46d6ed0752-1544107698,True,104857601.0,114.51474486535852,6.986,10144.0,2024-11-12T12:57:27.532525676Z,2024-11-12T12:57:34.518678925Z,singapore
56bba3ef-1420-4874-9f21-c624d27a7066,d5fab82d-4423-45e6-bdba-aea92cbf7832,worker-5e493b238cf348f6b37c7c7434581d2d-1544107698,True,104857601.0,108.90280528578744,7.346,10142.0,2024-11-12T12:57:27.529480696Z,2024-11-12T12:57:34.875659557Z,singapore
56bba3ef-1420-4874-9f21-c624d27a7066,d5fab82d-4423-45e6-bdba-aea92cbf7832,worker-530cf3818a79491980240c9408ecac94-1544107698,True,104857601.0,81.1935458874855,9.853,10152.0,2024-11-12T12:57:27.537271197Z,2024-11-12T12:57:37.390460132Z,singapore
56bba3ef-1420-4874-9f21-c624d27a7066,db0ccf59-602c-45bc-8a49-4a334853400c,worker-3109a4756c724d4387d76cb418f7b8a8-1544107698,True,104857601.0,312.1342206903607,2.563,10111.0,2024-11-12T12:58:52.708175378Z,2024-11-12T12:58:55.271892073Z,singapore
56bba3ef-1420-4874-9f21-c624d27a7066,db0ccf59-602c-45bc-8a49-4a334853400c,worker-b003f28b8c3340cd8cf7f858546499ef-1544107698,True,104857601.0,282.18695154476,2.835,10099.0,2024-11-12T12:58:52.694168452Z,2024-11-12T12:58:55.529207739Z,singapore
56bba3ef-1420-4874-9f21-c624d27a7066,db0ccf59-602c-45bc-8a49-4a334853400c,worker-358593d91ac04fceb00ee0bdccc24f20-1544107698,True,104857601.0,247.754725187177,3.229,10102.0,2024-11-12T12:58:52.699521058Z,2024-11-12T12:58:55.928827338Z,singapore
56bba3ef-1420-4874-9f21-c624d27a7066,db0ccf59-602c-45bc-8a49-4a334853400c,worker-5f610ba13ac04a0a93228dcc653d54a7-1544107698,True,104857601.0,200.85362983414373,3.983,10117.0,2024-11-12T12:58:52.712827552Z,2024-11-12T12:58:56.696256327Z,singapore
56bba3ef-1420-4874-9f21-c624d27a7066,db0ccf59-602c-45bc-8a49-4a334853400c,worker-317859f7a4494b4f89441014bb0791a9-1544107698,True,104857601.0,153.08075155556728,5.226,10094.0,2024-11-12T12:58:52.689043868Z,2024-11-12T12:58:57.915396727Z,singapore
56bba3ef-1420-4874-9f21-c624d27a7066,db0ccf59-602c-45bc-8a49-4a334853400c,worker-530cf3818a79491980240c9408ecac94-1544107698,True,104857601.0,147.60147742239752,5.42,10116.0,2024-11-12T12:58:52.714364534Z,2024-11-12T12:58:58.135353136Z,singapore
56bba3ef-1420-4874-9f21-c624d27a7066,db0ccf59-602c-45bc-8a49-4a334853400c,worker-0ad6f0fdb17944d1baadcd6d7598af92-1544107698,True,104857601.0,120.84592260262755,6.62,10124.0,2024-11-12T12:58:52.718205688Z,2024-11-12T12:58:59.338261246Z,singapore
56bba3ef-1420-4874-9f21-c624d27a7066,db0ccf59-602c-45bc-8a49-4a334853400c,worker-5e493b238cf348f6b37c7c7434581d2d-1544107698,True,104857601.0,105.29086702150494,7.598,10101.0,2024-11-12T12:58:52.697428628Z,2024-11-12T12:59:00.296168729Z,singapore
56bba3ef-1420-4874-9f21-c624d27a7066,db0ccf59-602c-45bc-8a49-4a334853400c,worker-d13164f093bb4ed3b524edf389cdea30-1544107698,True,104857601.0,103.9501049414494,7.696,10118.0,2024-11-12T12:58:52.717304534Z,2024-11-12T12:59:00.413992969Z,singapore
56bba3ef-1420-4874-9f21-c624d27a7066,db0ccf59-602c-45bc-8a49-4a334853400c,worker-38837e2cab4d44d1b94eba46d6ed0752-1544107698,True,104857601.0,101.94979070082763,7.847,10110.0,2024-11-12T12:58:52.715688596Z,2024-11-12T12:59:00.563459723Z,singapore
4092d50b-9e15-484d-89f1-56a49edc2eeb,f856950a-93b7-443f-8e06-7e1088e04376,worker-2e2509d5868e40acaa90a6f48bb6e7d5-1544107698,True,104857601.0,94.13979849722224,8.498,10485.0,2024-11-12T12:56:57.810566064Z,2024-11-12T12:57:06.309247269Z,us_east
4092d50b-9e15-484d-89f1-56a49edc2eeb,f856950a-93b7-443f-8e06-7e1088e04376,worker-bf1c6d1c461743559b7d622a7d564fe2-1544107698,True,104857601.0,93.19664580957532,8.584,10488.0,2024-11-12T12:56:57.811362211Z,2024-11-12T12:57:06.396331015Z,us_east
4092d50b-9e15-484d-89f1-56a49edc2eeb,f856950a-93b7-443f-8e06-7e1088e04376,worker-8c80a74669cb44ad8bfeea0c05d33004-1544107698,True,104857601.0,92.4641710158801,8.652,10483.0,2024-11-12T12:56:57.811282609Z,2024-11-12T12:57:06.464236211Z,us_east
4092d50b-9e15-484d-89f1-56a49edc2eeb,f856950a-93b7-443f-8e06-7e1088e04376,worker-1a3fcd605aa14849ab91da96ea2f2a2b-1544107698,True,104857601.0,92.28284780590546,8.669,10488.0,2024-11-12T12:56:57.812909914Z,2024-11-12T12:57:06.482603464Z,us_east
4092d50b-9e15-484d-89f1-56a49edc2eeb,f856950a-93b7-443f-8e06-7e1088e04376,worker-0a6f3d35ad3a433fada434aa8c64db04-1544107698,True,104857601.0,89.55558128617425,8.933,10529.0,2024-11-12T12:56:57.854900020Z,2024-11-12T12:57:06.788757421Z,us_east
4092d50b-9e15-484d-89f1-56a49edc2eeb,f856950a-93b7-443f-8e06-7e1088e04376,worker-ff554b7db2794fcca654a1b57f95035e-1544107698,True,104857601.0,88.9679723787138,8.992,10533.0,2024-11-12T12:56:57.857208064Z,2024-11-12T12:57:06.849695737Z,us_east
4092d50b-9e15-484d-89f1-56a49edc2eeb,f856950a-93b7-443f-8e06-7e1088e04376,worker-6288fd7fb22c4ed3a3ecf2956fc3fb54-1544107698,True,104857601.0,86.73026969095777,9.224,10488.0,2024-11-12T12:56:57.812299362Z,2024-11-12T12:57:07.036728055Z,us_east
4092d50b-9e15-484d-89f1-56a49edc2eeb,f856950a-93b7-443f-8e06-7e1088e04376,worker-1f42b274d4f04ea6a8dee019a528feaa-1544107698,True,104857601.0,76.07455378750423,10.516,10510.0,2024-11-12T12:56:57.834825613Z,2024-11-12T12:57:08.351135943Z,us_east
4092d50b-9e15-484d-89f1-56a49edc2eeb,f856950a-93b7-443f-8e06-7e1088e04376,worker-a765493920fb47bf965b38720a93975e-1544107698,True,104857601.0,70.74637492300978,11.308,10496.0,2024-11-12T12:56:57.824157646Z,2024-11-12T12:57:09.132844106Z,us_east
4092d50b-9e15-484d-89f1-56a49edc2eeb,f856950a-93b7-443f-8e06-7e1088e04376,worker-c54df69524f44e18a4b82a7e644e674d-1544107698,True,104857601.0,67.48776848569214,11.854,10522.0,2024-11-12T12:56:57.851152532Z,2024-11-12T12:57:09.705308723Z,us_east
4092d50b-9e15-484d-89f1-56a49edc2eeb,c46680d9-7db6-4cf7-9710-5fee077e33e0,worker-bf1c6d1c461743559b7d622a7d564fe2-1544107698,True,104857601.0,93.14239231917504,8.589,10451.0,2024-11-12T12:58:22.966932566Z,2024-11-12T12:58:31.556786449Z,us_east
4092d50b-9e15-484d-89f1-56a49edc2eeb,c46680d9-7db6-4cf7-9710-5fee077e33e0,worker-0a6f3d35ad3a433fada434aa8c64db04-1544107698,True,104857601.0,92.34676297234152,8.663,10447.0,2024-11-12T12:58:22.956781259Z,2024-11-12T12:58:31.620020709Z,us_east
4092d50b-9e15-484d-89f1-56a49edc2eeb,c46680d9-7db6-4cf7-9710-5fee077e33e0,worker-8c80a74669cb44ad8bfeea0c05d33004-1544107698,True,104857601.0,92.37875376782848,8.66,10451.0,2024-11-12T12:58:22.965359959Z,2024-11-12T12:58:31.626154430Z,us_east
4092d50b-9e15-484d-89f1-56a49edc2eeb,c46680d9-7db6-4cf7-9710-5fee077e33e0,worker-2e2509d5868e40acaa90a6f48bb6e7d5-1544107698,True,104857601.0,92.038657113368,8.692,10460.0,2024-11-12T12:58:22.969841158Z,2024-11-12T12:58:31.662011484Z,us_east
4092d50b-9e15-484d-89f1-56a49edc2eeb,c46680d9-7db6-4cf7-9710-5fee077e33e0,worker-1a3fcd605aa14849ab91da96ea2f2a2b-1544107698,True,104857601.0,91.81682630889414,8.713,10464.0,2024-11-12T12:58:22.972863505Z,2024-11-12T12:58:31.686659544Z,us_east
4092d50b-9e15-484d-89f1-56a49edc2eeb,c46680d9-7db6-4cf7-9710-5fee077e33e0,worker-ff554b7db2794fcca654a1b57f95035e-1544107698,True,104857601.0,91.76416696827192,8.718,10450.0,2024-11-12T12:58:22.968299556Z,2024-11-12T12:58:31.686866600Z,us_east
4092d50b-9e15-484d-89f1-56a49edc2eeb,c46680d9-7db6-4cf7-9710-5fee077e33e0,worker-6288fd7fb22c4ed3a3ecf2956fc3fb54-1544107698,True,104857601.0,91.08505153471415,8.783,10446.0,2024-11-12T12:58:22.953947450Z,2024-11-12T12:58:31.737211138Z,us_east
4092d50b-9e15-484d-89f1-56a49edc2eeb,c46680d9-7db6-4cf7-9710-5fee077e33e0,worker-a765493920fb47bf965b38720a93975e-1544107698,True,104857601.0,90.24252765136994,8.865,10440.0,2024-11-12T12:58:22.949145018Z,2024-11-12T12:58:31.814464484Z,us_east
4092d50b-9e15-484d-89f1-56a49edc2eeb,c46680d9-7db6-4cf7-9710-5fee077e33e0,worker-c54df69524f44e18a4b82a7e644e674d-1544107698,True,104857601.0,89.16629599079297,8.972,10439.0,2024-11-12T12:58:22.947865976Z,2024-11-12T12:58:31.920141725Z,us_east
4092d50b-9e15-484d-89f1-56a49edc2eeb,c46680d9-7db6-4cf7-9710-5fee077e33e0,worker-1f42b274d4f04ea6a8dee019a528feaa-1544107698,True,104857601.0,86.64572810889142,9.233,10466.0,2024-11-12T12:58:22.975290802Z,2024-11-12T12:58:32.208994982Z,us_east
0083d0bb-74c9-44b4-aa37-76aa6421652c,517b14a6-e014-49e5-815b-9aee535c6f3c,worker-d13164f093bb4ed3b524edf389cdea30-1544107698,True,16122830.0,2.049474850135348,60.019,11230.0,2024-11-12T12:54:03.133605492Z,2024-11-12T12:55:03.152808033Z,singapore
0083d0bb-74c9-44b4-aa37-76aa6421652c,517b14a6-e014-49e5-815b-9aee535c6f3c,worker-317859f7a4494b4f89441014bb0791a9-1544107698,True,17774998.0,2.259944215411197,60.007,11223.0,2024-11-12T12:54:03.131299102Z,2024-11-12T12:55:03.138610453Z,singapore
0083d0bb-74c9-44b4-aa37-76aa6421652c,517b14a6-e014-49e5-815b-9aee535c6f3c,worker-5e493b238cf348f6b37c7c7434581d2d-1544107698,True,16089526.0,2.045889027913411,60.0,11219.0,2024-11-12T12:54:03.133032526Z,2024-11-12T12:55:03.133422009Z,singapore
0083d0bb-74c9-44b4-aa37-76aa6421652c,517b14a6-e014-49e5-815b-9aee535c6f3c,worker-38837e2cab4d44d1b94eba46d6ed0752-1544107698,True,15529150.0,1.9746335347493489,60.0,11225.0,2024-11-12T12:54:03.127820834Z,2024-11-12T12:55:03.128463886Z,singapore
0083d0bb-74c9-44b4-aa37-76aa6421652c,517b14a6-e014-49e5-815b-9aee535c6f3c,worker-0ad6f0fdb17944d1baadcd6d7598af92-1544107698,True,14383782.0,1.8289924621582032,60.0,11235.0,2024-11-12T12:54:03.136556999Z,2024-11-12T12:55:03.137170639Z,singapore
0083d0bb-74c9-44b4-aa37-76aa6421652c,517b14a6-e014-49e5-815b-9aee535c6f3c,worker-358593d91ac04fceb00ee0bdccc24f20-1544107698,True,17546214.0,2.230744694813234,60.01,11236.0,2024-11-12T12:54:03.138454537Z,2024-11-12T12:55:03.148575665Z,singapore
0083d0bb-74c9-44b4-aa37-76aa6421652c,517b14a6-e014-49e5-815b-9aee535c6f3c,worker-530cf3818a79491980240c9408ecac94-1544107698,True,19405446.0,2.4669955441132285,60.013,11225.0,2024-11-12T12:54:03.128910040Z,2024-11-12T12:55:03.142749306Z,singapore
0083d0bb-74c9-44b4-aa37-76aa6421652c,517b14a6-e014-49e5-815b-9aee535c6f3c,worker-5f610ba13ac04a0a93228dcc653d54a7-1544107698,True,19936862.0,2.5345117124851857,60.014,11225.0,2024-11-12T12:54:03.130177950Z,2024-11-12T12:55:03.144259067Z,singapore
0083d0bb-74c9-44b4-aa37-76aa6421652c,517b14a6-e014-49e5-815b-9aee535c6f3c,worker-3109a4756c724d4387d76cb418f7b8a8-1544107698,True,17463678.0,2.219696616888146,60.025,11237.0,2024-11-12T12:54:03.147022046Z,2024-11-12T12:55:03.172600289Z,singapore
0083d0bb-74c9-44b4-aa37-76aa6421652c,517b14a6-e014-49e5-815b-9aee535c6f3c,worker-b003f28b8c3340cd8cf7f858546499ef-1544107698,True,23668358.0,3.0061303016342404,60.069,11228.0,2024-11-12T12:54:03.132256103Z,2024-11-12T12:55:03.201608748Z,singapore
0083d0bb-74c9-44b4-aa37-76aa6421652c,210c79e9-f8db-48a7-ad72-414605ca7f90,worker-317859f7a4494b4f89441014bb0791a9-1544107698,True,21516630.0,2.70411747002701,60.707,11125.0,2024-11-12T12:55:23.213824125Z,2024-11-12T12:56:23.920941646Z,singapore
0083d0bb-74c9-44b4-aa37-76aa6421652c,210c79e9-f8db-48a7-ad72-414605ca7f90,worker-d13164f093bb4ed3b524edf389cdea30-1544107698,True,17000318.0,2.136597202515624,60.705,11132.0,2024-11-12T12:55:23.220666329Z,2024-11-12T12:56:23.925683180Z,singapore
0083d0bb-74c9-44b4-aa37-76aa6421652c,210c79e9-f8db-48a7-ad72-414605ca7f90,worker-3109a4756c724d4387d76cb418f7b8a8-1544107698,True,23677046.0,2.974894194337385,60.722,11096.0,2024-11-12T12:55:23.190578094Z,2024-11-12T12:56:23.913122729Z,singapore
0083d0bb-74c9-44b4-aa37-76aa6421652c,210c79e9-f8db-48a7-ad72-414605ca7f90,worker-530cf3818a79491980240c9408ecac94-1544107698,True,15714494.0,1.9750601219867376,60.703,11132.0,2024-11-12T12:55:23.216364231Z,2024-11-12T12:56:23.919825319Z,singapore
0083d0bb-74c9-44b4-aa37-76aa6421652c,210c79e9-f8db-48a7-ad72-414605ca7f90,worker-0ad6f0fdb17944d1baadcd6d7598af92-1544107698,True,16888822.0,2.122444550331165,60.709,11131.0,2024-11-12T12:55:23.213003185Z,2024-11-12T12:56:23.922549150Z,singapore
0083d0bb-74c9-44b4-aa37-76aa6421652c,210c79e9-f8db-48a7-ad72-414605ca7f90,worker-5e493b238cf348f6b37c7c7434581d2d-1544107698,True,13277510.0,1.6681107609896288,60.727,11125.0,2024-11-12T12:55:23.208784103Z,2024-11-12T12:56:23.936753722Z,singapore
0083d0bb-74c9-44b4-aa37-76aa6421652c,210c79e9-f8db-48a7-ad72-414605ca7f90,worker-38837e2cab4d44d1b94eba46d6ed0752-1544107698,True,24019382.0,3.018105696413002,60.718,11135.0,2024-11-12T12:55:23.218528063Z,2024-11-12T12:56:23.937428699Z,singapore
0083d0bb-74c9-44b4-aa37-76aa6421652c,210c79e9-f8db-48a7-ad72-414605ca7f90,worker-5f610ba13ac04a0a93228dcc653d54a7-1544107698,True,14330206.0,1.7997134979684593,60.749,11087.0,2024-11-12T12:55:23.188384883Z,2024-11-12T12:56:23.937783452Z,singapore
0083d0bb-74c9-44b4-aa37-76aa6421652c,210c79e9-f8db-48a7-ad72-414605ca7f90,worker-b003f28b8c3340cd8cf7f858546499ef-1544107698,True,11564526.0,1.453236233111499,60.713,11132.0,2024-11-12T12:55:23.222871242Z,2024-11-12T12:56:23.936718047Z,singapore
0083d0bb-74c9-44b4-aa37-76aa6421652c,210c79e9-f8db-48a7-ad72-414605ca7f90,worker-358593d91ac04fceb00ee0bdccc24f20-1544107698,True,26128510.0,3.280584403911971,60.765,11089.0,2024-11-12T12:55:23.174795450Z,2024-11-12T12:56:23.940399940Z,singapore
a3eea625-18fb-42ab-b89a-fa90eb7428b1,1a3761e3-991c-41ae-8d59-7e06104019b4,worker-38837e2cab4d44d1b94eba46d6ed0752-1544107698,True,1004648.0,0.12769652067558393,60.024,10406.0,2024-11-12T12:51:06.909598912Z,2024-11-12T12:52:06.933628977Z,singapore
a3eea625-18fb-42ab-b89a-fa90eb7428b1,1a3761e3-991c-41ae-8d59-7e06104019b4,worker-0ad6f0fdb17944d1baadcd6d7598af92-1544107698,True,655542.0,0.08326349825702445,60.067,11013.0,2024-11-12T12:51:07.516776890Z,2024-11-12T12:52:07.584190394Z,singapore
a3eea625-18fb-42ab-b89a-fa90eb7428b1,1a3761e3-991c-41ae-8d59-7e06104019b4,worker-b003f28b8c3340cd8cf7f858546499ef-1544107698,True,859462.0,0.10917343216371728,60.062,11016.0,2024-11-12T12:51:07.519045500Z,2024-11-12T12:52:07.581423629Z,singapore
a3eea625-18fb-42ab-b89a-fa90eb7428b1,1a3761e3-991c-41ae-8d59-7e06104019b4,worker-d13164f093bb4ed3b524edf389cdea30-1544107698,True,966614.0,0.12267007494310668,60.118,11182.0,2024-11-12T12:51:07.691498735Z,2024-11-12T12:52:07.809564149Z,singapore
a3eea625-18fb-42ab-b89a-fa90eb7428b1,1a3761e3-991c-41ae-8d59-7e06104019b4,worker-530cf3818a79491980240c9408ecac94-1544107698,True,765342.0,0.09709333492967852,60.139,11617.0,2024-11-12T12:51:08.119354644Z,2024-11-12T12:52:08.258771626Z,singapore
a3eea625-18fb-42ab-b89a-fa90eb7428b1,1a3761e3-991c-41ae-8d59-7e06104019b4,worker-5e493b238cf348f6b37c7c7434581d2d-1544107698,True,802990.0,0.10082166273860242,60.764,11011.0,2024-11-12T12:51:07.514068999Z,2024-11-12T12:52:08.278660479Z,singapore
a3eea625-18fb-42ab-b89a-fa90eb7428b1,1a3761e3-991c-41ae-8d59-7e06104019b4,worker-358593d91ac04fceb00ee0bdccc24f20-1544107698,True,813126.0,0.10317249675892144,60.129,11665.0,2024-11-12T12:51:08.185311083Z,2024-11-12T12:52:08.314389430Z,singapore
a3eea625-18fb-42ab-b89a-fa90eb7428b1,1a3761e3-991c-41ae-8d59-7e06104019b4,worker-317859f7a4494b4f89441014bb0791a9-1544107698,True,772582.0,0.09818815088441284,60.031,12379.0,2024-11-12T12:51:08.888796252Z,2024-11-12T12:52:08.920648226Z,singapore
a3eea625-18fb-42ab-b89a-fa90eb7428b1,1a3761e3-991c-41ae-8d59-7e06104019b4,worker-5f610ba13ac04a0a93228dcc653d54a7-1544107698,True,766790.0,0.0974569106519822,60.028,12413.0,2024-11-12T12:51:08.921472675Z,2024-11-12T12:52:08.949641533Z,singapore
a3eea625-18fb-42ab-b89a-fa90eb7428b1,1a3761e3-991c-41ae-8d59-7e06104019b4,worker-3109a4756c724d4387d76cb418f7b8a8-1544107698,True,795750.0,0.10117641360290287,60.005,12706.0,2024-11-12T12:51:09.208433666Z,2024-11-12T12:52:09.214063728Z,singapore
a3eea625-18fb-42ab-b89a-fa90eb7428b1,300af3e0-149b-4b05-804c-141a221e22ad,worker-d13164f093bb4ed3b524edf389cdea30-1544107698,True,787310.0,0.09987195079140793,60.144,10412.0,2024-11-12T12:52:27.096587915Z,2024-11-12T12:53:27.241403184Z,singapore
a3eea625-18fb-42ab-b89a-fa90eb7428b1,300af3e0-149b-4b05-804c-141a221e22ad,worker-5e493b238cf348f6b37c7c7434581d2d-1544107698,True,810230.0,0.10276060728209936,60.155,11088.0,2024-11-12T12:52:27.772533330Z,2024-11-12T12:53:27.927677322Z,singapore
a3eea625-18fb-42ab-b89a-fa90eb7428b1,300af3e0-149b-4b05-804c-141a221e22ad,worker-0ad6f0fdb17944d1baadcd6d7598af92-1544107698,True,820366.0,0.10404614535821524,60.155,11091.0,2024-11-12T12:52:27.772578711Z,2024-11-12T12:53:27.927988179Z,singapore
a3eea625-18fb-42ab-b89a-fa90eb7428b1,300af3e0-149b-4b05-804c-141a221e22ad,worker-530cf3818a79491980240c9408ecac94-1544107698,True,811678.0,0.10310537111163548,60.061,11400.0,2024-11-12T12:52:28.085003091Z,2024-11-12T12:53:28.146845893Z,singapore
a3eea625-18fb-42ab-b89a-fa90eb7428b1,300af3e0-149b-4b05-804c-141a221e22ad,worker-3109a4756c724d4387d76cb418f7b8a8-1544107698,True,662534.0,0.08384449842200122,60.287,11375.0,2024-11-12T12:52:28.057165168Z,2024-11-12T12:53:28.344165413Z,singapore
a3eea625-18fb-42ab-b89a-fa90eb7428b1,300af3e0-149b-4b05-804c-141a221e22ad,worker-358593d91ac04fceb00ee0bdccc24f20-1544107698,True,642262.0,0.08160663153351132,60.045,11644.0,2024-11-12T12:52:28.329333964Z,2024-11-12T12:53:28.375165660Z,singapore
a3eea625-18fb-42ab-b89a-fa90eb7428b1,300af3e0-149b-4b05-804c-141a221e22ad,worker-5f610ba13ac04a0a93228dcc653d54a7-1544107698,True,620542.0,0.0788902176433203,60.012,11982.0,2024-11-12T12:52:28.665546446Z,2024-11-12T12:53:28.677834299Z,singapore
a3eea625-18fb-42ab-b89a-fa90eb7428b1,300af3e0-149b-4b05-804c-141a221e22ad,worker-b003f28b8c3340cd8cf7f858546499ef-1544107698,True,698734.0,0.08884269979332107,60.004,12014.0,2024-11-12T12:52:28.697434746Z,2024-11-12T12:53:28.701613970Z,singapore
a3eea625-18fb-42ab-b89a-fa90eb7428b1,300af3e0-149b-4b05-804c-141a221e22ad,worker-38837e2cab4d44d1b94eba46d6ed0752-1544107698,True,807334.0,0.10263558903057984,60.013,12109.0,2024-11-12T12:52:28.791911585Z,2024-11-12T12:53:28.805795341Z,singapore
a3eea625-18fb-42ab-b89a-fa90eb7428b1,300af3e0-149b-4b05-804c-141a221e22ad,worker-317859f7a4494b4f89441014bb0791a9-1544107698,True,2035238.0,0.258711968993022,60.019,20368.0,2024-11-12T12:52:37.050324259Z,2024-11-12T12:53:37.069618284Z,singapore
5173efe2-20d5-4131-a67e-8cfbd90a6eef,60402fe5-d6a8-4746-971a-8ce846c1f126,worker-55b74f68c378406fb338353f85e0bcc9-1544107698,True,104857601.0,479.0419207361644,1.67,17951.0,2024-11-12T12:49:19.153057402Z,2024-11-12T12:49:20.823345376Z,hong_kong
5173efe2-20d5-4131-a67e-8cfbd90a6eef,60402fe5-d6a8-4746-971a-8ce846c1f126,worker-5dc0276a95104f5c81ef45e31564ee42-1544107698,True,104857601.0,401.80814044670745,1.991,17874.0,2024-11-12T12:49:19.069107662Z,2024-11-12T12:49:21.060540774Z,hong_kong
5173efe2-20d5-4131-a67e-8cfbd90a6eef,60402fe5-d6a8-4746-971a-8ce846c1f126,worker-02bf2b91b53341b59db9a49c1bec78be-1544107698,True,104857601.0,293.04029583494304,2.73,17863.0,2024-11-12T12:49:19.062804588Z,2024-11-12T12:49:21.792939113Z,hong_kong
5173efe2-20d5-4131-a67e-8cfbd90a6eef,60402fe5-d6a8-4746-971a-8ce846c1f126,worker-32463579859f4033b734d6b0f66bede6-1544107698,True,104857601.0,202.42915172808569,3.952,17892.0,2024-11-12T12:49:19.099131486Z,2024-11-12T12:49:23.051516528Z,hong_kong
5173efe2-20d5-4131-a67e-8cfbd90a6eef,60402fe5-d6a8-4746-971a-8ce846c1f126,worker-3411be34b19249d79bc821e96ff58eb6-1544107698,True,104857601.0,201.61290514853692,3.968,17891.0,2024-11-12T12:49:19.088754873Z,2024-11-12T12:49:23.057092506Z,hong_kong
5173efe2-20d5-4131-a67e-8cfbd90a6eef,60402fe5-d6a8-4746-971a-8ce846c1f126,worker-336602893cc3403c94a6172053df72fe-1544107698,True,104857601.0,189.21476055567516,4.228,17929.0,2024-11-12T12:49:19.131821143Z,2024-11-12T12:49:23.360172386Z,hong_kong
5173efe2-20d5-4131-a67e-8cfbd90a6eef,60402fe5-d6a8-4746-971a-8ce846c1f126,worker-25a72e94d80445b3898ceb9973f89e90-1544107698,True,104857601.0,186.9595717759744,4.279,17931.0,2024-11-12T12:49:19.135705936Z,2024-11-12T12:49:23.415036634Z,hong_kong
5173efe2-20d5-4131-a67e-8cfbd90a6eef,60402fe5-d6a8-4746-971a-8ce846c1f126,worker-689fb313f2b34c80b499936d812a064b-1544107698,True,104857601.0,183.8657797355538,4.351,17914.0,2024-11-12T12:49:19.108656862Z,2024-11-12T12:49:23.460136533Z,hong_kong
5173efe2-20d5-4131-a67e-8cfbd90a6eef,60402fe5-d6a8-4746-971a-8ce846c1f126,worker-3495f46c836e49ec9c583308b2285bee-1544107698,True,104857601.0,172.78617875364893,4.63,17935.0,2024-11-12T12:49:19.138580222Z,2024-11-12T12:49:23.769376902Z,hong_kong
5173efe2-20d5-4131-a67e-8cfbd90a6eef,60402fe5-d6a8-4746-971a-8ce846c1f126,worker-7024dfbd6f2949cc8e64f0a18bf95c3a-1544107698,True,104857601.0,172.89820782999666,4.627,17942.0,2024-11-12T12:49:19.137386902Z,2024-11-12T12:49:23.765272940Z,hong_kong
5173efe2-20d5-4131-a67e-8cfbd90a6eef,75c26e75-ee0d-448b-afa0-52a856f2ad5f,worker-25a72e94d80445b3898ceb9973f89e90-1544107698,True,104857601.0,346.9210787638311,2.306,18998.0,2024-11-12T12:49:50.274599148Z,2024-11-12T12:49:52.581278123Z,hong_kong
5173efe2-20d5-4131-a67e-8cfbd90a6eef,75c26e75-ee0d-448b-afa0-52a856f2ad5f,worker-7024dfbd6f2949cc8e64f0a18bf95c3a-1544107698,True,104857601.0,282.18695154476,2.835,19050.0,2024-11-12T12:49:50.329635001Z,2024-11-12T12:49:53.165623520Z,hong_kong
5173efe2-20d5-4131-a67e-8cfbd90a6eef,75c26e75-ee0d-448b-afa0-52a856f2ad5f,worker-02bf2b91b53341b59db9a49c1bec78be-1544107698,True,104857601.0,270.1789961598766,2.961,18930.0,2024-11-12T12:49:50.212622001Z,2024-11-12T12:49:53.174584549Z,hong_kong
5173efe2-20d5-4131-a67e-8cfbd90a6eef,75c26e75-ee0d-448b-afa0-52a856f2ad5f,worker-3411be34b19249d79bc821e96ff58eb6-1544107698,True,104857601.0,245.5494191618768,3.258,19050.0,2024-11-12T12:49:50.338008678Z,2024-11-12T12:49:53.596145421Z,hong_kong
5173efe2-20d5-4131-a67e-8cfbd90a6eef,75c26e75-ee0d-448b-afa0-52a856f2ad5f,worker-32463579859f4033b734d6b0f66bede6-1544107698,True,104857601.0,204.23793914459907,3.917,19033.0,2024-11-12T12:49:50.312279561Z,2024-11-12T12:49:54.229753263Z,hong_kong
5173efe2-20d5-4131-a67e-8cfbd90a6eef,75c26e75-ee0d-448b-afa0-52a856f2ad5f,worker-3495f46c836e49ec9c583308b2285bee-1544107698,True,104857601.0,201.30850720417575,3.974,19036.0,2024-11-12T12:49:50.319153748Z,2024-11-12T12:49:54.293607716Z,hong_kong
5173efe2-20d5-4131-a67e-8cfbd90a6eef,75c26e75-ee0d-448b-afa0-52a856f2ad5f,worker-689fb313f2b34c80b499936d812a064b-1544107698,True,104857601.0,179.33199005366387,4.461,19030.0,2024-11-12T12:49:50.306393578Z,2024-11-12T12:49:54.767686208Z,hong_kong
5173efe2-20d5-4131-a67e-8cfbd90a6eef,75c26e75-ee0d-448b-afa0-52a856f2ad5f,worker-336602893cc3403c94a6172053df72fe-1544107698,True,104857601.0,176.40573486866472,4.535,19053.0,2024-11-12T12:49:50.335939468Z,2024-11-12T12:49:54.871321327Z,hong_kong
5173efe2-20d5-4131-a67e-8cfbd90a6eef,75c26e75-ee0d-448b-afa0-52a856f2ad5f,worker-55b74f68c378406fb338353f85e0bcc9-1544107698,True,104857601.0,171.67382137969838,4.66,19021.0,2024-11-12T12:49:50.297125861Z,2024-11-12T12:49:54.957754697Z,hong_kong
5173efe2-20d5-4131-a67e-8cfbd90a6eef,75c26e75-ee0d-448b-afa0-52a856f2ad5f,worker-5dc0276a95104f5c81ef45e31564ee42-1544107698,True,104857601.0,172.52534130459233,4.637,19067.0,2024-11-12T12:49:50.341992924Z,2024-11-12T12:49:54.979674651Z,hong_kong
50e3de30-efbe-4d79-8da6-13a09c1a83a7,57d0cb1e-cda7-4851-8a62-b7662ec2002e,worker-317859f7a4494b4f89441014bb0791a9-1544107698,True,104857601.0,394.8667362435314,2.026,27955.0,2024-11-12T12:48:38.990914088Z,2024-11-12T12:48:41.017143499Z,singapore
50e3de30-efbe-4d79-8da6-13a09c1a83a7,57d0cb1e-cda7-4851-8a62-b7662ec2002e,worker-d13164f093bb4ed3b524edf389cdea30-1544107698,True,104857601.0,366.1327266038419,2.185,28035.0,2024-11-12T12:48:39.065483118Z,2024-11-12T12:48:41.250783077Z,singapore
50e3de30-efbe-4d79-8da6-13a09c1a83a7,57d0cb1e-cda7-4851-8a62-b7662ec2002e,worker-3109a4756c724d4387d76cb418f7b8a8-1544107698,True,104857601.0,280.0140033704566,2.857,27945.0,2024-11-12T12:48:38.983851603Z,2024-11-12T12:48:41.841191293Z,singapore
50e3de30-efbe-4d79-8da6-13a09c1a83a7,57d0cb1e-cda7-4851-8a62-b7662ec2002e,worker-5f610ba13ac04a0a93228dcc653d54a7-1544107698,True,104857601.0,234.810686125446,3.407,28072.0,2024-11-12T12:48:39.106320357Z,2024-11-12T12:48:42.513817929Z,singapore
50e3de30-efbe-4d79-8da6-13a09c1a83a7,57d0cb1e-cda7-4851-8a62-b7662ec2002e,worker-5e493b238cf348f6b37c7c7434581d2d-1544107698,True,104857601.0,203.92556911276944,3.923,28090.0,2024-11-12T12:48:39.125406497Z,2024-11-12T12:48:43.048870666Z,singapore
50e3de30-efbe-4d79-8da6-13a09c1a83a7,57d0cb1e-cda7-4851-8a62-b7662ec2002e,worker-530cf3818a79491980240c9408ecac94-1544107698,True,104857601.0,84.87163246651755,9.426,28084.0,2024-11-12T12:48:39.115965224Z,2024-11-12T12:48:48.542787328Z,singapore
50e3de30-efbe-4d79-8da6-13a09c1a83a7,57d0cb1e-cda7-4851-8a62-b7662ec2002e,worker-38837e2cab4d44d1b94eba46d6ed0752-1544107698,True,104857601.0,84.50406756410632,9.467,28054.0,2024-11-12T12:48:39.094188682Z,2024-11-12T12:48:48.562103807Z,singapore
50e3de30-efbe-4d79-8da6-13a09c1a83a7,57d0cb1e-cda7-4851-8a62-b7662ec2002e,worker-358593d91ac04fceb00ee0bdccc24f20-1544107698,True,104857601.0,80.26487484994426,9.967,28109.0,2024-11-12T12:48:39.140620362Z,2024-11-12T12:48:49.107782125Z,singapore
50e3de30-efbe-4d79-8da6-13a09c1a83a7,57d0cb1e-cda7-4851-8a62-b7662ec2002e,worker-0ad6f0fdb17944d1baadcd6d7598af92-1544107698,True,104857601.0,76.87133733346734,10.407,28114.0,2024-11-12T12:48:39.144798389Z,2024-11-12T12:48:49.552189015Z,singapore
50e3de30-efbe-4d79-8da6-13a09c1a83a7,57d0cb1e-cda7-4851-8a62-b7662ec2002e,worker-b003f28b8c3340cd8cf7f858546499ef-1544107698,True,104857601.0,65.06710106786454,12.295,28112.0,2024-11-12T12:48:39.143416027Z,2024-11-12T12:48:51.439019962Z,singapore
50e3de30-efbe-4d79-8da6-13a09c1a83a7,544c0676-3d35-4521-9213-f200d01f6ab6,worker-d13164f093bb4ed3b524edf389cdea30-1544107698,True,104857601.0,434.78261284206224,1.84,30284.0,2024-11-12T12:50:31.642406519Z,2024-11-12T12:50:33.483320358Z,singapore
50e3de30-efbe-4d79-8da6-13a09c1a83a7,544c0676-3d35-4521-9213-f200d01f6ab6,worker-0ad6f0fdb17944d1baadcd6d7598af92-1544107698,True,104857601.0,299.7377323452209,2.669,30418.0,2024-11-12T12:50:31.772916245Z,2024-11-12T12:50:34.442300572Z,singapore
50e3de30-efbe-4d79-8da6-13a09c1a83a7,544c0676-3d35-4521-9213-f200d01f6ab6,worker-5f610ba13ac04a0a93228dcc653d54a7-1544107698,True,104857601.0,183.06636330192097,4.37,30404.0,2024-11-12T12:50:31.773485758Z,2024-11-12T12:50:36.144437936Z,singapore
50e3de30-efbe-4d79-8da6-13a09c1a83a7,544c0676-3d35-4521-9213-f200d01f6ab6,worker-317859f7a4494b4f89441014bb0791a9-1544107698,True,104857601.0,166.42396663810993,4.807,30324.0,2024-11-12T12:50:31.682264106Z,2024-11-12T12:50:36.489740778Z,singapore
50e3de30-efbe-4d79-8da6-13a09c1a83a7,544c0676-3d35-4521-9213-f200d01f6ab6,worker-530cf3818a79491980240c9408ecac94-1544107698,True,104857601.0,166.5972527341513,4.802,30280.0,2024-11-12T12:50:31.650122248Z,2024-11-12T12:50:36.452731946Z,singapore
50e3de30-efbe-4d79-8da6-13a09c1a83a7,544c0676-3d35-4521-9213-f200d01f6ab6,worker-38837e2cab4d44d1b94eba46d6ed0752-1544107698,True,104857601.0,160.0000015258789,5.0,30246.0,2024-11-12T12:50:31.620292476Z,2024-11-12T12:50:36.620978581Z,singapore
50e3de30-efbe-4d79-8da6-13a09c1a83a7,544c0676-3d35-4521-9213-f200d01f6ab6,worker-3109a4756c724d4387d76cb418f7b8a8-1544107698,True,104857601.0,123.74323397206412,6.465,30380.0,2024-11-12T12:50:31.742113393Z,2024-11-12T12:50:38.207205341Z,singapore
50e3de30-efbe-4d79-8da6-13a09c1a83a7,544c0676-3d35-4521-9213-f200d01f6ab6,worker-5e493b238cf348f6b37c7c7434581d2d-1544107698,True,104857601.0,120.1742538124372,6.657,30296.0,2024-11-12T12:50:31.652221465Z,2024-11-12T12:50:38.309952567Z,singapore
50e3de30-efbe-4d79-8da6-13a09c1a83a7,544c0676-3d35-4521-9213-f200d01f6ab6,worker-358593d91ac04fceb00ee0bdccc24f20-1544107698,True,104857601.0,90.25270844194432,8.864,30420.0,2024-11-12T12:50:31.782424705Z,2024-11-12T12:50:40.646817605Z,singapore
50e3de30-efbe-4d79-8da6-13a09c1a83a7,544c0676-3d35-4521-9213-f200d01f6ab6,worker-b003f28b8c3340cd8cf7f858546499ef-1544107698,True,104857601.0,69.45650352746956,11.518,29976.0,2024-11-12T12:50:31.340109294Z,2024-11-12T12:50:42.858112579Z,singapore
62146498-6d8b-4c39-a08b-62ea1e2bc0ec,b8bb508b-2fe0-44c6-8f94-bb857430e028,worker-7024dfbd6f2949cc8e64f0a18bf95c3a-1544107698,True,16205366.0,2.0577380124043785,60.084,11325.0,2024-11-12T12:45:31.897035384Z,2024-11-12T12:46:31.982032999Z,hong_kong
62146498-6d8b-4c39-a08b-62ea1e2bc0ec,b8bb508b-2fe0-44c6-8f94-bb857430e028,worker-25a72e94d80445b3898ceb9973f89e90-1544107698,True,16932262.0,2.1502531226820496,60.078,11340.0,2024-11-12T12:45:31.902764295Z,2024-11-12T12:46:31.980841156Z,hong_kong
62146498-6d8b-4c39-a08b-62ea1e2bc0ec,b8bb508b-2fe0-44c6-8f94-bb857430e028,worker-336602893cc3403c94a6172053df72fe-1544107698,True,17000318.0,2.1586800675506113,60.084,11326.0,2024-11-12T12:45:31.900471824Z,2024-11-12T12:46:31.984599946Z,hong_kong
62146498-6d8b-4c39-a08b-62ea1e2bc0ec,b8bb508b-2fe0-44c6-8f94-bb857430e028,worker-689fb313f2b34c80b499936d812a064b-1544107698,True,13960966.0,1.7727467820279472,60.084,11342.0,2024-11-12T12:45:31.903493647Z,2024-11-12T12:46:31.987707537Z,hong_kong
62146498-6d8b-4c39-a08b-62ea1e2bc0ec,b8bb508b-2fe0-44c6-8f94-bb857430e028,worker-5dc0276a95104f5c81ef45e31564ee42-1544107698,True,18061702.0,2.2928809208783374,60.099,11337.0,2024-11-12T12:45:31.897096025Z,2024-11-12T12:46:31.996127655Z,hong_kong
62146498-6d8b-4c39-a08b-62ea1e2bc0ec,b8bb508b-2fe0-44c6-8f94-bb857430e028,worker-3411be34b19249d79bc821e96ff58eb6-1544107698,True,21861254.0,2.7765628718805924,60.07,11348.0,2024-11-12T12:45:31.918525722Z,2024-11-12T12:46:31.988594002Z,hong_kong
62146498-6d8b-4c39-a08b-62ea1e2bc0ec,b8bb508b-2fe0-44c6-8f94-bb857430e028,worker-02bf2b91b53341b59db9a49c1bec78be-1544107698,True,23755238.0,3.0150067022515,60.112,11356.0,2024-11-12T12:45:31.917862436Z,2024-11-12T12:46:32.030836664Z,hong_kong
62146498-6d8b-4c39-a08b-62ea1e2bc0ec,b8bb508b-2fe0-44c6-8f94-bb857430e028,worker-3495f46c836e49ec9c583308b2285bee-1544107698,True,24496614.0,3.1077577053733445,60.138,11331.0,2024-11-12T12:45:31.900039070Z,2024-11-12T12:46:32.038282486Z,hong_kong
62146498-6d8b-4c39-a08b-62ea1e2bc0ec,b8bb508b-2fe0-44c6-8f94-bb857430e028,worker-55b74f68c378406fb338353f85e0bcc9-1544107698,True,22546158.0,2.8601708409553956,60.141,11333.0,2024-11-12T12:45:31.901796675Z,2024-11-12T12:46:32.042934628Z,hong_kong
62146498-6d8b-4c39-a08b-62ea1e2bc0ec,b8bb508b-2fe0-44c6-8f94-bb857430e028,worker-32463579859f4033b734d6b0f66bede6-1544107698,True,14826870.0,1.880632433808058,60.15,11342.0,2024-11-12T12:45:31.906923133Z,2024-11-12T12:46:32.056977961Z,hong_kong
62146498-6d8b-4c39-a08b-62ea1e2bc0ec,eb7857d4-48b8-4f33-b44d-45b4814cfd34,worker-55b74f68c378406fb338353f85e0bcc9-1544107698,True,17593998.0,2.228501380018319,60.234,11303.0,2024-11-12T12:46:52.093238944Z,2024-11-12T12:47:52.327483284Z,hong_kong
62146498-6d8b-4c39-a08b-62ea1e2bc0ec,eb7857d4-48b8-4f33-b44d-45b4814cfd34,worker-3411be34b19249d79bc821e96ff58eb6-1544107698,True,19676222.0,2.4914967224732942,60.252,11292.0,2024-11-12T12:46:52.080303517Z,2024-11-12T12:47:52.332678180Z,hong_kong
62146498-6d8b-4c39-a08b-62ea1e2bc0ec,eb7857d4-48b8-4f33-b44d-45b4814cfd34,worker-689fb313f2b34c80b499936d812a064b-1544107698,True,22753222.0,2.8803084088854503,60.269,11288.0,2024-11-12T12:46:52.073766154Z,2024-11-12T12:47:52.342816027Z,hong_kong
62146498-6d8b-4c39-a08b-62ea1e2bc0ec,eb7857d4-48b8-4f33-b44d-45b4814cfd34,worker-3495f46c836e49ec9c583308b2285bee-1544107698,True,14325862.0,1.812324288622441,60.308,11299.0,2024-11-12T12:46:52.091281593Z,2024-11-12T12:47:52.400278746Z,hong_kong
62146498-6d8b-4c39-a08b-62ea1e2bc0ec,eb7857d4-48b8-4f33-b44d-45b4814cfd34,worker-5dc0276a95104f5c81ef45e31564ee42-1544107698,True,33826078.0,4.26284265785986,60.54,11294.0,2024-11-12T12:46:52.079651585Z,2024-11-12T12:47:52.620362406Z,hong_kong
62146498-6d8b-4c39-a08b-62ea1e2bc0ec,eb7857d4-48b8-4f33-b44d-45b4814cfd34,worker-336602893cc3403c94a6172053df72fe-1544107698,True,14223054.0,1.7910325714307267,60.587,11287.0,2024-11-12T12:46:52.074455175Z,2024-11-12T12:47:52.662225287Z,hong_kong
62146498-6d8b-4c39-a08b-62ea1e2bc0ec,eb7857d4-48b8-4f33-b44d-45b4814cfd34,worker-32463579859f4033b734d6b0f66bede6-1544107698,True,15146038.0,1.9064094019088773,60.614,11295.0,2024-11-12T12:46:52.087426102Z,2024-11-12T12:47:52.702183285Z,hong_kong
62146498-6d8b-4c39-a08b-62ea1e2bc0ec,eb7857d4-48b8-4f33-b44d-45b4814cfd34,worker-02bf2b91b53341b59db9a49c1bec78be-1544107698,True,20537782.0,2.5742305882272536,60.869,11298.0,2024-11-12T12:46:52.088258260Z,2024-11-12T12:47:52.958166917Z,hong_kong
62146498-6d8b-4c39-a08b-62ea1e2bc0ec,eb7857d4-48b8-4f33-b44d-45b4814cfd34,worker-25a72e94d80445b3898ceb9973f89e90-1544107698,True,16576054.0,2.0747654909818007,60.954,11295.0,2024-11-12T12:46:52.081501629Z,2024-11-12T12:47:53.036206709Z,hong_kong
62146498-6d8b-4c39-a08b-62ea1e2bc0ec,eb7857d4-48b8-4f33-b44d-45b4814cfd34,worker-7024dfbd6f2949cc8e64f0a18bf95c3a-1544107698,True,21867654.0,2.7335981098254556,61.032,11288.0,2024-11-12T12:46:52.073271993Z,2024-11-12T12:47:53.105578496Z,hong_kong
0b9b7cf0-c0ee-405a-8ed4-a11bba457525,7772fb98-9d0e-4fd5-8913-6e60d0b9c8db,worker-3495f46c836e49ec9c583308b2285bee-1544107698,True,800094.0,0.10165419554173988,60.049,11591.0,2024-11-12T12:42:41.770014969Z,2024-11-12T12:43:41.819113812Z,hong_kong
0b9b7cf0-c0ee-405a-8ed4-a11bba457525,7772fb98-9d0e-4fd5-8913-6e60d0b9c8db,worker-5dc0276a95104f5c81ef45e31564ee42-1544107698,True,823510.0,0.1036967550286304,60.589,11127.0,2024-11-12T12:42:41.299054246Z,2024-11-12T12:43:41.888415486Z,hong_kong
0b9b7cf0-c0ee-405a-8ed4-a11bba457525,7772fb98-9d0e-4fd5-8913-6e60d0b9c8db,worker-7024dfbd6f2949cc8e64f0a18bf95c3a-1544107698,True,698734.0,0.08865358475351623,60.132,11597.0,2024-11-12T12:42:41.771123447Z,2024-11-12T12:43:41.903764789Z,hong_kong
0b9b7cf0-c0ee-405a-8ed4-a11bba457525,7772fb98-9d0e-4fd5-8913-6e60d0b9c8db,worker-55b74f68c378406fb338353f85e0bcc9-1544107698,True,788758.0,0.09971079619034476,60.352,11525.0,2024-11-12T12:42:41.702018869Z,2024-11-12T12:43:42.054211838Z,hong_kong
0b9b7cf0-c0ee-405a-8ed4-a11bba457525,7772fb98-9d0e-4fd5-8913-6e60d0b9c8db,worker-25a72e94d80445b3898ceb9973f89e90-1544107698,True,733486.0,0.09307211650780756,60.126,12203.0,2024-11-12T12:42:42.381312637Z,2024-11-12T12:43:42.507690283Z,hong_kong
0b9b7cf0-c0ee-405a-8ed4-a11bba457525,7772fb98-9d0e-4fd5-8913-6e60d0b9c8db,worker-689fb313f2b34c80b499936d812a064b-1544107698,True,884326.0,0.11090626866953,60.834,11532.0,2024-11-12T12:42:41.705145591Z,2024-11-12T12:43:42.539414909Z,hong_kong
0b9b7cf0-c0ee-405a-8ed4-a11bba457525,7772fb98-9d0e-4fd5-8913-6e60d0b9c8db,worker-32463579859f4033b734d6b0f66bede6-1544107698,True,714662.0,0.08983784278804764,60.692,11793.0,2024-11-12T12:42:41.967488743Z,2024-11-12T12:43:42.660204895Z,hong_kong
0b9b7cf0-c0ee-405a-8ed4-a11bba457525,7772fb98-9d0e-4fd5-8913-6e60d0b9c8db,worker-336602893cc3403c94a6172053df72fe-1544107698,True,901454.0,0.11443507849872608,60.1,12591.0,2024-11-12T12:42:42.765906451Z,2024-11-12T12:43:42.866897236Z,hong_kong
0b9b7cf0-c0ee-405a-8ed4-a11bba457525,7772fb98-9d0e-4fd5-8913-6e60d0b9c8db,worker-02bf2b91b53341b59db9a49c1bec78be-1544107698,True,721902.0,0.09152002610333064,60.18,12621.0,2024-11-12T12:42:42.826802268Z,2024-11-12T12:43:43.007605690Z,hong_kong
0b9b7cf0-c0ee-405a-8ed4-a11bba457525,7772fb98-9d0e-4fd5-8913-6e60d0b9c8db,worker-3411be34b19249d79bc821e96ff58eb6-1544107698,True,798646.0,0.10136387784144076,60.112,12780.0,2024-11-12T12:42:42.954497271Z,2024-11-12T12:43:43.066773723Z,hong_kong
0b9b7cf0-c0ee-405a-8ed4-a11bba457525,ef30abd9-8e8d-421d-bdb7-6e62b2450206,worker-5dc0276a95104f5c81ef45e31564ee42-1544107698,True,1184062.0,0.15019079848807837,60.148,11230.0,2024-11-12T12:44:01.581870012Z,2024-11-12T12:45:01.730526235Z,hong_kong
0b9b7cf0-c0ee-405a-8ed4-a11bba457525,ef30abd9-8e8d-421d-bdb7-6e62b2450206,worker-3411be34b19249d79bc821e96ff58eb6-1544107698,True,888422.0,0.11278823795663916,60.096,12877.0,2024-11-12T12:44:03.246522623Z,2024-11-12T12:45:03.343090766Z,hong_kong
0b9b7cf0-c0ee-405a-8ed4-a11bba457525,ef30abd9-8e8d-421d-bdb7-6e62b2450206,worker-32463579859f4033b734d6b0f66bede6-1544107698,True,871294.0,0.11011356290001388,60.369,12885.0,2024-11-12T12:44:03.241704493Z,2024-11-12T12:45:03.611014147Z,hong_kong
0b9b7cf0-c0ee-405a-8ed4-a11bba457525,ef30abd9-8e8d-421d-bdb7-6e62b2450206,worker-689fb313f2b34c80b499936d812a064b-1544107698,True,677014.0,0.08605666198796567,60.021,13266.0,2024-11-12T12:44:03.618427367Z,2024-11-12T12:45:03.640007518Z,hong_kong
0b9b7cf0-c0ee-405a-8ed4-a11bba457525,ef30abd9-8e8d-421d-bdb7-6e62b2450206,worker-7024dfbd6f2949cc8e64f0a18bf95c3a-1544107698,True,845230.0,0.1074013713675167,60.042,13289.0,2024-11-12T12:44:03.642120213Z,2024-11-12T12:45:03.684598942Z,hong_kong
0b9b7cf0-c0ee-405a-8ed4-a11bba457525,ef30abd9-8e8d-421d-bdb7-6e62b2450206,worker-336602893cc3403c94a6172053df72fe-1544107698,True,816270.0,0.10358692405228606,60.12,13247.0,2024-11-12T12:44:03.608795681Z,2024-11-12T12:45:03.729790553Z,hong_kong
0b9b7cf0-c0ee-405a-8ed4-a11bba457525,ef30abd9-8e8d-421d-bdb7-6e62b2450206,worker-55b74f68c378406fb338353f85e0bcc9-1544107698,True,708870.0,0.09001895672975894,60.079,13297.0,2024-11-12T12:44:03.664126968Z,2024-11-12T12:45:03.743320636Z,hong_kong
0b9b7cf0-c0ee-405a-8ed4-a11bba457525,ef30abd9-8e8d-421d-bdb7-6e62b2450206,worker-3495f46c836e49ec9c583308b2285bee-1544107698,True,682806.0,0.0862568527056444,60.394,13290.0,2024-11-12T12:44:03.644714214Z,2024-11-12T12:45:04.039425672Z,hong_kong
0b9b7cf0-c0ee-405a-8ed4-a11bba457525,ef30abd9-8e8d-421d-bdb7-6e62b2450206,worker-02bf2b91b53341b59db9a49c1bec78be-1544107698,True,603166.0,0.07494774237517814,61.4,12838.0,2024-11-12T12:44:03.200906705Z,2024-11-12T12:45:04.601567065Z,hong_kong
0b9b7cf0-c0ee-405a-8ed4-a11bba457525,ef30abd9-8e8d-421d-bdb7-6e62b2450206,worker-25a72e94d80445b3898ceb9973f89e90-1544107698,True,540902.0,0.0686888057514637,60.079,14532.0,2024-11-12T12:44:04.889291184Z,2024-11-12T12:45:04.968783642Z,hong_kong
6d99272a-566b-4aac-87a6-80f1152e79f4,596884e6-738a-4f59-a00d-f53267ade793,worker-bf1c6d1c461743559b7d622a7d564fe2-1544107698,False,,,,,,,us_east
6d99272a-566b-4aac-87a6-80f1152e79f4,596884e6-738a-4f59-a00d-f53267ade793,worker-8c80a74669cb44ad8bfeea0c05d33004-1544107698,False,,,,,,,us_east
6d99272a-566b-4aac-87a6-80f1152e79f4,596884e6-738a-4f59-a00d-f53267ade793,worker-6288fd7fb22c4ed3a3ecf2956fc3fb54-1544107698,False,,,,,,,us_east
6d99272a-566b-4aac-87a6-80f1152e79f4,596884e6-738a-4f59-a00d-f53267ade793,worker-0a6f3d35ad3a433fada434aa8c64db04-1544107698,False,,,,,,,us_east
6d99272a-566b-4aac-87a6-80f1152e79f4,596884e6-738a-4f59-a00d-f53267ade793,worker-c54df69524f44e18a4b82a7e644e674d-1544107698,False,,,,,,,us_east
6d99272a-566b-4aac-87a6-80f1152e79f4,596884e6-738a-4f59-a00d-f53267ade793,worker-1f42b274d4f04ea6a8dee019a528feaa-1544107698,False,,,,,,,us_east
6d99272a-566b-4aac-87a6-80f1152e79f4,596884e6-738a-4f59-a00d-f53267ade793,worker-a765493920fb47bf965b38720a93975e-1544107698,False,,,,,,,us_east
6d99272a-566b-4aac-87a6-80f1152e79f4,596884e6-738a-4f59-a00d-f53267ade793,worker-2e2509d5868e40acaa90a6f48bb6e7d5-1544107698,False,,,,,,,us_east
6d99272a-566b-4aac-87a6-80f1152e79f4,596884e6-738a-4f59-a00d-f53267ade793,worker-ff554b7db2794fcca654a1b57f95035e-1544107698,False,,,,,,,us_east
6d99272a-566b-4aac-87a6-80f1152e79f4,596884e6-738a-4f59-a00d-f53267ade793,worker-1a3fcd605aa14849ab91da96ea2f2a2b-1544107698,False,,,,,,,us_east
6d99272a-566b-4aac-87a6-80f1152e79f4,b88d8755-2b06-4a79-a4f3-1d772164f374,worker-6288fd7fb22c4ed3a3ecf2956fc3fb54-1544107698,True,1040230.0,0.13153330581968256,60.337,10890.0,2024-11-12T12:41:15.805053683Z,2024-11-12T12:42:16.143031303Z,us_east
6d99272a-566b-4aac-87a6-80f1152e79f4,b88d8755-2b06-4a79-a4f3-1d772164f374,worker-ff554b7db2794fcca654a1b57f95035e-1544107698,True,933310.0,0.11856781633437578,60.055,12173.0,2024-11-12T12:41:17.089740806Z,2024-11-12T12:42:17.145184093Z,us_east
6d99272a-566b-4aac-87a6-80f1152e79f4,b88d8755-2b06-4a79-a4f3-1d772164f374,worker-1a3fcd605aa14849ab91da96ea2f2a2b-1544107698,True,801542.0,0.1018076506462315,60.067,12166.0,2024-11-12T12:41:17.090277736Z,2024-11-12T12:42:17.157564432Z,us_east
6d99272a-566b-4aac-87a6-80f1152e79f4,b88d8755-2b06-4a79-a4f3-1d772164f374,worker-bf1c6d1c461743559b7d622a7d564fe2-1544107698,True,830502.0,0.10557915514700215,60.014,12354.0,2024-11-12T12:41:17.269679681Z,2024-11-12T12:42:17.284584449Z,us_east
6d99272a-566b-4aac-87a6-80f1152e79f4,b88d8755-2b06-4a79-a4f3-1d772164f374,worker-1f42b274d4f04ea6a8dee019a528feaa-1544107698,True,763894.0,0.09712605126330616,60.005,12412.0,2024-11-12T12:41:17.327502440Z,2024-11-12T12:42:17.333190414Z,us_east
6d99272a-566b-4aac-87a6-80f1152e79f4,b88d8755-2b06-4a79-a4f3-1d772164f374,worker-c54df69524f44e18a4b82a7e644e674d-1544107698,True,721902.0,0.09164947451366066,60.095,12404.0,2024-11-12T12:41:17.327632671Z,2024-11-12T12:42:17.422807105Z,us_east
6d99272a-566b-4aac-87a6-80f1152e79f4,b88d8755-2b06-4a79-a4f3-1d772164f374,worker-8c80a74669cb44ad8bfeea0c05d33004-1544107698,True,633574.0,0.08043574358502684,60.095,12413.0,2024-11-12T12:41:17.329125165Z,2024-11-12T12:42:17.424195716Z,us_east
6d99272a-566b-4aac-87a6-80f1152e79f4,b88d8755-2b06-4a79-a4f3-1d772164f374,worker-2e2509d5868e40acaa90a6f48bb6e7d5-1544107698,True,706222.0,0.08961109426128756,60.127,12415.0,2024-11-12T12:41:17.329393488Z,2024-11-12T12:42:17.456558870Z,us_east
6d99272a-566b-4aac-87a6-80f1152e79f4,b88d8755-2b06-4a79-a4f3-1d772164f374,worker-0a6f3d35ad3a433fada434aa8c64db04-1544107698,True,831950.0,0.1054714985090302,60.18,12412.0,2024-11-12T12:41:17.327791917Z,2024-11-12T12:42:17.508145227Z,us_east
6d99272a-566b-4aac-87a6-80f1152e79f4,b88d8755-2b06-4a79-a4f3-1d772164f374,worker-a765493920fb47bf965b38720a93975e-1544107698,True,587486.0,0.0744100284810734,60.236,12405.0,2024-11-12T12:41:17.327189890Z,2024-11-12T12:42:17.563477364Z,us_east
875f5273-bab0-467e-b1a1-0e03ef124b73,e427bc71-33e2-4342-8683-52bc508573e0,worker-6288fd7fb22c4ed3a3ecf2956fc3fb54-1544107698,True,997568.0,0.1265688791949378,60.132,10700.0,2024-11-12T12:38:05.193679769Z,2024-11-12T12:39:05.326485683Z,us_east
875f5273-bab0-467e-b1a1-0e03ef124b73,e427bc71-33e2-4342-8683-52bc508573e0,worker-c54df69524f44e18a4b82a7e644e674d-1544107698,True,845228.0,0.10743511455374398,60.023,12123.0,2024-11-12T12:38:06.617745036Z,2024-11-12T12:39:06.641401749Z,us_east
875f5273-bab0-467e-b1a1-0e03ef124b73,e427bc71-33e2-4342-8683-52bc508573e0,worker-ff554b7db2794fcca654a1b57f95035e-1544107698,True,876836.0,0.11146945351423208,60.014,12155.0,2024-11-12T12:38:06.666223381Z,2024-11-12T12:39:06.681214267Z,us_east
875f5273-bab0-467e-b1a1-0e03ef124b73,e427bc71-33e2-4342-8683-52bc508573e0,worker-1a3fcd605aa14849ab91da96ea2f2a2b-1544107698,True,944892.0,0.11989545224976925,60.127,12130.0,2024-11-12T12:38:06.624724422Z,2024-11-12T12:39:06.752179063Z,us_east
875f5273-bab0-467e-b1a1-0e03ef124b73,e427bc71-33e2-4342-8683-52bc508573e0,worker-a765493920fb47bf965b38720a93975e-1544107698,True,798892.0,0.10094839603596302,60.378,11927.0,2024-11-12T12:38:06.421581589Z,2024-11-12T12:39:06.800029958Z,us_east
875f5273-bab0-467e-b1a1-0e03ef124b73,e427bc71-33e2-4342-8683-52bc508573e0,worker-bf1c6d1c461743559b7d622a7d564fe2-1544107698,True,775476.0,0.09855595198340232,60.031,12410.0,2024-11-12T12:38:06.905734520Z,2024-11-12T12:39:06.937080844Z,us_east
875f5273-bab0-467e-b1a1-0e03ef124b73,e427bc71-33e2-4342-8683-52bc508573e0,worker-2e2509d5868e40acaa90a6f48bb6e7d5-1544107698,True,729140.0,0.0926038208901922,60.072,12376.0,2024-11-12T12:38:06.868451721Z,2024-11-12T12:39:06.940603015Z,us_east
875f5273-bab0-467e-b1a1-0e03ef124b73,e427bc71-33e2-4342-8683-52bc508573e0,worker-8c80a74669cb44ad8bfeea0c05d33004-1544107698,True,830748.0,0.10504854973144734,60.335,12160.0,2024-11-12T12:38:06.665542578Z,2024-11-12T12:39:07.001140247Z,us_east
875f5273-bab0-467e-b1a1-0e03ef124b73,e427bc71-33e2-4342-8683-52bc508573e0,worker-1f42b274d4f04ea6a8dee019a528feaa-1544107698,True,721900.0,0.09158673526854752,60.136,12398.0,2024-11-12T12:38:06.896819839Z,2024-11-12T12:39:07.032837186Z,us_east
875f5273-bab0-467e-b1a1-0e03ef124b73,e427bc71-33e2-4342-8683-52bc508573e0,worker-0a6f3d35ad3a433fada434aa8c64db04-1544107698,True,810228.0,0.10276718711684968,60.151,12407.0,2024-11-12T12:38:06.905862206Z,2024-11-12T12:39:07.057597171Z,us_east
875f5273-bab0-467e-b1a1-0e03ef124b73,7619e754-3cd6-438e-8f04-7b202b2dd570,worker-bf1c6d1c461743559b7d622a7d564fe2-1544107698,False,,,,,,,us_east
875f5273-bab0-467e-b1a1-0e03ef124b73,7619e754-3cd6-438e-8f04-7b202b2dd570,worker-1f42b274d4f04ea6a8dee019a528feaa-1544107698,False,,,,,,,us_east
875f5273-bab0-467e-b1a1-0e03ef124b73,7619e754-3cd6-438e-8f04-7b202b2dd570,worker-0a6f3d35ad3a433fada434aa8c64db04-1544107698,False,,,,,,,us_east
875f5273-bab0-467e-b1a1-0e03ef124b73,7619e754-3cd6-438e-8f04-7b202b2dd570,worker-8c80a74669cb44ad8bfeea0c05d33004-1544107698,False,,,,,,,us_east
875f5273-bab0-467e-b1a1-0e03ef124b73,7619e754-3cd6-438e-8f04-7b202b2dd570,worker-1a3fcd605aa14849ab91da96ea2f2a2b-1544107698,False,,,,,,,us_east
875f5273-bab0-467e-b1a1-0e03ef124b73,7619e754-3cd6-438e-8f04-7b202b2dd570,worker-c54df69524f44e18a4b82a7e644e674d-1544107698,False,,,,,,,us_east
875f5273-bab0-467e-b1a1-0e03ef124b73,7619e754-3cd6-438e-8f04-7b202b2dd570,worker-2e2509d5868e40acaa90a6f48bb6e7d5-1544107698,False,,,,,,,us_east
875f5273-bab0-467e-b1a1-0e03ef124b73,7619e754-3cd6-438e-8f04-7b202b2dd570,worker-a765493920fb47bf965b38720a93975e-1544107698,False,,,,,,,us_east
875f5273-bab0-467e-b1a1-0e03ef124b73,7619e754-3cd6-438e-8f04-7b202b2dd570,worker-6288fd7fb22c4ed3a3ecf2956fc3fb54-1544107698,False,,,,,,,us_east
875f5273-bab0-467e-b1a1-0e03ef124b73,7619e754-3cd6-438e-8f04-7b202b2dd570,worker-ff554b7db2794fcca654a1b57f95035e-1544107698,False,,,,,,,us_east
194b6fe7-6294-4564-91f8-63db94c08a87,88909834-c2f6-4070-bfb2-987725d5c101,worker-530cf3818a79491980240c9408ecac94-1544107698,True,967672.0,0.12267782427457212,60.18,11145.0,2024-11-12T12:35:10.257891758Z,2024-11-12T12:36:10.438632579Z,singapore
194b6fe7-6294-4564-91f8-63db94c08a87,88909834-c2f6-4070-bfb2-987725d5c101,worker-5e493b238cf348f6b37c7c7434581d2d-1544107698,True,898560.0,0.11405251796765822,60.108,12357.0,2024-11-12T12:35:11.464683356Z,2024-11-12T12:36:11.573654977Z,singapore
194b6fe7-6294-4564-91f8-63db94c08a87,88909834-c2f6-4070-bfb2-987725d5c101,worker-0ad6f0fdb17944d1baadcd6d7598af92-1544107698,True,695840.0,0.08829814866983235,60.124,12359.0,2024-11-12T12:35:11.464468852Z,2024-11-12T12:36:11.589265507Z,singapore
194b6fe7-6294-4564-91f8-63db94c08a87,88909834-c2f6-4070-bfb2-987725d5c101,worker-38837e2cab4d44d1b94eba46d6ed0752-1544107698,True,940552.0,0.11927136302699703,60.164,12956.0,2024-11-12T12:35:12.074639402Z,2024-11-12T12:36:12.238971334Z,singapore
194b6fe7-6294-4564-91f8-63db94c08a87,88909834-c2f6-4070-bfb2-987725d5c101,worker-d13164f093bb4ed3b524edf389cdea30-1544107698,True,565520.0,0.07183416071978589,60.063,13375.0,2024-11-12T12:35:12.485247230Z,2024-11-12T12:36:12.548584867Z,singapore
194b6fe7-6294-4564-91f8-63db94c08a87,88909834-c2f6-4070-bfb2-987725d5c101,worker-5f610ba13ac04a0a93228dcc653d54a7-1544107698,True,737832.0,0.09358311320955662,60.152,13367.0,2024-11-12T12:35:12.486792302Z,2024-11-12T12:36:12.639058902Z,singapore
194b6fe7-6294-4564-91f8-63db94c08a87,88909834-c2f6-4070-bfb2-987725d5c101,worker-b003f28b8c3340cd8cf7f858546499ef-1544107698,True,797200.0,0.1010929014080264,60.164,13379.0,2024-11-12T12:35:12.486445291Z,2024-11-12T12:36:12.651416866Z,singapore
194b6fe7-6294-4564-91f8-63db94c08a87,88909834-c2f6-4070-bfb2-987725d5c101,worker-358593d91ac04fceb00ee0bdccc24f20-1544107698,True,818920.0,0.10371103314129856,60.243,13373.0,2024-11-12T12:35:12.486236100Z,2024-11-12T12:36:12.730213965Z,singapore
194b6fe7-6294-4564-91f8-63db94c08a87,88909834-c2f6-4070-bfb2-987725d5c101,worker-317859f7a4494b4f89441014bb0791a9-1544107698,True,710320.0,0.08973112879273946,60.395,13379.0,2024-11-12T12:35:12.486054205Z,2024-11-12T12:36:12.881474853Z,singapore
194b6fe7-6294-4564-91f8-63db94c08a87,88909834-c2f6-4070-bfb2-987725d5c101,worker-3109a4756c724d4387d76cb418f7b8a8-1544107698,True,1023088.0,0.13007935860059827,60.006,14787.0,2024-11-12T12:35:13.894645655Z,2024-11-12T12:36:13.900816662Z,singapore
194b6fe7-6294-4564-91f8-63db94c08a87,312a0365-7d2b-45f0-add0-11c4a0e7a22c,worker-b003f28b8c3340cd8cf7f858546499ef-1544107698,True,930664.0,0.11744356134889096,60.458,11029.0,2024-11-12T12:36:35.326299679Z,2024-11-12T12:37:35.784838136Z,singapore
194b6fe7-6294-4564-91f8-63db94c08a87,312a0365-7d2b-45f0-add0-11c4a0e7a22c,worker-358593d91ac04fceb00ee0bdccc24f20-1544107698,True,939104.0,0.11918877650217093,60.113,11921.0,2024-11-12T12:36:36.219803978Z,2024-11-12T12:37:36.333231086Z,singapore
194b6fe7-6294-4564-91f8-63db94c08a87,312a0365-7d2b-45f0-add0-11c4a0e7a22c,worker-5f610ba13ac04a0a93228dcc653d54a7-1544107698,True,792856.0,0.10039519402623565,60.252,11915.0,2024-11-12T12:36:36.218962913Z,2024-11-12T12:37:36.471541363Z,singapore
194b6fe7-6294-4564-91f8-63db94c08a87,312a0365-7d2b-45f0-add0-11c4a0e7a22c,worker-5e493b238cf348f6b37c7c7434581d2d-1544107698,True,797200.0,0.10123761310816771,60.078,12230.0,2024-11-12T12:36:36.527112429Z,2024-11-12T12:37:36.605484085Z,singapore
194b6fe7-6294-4564-91f8-63db94c08a87,312a0365-7d2b-45f0-add0-11c4a0e7a22c,worker-d13164f093bb4ed3b524edf389cdea30-1544107698,True,901456.0,0.11440868144795724,60.114,12582.0,2024-11-12T12:36:36.878598072Z,2024-11-12T12:37:36.993341187Z,singapore
194b6fe7-6294-4564-91f8-63db94c08a87,312a0365-7d2b-45f0-add0-11c4a0e7a22c,worker-530cf3818a79491980240c9408ecac94-1544107698,True,697288.0,0.0884304136356364,60.159,12562.0,2024-11-12T12:36:36.869812679Z,2024-11-12T12:37:37.029137958Z,singapore
194b6fe7-6294-4564-91f8-63db94c08a87,312a0365-7d2b-45f0-add0-11c4a0e7a22c,worker-317859f7a4494b4f89441014bb0791a9-1544107698,True,655296.0,0.08321839836792783,60.077,13074.0,2024-11-12T12:36:37.382949487Z,2024-11-12T12:37:37.460017746Z,singapore
194b6fe7-6294-4564-91f8-63db94c08a87,312a0365-7d2b-45f0-add0-11c4a0e7a22c,worker-3109a4756c724d4387d76cb418f7b8a8-1544107698,True,736384.0,0.09334204028144676,60.189,13214.0,2024-11-12T12:36:37.510138088Z,2024-11-12T12:37:37.699608393Z,singapore
194b6fe7-6294-4564-91f8-63db94c08a87,312a0365-7d2b-45f0-add0-11c4a0e7a22c,worker-0ad6f0fdb17944d1baadcd6d7598af92-1544107698,True,1144720.0,0.14551502062402114,60.018,14014.0,2024-11-12T12:36:38.310021487Z,2024-11-12T12:37:38.328659696Z,singapore
194b6fe7-6294-4564-91f8-63db94c08a87,312a0365-7d2b-45f0-add0-11c4a0e7a22c,worker-38837e2cab4d44d1b94eba46d6ed0752-1544107698,True,972408.0,0.12363982863382024,60.004,16723.0,2024-11-12T12:36:41.030103525Z,2024-11-12T12:37:41.034831253Z,singapore
23971dd3-9346-452d-8fcc-8787633225a3,5d8af224-0d10-405b-a134-8635bd3e5d4d,worker-336602893cc3403c94a6172053df72fe-1544107698,True,970216.0,0.12300443093042723,60.178,11222.0,2024-11-12T12:32:19.949466591Z,2024-11-12T12:33:20.127777770Z,hong_kong
23971dd3-9346-452d-8fcc-8787633225a3,5d8af224-0d10-405b-a134-8635bd3e5d4d,worker-55b74f68c378406fb338353f85e0bcc9-1544107698,True,930736.0,0.1182605070936381,60.045,11423.0,2024-11-12T12:32:20.149463647Z,2024-11-12T12:33:20.195310499Z,hong_kong
23971dd3-9346-452d-8fcc-8787633225a3,5d8af224-0d10-405b-a134-8635bd3e5d4d,worker-689fb313f2b34c80b499936d812a064b-1544107698,True,764384.0,0.09694117339963096,60.158,11419.0,2024-11-12T12:32:20.147562399Z,2024-11-12T12:33:20.306416443Z,hong_kong
23971dd3-9346-452d-8fcc-8787633225a3,5d8af224-0d10-405b-a134-8635bd3e5d4d,worker-5dc0276a95104f5c81ef45e31564ee42-1544107698,True,672670.0,0.08551588521380264,60.013,12416.0,2024-11-12T12:32:21.142102848Z,2024-11-12T12:33:21.155664013Z,hong_kong
23971dd3-9346-452d-8fcc-8787633225a3,5d8af224-0d10-405b-a134-8635bd3e5d4d,worker-3495f46c836e49ec9c583308b2285bee-1544107698,True,892766.0,0.11329070952539733,60.122,12650.0,2024-11-12T12:32:21.379557421Z,2024-11-12T12:33:21.501933276Z,hong_kong
23971dd3-9346-452d-8fcc-8787633225a3,5d8af224-0d10-405b-a134-8635bd3e5d4d,worker-32463579859f4033b734d6b0f66bede6-1544107698,True,726246.0,0.09225623571391778,60.059,13264.0,2024-11-12T12:32:21.990487224Z,2024-11-12T12:33:22.050143808Z,hong_kong
23971dd3-9346-452d-8fcc-8787633225a3,5d8af224-0d10-405b-a134-8635bd3e5d4d,worker-7024dfbd6f2949cc8e64f0a18bf95c3a-1544107698,True,779822.0,0.0990093308839666,60.091,13250.0,2024-11-12T12:32:21.982647478Z,2024-11-12T12:33:22.074081338Z,hong_kong
23971dd3-9346-452d-8fcc-8787633225a3,5d8af224-0d10-405b-a134-8635bd3e5d4d,worker-3411be34b19249d79bc821e96ff58eb6-1544107698,True,936206.0,0.11878935183561072,60.129,13267.0,2024-11-12T12:32:21.994466960Z,2024-11-12T12:33:22.124451313Z,hong_kong
23971dd3-9346-452d-8fcc-8787633225a3,5d8af224-0d10-405b-a134-8635bd3e5d4d,worker-02bf2b91b53341b59db9a49c1bec78be-1544107698,True,874190.0,0.10975595973593294,60.767,12652.0,2024-11-12T12:32:21.382044826Z,2024-11-12T12:33:22.149315662Z,hong_kong
23971dd3-9346-452d-8fcc-8787633225a3,5d8af224-0d10-405b-a134-8635bd3e5d4d,worker-25a72e94d80445b3898ceb9973f89e90-1544107698,True,665430.0,0.08458560484721238,60.02,13444.0,2024-11-12T12:32:22.174899158Z,2024-11-12T12:33:22.195303923Z,hong_kong
23971dd3-9346-452d-8fcc-8787633225a3,a14f7205-7557-412a-bdee-93ddf94c114d,worker-32463579859f4033b734d6b0f66bede6-1544107698,True,925782.0,0.11620855755066942,60.78,11152.0,2024-11-12T12:33:40.045784949Z,2024-11-12T12:34:40.826676812Z,hong_kong
23971dd3-9346-452d-8fcc-8787633225a3,a14f7205-7557-412a-bdee-93ddf94c114d,worker-25a72e94d80445b3898ceb9973f89e90-1544107698,True,678710.0,0.0862262728307443,60.053,12431.0,2024-11-12T12:33:41.326716370Z,2024-11-12T12:34:41.379789988Z,hong_kong
23971dd3-9346-452d-8fcc-8787633225a3,a14f7205-7557-412a-bdee-93ddf94c114d,worker-689fb313f2b34c80b499936d812a064b-1544107698,True,905798.0,0.11512636492940156,60.027,12800.0,2024-11-12T12:33:41.699064325Z,2024-11-12T12:34:41.726224833Z,hong_kong
23971dd3-9346-452d-8fcc-8787633225a3,a14f7205-7557-412a-bdee-93ddf94c114d,worker-7024dfbd6f2949cc8e64f0a18bf95c3a-1544107698,True,913038.0,0.11588825507034616,60.109,12833.0,2024-11-12T12:33:41.738651380Z,2024-11-12T12:34:41.847775102Z,hong_kong
23971dd3-9346-452d-8fcc-8787633225a3,a14f7205-7557-412a-bdee-93ddf94c114d,worker-336602893cc3403c94a6172053df72fe-1544107698,True,727942.0,0.09250710763320652,60.036,13178.0,2024-11-12T12:33:42.073458540Z,2024-11-12T12:34:42.109615311Z,hong_kong
23971dd3-9346-452d-8fcc-8787633225a3,a14f7205-7557-412a-bdee-93ddf94c114d,worker-3411be34b19249d79bc821e96ff58eb6-1544107698,True,768238.0,0.09763932092652614,60.029,13213.0,2024-11-12T12:33:42.107762911Z,2024-11-12T12:34:42.137473529Z,hong_kong
23971dd3-9346-452d-8fcc-8787633225a3,a14f7205-7557-412a-bdee-93ddf94c114d,worker-55b74f68c378406fb338353f85e0bcc9-1544107698,True,704526.0,0.08956421520850863,60.014,13280.0,2024-11-12T12:33:42.173669367Z,2024-11-12T12:34:42.187914345Z,hong_kong
23971dd3-9346-452d-8fcc-8787633225a3,a14f7205-7557-412a-bdee-93ddf94c114d,worker-5dc0276a95104f5c81ef45e31564ee42-1544107698,True,726494.0,0.0922877395658592,60.059,13245.0,2024-11-12T12:33:42.138043059Z,2024-11-12T12:34:42.197175101Z,hong_kong
23971dd3-9346-452d-8fcc-8787633225a3,a14f7205-7557-412a-bdee-93ddf94c114d,worker-02bf2b91b53341b59db9a49c1bec78be-1544107698,True,947790.0,0.1203452358748034,60.086,13271.0,2024-11-12T12:33:42.169040216Z,2024-11-12T12:34:42.255185436Z,hong_kong
23971dd3-9346-452d-8fcc-8787633225a3,a14f7205-7557-412a-bdee-93ddf94c114d,worker-3495f46c836e49ec9c583308b2285bee-1544107698,True,914486.0,0.11610874500423844,60.09,14430.0,2024-11-12T12:33:43.324371441Z,2024-11-12T12:34:43.415079037Z,hong_kong
0995ff58-e2f1-4758-856a-199a1130cc48,750378f3-3e06-485d-8a2c-8fe16a9f1f84,worker-d13164f093bb4ed3b524edf389cdea30-1544107698,True,916988.0,0.11578860383677654,60.421,11197.0,2024-11-12T12:29:24.541886519Z,2024-11-12T12:30:24.963038104Z,singapore
0995ff58-e2f1-4758-856a-199a1130cc48,750378f3-3e06-485d-8a2c-8fe16a9f1f84,worker-530cf3818a79491980240c9408ecac94-1544107698,True,675564.0,0.08570243244278974,60.14,12577.0,2024-11-12T12:29:25.924177727Z,2024-11-12T12:30:26.064347256Z,singapore
0995ff58-e2f1-4758-856a-199a1130cc48,750378f3-3e06-485d-8a2c-8fe16a9f1f84,worker-0ad6f0fdb17944d1baadcd6d7598af92-1544107698,True,807332.0,0.1024305181132344,60.133,12845.0,2024-11-12T12:29:26.187923151Z,2024-11-12T12:30:26.321286903Z,singapore
0995ff58-e2f1-4758-856a-199a1130cc48,750378f3-3e06-485d-8a2c-8fe16a9f1f84,worker-38837e2cab4d44d1b94eba46d6ed0752-1544107698,True,903148.0,0.11478381496100908,60.03,13035.0,2024-11-12T12:29:26.380233148Z,2024-11-12T12:30:26.411138005Z,singapore
0995ff58-e2f1-4758-856a-199a1130cc48,750378f3-3e06-485d-8a2c-8fe16a9f1f84,worker-358593d91ac04fceb00ee0bdccc24f20-1544107698,True,730588.0,0.09285418867208974,60.029,13226.0,2024-11-12T12:29:26.571134754Z,2024-11-12T12:30:26.600208688Z,singapore
0995ff58-e2f1-4758-856a-199a1130cc48,750378f3-3e06-485d-8a2c-8fe16a9f1f84,worker-317859f7a4494b4f89441014bb0791a9-1544107698,True,957924.0,0.1215510781850302,60.126,13225.0,2024-11-12T12:29:26.569806873Z,2024-11-12T12:30:26.696172023Z,singapore
0995ff58-e2f1-4758-856a-199a1130cc48,750378f3-3e06-485d-8a2c-8fe16a9f1f84,worker-5f610ba13ac04a0a93228dcc653d54a7-1544107698,True,712012.0,0.09002536350051167,60.341,13022.0,2024-11-12T12:29:26.373988190Z,2024-11-12T12:30:26.715791185Z,singapore
0995ff58-e2f1-4758-856a-199a1130cc48,750378f3-3e06-485d-8a2c-8fe16a9f1f84,worker-5e493b238cf348f6b37c7c7434581d2d-1544107698,True,843532.0,0.10585279824557343,60.798,13179.0,2024-11-12T12:29:26.533039742Z,2024-11-12T12:30:27.331290882Z,singapore
0995ff58-e2f1-4758-856a-199a1130cc48,750378f3-3e06-485d-8a2c-8fe16a9f1f84,worker-b003f28b8c3340cd8cf7f858546499ef-1544107698,True,1067972.0,0.1357204919851441,60.035,14180.0,2024-11-12T12:29:27.525943289Z,2024-11-12T12:30:27.561050334Z,singapore
0995ff58-e2f1-4758-856a-199a1130cc48,750378f3-3e06-485d-8a2c-8fe16a9f1f84,worker-3109a4756c724d4387d76cb418f7b8a8-1544107698,True,630676.0,0.08011848785971036,60.057,14208.0,2024-11-12T12:29:27.556861339Z,2024-11-12T12:30:27.614137261Z,singapore
0995ff58-e2f1-4758-856a-199a1130cc48,0b063801-4312-4ae8-83dd-e317702afbcf,worker-3109a4756c724d4387d76cb418f7b8a8-1544107698,True,1015772.0,0.1287586452747537,60.188,10914.0,2024-11-12T12:30:49.440344392Z,2024-11-12T12:31:49.628739738Z,singapore
0995ff58-e2f1-4758-856a-199a1130cc48,0b063801-4312-4ae8-83dd-e317702afbcf,worker-38837e2cab4d44d1b94eba46d6ed0752-1544107698,True,868148.0,0.1096469548813155,60.407,12241.0,2024-11-12T12:30:50.765925063Z,2024-11-12T12:31:51.173099368Z,singapore
0995ff58-e2f1-4758-856a-199a1130cc48,0b063801-4312-4ae8-83dd-e317702afbcf,worker-530cf3818a79491980240c9408ecac94-1544107698,True,619092.0,0.07866655206589762,60.042,13002.0,2024-11-12T12:30:51.527093556Z,2024-11-12T12:31:51.569886511Z,singapore
0995ff58-e2f1-4758-856a-199a1130cc48,0b063801-4312-4ae8-83dd-e317702afbcf,worker-5f610ba13ac04a0a93228dcc653d54a7-1544107698,True,816020.0,0.10372254844627268,60.023,12997.0,2024-11-12T12:30:51.526122473Z,2024-11-12T12:31:51.549485755Z,singapore
0995ff58-e2f1-4758-856a-199a1130cc48,0b063801-4312-4ae8-83dd-e317702afbcf,worker-5e493b238cf348f6b37c7c7434581d2d-1544107698,True,817468.0,0.10387544992041896,60.041,13001.0,2024-11-12T12:30:51.526623133Z,2024-11-12T12:31:51.567624397Z,singapore
0995ff58-e2f1-4758-856a-199a1130cc48,0b063801-4312-4ae8-83dd-e317702afbcf,worker-317859f7a4494b4f89441014bb0791a9-1544107698,True,711764.0,0.0902182779674806,60.191,12999.0,2024-11-12T12:30:51.525201777Z,2024-11-12T12:31:51.716213413Z,singapore
0995ff58-e2f1-4758-856a-199a1130cc48,0b063801-4312-4ae8-83dd-e317702afbcf,worker-358593d91ac04fceb00ee0bdccc24f20-1544107698,True,726244.0,0.09210722125728314,60.156,12990.0,2024-11-12T12:30:51.526255774Z,2024-11-12T12:31:51.682922626Z,singapore
0995ff58-e2f1-4758-856a-199a1130cc48,0b063801-4312-4ae8-83dd-e317702afbcf,worker-d13164f093bb4ed3b524edf389cdea30-1544107698,True,775724.0,0.09832703843428103,60.19,13001.0,2024-11-12T12:30:51.526221421Z,2024-11-12T12:31:51.717197121Z,singapore
0995ff58-e2f1-4758-856a-199a1130cc48,0b063801-4312-4ae8-83dd-e317702afbcf,worker-b003f28b8c3340cd8cf7f858546499ef-1544107698,True,863804.0,0.10923393081071198,60.332,13000.0,2024-11-12T12:30:51.526056849Z,2024-11-12T12:31:51.858755853Z,singapore
0995ff58-e2f1-4758-856a-199a1130cc48,0b063801-4312-4ae8-83dd-e317702afbcf,worker-0ad6f0fdb17944d1baadcd6d7598af92-1544107698,True,933308.0,0.11853400837614654,60.072,14218.0,2024-11-12T12:30:52.742225281Z,2024-11-12T12:31:52.815215838Z,singapore
1555dffd-62cd-4024-bed5-42a0b2a4e0f7,dd144e66-a450-441f-88e6-2403277bccba,worker-ff554b7db2794fcca654a1b57f95035e-1544107698,True,104857601.0,93.92978837964009,8.517,10452.0,2024-11-12T12:28:18.635765681Z,2024-11-12T12:28:27.153757075Z,us_east
1555dffd-62cd-4024-bed5-42a0b2a4e0f7,dd144e66-a450-441f-88e6-2403277bccba,worker-a765493920fb47bf965b38720a93975e-1544107698,True,104857601.0,93.6329596944516,8.544,10448.0,2024-11-12T12:28:18.635492115Z,2024-11-12T12:28:27.180463495Z,us_east
1555dffd-62cd-4024-bed5-42a0b2a4e0f7,dd144e66-a450-441f-88e6-2403277bccba,worker-1f42b274d4f04ea6a8dee019a528feaa-1544107698,True,104857601.0,93.1098705341474,8.592,10441.0,2024-11-12T12:28:18.635908018Z,2024-11-12T12:28:27.228773304Z,us_east
1555dffd-62cd-4024-bed5-42a0b2a4e0f7,dd144e66-a450-441f-88e6-2403277bccba,worker-bf1c6d1c461743559b7d622a7d564fe2-1544107698,True,104857601.0,92.10223435751722,8.686,10473.0,2024-11-12T12:28:18.664263056Z,2024-11-12T12:28:27.350628132Z,us_east
1555dffd-62cd-4024-bed5-42a0b2a4e0f7,dd144e66-a450-441f-88e6-2403277bccba,worker-6288fd7fb22c4ed3a3ecf2956fc3fb54-1544107698,True,104857601.0,91.61704164331134,8.732,10447.0,2024-11-12T12:28:18.636047044Z,2024-11-12T12:28:27.368953794Z,us_east
1555dffd-62cd-4024-bed5-42a0b2a4e0f7,dd144e66-a450-441f-88e6-2403277bccba,worker-2e2509d5868e40acaa90a6f48bb6e7d5-1544107698,True,104857601.0,91.12655286813926,8.779,10472.0,2024-11-12T12:28:18.654568297Z,2024-11-12T12:28:27.434002772Z,us_east
1555dffd-62cd-4024-bed5-42a0b2a4e0f7,dd144e66-a450-441f-88e6-2403277bccba,worker-0a6f3d35ad3a433fada434aa8c64db04-1544107698,True,104857601.0,90.05966538662554,8.883,10473.0,2024-11-12T12:28:18.656043500Z,2024-11-12T12:28:27.539589026Z,us_east
1555dffd-62cd-4024-bed5-42a0b2a4e0f7,dd144e66-a450-441f-88e6-2403277bccba,worker-c54df69524f44e18a4b82a7e644e674d-1544107698,True,104857601.0,89.99887587235848,8.889,10474.0,2024-11-12T12:28:18.657135221Z,2024-11-12T12:28:27.546962134Z,us_east
1555dffd-62cd-4024-bed5-42a0b2a4e0f7,dd144e66-a450-441f-88e6-2403277bccba,worker-8c80a74669cb44ad8bfeea0c05d33004-1544107698,True,104857601.0,89.46544482547468,8.942,10466.0,2024-11-12T12:28:18.662957582Z,2024-11-12T12:28:27.605287542Z,us_east
1555dffd-62cd-4024-bed5-42a0b2a4e0f7,dd144e66-a450-441f-88e6-2403277bccba,worker-1a3fcd605aa14849ab91da96ea2f2a2b-1544107698,True,104857601.0,94.27292100275685,8.486,12289.0,2024-11-12T12:28:20.485482737Z,2024-11-12T12:28:28.971764207Z,us_east
1555dffd-62cd-4024-bed5-42a0b2a4e0f7,ce53945e-0bf2-44b2-a525-929291efb570,worker-8c80a74669cb44ad8bfeea0c05d33004-1544107698,True,104857601.0,94.67455711590468,8.45,10440.0,2024-11-12T12:28:48.693792619Z,2024-11-12T12:28:57.144118391Z,us_east
1555dffd-62cd-4024-bed5-42a0b2a4e0f7,ce53945e-0bf2-44b2-a525-929291efb570,worker-0a6f3d35ad3a433fada434aa8c64db04-1544107698,True,104857601.0,94.36187870127324,8.478,10439.0,2024-11-12T12:28:48.693462364Z,2024-11-12T12:28:57.172410033Z,us_east
1555dffd-62cd-4024-bed5-42a0b2a4e0f7,ce53945e-0bf2-44b2-a525-929291efb570,worker-c54df69524f44e18a4b82a7e644e674d-1544107698,True,104857601.0,94.18413087230924,8.494,10445.0,2024-11-12T12:28:48.701116947Z,2024-11-12T12:28:57.196101210Z,us_east
1555dffd-62cd-4024-bed5-42a0b2a4e0f7,ce53945e-0bf2-44b2-a525-929291efb570,worker-bf1c6d1c461743559b7d622a7d564fe2-1544107698,True,104857601.0,93.35978616284216,8.569,10449.0,2024-11-12T12:28:48.706176838Z,2024-11-12T12:28:57.275724545Z,us_east
1555dffd-62cd-4024-bed5-42a0b2a4e0f7,ce53945e-0bf2-44b2-a525-929291efb570,worker-2e2509d5868e40acaa90a6f48bb6e7d5-1544107698,True,104857601.0,92.4855500149589,8.65,10455.0,2024-11-12T12:28:48.709360692Z,2024-11-12T12:28:57.359448931Z,us_east
1555dffd-62cd-4024-bed5-42a0b2a4e0f7,ce53945e-0bf2-44b2-a525-929291efb570,worker-ff554b7db2794fcca654a1b57f95035e-1544107698,True,104857601.0,91.56461115135568,8.737,10452.0,2024-11-12T12:28:48.710466319Z,2024-11-12T12:28:57.448448339Z,us_east
1555dffd-62cd-4024-bed5-42a0b2a4e0f7,ce53945e-0bf2-44b2-a525-929291efb570,worker-1a3fcd605aa14849ab91da96ea2f2a2b-1544107698,True,104857601.0,90.950432881923,8.796,10458.0,2024-11-12T12:28:48.710476816Z,2024-11-12T12:28:57.507084472Z,us_east
1555dffd-62cd-4024-bed5-42a0b2a4e0f7,ce53945e-0bf2-44b2-a525-929291efb570,worker-6288fd7fb22c4ed3a3ecf2956fc3fb54-1544107698,True,104857601.0,90.60022736459734,8.83,10456.0,2024-11-12T12:28:48.715706006Z,2024-11-12T12:28:57.546197338Z,us_east
1555dffd-62cd-4024-bed5-42a0b2a4e0f7,ce53945e-0bf2-44b2-a525-929291efb570,worker-1f42b274d4f04ea6a8dee019a528feaa-1544107698,True,104857601.0,89.43543964554438,8.945,10461.0,2024-11-12T12:28:48.718449688Z,2024-11-12T12:28:57.664159560Z,us_east
1555dffd-62cd-4024-bed5-42a0b2a4e0f7,ce53945e-0bf2-44b2-a525-929291efb570,worker-a765493920fb47bf965b38720a93975e-1544107698,True,104857601.0,88.92841347592201,8.996,10460.0,2024-11-12T12:28:48.718285322Z,2024-11-12T12:28:57.715250728Z,us_east
d9ec93b7-a37b-4a66-89e1-b9e215e7c25d,7b912d1b-5b3b-4fad-89e5-adc5ffdcb4a8,worker-32463579859f4033b734d6b0f66bede6-1544107698,True,104857601.0,293.57798445115395,2.725,10066.0,2024-11-12T12:25:57.887453101Z,2024-11-12T12:26:00.613209115Z,hong_kong
d9ec93b7-a37b-4a66-89e1-b9e215e7c25d,7b912d1b-5b3b-4fad-89e5-adc5ffdcb4a8,worker-336602893cc3403c94a6172053df72fe-1544107698,True,104857601.0,250.46963294595943,3.194,10034.0,2024-11-12T12:25:57.854407554Z,2024-11-12T12:26:01.048886496Z,hong_kong
d9ec93b7-a37b-4a66-89e1-b9e215e7c25d,7b912d1b-5b3b-4fad-89e5-adc5ffdcb4a8,worker-3495f46c836e49ec9c583308b2285bee-1544107698,True,104857601.0,222.53129558536705,3.595,10057.0,2024-11-12T12:25:57.877996485Z,2024-11-12T12:26:01.473479615Z,hong_kong
d9ec93b7-a37b-4a66-89e1-b9e215e7c25d,7b912d1b-5b3b-4fad-89e5-adc5ffdcb4a8,worker-689fb313f2b34c80b499936d812a064b-1544107698,True,104857601.0,221.4226425766384,3.613,10051.0,2024-11-12T12:25:57.873744273Z,2024-11-12T12:26:01.486975981Z,hong_kong
d9ec93b7-a37b-4a66-89e1-b9e215e7c25d,7b912d1b-5b3b-4fad-89e5-adc5ffdcb4a8,worker-02bf2b91b53341b59db9a49c1bec78be-1544107698,True,104857601.0,218.10251025883164,3.668,10058.0,2024-11-12T12:25:57.880929766Z,2024-11-12T12:26:01.549553628Z,hong_kong
d9ec93b7-a37b-4a66-89e1-b9e215e7c25d,7b912d1b-5b3b-4fad-89e5-adc5ffdcb4a8,worker-3411be34b19249d79bc821e96ff58eb6-1544107698,True,104857601.0,214.649854475287,3.727,10052.0,2024-11-12T12:25:57.875237883Z,2024-11-12T12:26:01.602891153Z,hong_kong
d9ec93b7-a37b-4a66-89e1-b9e215e7c25d,7b912d1b-5b3b-4fad-89e5-adc5ffdcb4a8,worker-55b74f68c378406fb338353f85e0bcc9-1544107698,True,104857601.0,206.39835078157753,3.876,10048.0,2024-11-12T12:25:57.869935426Z,2024-11-12T12:26:01.746588248Z,hong_kong
d9ec93b7-a37b-4a66-89e1-b9e215e7c25d,7b912d1b-5b3b-4fad-89e5-adc5ffdcb4a8,worker-5dc0276a95104f5c81ef45e31564ee42-1544107698,True,104857601.0,178.6112988679157,4.479,10057.0,2024-11-12T12:25:57.876623262Z,2024-11-12T12:26:02.355833055Z,hong_kong
d9ec93b7-a37b-4a66-89e1-b9e215e7c25d,7b912d1b-5b3b-4fad-89e5-adc5ffdcb4a8,worker-7024dfbd6f2949cc8e64f0a18bf95c3a-1544107698,True,104857601.0,144.6393071107204,5.531,10051.0,2024-11-12T12:25:57.871463993Z,2024-11-12T12:26:03.403229988Z,hong_kong
d9ec93b7-a37b-4a66-89e1-b9e215e7c25d,7b912d1b-5b3b-4fad-89e5-adc5ffdcb4a8,worker-25a72e94d80445b3898ceb9973f89e90-1544107698,True,104857601.0,141.79369153303696,5.642,10051.0,2024-11-12T12:25:57.872560009Z,2024-11-12T12:26:03.514775842Z,hong_kong
d9ec93b7-a37b-4a66-89e1-b9e215e7c25d,60c2f62d-5c74-49bf-97cb-d19f1d318c0b,worker-3495f46c836e49ec9c583308b2285bee-1544107698,True,104857601.0,227.85531404995572,3.511,10032.0,2024-11-12T12:27:18.046077775Z,2024-11-12T12:27:21.557429126Z,hong_kong
d9ec93b7-a37b-4a66-89e1-b9e215e7c25d,60c2f62d-5c74-49bf-97cb-d19f1d318c0b,worker-5dc0276a95104f5c81ef45e31564ee42-1544107698,True,104857601.0,225.8610975802921,3.542,10021.0,2024-11-12T12:27:18.033528725Z,2024-11-12T12:27:21.576456839Z,hong_kong
d9ec93b7-a37b-4a66-89e1-b9e215e7c25d,60c2f62d-5c74-49bf-97cb-d19f1d318c0b,worker-689fb313f2b34c80b499936d812a064b-1544107698,True,104857601.0,221.3613745515757,3.614,10031.0,2024-11-12T12:27:18.044646767Z,2024-11-12T12:27:21.659262816Z,hong_kong
d9ec93b7-a37b-4a66-89e1-b9e215e7c25d,60c2f62d-5c74-49bf-97cb-d19f1d318c0b,worker-336602893cc3403c94a6172053df72fe-1544107698,True,104857601.0,214.53472985502668,3.729,10037.0,2024-11-12T12:27:18.049962730Z,2024-11-12T12:27:21.779859946Z,hong_kong
d9ec93b7-a37b-4a66-89e1-b9e215e7c25d,60c2f62d-5c74-49bf-97cb-d19f1d318c0b,worker-3411be34b19249d79bc821e96ff58eb6-1544107698,True,104857601.0,211.52829392633384,3.782,10009.0,2024-11-12T12:27:18.030679221Z,2024-11-12T12:27:21.813434050Z,hong_kong
d9ec93b7-a37b-4a66-89e1-b9e215e7c25d,60c2f62d-5c74-49bf-97cb-d19f1d318c0b,worker-7024dfbd6f2949cc8e64f0a18bf95c3a-1544107698,True,104857601.0,178.05475353425206,4.493,10035.0,2024-11-12T12:27:18.048463524Z,2024-11-12T12:27:22.542251420Z,hong_kong
d9ec93b7-a37b-4a66-89e1-b9e215e7c25d,60c2f62d-5c74-49bf-97cb-d19f1d318c0b,worker-25a72e94d80445b3898ceb9973f89e90-1544107698,True,104857601.0,147.6832209026019,5.417,10020.0,2024-11-12T12:27:18.051352455Z,2024-11-12T12:27:23.469077005Z,hong_kong
d9ec93b7-a37b-4a66-89e1-b9e215e7c25d,60c2f62d-5c74-49bf-97cb-d19f1d318c0b,worker-55b74f68c378406fb338353f85e0bcc9-1544107698,True,104857601.0,145.4545468417081,5.5,10032.0,2024-11-12T12:27:18.047350613Z,2024-11-12T12:27:23.547758738Z,hong_kong
d9ec93b7-a37b-4a66-89e1-b9e215e7c25d,60c2f62d-5c74-49bf-97cb-d19f1d318c0b,worker-32463579859f4033b734d6b0f66bede6-1544107698,True,104857601.0,144.3782724471024,5.541,10038.0,2024-11-12T12:27:18.056743647Z,2024-11-12T12:27:23.597836259Z,hong_kong
d9ec93b7-a37b-4a66-89e1-b9e215e7c25d,60c2f62d-5c74-49bf-97cb-d19f1d318c0b,worker-02bf2b91b53341b59db9a49c1bec78be-1544107698,True,104857601.0,143.36917699451516,5.58,10041.0,2024-11-12T12:27:18.054526923Z,2024-11-12T12:27:23.635406346Z,hong_kong
27c30a3a-e893-4d49-a059-691a9c68d28a,c5b4f757-4e3d-4bf5-9392-ff798c5de974,worker-c54df69524f44e18a4b82a7e644e674d-1544107698,True,104857601.0,92.1552825284408,8.681,10461.0,2024-11-12T12:26:23.339469641Z,2024-11-12T12:26:32.020526550Z,us_east
27c30a3a-e893-4d49-a059-691a9c68d28a,c5b4f757-4e3d-4bf5-9392-ff798c5de974,worker-8c80a74669cb44ad8bfeea0c05d33004-1544107698,True,104857601.0,92.26156240680366,8.671,10472.0,2024-11-12T12:26:23.352064347Z,2024-11-12T12:26:32.023301305Z,us_east
27c30a3a-e893-4d49-a059-691a9c68d28a,c5b4f757-4e3d-4bf5-9392-ff798c5de974,worker-1a3fcd605aa14849ab91da96ea2f2a2b-1544107698,True,104857601.0,91.42857230050224,8.75,10449.0,2024-11-12T12:26:23.339955655Z,2024-11-12T12:26:32.090379906Z,us_east
27c30a3a-e893-4d49-a059-691a9c68d28a,c5b4f757-4e3d-4bf5-9392-ff798c5de974,worker-0a6f3d35ad3a433fada434aa8c64db04-1544107698,True,104857601.0,91.55413225330678,8.738,10473.0,2024-11-12T12:26:23.353856392Z,2024-11-12T12:26:32.092794223Z,us_east
27c30a3a-e893-4d49-a059-691a9c68d28a,c5b4f757-4e3d-4bf5-9392-ff798c5de974,worker-a765493920fb47bf965b38720a93975e-1544107698,True,104857601.0,91.34505681998112,8.758,10469.0,2024-11-12T12:26:23.354730217Z,2024-11-12T12:26:32.112861459Z,us_east
27c30a3a-e893-4d49-a059-691a9c68d28a,c5b4f757-4e3d-4bf5-9392-ff798c5de974,worker-bf1c6d1c461743559b7d622a7d564fe2-1544107698,True,104857601.0,91.209669094675,8.771,10479.0,2024-11-12T12:26:23.359828495Z,2024-11-12T12:26:32.131762143Z,us_east
27c30a3a-e893-4d49-a059-691a9c68d28a,c5b4f757-4e3d-4bf5-9392-ff798c5de974,worker-6288fd7fb22c4ed3a3ecf2956fc3fb54-1544107698,True,104857601.0,90.96077403404144,8.795,10476.0,2024-11-12T12:26:23.356314964Z,2024-11-12T12:26:32.152277254Z,us_east
27c30a3a-e893-4d49-a059-691a9c68d28a,c5b4f757-4e3d-4bf5-9392-ff798c5de974,worker-2e2509d5868e40acaa90a6f48bb6e7d5-1544107698,True,104857601.0,88.42710375034757,9.047,10484.0,2024-11-12T12:26:23.361961153Z,2024-11-12T12:26:32.409952744Z,us_east
27c30a3a-e893-4d49-a059-691a9c68d28a,c5b4f757-4e3d-4bf5-9392-ff798c5de974,worker-1f42b274d4f04ea6a8dee019a528feaa-1544107698,True,104857601.0,66.3900421269207,12.05,10478.0,2024-11-12T12:26:23.358641304Z,2024-11-12T12:26:35.409396471Z,us_east
27c30a3a-e893-4d49-a059-691a9c68d28a,c5b4f757-4e3d-4bf5-9392-ff798c5de974,worker-ff554b7db2794fcca654a1b57f95035e-1544107698,True,104857601.0,59.10602198961171,13.535,10482.0,2024-11-12T12:26:23.363201988Z,2024-11-12T12:26:36.898856101Z,us_east
27c30a3a-e893-4d49-a059-691a9c68d28a,bb3e9226-f97d-4df5-8ed5-6e6b85816b91,worker-c54df69524f44e18a4b82a7e644e674d-1544107698,True,104857601.0,92.54974637082306,8.644,10435.0,2024-11-12T12:27:43.520326888Z,2024-11-12T12:27:52.164462098Z,us_east
27c30a3a-e893-4d49-a059-691a9c68d28a,bb3e9226-f97d-4df5-8ed5-6e6b85816b91,worker-bf1c6d1c461743559b7d622a7d564fe2-1544107698,True,104857601.0,91.9645945084946,8.699,10458.0,2024-11-12T12:27:43.537837849Z,2024-11-12T12:27:52.237231671Z,us_east
27c30a3a-e893-4d49-a059-691a9c68d28a,bb3e9226-f97d-4df5-8ed5-6e6b85816b91,worker-0a6f3d35ad3a433fada434aa8c64db04-1544107698,True,104857601.0,91.75364234767686,8.719,10454.0,2024-11-12T12:27:43.534153989Z,2024-11-12T12:27:52.254022903Z,us_east
27c30a3a-e893-4d49-a059-691a9c68d28a,bb3e9226-f97d-4df5-8ed5-6e6b85816b91,worker-a765493920fb47bf965b38720a93975e-1544107698,True,104857601.0,91.4494750376537,8.748,10451.0,2024-11-12T12:27:43.535804033Z,2024-11-12T12:27:52.283878355Z,us_east
27c30a3a-e893-4d49-a059-691a9c68d28a,bb3e9226-f97d-4df5-8ed5-6e6b85816b91,worker-6288fd7fb22c4ed3a3ecf2956fc3fb54-1544107698,True,104857601.0,91.1784827478225,8.774,10452.0,2024-11-12T12:27:43.537130125Z,2024-11-12T12:27:52.311697626Z,us_east
27c30a3a-e893-4d49-a059-691a9c68d28a,bb3e9226-f97d-4df5-8ed5-6e6b85816b91,worker-1f42b274d4f04ea6a8dee019a528feaa-1544107698,True,104857601.0,87.661626959171,9.126,10438.0,2024-11-12T12:27:43.518782141Z,2024-11-12T12:27:52.644834901Z,us_east
27c30a3a-e893-4d49-a059-691a9c68d28a,bb3e9226-f97d-4df5-8ed5-6e6b85816b91,worker-2e2509d5868e40acaa90a6f48bb6e7d5-1544107698,True,104857601.0,86.87153954060099,9.209,10459.0,2024-11-12T12:27:43.542337897Z,2024-11-12T12:27:52.751405098Z,us_east
27c30a3a-e893-4d49-a059-691a9c68d28a,bb3e9226-f97d-4df5-8ed5-6e6b85816b91,worker-1a3fcd605aa14849ab91da96ea2f2a2b-1544107698,True,104857601.0,86.63634477251402,9.234,10460.0,2024-11-12T12:27:43.540455777Z,2024-11-12T12:27:52.775399561Z,us_east
27c30a3a-e893-4d49-a059-691a9c68d28a,bb3e9226-f97d-4df5-8ed5-6e6b85816b91,worker-8c80a74669cb44ad8bfeea0c05d33004-1544107698,True,104857601.0,86.27197321572248,9.273,10459.0,2024-11-12T12:27:43.541971947Z,2024-11-12T12:27:52.815500959Z,us_east
27c30a3a-e893-4d49-a059-691a9c68d28a,bb3e9226-f97d-4df5-8ed5-6e6b85816b91,worker-ff554b7db2794fcca654a1b57f95035e-1544107698,True,104857601.0,81.25952337525591,9.845,10449.0,2024-11-12T12:27:43.529293904Z,2024-11-12T12:27:53.374659672Z,us_east
764df5aa-ae55-46db-b185-6d43be3bd179,f0dc35a3-4e0d-4b5f-91a9-46388d113690,worker-3109a4756c724d4387d76cb418f7b8a8-1544107698,True,104857601.0,272.3867918384047,2.937,10100.0,2024-11-12T12:25:32.877758665Z,2024-11-12T12:25:35.815188258Z,singapore
764df5aa-ae55-46db-b185-6d43be3bd179,f0dc35a3-4e0d-4b5f-91a9-46388d113690,worker-5e493b238cf348f6b37c7c7434581d2d-1544107698,True,104857601.0,256.57472983623944,3.118,10110.0,2024-11-12T12:25:32.874370436Z,2024-11-12T12:25:35.993109575Z,singapore
764df5aa-ae55-46db-b185-6d43be3bd179,f0dc35a3-4e0d-4b5f-91a9-46388d113690,worker-530cf3818a79491980240c9408ecac94-1544107698,True,104857601.0,226.24434604903692,3.536,10103.0,2024-11-12T12:25:32.878053228Z,2024-11-12T12:25:36.415034190Z,singapore
764df5aa-ae55-46db-b185-6d43be3bd179,f0dc35a3-4e0d-4b5f-91a9-46388d113690,worker-5f610ba13ac04a0a93228dcc653d54a7-1544107698,True,104857601.0,209.86359066878137,3.812,10122.0,2024-11-12T12:25:32.885529729Z,2024-11-12T12:25:36.698298030Z,singapore
764df5aa-ae55-46db-b185-6d43be3bd179,f0dc35a3-4e0d-4b5f-91a9-46388d113690,worker-0ad6f0fdb17944d1baadcd6d7598af92-1544107698,True,104857601.0,184.88560379694812,4.327,10121.0,2024-11-12T12:25:32.883690029Z,2024-11-12T12:25:37.211587594Z,singapore
764df5aa-ae55-46db-b185-6d43be3bd179,f0dc35a3-4e0d-4b5f-91a9-46388d113690,worker-d13164f093bb4ed3b524edf389cdea30-1544107698,True,104857601.0,159.52143721423622,5.015,10118.0,2024-11-12T12:25:32.882148928Z,2024-11-12T12:25:37.897382982Z,singapore
764df5aa-ae55-46db-b185-6d43be3bd179,f0dc35a3-4e0d-4b5f-91a9-46388d113690,worker-358593d91ac04fceb00ee0bdccc24f20-1544107698,True,104857601.0,147.24829884583002,5.433,10115.0,2024-11-12T12:25:32.879546282Z,2024-11-12T12:25:38.313482578Z,singapore
764df5aa-ae55-46db-b185-6d43be3bd179,f0dc35a3-4e0d-4b5f-91a9-46388d113690,worker-b003f28b8c3340cd8cf7f858546499ef-1544107698,True,104857601.0,143.67816228976196,5.568,10113.0,2024-11-12T12:25:32.880795783Z,2024-11-12T12:25:38.449603882Z,singapore
764df5aa-ae55-46db-b185-6d43be3bd179,f0dc35a3-4e0d-4b5f-91a9-46388d113690,worker-38837e2cab4d44d1b94eba46d6ed0752-1544107698,True,104857601.0,141.4177139171636,5.657,10104.0,2024-11-12T12:25:32.878304524Z,2024-11-12T12:25:38.536259075Z,singapore
764df5aa-ae55-46db-b185-6d43be3bd179,f0dc35a3-4e0d-4b5f-91a9-46388d113690,worker-317859f7a4494b4f89441014bb0791a9-1544107698,True,104857601.0,124.96095089493822,6.402,10116.0,2024-11-12T12:25:32.887823087Z,2024-11-12T12:25:39.290110850Z,singapore
764df5aa-ae55-46db-b185-6d43be3bd179,d186de20-a4da-4369-9864-3646ff421db6,worker-5e493b238cf348f6b37c7c7434581d2d-1544107698,True,104857601.0,245.1731558778408,3.263,10101.0,2024-11-12T12:26:53.055739022Z,2024-11-12T12:26:56.318857523Z,singapore
764df5aa-ae55-46db-b185-6d43be3bd179,d186de20-a4da-4369-9864-3646ff421db6,worker-3109a4756c724d4387d76cb418f7b8a8-1544107698,True,104857601.0,243.5312047578065,3.285,10090.0,2024-11-12T12:26:53.051950106Z,2024-11-12T12:26:56.337715035Z,singapore
764df5aa-ae55-46db-b185-6d43be3bd179,d186de20-a4da-4369-9864-3646ff421db6,worker-5f610ba13ac04a0a93228dcc653d54a7-1544107698,True,104857601.0,199.60080030673515,4.008,10086.0,2024-11-12T12:26:53.039607348Z,2024-11-12T12:26:57.047830241Z,singapore
764df5aa-ae55-46db-b185-6d43be3bd179,d186de20-a4da-4369-9864-3646ff421db6,worker-0ad6f0fdb17944d1baadcd6d7598af92-1544107698,True,104857601.0,183.78130200537436,4.353,10094.0,2024-11-12T12:26:53.049596208Z,2024-11-12T12:26:57.403107836Z,singapore
764df5aa-ae55-46db-b185-6d43be3bd179,d186de20-a4da-4369-9864-3646ff421db6,worker-d13164f093bb4ed3b524edf389cdea30-1544107698,True,104857601.0,163.76663411041855,4.885,10105.0,2024-11-12T12:26:53.058701842Z,2024-11-12T12:26:57.944701732Z,singapore
764df5aa-ae55-46db-b185-6d43be3bd179,d186de20-a4da-4369-9864-3646ff421db6,worker-530cf3818a79491980240c9408ecac94-1544107698,True,104857601.0,164.5751918595751,4.861,10100.0,2024-11-12T12:26:53.057135225Z,2024-11-12T12:26:57.918280878Z,singapore
764df5aa-ae55-46db-b185-6d43be3bd179,d186de20-a4da-4369-9864-3646ff421db6,worker-b003f28b8c3340cd8cf7f858546499ef-1544107698,True,104857601.0,156.4333217890877,5.114,10085.0,2024-11-12T12:26:53.043169904Z,2024-11-12T12:26:58.157201822Z,singapore
764df5aa-ae55-46db-b185-6d43be3bd179,d186de20-a4da-4369-9864-3646ff421db6,worker-38837e2cab4d44d1b94eba46d6ed0752-1544107698,True,104857601.0,150.63076777055065,5.311,10090.0,2024-11-12T12:26:53.048387242Z,2024-11-12T12:26:58.359672370Z,singapore
764df5aa-ae55-46db-b185-6d43be3bd179,d186de20-a4da-4369-9864-3646ff421db6,worker-358593d91ac04fceb00ee0bdccc24f20-1544107698,True,104857601.0,144.82259370553848,5.524,10104.0,2024-11-12T12:26:53.060184616Z,2024-11-12T12:26:58.584885062Z,singapore
764df5aa-ae55-46db-b185-6d43be3bd179,d186de20-a4da-4369-9864-3646ff421db6,worker-317859f7a4494b4f89441014bb0791a9-1544107698,True,104857601.0,105.48523307349612,7.584,10105.0,2024-11-12T12:26:53.061417960Z,2024-11-12T12:27:00.646364295Z,singapore
bd7c0ffe-0168-40d2-b8c2-fc5bb47063b6,882d53dd-4589-41d3-bc7a-179557a6db3c,worker-a765493920fb47bf965b38720a93975e-1544107698,True,21400788.0,2.7210241635137176,60.005,11426.0,2024-11-12T12:22:38.737674847Z,2024-11-12T12:23:38.742792399Z,us_east
bd7c0ffe-0168-40d2-b8c2-fc5bb47063b6,882d53dd-4589-41d3-bc7a-179557a6db3c,worker-8c80a74669cb44ad8bfeea0c05d33004-1544107698,True,15762276.0,2.003675935793481,60.018,11414.0,2024-11-12T12:22:38.727561201Z,2024-11-12T12:23:38.746541551Z,us_east
bd7c0ffe-0168-40d2-b8c2-fc5bb47063b6,882d53dd-4589-41d3-bc7a-179557a6db3c,worker-c54df69524f44e18a4b82a7e644e674d-1544107698,True,15998300.0,2.0338483750070298,60.013,11429.0,2024-11-12T12:22:38.741619871Z,2024-11-12T12:23:38.754697821Z,us_east
bd7c0ffe-0168-40d2-b8c2-fc5bb47063b6,882d53dd-4589-41d3-bc7a-179557a6db3c,worker-2e2509d5868e40acaa90a6f48bb6e7d5-1544107698,True,20359676.0,2.533220273531783,61.318,11417.0,2024-11-12T12:22:38.729667639Z,2024-11-12T12:23:40.048410582Z,us_east
bd7c0ffe-0168-40d2-b8c2-fc5bb47063b6,882d53dd-4589-41d3-bc7a-179557a6db3c,worker-1f42b274d4f04ea6a8dee019a528feaa-1544107698,True,13061756.0,1.6243934569166374,61.348,11412.0,2024-11-12T12:22:38.725703934Z,2024-11-12T12:23:40.074671815Z,us_east
bd7c0ffe-0168-40d2-b8c2-fc5bb47063b6,882d53dd-4589-41d3-bc7a-179557a6db3c,worker-bf1c6d1c461743559b7d622a7d564fe2-1544107698,True,23714692.0,2.9488353454442615,61.356,11412.0,2024-11-12T12:22:38.725869782Z,2024-11-12T12:23:40.082804343Z,us_east
bd7c0ffe-0168-40d2-b8c2-fc5bb47063b6,882d53dd-4589-41d3-bc7a-179557a6db3c,worker-0a6f3d35ad3a433fada434aa8c64db04-1544107698,True,15804268.0,1.9651709804848572,61.357,11410.0,2024-11-12T12:22:38.724777924Z,2024-11-12T12:23:40.082257368Z,us_east
bd7c0ffe-0168-40d2-b8c2-fc5bb47063b6,882d53dd-4589-41d3-bc7a-179557a6db3c,worker-ff554b7db2794fcca654a1b57f95035e-1544107698,True,17337700.0,2.156020236739685,61.352,11414.0,2024-11-12T12:22:38.728900571Z,2024-11-12T12:23:40.081675374Z,us_east
bd7c0ffe-0168-40d2-b8c2-fc5bb47063b6,882d53dd-4589-41d3-bc7a-179557a6db3c,worker-1a3fcd605aa14849ab91da96ea2f2a2b-1544107698,True,16334236.0,2.031235017775246,61.352,11411.0,2024-11-12T12:22:38.730906485Z,2024-11-12T12:23:40.083601675Z,us_east
bd7c0ffe-0168-40d2-b8c2-fc5bb47063b6,882d53dd-4589-41d3-bc7a-179557a6db3c,worker-6288fd7fb22c4ed3a3ecf2956fc3fb54-1544107698,True,21929308.0,2.727496169434748,61.341,11429.0,2024-11-12T12:22:38.742128179Z,2024-11-12T12:23:40.083428597Z,us_east
bd7c0ffe-0168-40d2-b8c2-fc5bb47063b6,f956fe34-1c6d-49b8-add7-ad96dbbc6704,worker-a765493920fb47bf965b38720a93975e-1544107698,True,21586132.0,2.744818623860677,60.0,11088.0,2024-11-12T12:23:58.577725361Z,2024-11-12T12:24:58.578301255Z,us_east
bd7c0ffe-0168-40d2-b8c2-fc5bb47063b6,f956fe34-1c6d-49b8-add7-ad96dbbc6704,worker-ff554b7db2794fcca654a1b57f95035e-1544107698,True,17803956.0,2.2638146151964205,60.002,11120.0,2024-11-12T12:23:58.610414678Z,2024-11-12T12:24:58.612722501Z,us_east
bd7c0ffe-0168-40d2-b8c2-fc5bb47063b6,f956fe34-1c6d-49b8-add7-ad96dbbc6704,worker-bf1c6d1c461743559b7d622a7d564fe2-1544107698,True,13652540.0,1.7359813005395224,60.001,11125.0,2024-11-12T12:23:58.614265347Z,2024-11-12T12:24:58.615694063Z,us_east
bd7c0ffe-0168-40d2-b8c2-fc5bb47063b6,f956fe34-1c6d-49b8-add7-ad96dbbc6704,worker-1a3fcd605aa14849ab91da96ea2f2a2b-1544107698,True,21474636.0,2.7302316395704707,60.009,11122.0,2024-11-12T12:23:58.612608814Z,2024-11-12T12:24:58.622003951Z,us_east
bd7c0ffe-0168-40d2-b8c2-fc5bb47063b6,f956fe34-1c6d-49b8-add7-ad96dbbc6704,worker-1f42b274d4f04ea6a8dee019a528feaa-1544107698,True,16696236.0,2.1230008105008147,60.001,11127.0,2024-11-12T12:23:58.621249346Z,2024-11-12T12:24:58.622791694Z,us_east
bd7c0ffe-0168-40d2-b8c2-fc5bb47063b6,f956fe34-1c6d-49b8-add7-ad96dbbc6704,worker-c54df69524f44e18a4b82a7e644e674d-1544107698,True,19925276.0,2.5334187442387615,60.005,11126.0,2024-11-12T12:23:58.616652013Z,2024-11-12T12:24:58.621970251Z,us_east
bd7c0ffe-0168-40d2-b8c2-fc5bb47063b6,f956fe34-1c6d-49b8-add7-ad96dbbc6704,worker-8c80a74669cb44ad8bfeea0c05d33004-1544107698,True,22407148.0,2.8491212361606175,60.002,11127.0,2024-11-12T12:23:58.620491444Z,2024-11-12T12:24:58.623413712Z,us_east
bd7c0ffe-0168-40d2-b8c2-fc5bb47063b6,f956fe34-1c6d-49b8-add7-ad96dbbc6704,worker-6288fd7fb22c4ed3a3ecf2956fc3fb54-1544107698,True,7088756.0,0.9013518925996736,60.002,11134.0,2024-11-12T12:23:58.623380370Z,2024-11-12T12:24:58.626345040Z,us_east
bd7c0ffe-0168-40d2-b8c2-fc5bb47063b6,f956fe34-1c6d-49b8-add7-ad96dbbc6704,worker-0a6f3d35ad3a433fada434aa8c64db04-1544107698,True,10629116.0,1.351539465715936,60.001,11134.0,2024-11-12T12:23:58.625737026Z,2024-11-12T12:24:58.627115115Z,us_east
bd7c0ffe-0168-40d2-b8c2-fc5bb47063b6,f956fe34-1c6d-49b8-add7-ad96dbbc6704,worker-2e2509d5868e40acaa90a6f48bb6e7d5-1544107698,True,20158404.0,2.563273620605469,60.0,11135.0,2024-11-12T12:23:58.626946983Z,2024-11-12T12:24:58.627483572Z,us_east
1f74596c-ef4b-4469-b225-391947f17174,ba69ad08-aa04-4401-9b76-53768b15554a,worker-6288fd7fb22c4ed3a3ecf2956fc3fb54-1544107698,True,104857601.0,46.194711146171294,17.318,11105.0,2024-11-12T12:20:08.037419703Z,2024-11-12T12:20:25.356274190Z,us_east
1f74596c-ef4b-4469-b225-391947f17174,ba69ad08-aa04-4401-9b76-53768b15554a,worker-1f42b274d4f04ea6a8dee019a528feaa-1544107698,True,104857601.0,46.55222622225165,17.185,11513.0,2024-11-12T12:20:08.467380380Z,2024-11-12T12:20:25.652481425Z,us_east
1f74596c-ef4b-4469-b225-391947f17174,ba69ad08-aa04-4401-9b76-53768b15554a,worker-8c80a74669cb44ad8bfeea0c05d33004-1544107698,True,104857601.0,29.38583630728014,27.224,11844.0,2024-11-12T12:20:08.787197664Z,2024-11-12T12:20:36.011891730Z,us_east
1f74596c-ef4b-4469-b225-391947f17174,ba69ad08-aa04-4401-9b76-53768b15554a,worker-2e2509d5868e40acaa90a6f48bb6e7d5-1544107698,True,104857601.0,27.04530113689637,29.58,10754.0,2024-11-12T12:20:07.690705063Z,2024-11-12T12:20:37.271672550Z,us_east
1f74596c-ef4b-4469-b225-391947f17174,ba69ad08-aa04-4401-9b76-53768b15554a,worker-a765493920fb47bf965b38720a93975e-1544107698,True,104857601.0,27.51126268542228,29.079,11417.0,2024-11-12T12:20:08.351771811Z,2024-11-12T12:20:37.431315539Z,us_east
1f74596c-ef4b-4469-b225-391947f17174,ba69ad08-aa04-4401-9b76-53768b15554a,worker-c54df69524f44e18a4b82a7e644e674d-1544107698,True,104857601.0,28.29854996920391,28.27,12255.0,2024-11-12T12:20:09.188734796Z,2024-11-12T12:20:37.459187574Z,us_east
1f74596c-ef4b-4469-b225-391947f17174,ba69ad08-aa04-4401-9b76-53768b15554a,worker-ff554b7db2794fcca654a1b57f95035e-1544107698,True,104857601.0,25.691255583974904,31.139,13061.0,2024-11-12T12:20:09.994591687Z,2024-11-12T12:20:41.133708812Z,us_east
1f74596c-ef4b-4469-b225-391947f17174,ba69ad08-aa04-4401-9b76-53768b15554a,worker-1a3fcd605aa14849ab91da96ea2f2a2b-1544107698,True,104857601.0,22.582284413408075,35.426,11988.0,2024-11-12T12:20:08.928341003Z,2024-11-12T12:20:44.354406566Z,us_east
1f74596c-ef4b-4469-b225-391947f17174,ba69ad08-aa04-4401-9b76-53768b15554a,worker-bf1c6d1c461743559b7d622a7d564fe2-1544107698,True,104857601.0,19.000118931941447,42.105,11669.0,2024-11-12T12:20:08.608037752Z,2024-11-12T12:20:50.713615693Z,us_east
1f74596c-ef4b-4469-b225-391947f17174,ba69ad08-aa04-4401-9b76-53768b15554a,worker-0a6f3d35ad3a433fada434aa8c64db04-1544107698,True,104857601.0,19.256691884012003,41.544,12842.0,2024-11-12T12:20:09.776694503Z,2024-11-12T12:20:51.321038658Z,us_east
1f74596c-ef4b-4469-b225-391947f17174,5a0c7500-f8d9-4fc2-b4aa-6417ad27ae1b,worker-8c80a74669cb44ad8bfeea0c05d33004-1544107698,True,104857601.0,46.54139319503139,17.189,11195.0,2024-11-12T12:21:13.321625684Z,2024-11-12T12:21:30.511581842Z,us_east
1f74596c-ef4b-4469-b225-391947f17174,5a0c7500-f8d9-4fc2-b4aa-6417ad27ae1b,worker-1a3fcd605aa14849ab91da96ea2f2a2b-1544107698,True,104857601.0,30.993336728242465,25.812,12146.0,2024-11-12T12:21:14.263398440Z,2024-11-12T12:21:40.075507712Z,us_east
1f74596c-ef4b-4469-b225-391947f17174,5a0c7500-f8d9-4fc2-b4aa-6417ad27ae1b,worker-6288fd7fb22c4ed3a3ecf2956fc3fb54-1544107698,True,104857601.0,28.40505637087752,28.164,11079.0,2024-11-12T12:21:13.192419823Z,2024-11-12T12:21:41.356986546Z,us_east
1f74596c-ef4b-4469-b225-391947f17174,5a0c7500-f8d9-4fc2-b4aa-6417ad27ae1b,worker-2e2509d5868e40acaa90a6f48bb6e7d5-1544107698,True,104857601.0,24.86016182813532,32.18,10758.0,2024-11-12T12:21:12.875440005Z,2024-11-12T12:21:45.055756161Z,us_east
1f74596c-ef4b-4469-b225-391947f17174,5a0c7500-f8d9-4fc2-b4aa-6417ad27ae1b,worker-a765493920fb47bf965b38720a93975e-1544107698,True,104857601.0,24.45137256645866,32.718,11863.0,2024-11-12T12:21:13.982456302Z,2024-11-12T12:21:46.700615407Z,us_east
1f74596c-ef4b-4469-b225-391947f17174,5a0c7500-f8d9-4fc2-b4aa-6417ad27ae1b,worker-ff554b7db2794fcca654a1b57f95035e-1544107698,True,104857601.0,19.980519184529943,40.039,12448.0,2024-11-12T12:21:14.567549579Z,2024-11-12T12:21:54.606643779Z,us_east
1f74596c-ef4b-4469-b225-391947f17174,5a0c7500-f8d9-4fc2-b4aa-6417ad27ae1b,worker-0a6f3d35ad3a433fada434aa8c64db04-1544107698,True,104857601.0,18.27026303764575,43.787,11351.0,2024-11-12T12:21:13.467399108Z,2024-11-12T12:21:57.254424802Z,us_east
1f74596c-ef4b-4469-b225-391947f17174,5a0c7500-f8d9-4fc2-b4aa-6417ad27ae1b,worker-1f42b274d4f04ea6a8dee019a528feaa-1544107698,True,104857601.0,17.304032004442693,46.232,11471.0,2024-11-12T12:21:13.584509430Z,2024-11-12T12:21:59.816856753Z,us_east
1f74596c-ef4b-4469-b225-391947f17174,5a0c7500-f8d9-4fc2-b4aa-6417ad27ae1b,worker-bf1c6d1c461743559b7d622a7d564fe2-1544107698,True,104857601.0,17.002826882093782,47.051,11602.0,2024-11-12T12:21:13.716923543Z,2024-11-12T12:22:00.768164805Z,us_east
1f74596c-ef4b-4469-b225-391947f17174,5a0c7500-f8d9-4fc2-b4aa-6417ad27ae1b,worker-c54df69524f44e18a4b82a7e644e674d-1544107698,True,104857601.0,13.60659933037494,58.795,12321.0,2024-11-12T12:21:14.441282662Z,2024-11-12T12:22:13.236628391Z,us_east
aa710fdc-3432-4be0-a4d6-ffce3511c2ec,5509c73a-583c-4db9-8bc0-bbf2a97bd30a,worker-3495f46c836e49ec9c583308b2285bee-1544107698,True,894460.0,0.11360960647979548,60.067,11402.0,2024-11-12T12:16:47.859067221Z,2024-11-12T12:17:47.926247643Z,hong_kong
aa710fdc-3432-4be0-a4d6-ffce3511c2ec,5509c73a-583c-4db9-8bc0-bbf2a97bd30a,worker-7024dfbd6f2949cc8e64f0a18bf95c3a-1544107698,True,1143268.0,0.14526993366342664,60.043,11547.0,2024-11-12T12:16:47.998835431Z,2024-11-12T12:17:48.042309269Z,hong_kong
aa710fdc-3432-4be0-a4d6-ffce3511c2ec,5509c73a-583c-4db9-8bc0-bbf2a97bd30a,worker-3411be34b19249d79bc821e96ff58eb6-1544107698,True,598820.0,0.07595906682411341,60.146,11499.0,2024-11-12T12:16:47.951711058Z,2024-11-12T12:17:48.097930931Z,hong_kong
aa710fdc-3432-4be0-a4d6-ffce3511c2ec,5509c73a-583c-4db9-8bc0-bbf2a97bd30a,worker-336602893cc3403c94a6172053df72fe-1544107698,True,600268.0,0.07628733669516884,60.032,11825.0,2024-11-12T12:16:48.282331752Z,2024-11-12T12:17:48.314802108Z,hong_kong
aa710fdc-3432-4be0-a4d6-ffce3511c2ec,5509c73a-583c-4db9-8bc0-bbf2a97bd30a,worker-5dc0276a95104f5c81ef45e31564ee42-1544107698,True,565516.0,0.07093607151463056,60.823,11067.0,2024-11-12T12:16:47.519204617Z,2024-11-12T12:17:48.342304843Z,hong_kong
aa710fdc-3432-4be0-a4d6-ffce3511c2ec,5509c73a-583c-4db9-8bc0-bbf2a97bd30a,worker-25a72e94d80445b3898ceb9973f89e90-1544107698,True,826156.0,0.10375423980838476,60.75,11395.0,2024-11-12T12:16:47.847860801Z,2024-11-12T12:17:48.598132511Z,hong_kong
aa710fdc-3432-4be0-a4d6-ffce3511c2ec,5509c73a-583c-4db9-8bc0-bbf2a97bd30a,worker-02bf2b91b53341b59db9a49c1bec78be-1544107698,True,345420.0,0.04333380677438749,60.815,12130.0,2024-11-12T12:16:48.583308155Z,2024-11-12T12:17:49.398513168Z,hong_kong
aa710fdc-3432-4be0-a4d6-ffce3511c2ec,5509c73a-583c-4db9-8bc0-bbf2a97bd30a,worker-55b74f68c378406fb338353f85e0bcc9-1544107698,True,1141820.0,0.14517298421303973,60.007,14962.0,2024-11-12T12:16:51.415218027Z,2024-11-12T12:17:51.422752173Z,hong_kong
aa710fdc-3432-4be0-a4d6-ffce3511c2ec,5509c73a-583c-4db9-8bc0-bbf2a97bd30a,worker-689fb313f2b34c80b499936d812a064b-1544107698,True,652396.0,0.077095870178736,64.561,11200.0,2024-11-12T12:16:47.652459097Z,2024-11-12T12:17:52.214328748Z,hong_kong
aa710fdc-3432-4be0-a4d6-ffce3511c2ec,5509c73a-583c-4db9-8bc0-bbf2a97bd30a,worker-32463579859f4033b734d6b0f66bede6-1544107698,True,1928820.0,0.1894964878860325,77.657,10642.0,2024-11-12T12:16:47.097538445Z,2024-11-12T12:18:04.755317281Z,hong_kong
aa710fdc-3432-4be0-a4d6-ffce3511c2ec,5fb9e803-0031-43c0-a2c4-9a251333eab3,worker-02bf2b91b53341b59db9a49c1bec78be-1544107698,True,2108236.0,0.2670257687924891,60.236,10918.0,2024-11-12T12:18:22.574554206Z,2024-11-12T12:19:22.811456132Z,hong_kong
aa710fdc-3432-4be0-a4d6-ffce3511c2ec,5fb9e803-0031-43c0-a2c4-9a251333eab3,worker-55b74f68c378406fb338353f85e0bcc9-1544107698,True,811676.0,0.10312572125342429,60.049,13641.0,2024-11-12T12:18:25.297513104Z,2024-11-12T12:19:25.346565282Z,hong_kong
aa710fdc-3432-4be0-a4d6-ffce3511c2ec,5fb9e803-0031-43c0-a2c4-9a251333eab3,worker-336602893cc3403c94a6172053df72fe-1544107698,True,614748.0,0.07809896142300055,60.054,13744.0,2024-11-12T12:18:25.402379092Z,2024-11-12T12:19:25.457070448Z,hong_kong
aa710fdc-3432-4be0-a4d6-ffce3511c2ec,5fb9e803-0031-43c0-a2c4-9a251333eab3,worker-3411be34b19249d79bc821e96ff58eb6-1544107698,True,797444.0,0.10131581836100126,60.05,13742.0,2024-11-12T12:18:25.415289989Z,2024-11-12T12:19:25.466189675Z,hong_kong
aa710fdc-3432-4be0-a4d6-ffce3511c2ec,5fb9e803-0031-43c0-a2c4-9a251333eab3,worker-25a72e94d80445b3898ceb9973f89e90-1544107698,True,986884.0,0.12480030817619672,60.331,13667.0,2024-11-12T12:18:25.323197222Z,2024-11-12T12:19:25.654463358Z,hong_kong
aa710fdc-3432-4be0-a4d6-ffce3511c2ec,5fb9e803-0031-43c0-a2c4-9a251333eab3,worker-689fb313f2b34c80b499936d812a064b-1544107698,True,941996.0,0.11863418836017456,60.58,13415.0,2024-11-12T12:18:25.070640310Z,2024-11-12T12:19:25.651478238Z,hong_kong
aa710fdc-3432-4be0-a4d6-ffce3511c2ec,5fb9e803-0031-43c0-a2c4-9a251333eab3,worker-5dc0276a95104f5c81ef45e31564ee42-1544107698,True,551284.0,0.06914972929708052,60.824,13463.0,2024-11-12T12:18:25.117687145Z,2024-11-12T12:19:25.942250203Z,hong_kong
aa710fdc-3432-4be0-a4d6-ffce3511c2ec,5fb9e803-0031-43c0-a2c4-9a251333eab3,worker-3495f46c836e49ec9c583308b2285bee-1544107698,True,768484.0,0.09767384055430264,60.027,15212.0,2024-11-12T12:18:26.871563390Z,2024-11-12T12:19:26.898668519Z,hong_kong
aa710fdc-3432-4be0-a4d6-ffce3511c2ec,5fb9e803-0031-43c0-a2c4-9a251333eab3,worker-32463579859f4033b734d6b0f66bede6-1544107698,True,503500.0,0.06046687570218916,63.529,13539.0,2024-11-12T12:18:25.193964980Z,2024-11-12T12:19:28.722991513Z,hong_kong
aa710fdc-3432-4be0-a4d6-ffce3511c2ec,5fb9e803-0031-43c0-a2c4-9a251333eab3,worker-7024dfbd6f2949cc8e64f0a18bf95c3a-1544107698,True,2320492.0,0.29501664680235584,60.01,29455.0,2024-11-12T12:18:41.111119923Z,2024-11-12T12:19:41.121171576Z,hong_kong
75ab2357-a408-40d4-b6ae-8b15df90c15f,b64e9450-e294-4bd6-a13c-17545105f102,worker-8c80a74669cb44ad8bfeea0c05d33004-1544107698,True,104857601.0,38.90104583658616,20.565,11162.0,2024-11-12T12:14:32.038943393Z,2024-11-12T12:14:52.604780489Z,us_east
75ab2357-a408-40d4-b6ae-8b15df90c15f,b64e9450-e294-4bd6-a13c-17545105f102,worker-ff554b7db2794fcca654a1b57f95035e-1544107698,True,104857601.0,31.382394775984405,25.492,11834.0,2024-11-12T12:14:32.712544840Z,2024-11-12T12:14:58.205223204Z,us_east
75ab2357-a408-40d4-b6ae-8b15df90c15f,b64e9450-e294-4bd6-a13c-17545105f102,worker-a765493920fb47bf965b38720a93975e-1544107698,True,104857601.0,27.83383228826785,28.742,12218.0,2024-11-12T12:14:33.100145291Z,2024-11-12T12:15:01.842694520Z,us_east
75ab2357-a408-40d4-b6ae-8b15df90c15f,b64e9450-e294-4bd6-a13c-17545105f102,worker-c54df69524f44e18a4b82a7e644e674d-1544107698,True,104857601.0,24.42375233183925,32.755,11646.0,2024-11-12T12:14:32.526014011Z,2024-11-12T12:15:05.281971945Z,us_east
75ab2357-a408-40d4-b6ae-8b15df90c15f,b64e9450-e294-4bd6-a13c-17545105f102,worker-6288fd7fb22c4ed3a3ecf2956fc3fb54-1544107698,True,104857601.0,23.612054178725376,33.881,11262.0,2024-11-12T12:14:32.139400093Z,2024-11-12T12:15:06.020635974Z,us_east
75ab2357-a408-40d4-b6ae-8b15df90c15f,b64e9450-e294-4bd6-a13c-17545105f102,worker-2e2509d5868e40acaa90a6f48bb6e7d5-1544107698,True,104857601.0,23.204548312721737,34.476,10923.0,2024-11-12T12:14:31.804561956Z,2024-11-12T12:15:06.280795940Z,us_east
75ab2357-a408-40d4-b6ae-8b15df90c15f,b64e9450-e294-4bd6-a13c-17545105f102,worker-1f42b274d4f04ea6a8dee019a528feaa-1544107698,True,104857601.0,23.342670624106983,34.272,11381.0,2024-11-12T12:14:32.259586745Z,2024-11-12T12:15:06.532065557Z,us_east
75ab2357-a408-40d4-b6ae-8b15df90c15f,b64e9450-e294-4bd6-a13c-17545105f102,worker-bf1c6d1c461743559b7d622a7d564fe2-1544107698,True,104857601.0,21.214532156706294,37.71,11032.0,2024-11-12T12:14:31.907250846Z,2024-11-12T12:15:09.617914317Z,us_east
75ab2357-a408-40d4-b6ae-8b15df90c15f,b64e9450-e294-4bd6-a13c-17545105f102,worker-1a3fcd605aa14849ab91da96ea2f2a2b-1544107698,True,104857601.0,20.76411979935098,38.528,12087.0,2024-11-12T12:14:32.967998324Z,2024-11-12T12:15:11.496897683Z,us_east
75ab2357-a408-40d4-b6ae-8b15df90c15f,b64e9450-e294-4bd6-a13c-17545105f102,worker-0a6f3d35ad3a433fada434aa8c64db04-1544107698,True,104857601.0,18.052578305977537,44.315,11511.0,2024-11-12T12:14:32.386627004Z,2024-11-12T12:15:16.702326663Z,us_east
75ab2357-a408-40d4-b6ae-8b15df90c15f,853eab54-9593-4467-91e7-1cd895cff0bf,worker-bf1c6d1c461743559b7d622a7d564fe2-1544107698,True,104857601.0,34.02228492087244,23.514,11016.0,2024-11-12T12:15:37.055390966Z,2024-11-12T12:16:00.569709516Z,us_east
75ab2357-a408-40d4-b6ae-8b15df90c15f,853eab54-9593-4467-91e7-1cd895cff0bf,worker-0a6f3d35ad3a433fada434aa8c64db04-1544107698,True,104857601.0,33.40152843845328,23.951,12268.0,2024-11-12T12:15:38.306667865Z,2024-11-12T12:16:02.257984347Z,us_east
75ab2357-a408-40d4-b6ae-8b15df90c15f,853eab54-9593-4467-91e7-1cd895cff0bf,worker-c54df69524f44e18a4b82a7e644e674d-1544107698,True,104857601.0,30.63725519414042,26.112,11229.0,2024-11-12T12:15:37.270960710Z,2024-11-12T12:16:03.383415892Z,us_east
75ab2357-a408-40d4-b6ae-8b15df90c15f,853eab54-9593-4467-91e7-1cd895cff0bf,worker-8c80a74669cb44ad8bfeea0c05d33004-1544107698,True,104857601.0,28.82467419576978,27.754,10903.0,2024-11-12T12:15:36.939447029Z,2024-11-12T12:16:04.693914226Z,us_east
75ab2357-a408-40d4-b6ae-8b15df90c15f,853eab54-9593-4467-91e7-1cd895cff0bf,worker-1f42b274d4f04ea6a8dee019a528feaa-1544107698,True,104857601.0,26.937841188948568,29.698,12384.0,2024-11-12T12:15:38.436562704Z,2024-11-12T12:16:08.134581093Z,us_east
75ab2357-a408-40d4-b6ae-8b15df90c15f,853eab54-9593-4467-91e7-1cd895cff0bf,worker-1a3fcd605aa14849ab91da96ea2f2a2b-1544107698,True,104857601.0,25.396825639028396,31.5,11591.0,2024-11-12T12:15:37.628189899Z,2024-11-12T12:16:09.128409356Z,us_east
75ab2357-a408-40d4-b6ae-8b15df90c15f,853eab54-9593-4467-91e7-1cd895cff0bf,worker-ff554b7db2794fcca654a1b57f95035e-1544107698,True,104857601.0,23.867060700778502,33.519,11128.0,2024-11-12T12:15:37.164095302Z,2024-11-12T12:16:10.683329727Z,us_east
75ab2357-a408-40d4-b6ae-8b15df90c15f,853eab54-9593-4467-91e7-1cd895cff0bf,worker-a765493920fb47bf965b38720a93975e-1544107698,True,104857601.0,23.44184978548933,34.127,11465.0,2024-11-12T12:15:37.505589551Z,2024-11-12T12:16:11.633547518Z,us_east
75ab2357-a408-40d4-b6ae-8b15df90c15f,853eab54-9593-4467-91e7-1cd895cff0bf,worker-2e2509d5868e40acaa90a6f48bb6e7d5-1544107698,True,104857601.0,19.936701164537457,40.127,11343.0,2024-11-12T12:15:37.382862351Z,2024-11-12T12:16:17.510057597Z,us_east
75ab2357-a408-40d4-b6ae-8b15df90c15f,853eab54-9593-4467-91e7-1cd895cff0bf,worker-6288fd7fb22c4ed3a3ecf2956fc3fb54-1544107698,True,104857601.0,17.81062866240832,44.917,12139.0,2024-11-12T12:15:38.175060344Z,2024-11-12T12:16:23.092310136Z,us_east
4c5bda2e-cf5b-4beb-8735-a712d13badaa,d5fa4f27-abd8-4a27-a8a8-61d50eb8ec3f,worker-32463579859f4033b734d6b0f66bede6-1544107698,True,104857601.0,74.3494430882337,10.76,10886.0,2024-11-12T12:12:21.447497692Z,2024-11-12T12:12:32.207684967Z,hong_kong
4c5bda2e-cf5b-4beb-8735-a712d13badaa,d5fa4f27-abd8-4a27-a8a8-61d50eb8ec3f,worker-02bf2b91b53341b59db9a49c1bec78be-1544107698,True,104857601.0,77.65482504653413,10.302,11628.0,2024-11-12T12:12:22.193009875Z,2024-11-12T12:12:32.495397954Z,hong_kong
4c5bda2e-cf5b-4beb-8735-a712d13badaa,d5fa4f27-abd8-4a27-a8a8-61d50eb8ec3f,worker-25a72e94d80445b3898ceb9973f89e90-1544107698,True,104857601.0,40.05206806996067,19.974,10679.0,2024-11-12T12:12:21.245250045Z,2024-11-12T12:12:41.219763418Z,hong_kong
4c5bda2e-cf5b-4beb-8735-a712d13badaa,d5fa4f27-abd8-4a27-a8a8-61d50eb8ec3f,worker-3411be34b19249d79bc821e96ff58eb6-1544107698,True,104857601.0,33.13727146174279,24.142,11201.0,2024-11-12T12:12:21.764035247Z,2024-11-12T12:12:45.906599234Z,hong_kong
4c5bda2e-cf5b-4beb-8735-a712d13badaa,d5fa4f27-abd8-4a27-a8a8-61d50eb8ec3f,worker-5dc0276a95104f5c81ef45e31564ee42-1544107698,True,104857601.0,32.38473090836718,24.703,10987.0,2024-11-12T12:12:21.549039203Z,2024-11-12T12:12:46.252327649Z,hong_kong
4c5bda2e-cf5b-4beb-8735-a712d13badaa,d5fa4f27-abd8-4a27-a8a8-61d50eb8ec3f,worker-689fb313f2b34c80b499936d812a064b-1544107698,True,104857601.0,29.45833514855818,27.157,10597.0,2024-11-12T12:12:21.158298875Z,2024-11-12T12:12:48.315535934Z,hong_kong
4c5bda2e-cf5b-4beb-8735-a712d13badaa,d5fa4f27-abd8-4a27-a8a8-61d50eb8ec3f,worker-336602893cc3403c94a6172053df72fe-1544107698,True,104857601.0,26.029804373963508,30.734,11356.0,2024-11-12T12:12:21.919714519Z,2024-11-12T12:12:52.653828671Z,hong_kong
4c5bda2e-cf5b-4beb-8735-a712d13badaa,d5fa4f27-abd8-4a27-a8a8-61d50eb8ec3f,worker-3495f46c836e49ec9c583308b2285bee-1544107698,True,104857601.0,25.10985585779644,31.86,10782.0,2024-11-12T12:12:21.344865249Z,2024-11-12T12:12:53.205327982Z,hong_kong
4c5bda2e-cf5b-4beb-8735-a712d13badaa,d5fa4f27-abd8-4a27-a8a8-61d50eb8ec3f,worker-7024dfbd6f2949cc8e64f0a18bf95c3a-1544107698,True,104857601.0,22.9937918955333,34.792,11085.0,2024-11-12T12:12:21.650344208Z,2024-11-12T12:12:56.443010033Z,hong_kong
4c5bda2e-cf5b-4beb-8735-a712d13badaa,d5fa4f27-abd8-4a27-a8a8-61d50eb8ec3f,worker-55b74f68c378406fb338353f85e0bcc9-1544107698,True,104857601.0,21.083146860703504,37.945,11743.0,2024-11-12T12:12:22.308605206Z,2024-11-12T12:13:00.254599923Z,hong_kong
4c5bda2e-cf5b-4beb-8735-a712d13badaa,95649ddf-e6d1-433c-a1be-b5bfd0a5e0ad,worker-336602893cc3403c94a6172053df72fe-1544107698,True,104857601.0,141.4177139171636,5.657,11273.0,2024-11-12T12:13:21.982845973Z,2024-11-12T12:13:27.640243473Z,hong_kong
4c5bda2e-cf5b-4beb-8735-a712d13badaa,95649ddf-e6d1-433c-a1be-b5bfd0a5e0ad,worker-3495f46c836e49ec9c583308b2285bee-1544107698,True,104857601.0,31.933578461974875,25.052,10427.0,2024-11-12T12:13:21.139793693Z,2024-11-12T12:13:46.192684845Z,hong_kong
4c5bda2e-cf5b-4beb-8735-a712d13badaa,95649ddf-e6d1-433c-a1be-b5bfd0a5e0ad,worker-02bf2b91b53341b59db9a49c1bec78be-1544107698,True,104857601.0,32.789573228518506,24.398,11488.0,2024-11-12T12:13:22.201486634Z,2024-11-12T12:13:46.599836740Z,hong_kong
4c5bda2e-cf5b-4beb-8735-a712d13badaa,95649ddf-e6d1-433c-a1be-b5bfd0a5e0ad,worker-689fb313f2b34c80b499936d812a064b-1544107698,True,104857601.0,23.659539456108433,33.813,10831.0,2024-11-12T12:13:21.540635034Z,2024-11-12T12:13:55.354523113Z,hong_kong
4c5bda2e-cf5b-4beb-8735-a712d13badaa,95649ddf-e6d1-433c-a1be-b5bfd0a5e0ad,worker-7024dfbd6f2949cc8e64f0a18bf95c3a-1544107698,True,104857601.0,22.456140565035636,35.625,11842.0,2024-11-12T12:13:22.554445356Z,2024-11-12T12:13:58.179748646Z,hong_kong
4c5bda2e-cf5b-4beb-8735-a712d13badaa,95649ddf-e6d1-433c-a1be-b5bfd0a5e0ad,worker-25a72e94d80445b3898ceb9973f89e90-1544107698,True,104857601.0,21.194298935765232,37.746,10721.0,2024-11-12T12:13:21.433093350Z,2024-11-12T12:13:59.179518395Z,hong_kong
4c5bda2e-cf5b-4beb-8735-a712d13badaa,95649ddf-e6d1-433c-a1be-b5bfd0a5e0ad,worker-5dc0276a95104f5c81ef45e31564ee42-1544107698,True,104857601.0,20.50230670500755,39.02,11728.0,2024-11-12T12:13:22.438484182Z,2024-11-12T12:14:01.459438793Z,hong_kong
4c5bda2e-cf5b-4beb-8735-a712d13badaa,95649ddf-e6d1-433c-a1be-b5bfd0a5e0ad,worker-3411be34b19249d79bc821e96ff58eb6-1544107698,True,104857601.0,19.261328252260668,41.534,11129.0,2024-11-12T12:13:21.841718572Z,2024-11-12T12:14:03.376034243Z,hong_kong
4c5bda2e-cf5b-4beb-8735-a712d13badaa,95649ddf-e6d1-433c-a1be-b5bfd0a5e0ad,worker-32463579859f4033b734d6b0f66bede6-1544107698,True,104857601.0,18.18016561288507,44.004,10935.0,2024-11-12T12:13:21.645662044Z,2024-11-12T12:14:05.650184330Z,hong_kong
4c5bda2e-cf5b-4beb-8735-a712d13badaa,95649ddf-e6d1-433c-a1be-b5bfd0a5e0ad,worker-55b74f68c378406fb338353f85e0bcc9-1544107698,True,104857601.0,16.90760012742824,47.316,10619.0,2024-11-12T12:13:21.334780859Z,2024-11-12T12:14:08.651564028Z,hong_kong
1b04431c-1f53-4eea-95bc-3d7c84cde6b0,fa8e7d91-f803-4f66-9844-492453bb183e,worker-1f42b274d4f04ea6a8dee019a528feaa-1544107698,True,668574.0,0.08491168629870717,60.072,10993.0,2024-11-12T12:07:20.813462857Z,2024-11-12T12:08:20.885811270Z,us_east
1b04431c-1f53-4eea-95bc-3d7c84cde6b0,fa8e7d91-f803-4f66-9844-492453bb183e,worker-c54df69524f44e18a4b82a7e644e674d-1544107698,True,876838.0,0.11138433303350297,60.06,11135.0,2024-11-12T12:07:20.962316651Z,2024-11-12T12:08:21.022538923Z,us_east
1b04431c-1f53-4eea-95bc-3d7c84cde6b0,fa8e7d91-f803-4f66-9844-492453bb183e,worker-6288fd7fb22c4ed3a3ecf2956fc3fb54-1544107698,True,1456286.0,0.18466543304085264,60.166,11046.0,2024-11-12T12:07:20.867979444Z,2024-11-12T12:08:21.034558350Z,us_east
1b04431c-1f53-4eea-95bc-3d7c84cde6b0,fa8e7d91-f803-4f66-9844-492453bb183e,worker-ff554b7db2794fcca654a1b57f95035e-1544107698,True,816270.0,0.10355936334347872,60.136,11417.0,2024-11-12T12:07:21.242458438Z,2024-11-12T12:08:21.379170547Z,us_east
1b04431c-1f53-4eea-95bc-3d7c84cde6b0,fa8e7d91-f803-4f66-9844-492453bb183e,worker-8c80a74669cb44ad8bfeea0c05d33004-1544107698,True,1049398.0,0.13342896077435984,60.004,11597.0,2024-11-12T12:07:21.435718963Z,2024-11-12T12:08:21.439802408Z,us_east
1b04431c-1f53-4eea-95bc-3d7c84cde6b0,fa8e7d91-f803-4f66-9844-492453bb183e,worker-2e2509d5868e40acaa90a6f48bb6e7d5-1544107698,True,669774.0,0.08501031596695122,60.11,11749.0,2024-11-12T12:07:21.572496733Z,2024-11-12T12:08:21.682935334Z,us_east
1b04431c-1f53-4eea-95bc-3d7c84cde6b0,fa8e7d91-f803-4f66-9844-492453bb183e,worker-a765493920fb47bf965b38720a93975e-1544107698,True,1249222.0,0.15762519631385408,60.465,11420.0,2024-11-12T12:07:21.246814855Z,2024-11-12T12:08:21.712575112Z,us_east
1b04431c-1f53-4eea-95bc-3d7c84cde6b0,fa8e7d91-f803-4f66-9844-492453bb183e,worker-0a6f3d35ad3a433fada434aa8c64db04-1544107698,True,881430.0,0.11041420608619468,60.905,11319.0,2024-11-12T12:07:21.143769315Z,2024-11-12T12:08:22.049656181Z,us_east
1b04431c-1f53-4eea-95bc-3d7c84cde6b0,fa8e7d91-f803-4f66-9844-492453bb183e,worker-1a3fcd605aa14849ab91da96ea2f2a2b-1544107698,True,98062.0,0.012403489613770972,60.318,14866.0,2024-11-12T12:07:24.693571549Z,2024-11-12T12:08:25.012053695Z,us_east
1b04431c-1f53-4eea-95bc-3d7c84cde6b0,fa8e7d91-f803-4f66-9844-492453bb183e,worker-bf1c6d1c461743559b7d622a7d564fe2-1544107698,True,15526.0,0.0011254748735575735,105.248,15847.0,2024-11-12T12:07:25.687162500Z,2024-11-12T12:09:10.935538945Z,us_east
1b04431c-1f53-4eea-95bc-3d7c84cde6b0,38f82f7a-4230-47b8-a84e-266bb4c09998,worker-0a6f3d35ad3a433fada434aa8c64db04-1544107698,True,1372054.0,0.17444533611378152,60.007,11230.0,2024-11-12T12:10:51.552264205Z,2024-11-12T12:11:51.560028566Z,us_east
1b04431c-1f53-4eea-95bc-3d7c84cde6b0,38f82f7a-4230-47b8-a84e-266bb4c09998,worker-c54df69524f44e18a4b82a7e644e674d-1544107698,True,1469318.0,0.1867867485439838,60.015,11321.0,2024-11-12T12:10:51.647718107Z,2024-11-12T12:11:51.663133750Z,us_east
1b04431c-1f53-4eea-95bc-3d7c84cde6b0,38f82f7a-4230-47b8-a84e-266bb4c09998,worker-8c80a74669cb44ad8bfeea0c05d33004-1544107698,True,1089942.0,0.1382821573822181,60.135,11226.0,2024-11-12T12:10:51.553900013Z,2024-11-12T12:11:51.688943742Z,us_east
1b04431c-1f53-4eea-95bc-3d7c84cde6b0,38f82f7a-4230-47b8-a84e-266bb4c09998,worker-6288fd7fb22c4ed3a3ecf2956fc3fb54-1544107698,True,204966.0,0.026010753151899327,60.12,11310.0,2024-11-12T12:10:51.643177502Z,2024-11-12T12:11:51.763290011Z,us_east
1b04431c-1f53-4eea-95bc-3d7c84cde6b0,38f82f7a-4230-47b8-a84e-266bb4c09998,worker-1f42b274d4f04ea6a8dee019a528feaa-1544107698,True,1376646.0,0.1747612350266591,60.099,11512.0,2024-11-12T12:10:51.842544298Z,2024-11-12T12:11:51.941665537Z,us_east
1b04431c-1f53-4eea-95bc-3d7c84cde6b0,38f82f7a-4230-47b8-a84e-266bb4c09998,worker-a765493920fb47bf965b38720a93975e-1544107698,True,1404158.0,0.17740366910445854,60.387,11423.0,2024-11-12T12:10:51.745750795Z,2024-11-12T12:11:52.133414480Z,us_east
1b04431c-1f53-4eea-95bc-3d7c84cde6b0,38f82f7a-4230-47b8-a84e-266bb4c09998,worker-2e2509d5868e40acaa90a6f48bb6e7d5-1544107698,True,280510.0,0.034708424585808265,61.66,10807.0,2024-11-12T12:10:51.129218748Z,2024-11-12T12:11:52.789871229Z,us_east
1b04431c-1f53-4eea-95bc-3d7c84cde6b0,38f82f7a-4230-47b8-a84e-266bb4c09998,worker-1a3fcd605aa14849ab91da96ea2f2a2b-1544107698,True,2494.0,0.0003119757006925202,60.991,12187.0,2024-11-12T12:10:52.522053009Z,2024-11-12T12:11:53.513239741Z,us_east
1b04431c-1f53-4eea-95bc-3d7c84cde6b0,38f82f7a-4230-47b8-a84e-266bb4c09998,worker-bf1c6d1c461743559b7d622a7d564fe2-1544107698,True,164670.0,0.020452445951469833,61.427,12060.0,2024-11-12T12:10:52.383399052Z,2024-11-12T12:11:53.811065167Z,us_east
1b04431c-1f53-4eea-95bc-3d7c84cde6b0,38f82f7a-4230-47b8-a84e-266bb4c09998,worker-ff554b7db2794fcca654a1b57f95035e-1544107698,True,309470.0,0.03933279012437425,60.028,15278.0,2024-11-12T12:10:55.607421361Z,2024-11-12T12:11:55.635785743Z,us_east
7c24c227-9f95-47f4-a1f5-aed45d741c1d,0dda668f-7681-4e7a-af57-caafca5f69b6,worker-1a3fcd605aa14849ab91da96ea2f2a2b-1544107698,True,1259630.0,0.16009552597785096,60.028,11344.0,2024-11-12T12:05:55.996984915Z,2024-11-12T12:06:56.025897330Z,us_east
7c24c227-9f95-47f4-a1f5-aed45d741c1d,0dda668f-7681-4e7a-af57-caafca5f69b6,worker-a765493920fb47bf965b38720a93975e-1544107698,True,705974.0,0.08933447513442393,60.292,14243.0,2024-11-12T12:05:58.887355483Z,2024-11-12T12:06:59.179360344Z,us_east
7c24c227-9f95-47f4-a1f5-aed45d741c1d,0dda668f-7681-4e7a-af57-caafca5f69b6,worker-1f42b274d4f04ea6a8dee019a528feaa-1544107698,True,871046.0,0.11055470028559146,60.111,14454.0,2024-11-12T12:05:59.100040802Z,2024-11-12T12:06:59.211639124Z,us_east
7c24c227-9f95-47f4-a1f5-aed45d741c1d,0dda668f-7681-4e7a-af57-caafca5f69b6,worker-6288fd7fb22c4ed3a3ecf2956fc3fb54-1544107698,True,752310.0,0.09553060483680116,60.082,14767.0,2024-11-12T12:05:59.413304597Z,2024-11-12T12:06:59.495406997Z,us_east
7c24c227-9f95-47f4-a1f5-aed45d741c1d,0dda668f-7681-4e7a-af57-caafca5f69b6,worker-0a6f3d35ad3a433fada434aa8c64db04-1544107698,True,889870.0,0.1130736702895213,60.042,15108.0,2024-11-12T12:05:59.752088348Z,2024-11-12T12:06:59.794652313Z,us_east
7c24c227-9f95-47f4-a1f5-aed45d741c1d,0dda668f-7681-4e7a-af57-caafca5f69b6,worker-c54df69524f44e18a4b82a7e644e674d-1544107698,True,708870.0,0.09003244383830843,60.07,15105.0,2024-11-12T12:05:59.752024421Z,2024-11-12T12:06:59.822674158Z,us_east
7c24c227-9f95-47f4-a1f5-aed45d741c1d,0dda668f-7681-4e7a-af57-caafca5f69b6,worker-bf1c6d1c461743559b7d622a7d564fe2-1544107698,True,839190.0,0.10569561034551692,60.575,14762.0,2024-11-12T12:05:59.404812718Z,2024-11-12T12:06:59.979940800Z,us_east
7c24c227-9f95-47f4-a1f5-aed45d741c1d,0dda668f-7681-4e7a-af57-caafca5f69b6,worker-8c80a74669cb44ad8bfeea0c05d33004-1544107698,True,1085350.0,0.13772475807484844,60.124,15305.0,2024-11-12T12:05:59.948425214Z,2024-11-12T12:07:00.072661542Z,us_east
7c24c227-9f95-47f4-a1f5-aed45d741c1d,0dda668f-7681-4e7a-af57-caafca5f69b6,worker-ff554b7db2794fcca654a1b57f95035e-1544107698,True,853670.0,0.1085153906178408,60.019,16133.0,2024-11-12T12:06:00.775842351Z,2024-11-12T12:07:00.795193581Z,us_east
7c24c227-9f95-47f4-a1f5-aed45d741c1d,0dda668f-7681-4e7a-af57-caafca5f69b6,worker-2e2509d5868e40acaa90a6f48bb6e7d5-1544107698,True,747966.0,0.09495212416114972,60.099,16098.0,2024-11-12T12:06:00.743406798Z,2024-11-12T12:07:00.842507106Z,us_east
7c24c227-9f95-47f4-a1f5-aed45d741c1d,5dd2076f-224e-429a-bacc-38dcf541701e,worker-a765493920fb47bf965b38720a93975e-1544107698,True,861158.0,0.1093397150184258,60.089,11192.0,2024-11-12T12:09:31.325331379Z,2024-11-12T12:10:31.414952095Z,us_east
7c24c227-9f95-47f4-a1f5-aed45d741c1d,5dd2076f-224e-429a-bacc-38dcf541701e,worker-bf1c6d1c461743559b7d622a7d564fe2-1544107698,True,818918.0,0.10411692625553572,60.008,12163.0,2024-11-12T12:09:32.295482361Z,2024-11-12T12:10:32.303807591Z,us_east
7c24c227-9f95-47f4-a1f5-aed45d741c1d,5dd2076f-224e-429a-bacc-38dcf541701e,worker-ff554b7db2794fcca654a1b57f95035e-1544107698,True,792854.0,0.10074607727390306,60.042,12166.0,2024-11-12T12:09:32.300945394Z,2024-11-12T12:10:32.343193752Z,us_east
7c24c227-9f95-47f4-a1f5-aed45d741c1d,5dd2076f-224e-429a-bacc-38dcf541701e,worker-1f42b274d4f04ea6a8dee019a528feaa-1544107698,True,863806.0,0.109732538087531,60.058,12163.0,2024-11-12T12:09:32.294718723Z,2024-11-12T12:10:32.353176361Z,us_east
7c24c227-9f95-47f4-a1f5-aed45d741c1d,5dd2076f-224e-429a-bacc-38dcf541701e,worker-1a3fcd605aa14849ab91da96ea2f2a2b-1544107698,True,840638.0,0.10676275464786072,60.073,12159.0,2024-11-12T12:09:32.294922968Z,2024-11-12T12:10:32.368578544Z,us_east
7c24c227-9f95-47f4-a1f5-aed45d741c1d,5dd2076f-224e-429a-bacc-38dcf541701e,worker-c54df69524f44e18a4b82a7e644e674d-1544107698,True,866702.0,0.11000335211564335,60.111,12164.0,2024-11-12T12:09:32.301194059Z,2024-11-12T12:10:32.413002795Z,us_east
7c24c227-9f95-47f4-a1f5-aed45d741c1d,5dd2076f-224e-429a-bacc-38dcf541701e,worker-0a6f3d35ad3a433fada434aa8c64db04-1544107698,True,911590.0,0.11566598082027288,60.129,12148.0,2024-11-12T12:09:32.295529725Z,2024-11-12T12:10:32.425332117Z,us_east
7c24c227-9f95-47f4-a1f5-aed45d741c1d,5dd2076f-224e-429a-bacc-38dcf541701e,worker-8c80a74669cb44ad8bfeea0c05d33004-1544107698,True,759550.0,0.09621775310427114,60.227,12326.0,2024-11-12T12:09:32.457745555Z,2024-11-12T12:10:32.685290169Z,us_east
7c24c227-9f95-47f4-a1f5-aed45d741c1d,5dd2076f-224e-429a-bacc-38dcf541701e,worker-6288fd7fb22c4ed3a3ecf2956fc3fb54-1544107698,True,797198.0,0.1012845638888166,60.05,12722.0,2024-11-12T12:09:32.853500176Z,2024-11-12T12:10:32.903589003Z,us_east
7c24c227-9f95-47f4-a1f5-aed45d741c1d,5dd2076f-224e-429a-bacc-38dcf541701e,worker-2e2509d5868e40acaa90a6f48bb6e7d5-1544107698,True,687150.0,0.08640075237978867,60.677,12162.0,2024-11-12T12:09:32.295189123Z,2024-11-12T12:10:32.972367732Z,us_east
8dbdf583-3975-4f29-8294-c6068b3f6278,804d4927-32b9-401f-8343-eee21adabd31,worker-3495f46c836e49ec9c583308b2285bee-1544107698,True,104857601.0,87.4794978271618,9.145,10850.0,2024-11-12T12:04:00.228785201Z,2024-11-12T12:04:09.374457007Z,hong_kong
8dbdf583-3975-4f29-8294-c6068b3f6278,804d4927-32b9-401f-8343-eee21adabd31,worker-3411be34b19249d79bc821e96ff58eb6-1544107698,True,104857601.0,43.292386364489126,18.479,11528.0,2024-11-12T12:04:00.903128028Z,2024-11-12T12:04:19.382629327Z,hong_kong
8dbdf583-3975-4f29-8294-c6068b3f6278,804d4927-32b9-401f-8343-eee21adabd31,worker-7024dfbd6f2949cc8e64f0a18bf95c3a-1544107698,True,104857601.0,41.856328552785776,19.113,11709.0,2024-11-12T12:04:01.080817978Z,2024-11-12T12:04:20.194790401Z,hong_kong
8dbdf583-3975-4f29-8294-c6068b3f6278,804d4927-32b9-401f-8343-eee21adabd31,worker-689fb313f2b34c80b499936d812a064b-1544107698,True,104857601.0,39.12554446272776,20.447,10652.0,2024-11-12T12:04:00.023918340Z,2024-11-12T12:04:20.471169728Z,hong_kong
8dbdf583-3975-4f29-8294-c6068b3f6278,804d4927-32b9-401f-8343-eee21adabd31,worker-32463579859f4033b734d6b0f66bede6-1544107698,True,104857601.0,37.87520157321251,21.122,11269.0,2024-11-12T12:04:00.641169354Z,2024-11-12T12:04:21.763810143Z,hong_kong
8dbdf583-3975-4f29-8294-c6068b3f6278,804d4927-32b9-401f-8343-eee21adabd31,worker-5dc0276a95104f5c81ef45e31564ee42-1544107698,True,104857601.0,37.63820313476333,21.255,11163.0,2024-11-12T12:04:00.535220414Z,2024-11-12T12:04:21.790720709Z,hong_kong
8dbdf583-3975-4f29-8294-c6068b3f6278,804d4927-32b9-401f-8343-eee21adabd31,worker-02bf2b91b53341b59db9a49c1bec78be-1544107698,True,104857601.0,34.34213383255611,23.295,10752.0,2024-11-12T12:04:00.126907688Z,2024-11-12T12:04:23.422708980Z,hong_kong
8dbdf583-3975-4f29-8294-c6068b3f6278,804d4927-32b9-401f-8343-eee21adabd31,worker-25a72e94d80445b3898ceb9973f89e90-1544107698,True,104857601.0,29.604411339577194,27.023,10543.0,2024-11-12T12:03:59.928900250Z,2024-11-12T12:04:26.952596047Z,hong_kong
8dbdf583-3975-4f29-8294-c6068b3f6278,804d4927-32b9-401f-8343-eee21adabd31,worker-336602893cc3403c94a6172053df72fe-1544107698,True,104857601.0,26.414845394881944,30.286,10960.0,2024-11-12T12:04:00.332626457Z,2024-11-12T12:04:30.619404117Z,hong_kong
8dbdf583-3975-4f29-8294-c6068b3f6278,804d4927-32b9-401f-8343-eee21adabd31,worker-55b74f68c378406fb338353f85e0bcc9-1544107698,True,104857601.0,23.066720708995863,34.682,11062.0,2024-11-12T12:04:00.437032012Z,2024-11-12T12:04:35.119998982Z,hong_kong
8dbdf583-3975-4f29-8294-c6068b3f6278,880f65ae-7f5a-4741-8ad5-e254c23c987b,worker-55b74f68c378406fb338353f85e0bcc9-1544107698,True,104857601.0,86.38376067696734,9.261,10521.0,2024-11-12T12:04:55.013835745Z,2024-11-12T12:05:04.275720708Z,hong_kong
8dbdf583-3975-4f29-8294-c6068b3f6278,880f65ae-7f5a-4741-8ad5-e254c23c987b,worker-3495f46c836e49ec9c583308b2285bee-1544107698,True,104857601.0,52.45557718375153,15.251,10922.0,2024-11-12T12:04:55.425930573Z,2024-11-12T12:05:10.677027880Z,hong_kong
8dbdf583-3975-4f29-8294-c6068b3f6278,880f65ae-7f5a-4741-8ad5-e254c23c987b,worker-5dc0276a95104f5c81ef45e31564ee42-1544107698,True,104857601.0,39.94607318267312,20.027,10840.0,2024-11-12T12:04:55.329724770Z,2024-11-12T12:05:15.357391368Z,hong_kong
8dbdf583-3975-4f29-8294-c6068b3f6278,880f65ae-7f5a-4741-8ad5-e254c23c987b,worker-689fb313f2b34c80b499936d812a064b-1544107698,True,104857601.0,35.961521515301385,22.246,11034.0,2024-11-12T12:04:55.523749975Z,2024-11-12T12:05:17.770232050Z,hong_kong
8dbdf583-3975-4f29-8294-c6068b3f6278,880f65ae-7f5a-4741-8ad5-e254c23c987b,worker-7024dfbd6f2949cc8e64f0a18bf95c3a-1544107698,True,104857601.0,34.430815908301895,23.235,10633.0,2024-11-12T12:04:55.132622252Z,2024-11-12T12:05:18.367684635Z,hong_kong
8dbdf583-3975-4f29-8294-c6068b3f6278,880f65ae-7f5a-4741-8ad5-e254c23c987b,worker-25a72e94d80445b3898ceb9973f89e90-1544107698,True,104857601.0,35.606195817580314,22.468,11650.0,2024-11-12T12:04:56.144986320Z,2024-11-12T12:05:18.613001492Z,hong_kong
8dbdf583-3975-4f29-8294-c6068b3f6278,880f65ae-7f5a-4741-8ad5-e254c23c987b,worker-02bf2b91b53341b59db9a49c1bec78be-1544107698,True,104857601.0,30.481996861474357,26.245,11470.0,2024-11-12T12:04:55.960032561Z,2024-11-12T12:05:22.205168528Z,hong_kong
8dbdf583-3975-4f29-8294-c6068b3f6278,880f65ae-7f5a-4741-8ad5-e254c23c987b,worker-32463579859f4033b734d6b0f66bede6-1544107698,True,104857601.0,26.441910680198134,30.255,11226.0,2024-11-12T12:04:55.715953952Z,2024-11-12T12:05:25.970959433Z,hong_kong
8dbdf583-3975-4f29-8294-c6068b3f6278,880f65ae-7f5a-4741-8ad5-e254c23c987b,worker-336602893cc3403c94a6172053df72fe-1544107698,True,104857601.0,25.687130992467075,31.144,10740.0,2024-11-12T12:04:55.229279998Z,2024-11-12T12:05:26.373754761Z,hong_kong
8dbdf583-3975-4f29-8294-c6068b3f6278,880f65ae-7f5a-4741-8ad5-e254c23c987b,worker-3411be34b19249d79bc821e96ff58eb6-1544107698,True,104857601.0,25.82477912161516,30.978,11129.0,2024-11-12T12:04:55.618285842Z,2024-11-12T12:05:26.597228866Z,hong_kong
ae51b993-7de7-4333-8b0c-b304aa2e14eb,84b03ce9-eb8e-4041-9e9e-d98b72757f20,worker-317859f7a4494b4f89441014bb0791a9-1544107698,True,104857601.0,149.8407955852022,5.339,10836.0,2024-11-12T11:59:14.589351785Z,2024-11-12T11:59:19.928391629Z,singapore
ae51b993-7de7-4333-8b0c-b304aa2e14eb,84b03ce9-eb8e-4041-9e9e-d98b72757f20,worker-d13164f093bb4ed3b524edf389cdea30-1544107698,True,104857601.0,55.1533959068869,14.505,10448.0,2024-11-12T11:59:14.202202358Z,2024-11-12T11:59:28.707463202Z,singapore
ae51b993-7de7-4333-8b0c-b304aa2e14eb,84b03ce9-eb8e-4041-9e9e-d98b72757f20,worker-530cf3818a79491980240c9408ecac94-1544107698,True,104857601.0,30.867770483828934,25.917,10938.0,2024-11-12T11:59:14.694969501Z,2024-11-12T11:59:40.611988232Z,singapore
ae51b993-7de7-4333-8b0c-b304aa2e14eb,84b03ce9-eb8e-4041-9e9e-d98b72757f20,worker-38837e2cab4d44d1b94eba46d6ed0752-1544107698,True,104857601.0,29.897601002668157,26.758,10640.0,2024-11-12T11:59:14.395571157Z,2024-11-12T11:59:41.154464554Z,singapore
ae51b993-7de7-4333-8b0c-b304aa2e14eb,84b03ce9-eb8e-4041-9e9e-d98b72757f20,worker-5e493b238cf348f6b37c7c7434581d2d-1544107698,True,104857601.0,30.185262333675222,26.503,11040.0,2024-11-12T11:59:14.791609513Z,2024-11-12T11:59:41.295200006Z,singapore
ae51b993-7de7-4333-8b0c-b304aa2e14eb,84b03ce9-eb8e-4041-9e9e-d98b72757f20,worker-3109a4756c724d4387d76cb418f7b8a8-1544107698,True,104857601.0,29.25794563981255,27.343,10546.0,2024-11-12T11:59:14.299413149Z,2024-11-12T11:59:41.642486989Z,singapore
ae51b993-7de7-4333-8b0c-b304aa2e14eb,84b03ce9-eb8e-4041-9e9e-d98b72757f20,worker-0ad6f0fdb17944d1baadcd6d7598af92-1544107698,True,104857601.0,26.069671444891796,30.687,10744.0,2024-11-12T11:59:14.494348691Z,2024-11-12T11:59:45.181449293Z,singapore
ae51b993-7de7-4333-8b0c-b304aa2e14eb,84b03ce9-eb8e-4041-9e9e-d98b72757f20,worker-358593d91ac04fceb00ee0bdccc24f20-1544107698,False,,,,,,,singapore
ae51b993-7de7-4333-8b0c-b304aa2e14eb,84b03ce9-eb8e-4041-9e9e-d98b72757f20,worker-5f610ba13ac04a0a93228dcc653d54a7-1544107698,False,,,,,,,singapore
ae51b993-7de7-4333-8b0c-b304aa2e14eb,84b03ce9-eb8e-4041-9e9e-d98b72757f20,worker-b003f28b8c3340cd8cf7f858546499ef-1544107698,False,,,,,,,singapore
ae51b993-7de7-4333-8b0c-b304aa2e14eb,17d14387-f757-4734-9211-5c9c08567a27,worker-5f610ba13ac04a0a93228dcc653d54a7-1544107698,False,,,,,,,singapore
ae51b993-7de7-4333-8b0c-b304aa2e14eb,17d14387-f757-4734-9211-5c9c08567a27,worker-b003f28b8c3340cd8cf7f858546499ef-1544107698,False,,,,,,,singapore
ae51b993-7de7-4333-8b0c-b304aa2e14eb,17d14387-f757-4734-9211-5c9c08567a27,worker-38837e2cab4d44d1b94eba46d6ed0752-1544107698,True,104857601.0,152.5553027516008,5.244,10436.0,2024-11-12T12:01:34.477882639Z,2024-11-12T12:01:39.722117095Z,singapore
ae51b993-7de7-4333-8b0c-b304aa2e14eb,17d14387-f757-4734-9211-5c9c08567a27,worker-d13164f093bb4ed3b524edf389cdea30-1544107698,True,104857601.0,104.83554024759462,7.631,10535.0,2024-11-12T12:01:34.575604909Z,2024-11-12T12:01:42.206704041Z,singapore
ae51b993-7de7-4333-8b0c-b304aa2e14eb,17d14387-f757-4734-9211-5c9c08567a27,worker-5e493b238cf348f6b37c7c7434581d2d-1544107698,True,104857601.0,47.755492336998245,16.752,10928.0,2024-11-12T12:01:34.977062538Z,2024-11-12T12:01:51.729925017Z,singapore
ae51b993-7de7-4333-8b0c-b304aa2e14eb,17d14387-f757-4734-9211-5c9c08567a27,worker-0ad6f0fdb17944d1baadcd6d7598af92-1544107698,True,104857601.0,35.402929930052416,22.597,10637.0,2024-11-12T12:01:34.677998438Z,2024-11-12T12:01:57.275736331Z,singapore
ae51b993-7de7-4333-8b0c-b304aa2e14eb,17d14387-f757-4734-9211-5c9c08567a27,worker-3109a4756c724d4387d76cb418f7b8a8-1544107698,True,104857601.0,32.17762077183632,24.862,10832.0,2024-11-12T12:01:34.873825333Z,2024-11-12T12:01:59.736052085Z,singapore
ae51b993-7de7-4333-8b0c-b304aa2e14eb,17d14387-f757-4734-9211-5c9c08567a27,worker-317859f7a4494b4f89441014bb0791a9-1544107698,True,104857601.0,31.556940855563667,25.351,11035.0,2024-11-12T12:01:35.075975196Z,2024-11-12T12:02:00.427649549Z,singapore
ae51b993-7de7-4333-8b0c-b304aa2e14eb,17d14387-f757-4734-9211-5c9c08567a27,worker-530cf3818a79491980240c9408ecac94-1544107698,True,104857601.0,26.091778077342372,30.661,10730.0,2024-11-12T12:01:34.775989442Z,2024-11-12T12:02:05.437969895Z,singapore
ae51b993-7de7-4333-8b0c-b304aa2e14eb,17d14387-f757-4734-9211-5c9c08567a27,worker-358593d91ac04fceb00ee0bdccc24f20-1544107698,False,,,,,,,singapore
d244dc3a-186e-4af8-8970-1b83096e727c,c6c6149a-decf-41f2-a962-2027d9f62b02,worker-358593d91ac04fceb00ee0bdccc24f20-1544107698,True,2522056.0,0.319132256176506,60.294,10569.0,2024-11-12T11:55:43.869503163Z,2024-11-12T11:56:44.163645565Z,singapore
d244dc3a-186e-4af8-8970-1b83096e727c,c6c6149a-decf-41f2-a962-2027d9f62b02,worker-3109a4756c724d4387d76cb418f7b8a8-1544107698,True,1044804.0,0.13254002068152249,60.142,14363.0,2024-11-12T11:55:47.668892397Z,2024-11-12T11:56:47.811792597Z,singapore
d244dc3a-186e-4af8-8970-1b83096e727c,c6c6149a-decf-41f2-a962-2027d9f62b02,worker-0ad6f0fdb17944d1baadcd6d7598af92-1544107698,True,2492.0,0.0003168689050494992,60.001,14590.0,2024-11-12T11:55:47.890741578Z,2024-11-12T11:56:47.892523522Z,singapore
d244dc3a-186e-4af8-8970-1b83096e727c,c6c6149a-decf-41f2-a962-2027d9f62b02,worker-b003f28b8c3340cd8cf7f858546499ef-1544107698,True,695836.0,0.08827708558726388,60.138,14806.0,2024-11-12T11:55:48.109201382Z,2024-11-12T11:56:48.247663448Z,singapore
d244dc3a-186e-4af8-8970-1b83096e727c,c6c6149a-decf-41f2-a962-2027d9f62b02,worker-317859f7a4494b4f89441014bb0791a9-1544107698,True,826404.0,0.10473533045736848,60.199,14755.0,2024-11-12T11:55:48.060253363Z,2024-11-12T11:56:48.259573450Z,singapore
d244dc3a-186e-4af8-8970-1b83096e727c,c6c6149a-decf-41f2-a962-2027d9f62b02,worker-5f610ba13ac04a0a93228dcc653d54a7-1544107698,True,856812.0,0.10869927146079642,60.138,14808.0,2024-11-12T11:55:48.109428154Z,2024-11-12T11:56:48.248009627Z,singapore
d244dc3a-186e-4af8-8970-1b83096e727c,c6c6149a-decf-41f2-a962-2027d9f62b02,worker-5e493b238cf348f6b37c7c7434581d2d-1544107698,True,628940.0,0.07938639726828758,60.444,14531.0,2024-11-12T11:55:47.847099146Z,2024-11-12T11:56:48.291737126Z,singapore
d244dc3a-186e-4af8-8970-1b83096e727c,c6c6149a-decf-41f2-a962-2027d9f62b02,worker-38837e2cab4d44d1b94eba46d6ed0752-1544107698,True,790204.0,0.0995389911366235,60.567,14807.0,2024-11-12T11:55:48.108876614Z,2024-11-12T11:56:48.675892890Z,singapore
d244dc3a-186e-4af8-8970-1b83096e727c,c6c6149a-decf-41f2-a962-2027d9f62b02,worker-d13164f093bb4ed3b524edf389cdea30-1544107698,True,830748.0,0.10558755640040109,60.027,15633.0,2024-11-12T11:55:48.932713992Z,2024-11-12T11:56:48.959984885Z,singapore
d244dc3a-186e-4af8-8970-1b83096e727c,c6c6149a-decf-41f2-a962-2027d9f62b02,worker-530cf3818a79491980240c9408ecac94-1544107698,True,474540.0,0.04231280539548613,85.564,14540.0,2024-11-12T11:55:47.847738907Z,2024-11-12T11:57:13.412138208Z,singapore
d244dc3a-186e-4af8-8970-1b83096e727c,316fb96f-c43e-43e7-bbaf-d853c61f41c1,worker-530cf3818a79491980240c9408ecac94-1544107698,True,2420696.0,0.3052231907221979,60.508,10454.0,2024-11-12T11:57:33.991255223Z,2024-11-12T11:58:34.499599489Z,singapore
d244dc3a-186e-4af8-8970-1b83096e727c,316fb96f-c43e-43e7-bbaf-d853c61f41c1,worker-3109a4756c724d4387d76cb418f7b8a8-1544107698,True,920276.0,0.11638484727635429,60.327,13873.0,2024-11-12T11:57:37.435985613Z,2024-11-12T11:58:37.763487137Z,singapore
d244dc3a-186e-4af8-8970-1b83096e727c,316fb96f-c43e-43e7-bbaf-d853c61f41c1,worker-d13164f093bb4ed3b524edf389cdea30-1544107698,True,962268.0,0.12201908382995454,60.167,14106.0,2024-11-12T11:57:37.652623331Z,2024-11-12T11:58:37.819841902Z,singapore
d244dc3a-186e-4af8-8970-1b83096e727c,316fb96f-c43e-43e7-bbaf-d853c61f41c1,worker-5e493b238cf348f6b37c7c7434581d2d-1544107698,True,826404.0,0.10486772380292277,60.123,14161.0,2024-11-12T11:57:37.696456092Z,2024-11-12T11:58:37.819737545Z,singapore
d244dc3a-186e-4af8-8970-1b83096e727c,316fb96f-c43e-43e7-bbaf-d853c61f41c1,worker-358593d91ac04fceb00ee0bdccc24f20-1544107698,True,810228.0,0.10269377466633924,60.194,14235.0,2024-11-12T11:57:37.777466180Z,2024-11-12T11:58:37.971912915Z,singapore
d244dc3a-186e-4af8-8970-1b83096e727c,316fb96f-c43e-43e7-bbaf-d853c61f41c1,worker-38837e2cab4d44d1b94eba46d6ed0752-1544107698,True,848124.0,0.10771349204171383,60.073,14583.0,2024-11-12T11:57:38.118856429Z,2024-11-12T11:58:38.191920381Z,singapore
d244dc3a-186e-4af8-8970-1b83096e727c,316fb96f-c43e-43e7-bbaf-d853c61f41c1,worker-0ad6f0fdb17944d1baadcd6d7598af92-1544107698,True,729140.0,0.08811113848919973,63.135,14550.0,2024-11-12T11:57:38.084214308Z,2024-11-12T11:58:41.219536016Z,singapore
d244dc3a-186e-4af8-8970-1b83096e727c,316fb96f-c43e-43e7-bbaf-d853c61f41c1,worker-5f610ba13ac04a0a93228dcc653d54a7-1544107698,True,1500924.0,0.19020881612912768,60.203,20596.0,2024-11-12T11:57:44.132924227Z,2024-11-12T11:58:44.336023893Z,singapore
d244dc3a-186e-4af8-8970-1b83096e727c,316fb96f-c43e-43e7-bbaf-d853c61f41c1,worker-b003f28b8c3340cd8cf7f858546499ef-1544107698,True,160076.0,0.01793577746261492,68.092,13943.0,2024-11-12T11:57:37.479711218Z,2024-11-12T11:58:45.572065491Z,singapore
d244dc3a-186e-4af8-8970-1b83096e727c,316fb96f-c43e-43e7-bbaf-d853c61f41c1,worker-317859f7a4494b4f89441014bb0791a9-1544107698,True,176004.0,0.019189767132234727,69.975,14100.0,2024-11-12T11:57:37.644684324Z,2024-11-12T11:58:47.619826833Z,singapore
4d642642-b99a-4278-880c-164621d01abb,651ad2dd-5862-4bc5-bf0b-8d9aebcb570e,worker-32463579859f4033b734d6b0f66bede6-1544107698,True,643710.0,0.08169945358182953,60.112,11927.0,2024-11-12T11:52:54.846005353Z,2024-11-12T11:53:54.959000278Z,hong_kong
4d642642-b99a-4278-880c-164621d01abb,651ad2dd-5862-4bc5-bf0b-8d9aebcb570e,worker-7024dfbd6f2949cc8e64f0a18bf95c3a-1544107698,True,869598.0,0.1104940747715998,60.044,12278.0,2024-11-12T11:52:55.185524535Z,2024-11-12T11:53:55.229683492Z,hong_kong
4d642642-b99a-4278-880c-164621d01abb,651ad2dd-5862-4bc5-bf0b-8d9aebcb570e,worker-689fb313f2b34c80b499936d812a064b-1544107698,True,830502.0,0.1051760742479282,60.244,12096.0,2024-11-12T11:52:55.002681126Z,2024-11-12T11:53:55.247191469Z,hong_kong
4d642642-b99a-4278-880c-164621d01abb,651ad2dd-5862-4bc5-bf0b-8d9aebcb570e,worker-55b74f68c378406fb338353f85e0bcc9-1544107698,True,1012950.0,0.12870243626542022,60.047,12306.0,2024-11-12T11:52:55.220816699Z,2024-11-12T11:53:55.268066265Z,hong_kong
4d642642-b99a-4278-880c-164621d01abb,651ad2dd-5862-4bc5-bf0b-8d9aebcb570e,worker-336602893cc3403c94a6172053df72fe-1544107698,True,734934.0,0.09339720896859643,60.035,12372.0,2024-11-12T11:52:55.279670304Z,2024-11-12T11:53:55.315137356Z,hong_kong
4d642642-b99a-4278-880c-164621d01abb,651ad2dd-5862-4bc5-bf0b-8d9aebcb570e,worker-3411be34b19249d79bc821e96ff58eb6-1544107698,True,877086.0,0.11124173175243438,60.154,12367.0,2024-11-12T11:52:55.280637944Z,2024-11-12T11:53:55.435351688Z,hong_kong
4d642642-b99a-4278-880c-164621d01abb,651ad2dd-5862-4bc5-bf0b-8d9aebcb570e,worker-25a72e94d80445b3898ceb9973f89e90-1544107698,True,797446.0,0.10111401281979704,60.17,12369.0,2024-11-12T11:52:55.280712721Z,2024-11-12T11:53:55.451246211Z,hong_kong
4d642642-b99a-4278-880c-164621d01abb,651ad2dd-5862-4bc5-bf0b-8d9aebcb570e,worker-3495f46c836e49ec9c583308b2285bee-1544107698,True,716110.0,0.09062611083457912,60.286,12344.0,2024-11-12T11:52:55.251394793Z,2024-11-12T11:53:55.537634537Z,hong_kong
4d642642-b99a-4278-880c-164621d01abb,651ad2dd-5862-4bc5-bf0b-8d9aebcb570e,worker-02bf2b91b53341b59db9a49c1bec78be-1544107698,True,979094.0,0.12070995926473647,61.883,10966.0,2024-11-12T11:52:53.875984670Z,2024-11-12T11:53:55.759603337Z,hong_kong
4d642642-b99a-4278-880c-164621d01abb,651ad2dd-5862-4bc5-bf0b-8d9aebcb570e,worker-5dc0276a95104f5c81ef45e31564ee42-1544107698,True,691494.0,0.0867282679926383,60.83,12376.0,2024-11-12T11:52:55.282281148Z,2024-11-12T11:53:56.113254653Z,hong_kong
4d642642-b99a-4278-880c-164621d01abb,e8fe9bdf-6c63-4e7c-afa2-d69cd043ba7e,worker-336602893cc3403c94a6172053df72fe-1544107698,True,1115526.0,0.14182282892629874,60.01,10926.0,2024-11-12T11:54:14.009355356Z,2024-11-12T11:55:14.020194809Z,hong_kong
4d642642-b99a-4278-880c-164621d01abb,e8fe9bdf-6c63-4e7c-afa2-d69cd043ba7e,worker-32463579859f4033b734d6b0f66bede6-1544107698,True,710318.0,0.09030956313572253,60.008,12052.0,2024-11-12T11:54:15.143148703Z,2024-11-12T11:55:15.151251908Z,hong_kong
4d642642-b99a-4278-880c-164621d01abb,e8fe9bdf-6c63-4e7c-afa2-d69cd043ba7e,worker-3495f46c836e49ec9c583308b2285bee-1544107698,True,946342.0,0.1202734712559085,60.03,12053.0,2024-11-12T11:54:15.142580187Z,2024-11-12T11:55:15.172599453Z,hong_kong
4d642642-b99a-4278-880c-164621d01abb,e8fe9bdf-6c63-4e7c-afa2-d69cd043ba7e,worker-02bf2b91b53341b59db9a49c1bec78be-1544107698,True,821814.0,0.1044503104768556,60.028,12330.0,2024-11-12T11:54:15.419295651Z,2024-11-12T11:55:15.447870740Z,hong_kong
4d642642-b99a-4278-880c-164621d01abb,e8fe9bdf-6c63-4e7c-afa2-d69cd043ba7e,worker-55b74f68c378406fb338353f85e0bcc9-1544107698,True,966614.0,0.12260073755535456,60.152,12326.0,2024-11-12T11:54:15.414189329Z,2024-11-12T11:55:15.566806697Z,hong_kong
4d642642-b99a-4278-880c-164621d01abb,e8fe9bdf-6c63-4e7c-afa2-d69cd043ba7e,worker-689fb313f2b34c80b499936d812a064b-1544107698,True,627782.0,0.07945186134759696,60.283,12330.0,2024-11-12T11:54:15.413136489Z,2024-11-12T11:55:15.696380175Z,hong_kong
4d642642-b99a-4278-880c-164621d01abb,e8fe9bdf-6c63-4e7c-afa2-d69cd043ba7e,worker-3411be34b19249d79bc821e96ff58eb6-1544107698,True,813126.0,0.10284751168980234,60.319,12293.0,2024-11-12T11:54:15.378309288Z,2024-11-12T11:55:15.697676565Z,hong_kong
4d642642-b99a-4278-880c-164621d01abb,e8fe9bdf-6c63-4e7c-afa2-d69cd043ba7e,worker-25a72e94d80445b3898ceb9973f89e90-1544107698,True,708870.0,0.09012846884256888,60.006,12824.0,2024-11-12T11:54:15.920495121Z,2024-11-12T11:55:15.926961350Z,hong_kong
4d642642-b99a-4278-880c-164621d01abb,e8fe9bdf-6c63-4e7c-afa2-d69cd043ba7e,worker-5dc0276a95104f5c81ef45e31564ee42-1544107698,True,658190.0,0.08367505684640723,60.013,13959.0,2024-11-12T11:54:17.042381587Z,2024-11-12T11:55:17.055995974Z,hong_kong
4d642642-b99a-4278-880c-164621d01abb,e8fe9bdf-6c63-4e7c-afa2-d69cd043ba7e,worker-7024dfbd6f2949cc8e64f0a18bf95c3a-1544107698,True,1112862.0,0.14138989603390403,60.05,13956.0,2024-11-12T11:54:17.041194895Z,2024-11-12T11:55:17.091482017Z,hong_kong
408fc2c0-a8eb-4503-9ee5-ccefb6896cad,c1cf686f-a822-4676-8227-2e8f33d70c33,worker-530cf3818a79491980240c9408ecac94-1544107698,True,104857601.0,109.2896185286058,7.32,10544.0,2024-11-12T11:48:07.868103293Z,2024-11-12T11:48:15.188115117Z,singapore
408fc2c0-a8eb-4503-9ee5-ccefb6896cad,c1cf686f-a822-4676-8227-2e8f33d70c33,worker-38837e2cab4d44d1b94eba46d6ed0752-1544107698,True,104857601.0,107.28174971562215,7.457,10450.0,2024-11-12T11:48:07.774651432Z,2024-11-12T11:48:15.232462139Z,singapore
408fc2c0-a8eb-4503-9ee5-ccefb6896cad,c1cf686f-a822-4676-8227-2e8f33d70c33,worker-3109a4756c724d4387d76cb418f7b8a8-1544107698,True,104857601.0,54.61123678267422,14.649,10936.0,2024-11-12T11:48:08.259388102Z,2024-11-12T11:48:22.908724671Z,singapore
408fc2c0-a8eb-4503-9ee5-ccefb6896cad,c1cf686f-a822-4676-8227-2e8f33d70c33,worker-d13164f093bb4ed3b524edf389cdea30-1544107698,True,104857601.0,46.68261700585835,17.137,10843.0,2024-11-12T11:48:08.165273350Z,2024-11-12T11:48:25.303210260Z,singapore
408fc2c0-a8eb-4503-9ee5-ccefb6896cad,c1cf686f-a822-4676-8227-2e8f33d70c33,worker-317859f7a4494b4f89441014bb0791a9-1544107698,True,104857601.0,45.0095649617078,17.774,10638.0,2024-11-12T11:48:07.964963415Z,2024-11-12T11:48:25.739322250Z,singapore
408fc2c0-a8eb-4503-9ee5-ccefb6896cad,c1cf686f-a822-4676-8227-2e8f33d70c33,worker-0ad6f0fdb17944d1baadcd6d7598af92-1544107698,True,104857601.0,37.902118142293766,21.107,10746.0,2024-11-12T11:48:08.068122386Z,2024-11-12T11:48:29.175387199Z,singapore
408fc2c0-a8eb-4503-9ee5-ccefb6896cad,c1cf686f-a822-4676-8227-2e8f33d70c33,worker-5e493b238cf348f6b37c7c7434581d2d-1544107698,True,104857601.0,34.24071253335878,23.364,11031.0,2024-11-12T11:48:08.356565017Z,2024-11-12T11:48:31.721483138Z,singapore
408fc2c0-a8eb-4503-9ee5-ccefb6896cad,c1cf686f-a822-4676-8227-2e8f33d70c33,worker-5f610ba13ac04a0a93228dcc653d54a7-1544107698,False,,,,,,,singapore
408fc2c0-a8eb-4503-9ee5-ccefb6896cad,c1cf686f-a822-4676-8227-2e8f33d70c33,worker-b003f28b8c3340cd8cf7f858546499ef-1544107698,False,,,,,,,singapore
408fc2c0-a8eb-4503-9ee5-ccefb6896cad,c1cf686f-a822-4676-8227-2e8f33d70c33,worker-358593d91ac04fceb00ee0bdccc24f20-1544107698,False,,,,,,,singapore
408fc2c0-a8eb-4503-9ee5-ccefb6896cad,90b9640b-e12c-41a1-978e-d2f488bf82a3,worker-d13164f093bb4ed3b524edf389cdea30-1544107698,True,104857601.0,106.63823082236664,7.502,10711.0,2024-11-12T11:50:28.318689369Z,2024-11-12T11:50:35.821366144Z,singapore
408fc2c0-a8eb-4503-9ee5-ccefb6896cad,90b9640b-e12c-41a1-978e-d2f488bf82a3,worker-317859f7a4494b4f89441014bb0791a9-1544107698,True,104857601.0,61.4911612320826,13.01,10207.0,2024-11-12T11:50:27.821256303Z,2024-11-12T11:50:40.831500135Z,singapore
408fc2c0-a8eb-4503-9ee5-ccefb6896cad,90b9640b-e12c-41a1-978e-d2f488bf82a3,worker-5e493b238cf348f6b37c7c7434581d2d-1544107698,True,104857601.0,55.19144585232112,14.495,10835.0,2024-11-12T11:50:28.444413959Z,2024-11-12T11:50:42.939503375Z,singapore
408fc2c0-a8eb-4503-9ee5-ccefb6896cad,90b9640b-e12c-41a1-978e-d2f488bf82a3,worker-3109a4756c724d4387d76cb418f7b8a8-1544107698,True,104857601.0,43.01306562876469,18.599,10514.0,2024-11-12T11:50:28.124287350Z,2024-11-12T11:50:46.723680946Z,singapore
408fc2c0-a8eb-4503-9ee5-ccefb6896cad,90b9640b-e12c-41a1-978e-d2f488bf82a3,worker-38837e2cab4d44d1b94eba46d6ed0752-1544107698,True,104857601.0,41.76455273450245,19.155,10296.0,2024-11-12T11:50:27.923614396Z,2024-11-12T11:50:47.078781004Z,singapore
408fc2c0-a8eb-4503-9ee5-ccefb6896cad,90b9640b-e12c-41a1-978e-d2f488bf82a3,worker-530cf3818a79491980240c9408ecac94-1544107698,True,104857601.0,30.716068636183316,26.045,10412.0,2024-11-12T11:50:28.022331518Z,2024-11-12T11:50:54.067453537Z,singapore
408fc2c0-a8eb-4503-9ee5-ccefb6896cad,90b9640b-e12c-41a1-978e-d2f488bf82a3,worker-0ad6f0fdb17944d1baadcd6d7598af92-1544107698,True,104857601.0,29.560655050415495,27.063,10612.0,2024-11-12T11:50:28.219749360Z,2024-11-12T11:50:55.283567070Z,singapore
408fc2c0-a8eb-4503-9ee5-ccefb6896cad,90b9640b-e12c-41a1-978e-d2f488bf82a3,worker-5f610ba13ac04a0a93228dcc653d54a7-1544107698,False,,,,,,,singapore
408fc2c0-a8eb-4503-9ee5-ccefb6896cad,90b9640b-e12c-41a1-978e-d2f488bf82a3,worker-b003f28b8c3340cd8cf7f858546499ef-1544107698,False,,,,,,,singapore
408fc2c0-a8eb-4503-9ee5-ccefb6896cad,90b9640b-e12c-41a1-978e-d2f488bf82a3,worker-358593d91ac04fceb00ee0bdccc24f20-1544107698,False,,,,,,,singapore
c2c89732-9315-4011-83df-e7531f6a0c2e,0890c051-ba3b-4b3a-9bdf-41fcc88c743c,worker-5e493b238cf348f6b37c7c7434581d2d-1544107698,True,844980.0,0.10617421178259535,60.718,10823.0,2024-11-12T11:45:12.649459284Z,2024-11-12T11:46:13.368206469Z,singapore
c2c89732-9315-4011-83df-e7531f6a0c2e,0890c051-ba3b-4b3a-9bdf-41fcc88c743c,worker-0ad6f0fdb17944d1baadcd6d7598af92-1544107698,True,811676.0,0.10306221807986678,60.086,13169.0,2024-11-12T11:45:14.991891683Z,2024-11-12T11:46:15.078337666Z,singapore
c2c89732-9315-4011-83df-e7531f6a0c2e,0890c051-ba3b-4b3a-9bdf-41fcc88c743c,worker-5f610ba13ac04a0a93228dcc653d54a7-1544107698,True,881180.0,0.1120422291059926,60.003,13377.0,2024-11-12T11:45:15.205723595Z,2024-11-12T11:46:15.208860555Z,singapore
c2c89732-9315-4011-83df-e7531f6a0c2e,0890c051-ba3b-4b3a-9bdf-41fcc88c743c,worker-38837e2cab4d44d1b94eba46d6ed0752-1544107698,True,856564.0,0.10881255948026285,60.058,13427.0,2024-11-12T11:45:15.263967602Z,2024-11-12T11:46:15.322329767Z,singapore
c2c89732-9315-4011-83df-e7531f6a0c2e,0890c051-ba3b-4b3a-9bdf-41fcc88c743c,worker-358593d91ac04fceb00ee0bdccc24f20-1544107698,True,944892.0,0.11984761446063864,60.151,13436.0,2024-11-12T11:45:15.264441400Z,2024-11-12T11:46:15.415561Z,singapore
c2c89732-9315-4011-83df-e7531f6a0c2e,0890c051-ba3b-4b3a-9bdf-41fcc88c743c,worker-d13164f093bb4ed3b524edf389cdea30-1544107698,True,808780.0,0.10282627120905824,60.009,13578.0,2024-11-12T11:45:15.415944943Z,2024-11-12T11:46:15.425096858Z,singapore
c2c89732-9315-4011-83df-e7531f6a0c2e,0890c051-ba3b-4b3a-9bdf-41fcc88c743c,worker-3109a4756c724d4387d76cb418f7b8a8-1544107698,True,862356.0,0.10960308773223536,60.028,14133.0,2024-11-12T11:45:15.960078682Z,2024-11-12T11:46:15.988229626Z,singapore
c2c89732-9315-4011-83df-e7531f6a0c2e,0890c051-ba3b-4b3a-9bdf-41fcc88c743c,worker-b003f28b8c3340cd8cf7f858546499ef-1544107698,True,650948.0,0.08270339902294963,60.05,14133.0,2024-11-12T11:45:15.960087564Z,2024-11-12T11:46:16.010705034Z,singapore
c2c89732-9315-4011-83df-e7531f6a0c2e,0890c051-ba3b-4b3a-9bdf-41fcc88c743c,worker-317859f7a4494b4f89441014bb0791a9-1544107698,True,671220.0,0.08499870862544193,60.248,13955.0,2024-11-12T11:45:15.833499780Z,2024-11-12T11:46:16.082366259Z,singapore
c2c89732-9315-4011-83df-e7531f6a0c2e,0890c051-ba3b-4b3a-9bdf-41fcc88c743c,worker-530cf3818a79491980240c9408ecac94-1544107698,True,600268.0,0.06789239339536543,67.455,14122.0,2024-11-12T11:45:15.960700287Z,2024-11-12T11:46:23.416080564Z,singapore
c2c89732-9315-4011-83df-e7531f6a0c2e,5baf384c-dfa8-4f82-a412-001ee0637d84,worker-5e493b238cf348f6b37c7c7434581d2d-1544107698,True,1095788.0,0.138878351018462,60.198,10840.0,2024-11-12T11:46:42.951462592Z,2024-11-12T11:47:43.150017954Z,singapore
c2c89732-9315-4011-83df-e7531f6a0c2e,5baf384c-dfa8-4f82-a412-001ee0637d84,worker-5f610ba13ac04a0a93228dcc653d54a7-1544107698,True,753756.0,0.09580351688096617,60.026,12177.0,2024-11-12T11:46:44.292994045Z,2024-11-12T11:47:44.319789240Z,singapore
c2c89732-9315-4011-83df-e7531f6a0c2e,5baf384c-dfa8-4f82-a412-001ee0637d84,worker-b003f28b8c3340cd8cf7f858546499ef-1544107698,True,782716.0,0.0990750434668659,60.274,12181.0,2024-11-12T11:46:44.294226320Z,2024-11-12T11:47:44.568242299Z,singapore
c2c89732-9315-4011-83df-e7531f6a0c2e,5baf384c-dfa8-4f82-a412-001ee0637d84,worker-358593d91ac04fceb00ee0bdccc24f20-1544107698,True,723596.0,0.09196860354897587,60.027,12555.0,2024-11-12T11:46:44.666492124Z,2024-11-12T11:47:44.693647837Z,singapore
c2c89732-9315-4011-83df-e7531f6a0c2e,5baf384c-dfa8-4f82-a412-001ee0637d84,worker-3109a4756c724d4387d76cb418f7b8a8-1544107698,True,989780.0,0.12585074278187133,60.003,12672.0,2024-11-12T11:46:44.793666079Z,2024-11-12T11:47:44.796817621Z,singapore
c2c89732-9315-4011-83df-e7531f6a0c2e,5baf384c-dfa8-4f82-a412-001ee0637d84,worker-530cf3818a79491980240c9408ecac94-1544107698,True,814572.0,0.10308509566091156,60.287,12386.0,2024-11-12T11:46:44.504517023Z,2024-11-12T11:47:44.791577920Z,singapore
c2c89732-9315-4011-83df-e7531f6a0c2e,5baf384c-dfa8-4f82-a412-001ee0637d84,worker-38837e2cab4d44d1b94eba46d6ed0752-1544107698,True,636468.0,0.0808408190606427,60.067,12674.0,2024-11-12T11:46:44.794407026Z,2024-11-12T11:47:44.861909722Z,singapore
c2c89732-9315-4011-83df-e7531f6a0c2e,5baf384c-dfa8-4f82-a412-001ee0637d84,worker-317859f7a4494b4f89441014bb0791a9-1544107698,True,950684.0,0.12076093554238744,60.062,12684.0,2024-11-12T11:46:44.794491762Z,2024-11-12T11:47:44.857064596Z,singapore
c2c89732-9315-4011-83df-e7531f6a0c2e,5baf384c-dfa8-4f82-a412-001ee0637d84,worker-0ad6f0fdb17944d1baadcd6d7598af92-1544107698,True,650948.0,0.08211539535926134,60.48,12392.0,2024-11-12T11:46:44.502999798Z,2024-11-12T11:47:44.983134387Z,singapore
c2c89732-9315-4011-83df-e7531f6a0c2e,5baf384c-dfa8-4f82-a412-001ee0637d84,worker-d13164f093bb4ed3b524edf389cdea30-1544107698,True,878284.0,0.1112734377270359,60.219,12679.0,2024-11-12T11:46:44.794050863Z,2024-11-12T11:47:45.013231775Z,singapore
00aefe85-2182-4102-a7b9-68a31c0ffe87,5cd429dc-5cab-44d9-a6dc-7449907878e2,worker-02bf2b91b53341b59db9a49c1bec78be-1544107698,True,2120718.0,0.269645262174579,60.004,10479.0,2024-11-12T11:42:06.898053841Z,2024-11-12T11:43:06.902403247Z,hong_kong
00aefe85-2182-4102-a7b9-68a31c0ffe87,5cd429dc-5cab-44d9-a6dc-7449907878e2,worker-32463579859f4033b734d6b0f66bede6-1544107698,True,865254.0,0.11001540123562076,60.004,13999.0,2024-11-12T11:42:10.414704060Z,2024-11-12T11:43:10.418839170Z,hong_kong
00aefe85-2182-4102-a7b9-68a31c0ffe87,5cd429dc-5cab-44d9-a6dc-7449907878e2,worker-5dc0276a95104f5c81ef45e31564ee42-1544107698,True,594478.0,0.0755024421459346,60.071,14198.0,2024-11-12T11:42:10.611039036Z,2024-11-12T11:43:10.682180865Z,hong_kong
00aefe85-2182-4102-a7b9-68a31c0ffe87,5cd429dc-5cab-44d9-a6dc-7449907878e2,worker-336602893cc3403c94a6172053df72fe-1544107698,True,959374.0,0.12120490071078238,60.389,13976.0,2024-11-12T11:42:10.412896259Z,2024-11-12T11:43:10.802598283Z,hong_kong
00aefe85-2182-4102-a7b9-68a31c0ffe87,5cd429dc-5cab-44d9-a6dc-7449907878e2,worker-7024dfbd6f2949cc8e64f0a18bf95c3a-1544107698,True,727942.0,0.09245474802509052,60.07,14440.0,2024-11-12T11:42:10.855851685Z,2024-11-12T11:43:10.926637040Z,hong_kong
00aefe85-2182-4102-a7b9-68a31c0ffe87,5cd429dc-5cab-44d9-a6dc-7449907878e2,worker-3411be34b19249d79bc821e96ff58eb6-1544107698,True,850774.0,0.10807523440166648,60.059,15923.0,2024-11-12T11:42:12.339597142Z,2024-11-12T11:43:12.398882514Z,hong_kong
00aefe85-2182-4102-a7b9-68a31c0ffe87,5cd429dc-5cab-44d9-a6dc-7449907878e2,worker-25a72e94d80445b3898ceb9973f89e90-1544107698,True,532462.0,0.0639178467949279,63.556,14035.0,2024-11-12T11:42:10.450219763Z,2024-11-12T11:43:14.006804709Z,hong_kong
00aefe85-2182-4102-a7b9-68a31c0ffe87,5cd429dc-5cab-44d9-a6dc-7449907878e2,worker-55b74f68c378406fb338353f85e0bcc9-1544107698,True,920526.0,0.11702557829592652,60.013,17843.0,2024-11-12T11:42:14.260040525Z,2024-11-12T11:43:14.273804223Z,hong_kong
00aefe85-2182-4102-a7b9-68a31c0ffe87,5cd429dc-5cab-44d9-a6dc-7449907878e2,worker-689fb313f2b34c80b499936d812a064b-1544107698,True,504702.0,0.06089688093990191,63.231,14870.0,2024-11-12T11:42:11.283892469Z,2024-11-12T11:43:14.515215597Z,hong_kong
00aefe85-2182-4102-a7b9-68a31c0ffe87,5cd429dc-5cab-44d9-a6dc-7449907878e2,worker-3495f46c836e49ec9c583308b2285bee-1544107698,True,539702.0,0.06305761937096567,65.299,14335.0,2024-11-12T11:42:10.754976753Z,2024-11-12T11:43:16.054250127Z,hong_kong
00aefe85-2182-4102-a7b9-68a31c0ffe87,19765f0e-cb5e-4c73-8dde-e1c419eb8d84,worker-7024dfbd6f2949cc8e64f0a18bf95c3a-1544107698,True,2437350.0,0.30961030886502366,60.061,10722.0,2024-11-12T11:43:37.326841027Z,2024-11-12T11:44:37.388601876Z,hong_kong
00aefe85-2182-4102-a7b9-68a31c0ffe87,19765f0e-cb5e-4c73-8dde-e1c419eb8d84,worker-25a72e94d80445b3898ceb9973f89e90-1544107698,True,759550.0,0.09650939489068094,60.045,17956.0,2024-11-12T11:43:44.560736344Z,2024-11-12T11:44:44.605892029Z,hong_kong
00aefe85-2182-4102-a7b9-68a31c0ffe87,19765f0e-cb5e-4c73-8dde-e1c419eb8d84,worker-02bf2b91b53341b59db9a49c1bec78be-1544107698,True,746518.0,0.09396466676587016,60.613,17957.0,2024-11-12T11:43:44.560771054Z,2024-11-12T11:44:45.174501100Z,hong_kong
00aefe85-2182-4102-a7b9-68a31c0ffe87,19765f0e-cb5e-4c73-8dde-e1c419eb8d84,worker-3495f46c836e49ec9c583308b2285bee-1544107698,True,691742.0,0.08793462905236744,60.017,18562.0,2024-11-12T11:43:45.171332968Z,2024-11-12T11:44:45.189204024Z,hong_kong
00aefe85-2182-4102-a7b9-68a31c0ffe87,19765f0e-cb5e-4c73-8dde-e1c419eb8d84,worker-3411be34b19249d79bc821e96ff58eb6-1544107698,True,671222.0,0.0851473564014879,60.143,18693.0,2024-11-12T11:43:45.302992714Z,2024-11-12T11:44:45.446422610Z,hong_kong
00aefe85-2182-4102-a7b9-68a31c0ffe87,19765f0e-cb5e-4c73-8dde-e1c419eb8d84,worker-5dc0276a95104f5c81ef45e31564ee42-1544107698,True,911838.0,0.11379732469510637,61.133,17887.0,2024-11-12T11:43:44.489176657Z,2024-11-12T11:44:45.622579059Z,hong_kong
00aefe85-2182-4102-a7b9-68a31c0ffe87,19765f0e-cb5e-4c73-8dde-e1c419eb8d84,worker-336602893cc3403c94a6172053df72fe-1544107698,True,911590.0,0.11580272004965513,60.058,19494.0,2024-11-12T11:43:46.103055810Z,2024-11-12T11:44:46.161130551Z,hong_kong
00aefe85-2182-4102-a7b9-68a31c0ffe87,19765f0e-cb5e-4c73-8dde-e1c419eb8d84,worker-689fb313f2b34c80b499936d812a064b-1544107698,True,432302.0,0.053581390864242344,61.555,18009.0,2024-11-12T11:43:44.611362419Z,2024-11-12T11:44:46.166637629Z,hong_kong
00aefe85-2182-4102-a7b9-68a31c0ffe87,19765f0e-cb5e-4c73-8dde-e1c419eb8d84,worker-55b74f68c378406fb338353f85e0bcc9-1544107698,True,795998.0,0.0987428708857444,61.503,18566.0,2024-11-12T11:43:45.171899936Z,2024-11-12T11:44:46.675219489Z,hong_kong
00aefe85-2182-4102-a7b9-68a31c0ffe87,19765f0e-cb5e-4c73-8dde-e1c419eb8d84,worker-32463579859f4033b734d6b0f66bede6-1544107698,True,574454.0,0.07006996556332237,62.548,17741.0,2024-11-12T11:43:44.354061826Z,2024-11-12T11:44:46.902410521Z,hong_kong
b1088d33-5118-4791-92d8-2764b1070355,4dc5f42f-8962-4831-a828-b021123d7b02,worker-5f610ba13ac04a0a93228dcc653d54a7-1544107698,True,2372886.0,0.30099063081582933,60.147,10800.0,2024-11-12T11:39:11.520641132Z,2024-11-12T11:40:11.668003663Z,singapore
b1088d33-5118-4791-92d8-2764b1070355,4dc5f42f-8962-4831-a828-b021123d7b02,worker-530cf3818a79491980240c9408ecac94-1544107698,True,578550.0,0.07356521068073345,60.001,16275.0,2024-11-12T11:39:16.994780468Z,2024-11-12T11:40:16.995889160Z,singapore
b1088d33-5118-4791-92d8-2764b1070355,4dc5f42f-8962-4831-a828-b021123d7b02,worker-317859f7a4494b4f89441014bb0791a9-1544107698,True,776638.0,0.09848052437317696,60.167,16315.0,2024-11-12T11:39:17.035653818Z,2024-11-12T11:40:17.203508104Z,singapore
b1088d33-5118-4791-92d8-2764b1070355,4dc5f42f-8962-4831-a828-b021123d7b02,worker-3109a4756c724d4387d76cb418f7b8a8-1544107698,True,627782.0,0.07960107292034548,60.17,16523.0,2024-11-12T11:39:17.240696366Z,2024-11-12T11:40:17.411662113Z,singapore
b1088d33-5118-4791-92d8-2764b1070355,4dc5f42f-8962-4831-a828-b021123d7b02,worker-0ad6f0fdb17944d1baadcd6d7598af92-1544107698,True,668326.0,0.084452807895392,60.376,16321.0,2024-11-12T11:39:17.035826766Z,2024-11-12T11:40:17.411846882Z,singapore
b1088d33-5118-4791-92d8-2764b1070355,4dc5f42f-8962-4831-a828-b021123d7b02,worker-38837e2cab4d44d1b94eba46d6ed0752-1544107698,True,635022.0,0.0799860225854524,60.571,16537.0,2024-11-12T11:39:17.256852686Z,2024-11-12T11:40:17.827888466Z,singapore
b1088d33-5118-4791-92d8-2764b1070355,4dc5f42f-8962-4831-a828-b021123d7b02,worker-358593d91ac04fceb00ee0bdccc24f20-1544107698,True,710318.0,0.08965961756776529,60.443,16666.0,2024-11-12T11:39:17.384300121Z,2024-11-12T11:40:17.827659220Z,singapore
b1088d33-5118-4791-92d8-2764b1070355,4dc5f42f-8962-4831-a828-b021123d7b02,worker-b003f28b8c3340cd8cf7f858546499ef-1544107698,True,617646.0,0.07795697081159425,60.447,17112.0,2024-11-12T11:39:17.828402601Z,2024-11-12T11:40:18.275716169Z,singapore
b1088d33-5118-4791-92d8-2764b1070355,4dc5f42f-8962-4831-a828-b021123d7b02,worker-d13164f093bb4ed3b524edf389cdea30-1544107698,True,765342.0,0.09729394433618158,60.015,17783.0,2024-11-12T11:39:18.500495431Z,2024-11-12T11:40:18.515840483Z,singapore
b1088d33-5118-4791-92d8-2764b1070355,4dc5f42f-8962-4831-a828-b021123d7b02,worker-5e493b238cf348f6b37c7c7434581d2d-1544107698,True,916182.0,0.11649856567382812,60.0,19416.0,2024-11-12T11:39:20.132937181Z,2024-11-12T11:40:20.133339169Z,singapore
b1088d33-5118-4791-92d8-2764b1070355,83590a9f-1097-4efd-be32-8e97ea6197ca,worker-317859f7a4494b4f89441014bb0791a9-1544107698,True,1959022.0,0.2486839109731691,60.101,10455.0,2024-11-12T11:40:41.502561265Z,2024-11-12T11:41:41.603577001Z,singapore
b1088d33-5118-4791-92d8-2764b1070355,83590a9f-1097-4efd-be32-8e97ea6197ca,worker-0ad6f0fdb17944d1baadcd6d7598af92-1544107698,True,555382.0,0.0704127555969006,60.177,11027.0,2024-11-12T11:40:42.066203450Z,2024-11-12T11:41:42.243460659Z,singapore
b1088d33-5118-4791-92d8-2764b1070355,83590a9f-1097-4efd-be32-8e97ea6197ca,worker-5f610ba13ac04a0a93228dcc653d54a7-1544107698,True,753758.0,0.09553321089583922,60.196,11230.0,2024-11-12T11:40:42.271276577Z,2024-11-12T11:41:42.467861251Z,singapore
b1088d33-5118-4791-92d8-2764b1070355,83590a9f-1097-4efd-be32-8e97ea6197ca,worker-530cf3818a79491980240c9408ecac94-1544107698,True,901702.0,0.11444942201030107,60.109,11506.0,2024-11-12T11:40:42.549593063Z,2024-11-12T11:41:42.659566267Z,singapore
b1088d33-5118-4791-92d8-2764b1070355,83590a9f-1097-4efd-be32-8e97ea6197ca,worker-5e493b238cf348f6b37c7c7434581d2d-1544107698,True,539454.0,0.06788795707152062,60.625,11026.0,2024-11-12T11:40:42.066529765Z,2024-11-12T11:41:42.691787486Z,singapore
b1088d33-5118-4791-92d8-2764b1070355,83590a9f-1097-4efd-be32-8e97ea6197ca,worker-b003f28b8c3340cd8cf7f858546499ef-1544107698,True,490470.0,0.06173778910993364,60.611,11232.0,2024-11-12T11:40:42.272235156Z,2024-11-12T11:41:42.883736566Z,singapore
b1088d33-5118-4791-92d8-2764b1070355,83590a9f-1097-4efd-be32-8e97ea6197ca,worker-38837e2cab4d44d1b94eba46d6ed0752-1544107698,True,775726.0,0.09844832826782283,60.116,11727.0,2024-11-12T11:40:42.768344006Z,2024-11-12T11:41:42.884565491Z,singapore
b1088d33-5118-4791-92d8-2764b1070355,83590a9f-1097-4efd-be32-8e97ea6197ca,worker-3109a4756c724d4387d76cb418f7b8a8-1544107698,True,634734.0,0.08041975037611368,60.217,11860.0,2024-11-12T11:40:42.906077409Z,2024-11-12T11:41:43.123556280Z,singapore
b1088d33-5118-4791-92d8-2764b1070355,83590a9f-1097-4efd-be32-8e97ea6197ca,worker-d13164f093bb4ed3b524edf389cdea30-1544107698,True,807334.0,0.1019661563145362,60.407,11659.0,2024-11-12T11:40:42.700179493Z,2024-11-12T11:41:43.107738069Z,singapore
b1088d33-5118-4791-92d8-2764b1070355,83590a9f-1097-4efd-be32-8e97ea6197ca,worker-358593d91ac04fceb00ee0bdccc24f20-1544107698,True,470198.0,0.05858580562132035,61.232,11026.0,2024-11-12T11:40:42.067264904Z,2024-11-12T11:41:43.299685918Z,singapore
e628ffc4-d29d-4dcd-8270-4617109ac914,ae467b13-6d06-4b14-8553-6f1276d3acc6,worker-6288fd7fb22c4ed3a3ecf2956fc3fb54-1544107698,True,1002288.0,0.12739230643283744,60.026,11597.0,2024-11-12T11:36:21.913593406Z,2024-11-12T11:37:21.940482654Z,us_east
e628ffc4-d29d-4dcd-8270-4617109ac914,ae467b13-6d06-4b14-8553-6f1276d3acc6,worker-a765493920fb47bf965b38720a93975e-1544107698,True,973328.0,0.12357351638814004,60.093,11597.0,2024-11-12T11:36:21.912519058Z,2024-11-12T11:37:22.006400132Z,us_east
e628ffc4-d29d-4dcd-8270-4617109ac914,ae467b13-6d06-4b14-8553-6f1276d3acc6,worker-8c80a74669cb44ad8bfeea0c05d33004-1544107698,True,837742.0,0.10617402959231932,60.198,12405.0,2024-11-12T11:36:22.719266071Z,2024-11-12T11:37:22.917682077Z,us_east
e628ffc4-d29d-4dcd-8270-4617109ac914,ae467b13-6d06-4b14-8553-6f1276d3acc6,worker-2e2509d5868e40acaa90a6f48bb6e7d5-1544107698,True,1150758.0,0.142667037033299,61.539,11177.0,2024-11-12T11:36:21.490924148Z,2024-11-12T11:37:23.030696006Z,us_east
e628ffc4-d29d-4dcd-8270-4617109ac914,ae467b13-6d06-4b14-8553-6f1276d3acc6,worker-0a6f3d35ad3a433fada434aa8c64db04-1544107698,True,794550.0,0.1009313257543238,60.06,13205.0,2024-11-12T11:36:23.521574619Z,2024-11-12T11:37:23.581953728Z,us_east
e628ffc4-d29d-4dcd-8270-4617109ac914,ae467b13-6d06-4b14-8553-6f1276d3acc6,worker-1f42b274d4f04ea6a8dee019a528feaa-1544107698,True,732038.0,0.09260498613608335,60.31,13206.0,2024-11-12T11:36:23.520025421Z,2024-11-12T11:37:23.831010384Z,us_east
e628ffc4-d29d-4dcd-8270-4617109ac914,ae467b13-6d06-4b14-8553-6f1276d3acc6,worker-1a3fcd605aa14849ab91da96ea2f2a2b-1544107698,True,925168.0,0.1134164325490078,62.235,11595.0,2024-11-12T11:36:21.914056280Z,2024-11-12T11:37:24.149683408Z,us_east
e628ffc4-d29d-4dcd-8270-4617109ac914,ae467b13-6d06-4b14-8553-6f1276d3acc6,worker-ff554b7db2794fcca654a1b57f95035e-1544107698,True,638166.0,0.08105379131381724,60.069,13948.0,2024-11-12T11:36:24.266821329Z,2024-11-12T11:37:24.336332935Z,us_east
e628ffc4-d29d-4dcd-8270-4617109ac914,ae467b13-6d06-4b14-8553-6f1276d3acc6,worker-c54df69524f44e18a4b82a7e644e674d-1544107698,True,621990.0,0.07897823257871661,60.085,14441.0,2024-11-12T11:36:24.759700283Z,2024-11-12T11:37:24.845072404Z,us_east
e628ffc4-d29d-4dcd-8270-4617109ac914,ae467b13-6d06-4b14-8553-6f1276d3acc6,worker-bf1c6d1c461743559b7d622a7d564fe2-1544107698,True,672918.0,0.08540368149149428,60.114,14445.0,2024-11-12T11:36:24.758754656Z,2024-11-12T11:37:24.873375034Z,us_east
e628ffc4-d29d-4dcd-8270-4617109ac914,39c39f47-c73d-4d2a-9751-a63ea8e105c4,worker-2e2509d5868e40acaa90a6f48bb6e7d5-1544107698,True,1475110.0,0.18566378789415644,60.616,11102.0,2024-11-12T11:37:46.605871564Z,2024-11-12T11:38:47.221881863Z,us_east
e628ffc4-d29d-4dcd-8270-4617109ac914,39c39f47-c73d-4d2a-9751-a63ea8e105c4,worker-a765493920fb47bf965b38720a93975e-1544107698,True,814574.0,0.10349219685093151,60.05,12100.0,2024-11-12T11:37:47.610300326Z,2024-11-12T11:38:47.660932742Z,us_east
e628ffc4-d29d-4dcd-8270-4617109ac914,39c39f47-c73d-4d2a-9751-a63ea8e105c4,worker-1a3fcd605aa14849ab91da96ea2f2a2b-1544107698,True,722150.0,0.09166570602682286,60.105,12099.0,2024-11-12T11:37:47.605969521Z,2024-11-12T11:38:47.711676436Z,us_east
e628ffc4-d29d-4dcd-8270-4617109ac914,39c39f47-c73d-4d2a-9751-a63ea8e105c4,worker-1f42b274d4f04ea6a8dee019a528feaa-1544107698,True,619094.0,0.07858173553712026,60.107,12103.0,2024-11-12T11:37:47.607831271Z,2024-11-12T11:38:47.715703148Z,us_east
e628ffc4-d29d-4dcd-8270-4617109ac914,39c39f47-c73d-4d2a-9751-a63ea8e105c4,worker-0a6f3d35ad3a433fada434aa8c64db04-1544107698,True,745070.0,0.09451057399325705,60.146,12106.0,2024-11-12T11:37:47.607388856Z,2024-11-12T11:38:47.754072235Z,us_east
e628ffc4-d29d-4dcd-8270-4617109ac914,39c39f47-c73d-4d2a-9751-a63ea8e105c4,worker-6288fd7fb22c4ed3a3ecf2956fc3fb54-1544107698,True,617646.0,0.07828723110460589,60.192,12107.0,2024-11-12T11:37:47.606873661Z,2024-11-12T11:38:47.799130271Z,us_east
e628ffc4-d29d-4dcd-8270-4617109ac914,39c39f47-c73d-4d2a-9751-a63ea8e105c4,worker-bf1c6d1c461743559b7d622a7d564fe2-1544107698,True,704774.0,0.08937533495175007,60.162,12159.0,2024-11-12T11:37:47.669957389Z,2024-11-12T11:38:47.832816688Z,us_east
e628ffc4-d29d-4dcd-8270-4617109ac914,39c39f47-c73d-4d2a-9751-a63ea8e105c4,worker-8c80a74669cb44ad8bfeea0c05d33004-1544107698,True,626582.0,0.07911232390328149,60.426,12397.0,2024-11-12T11:37:47.895584087Z,2024-11-12T11:38:48.322362678Z,us_east
e628ffc4-d29d-4dcd-8270-4617109ac914,39c39f47-c73d-4d2a-9751-a63ea8e105c4,worker-c54df69524f44e18a4b82a7e644e674d-1544107698,True,988334.0,0.1245419112172506,60.545,12388.0,2024-11-12T11:37:47.892390877Z,2024-11-12T11:38:48.438370378Z,us_east
e628ffc4-d29d-4dcd-8270-4617109ac914,39c39f47-c73d-4d2a-9751-a63ea8e105c4,worker-ff554b7db2794fcca654a1b57f95035e-1544107698,True,846678.0,0.10754774991142112,60.063,13375.0,2024-11-12T11:37:48.880879739Z,2024-11-12T11:38:48.944389497Z,us_east
37f79e12-592e-4bdd-818b-1b68bb73280f,90dcd4ed-2387-43a4-9bcb-25d676c8ed0e,worker-bf1c6d1c461743559b7d622a7d564fe2-1544107698,True,13845126.0,1.7478849070684426,60.433,10525.0,2024-11-12T11:33:35.432617612Z,2024-11-12T11:34:35.866273025Z,us_east
37f79e12-592e-4bdd-818b-1b68bb73280f,90dcd4ed-2387-43a4-9bcb-25d676c8ed0e,worker-c54df69524f44e18a4b82a7e644e674d-1544107698,True,24085382.0,3.0404699391741348,60.437,10535.0,2024-11-12T11:33:35.431151539Z,2024-11-12T11:34:35.868940997Z,us_east
37f79e12-592e-4bdd-818b-1b68bb73280f,90dcd4ed-2387-43a4-9bcb-25d676c8ed0e,worker-6288fd7fb22c4ed3a3ecf2956fc3fb54-1544107698,True,23536590.0,2.9707004653708773,60.447,10533.0,2024-11-12T11:33:35.430405415Z,2024-11-12T11:34:35.877938674Z,us_east
37f79e12-592e-4bdd-818b-1b68bb73280f,90dcd4ed-2387-43a4-9bcb-25d676c8ed0e,worker-2e2509d5868e40acaa90a6f48bb6e7d5-1544107698,True,23590166.0,2.977167112826157,60.453,10534.0,2024-11-12T11:33:35.431309108Z,2024-11-12T11:34:35.885074543Z,us_east
37f79e12-592e-4bdd-818b-1b68bb73280f,90dcd4ed-2387-43a4-9bcb-25d676c8ed0e,worker-a765493920fb47bf965b38720a93975e-1544107698,True,23164454.0,2.9233923093094285,60.454,10539.0,2024-11-12T11:33:35.436601873Z,2024-11-12T11:34:35.891349942Z,us_east
37f79e12-592e-4bdd-818b-1b68bb73280f,90dcd4ed-2387-43a4-9bcb-25d676c8ed0e,worker-ff554b7db2794fcca654a1b57f95035e-1544107698,True,23500390.0,2.9658370461059365,60.453,10537.0,2024-11-12T11:33:35.438644986Z,2024-11-12T11:34:35.892519085Z,us_east
37f79e12-592e-4bdd-818b-1b68bb73280f,90dcd4ed-2387-43a4-9bcb-25d676c8ed0e,worker-1a3fcd605aa14849ab91da96ea2f2a2b-1544107698,True,12851798.0,1.621596225613232,60.466,10545.0,2024-11-12T11:33:35.441567269Z,2024-11-12T11:34:35.907759573Z,us_east
37f79e12-592e-4bdd-818b-1b68bb73280f,90dcd4ed-2387-43a4-9bcb-25d676c8ed0e,worker-0a6f3d35ad3a433fada434aa8c64db04-1544107698,True,22705438.0,2.864279245801616,60.479,10535.0,2024-11-12T11:33:35.436190678Z,2024-11-12T11:34:35.915376344Z,us_east
37f79e12-592e-4bdd-818b-1b68bb73280f,90dcd4ed-2387-43a4-9bcb-25d676c8ed0e,worker-1f42b274d4f04ea6a8dee019a528feaa-1544107698,True,15665814.0,1.9543253537482168,61.157,10543.0,2024-11-12T11:33:35.444016785Z,2024-11-12T11:34:36.601502190Z,us_east
37f79e12-592e-4bdd-818b-1b68bb73280f,90dcd4ed-2387-43a4-9bcb-25d676c8ed0e,worker-8c80a74669cb44ad8bfeea0c05d33004-1544107698,True,12747542.0,1.5900081289204913,61.167,10536.0,2024-11-12T11:33:35.434481738Z,2024-11-12T11:34:36.601742156Z,us_east
37f79e12-592e-4bdd-818b-1b68bb73280f,d0ab0afb-6737-4be4-9dd7-cdf2fdc7027b,worker-ff554b7db2794fcca654a1b57f95035e-1544107698,True,10329382.0,1.3134269519173378,60.001,10487.0,2024-11-12T11:34:55.571105518Z,2024-11-12T11:35:55.572218990Z,us_east
37f79e12-592e-4bdd-818b-1b68bb73280f,d0ab0afb-6737-4be4-9dd7-cdf2fdc7027b,worker-0a6f3d35ad3a433fada434aa8c64db04-1544107698,True,28532190.0,3.6278741788008255,60.003,10485.0,2024-11-12T11:34:55.569054860Z,2024-11-12T11:35:55.572977752Z,us_east
37f79e12-592e-4bdd-818b-1b68bb73280f,d0ab0afb-6737-4be4-9dd7-cdf2fdc7027b,worker-1f42b274d4f04ea6a8dee019a528feaa-1544107698,True,17092990.0,2.173341184399556,60.004,10491.0,2024-11-12T11:34:55.572468194Z,2024-11-12T11:35:55.577439711Z,us_east
37f79e12-592e-4bdd-818b-1b68bb73280f,d0ab0afb-6737-4be4-9dd7-cdf2fdc7027b,worker-a765493920fb47bf965b38720a93975e-1544107698,True,18190574.0,2.312896903471409,60.004,10481.0,2024-11-12T11:34:55.574131803Z,2024-11-12T11:35:55.579106503Z,us_east
37f79e12-592e-4bdd-818b-1b68bb73280f,d0ab0afb-6737-4be4-9dd7-cdf2fdc7027b,worker-1a3fcd605aa14849ab91da96ea2f2a2b-1544107698,True,24699334.0,3.140578043150515,60.002,10495.0,2024-11-12T11:34:55.578524226Z,2024-11-12T11:35:55.580675120Z,us_east
37f79e12-592e-4bdd-818b-1b68bb73280f,d0ab0afb-6737-4be4-9dd7-cdf2fdc7027b,worker-bf1c6d1c461743559b7d622a7d564fe2-1544107698,True,18661174.0,2.3727723424212903,60.003,10496.0,2024-11-12T11:34:55.584606816Z,2024-11-12T11:35:55.588138727Z,us_east
37f79e12-592e-4bdd-818b-1b68bb73280f,d0ab0afb-6737-4be4-9dd7-cdf2fdc7027b,worker-8c80a74669cb44ad8bfeea0c05d33004-1544107698,True,28094894.0,3.5724505106608073,60.0,10502.0,2024-11-12T11:34:55.589401827Z,2024-11-12T11:35:55.589725258Z,us_east
37f79e12-592e-4bdd-818b-1b68bb73280f,d0ab0afb-6737-4be4-9dd7-cdf2fdc7027b,worker-c54df69524f44e18a4b82a7e644e674d-1544107698,True,11949694.0,1.5194568432811275,60.001,10497.0,2024-11-12T11:34:55.587432271Z,2024-11-12T11:35:55.589157618Z,us_east
37f79e12-592e-4bdd-818b-1b68bb73280f,d0ab0afb-6737-4be4-9dd7-cdf2fdc7027b,worker-6288fd7fb22c4ed3a3ecf2956fc3fb54-1544107698,True,17004662.0,2.161966325632494,60.008,10499.0,2024-11-12T11:34:55.582346400Z,2024-11-12T11:35:55.591131227Z,us_east
37f79e12-592e-4bdd-818b-1b68bb73280f,d0ab0afb-6737-4be4-9dd7-cdf2fdc7027b,worker-2e2509d5868e40acaa90a6f48bb6e7d5-1544107698,True,14735646.0,1.8732347541794845,60.016,10492.0,2024-11-12T11:34:55.576381052Z,2024-11-12T11:35:55.592865485Z,us_east
b2810b80-01cf-447a-bbdf-da65226d6f55,19e0ce5e-afea-43e8-86c6-2626302371c0,worker-0ad6f0fdb17944d1baadcd6d7598af92-1544107698,True,26340632.0,3.3483242594923066,60.019,10237.0,2024-11-12T11:28:49.474716391Z,2024-11-12T11:29:49.494000058Z,singapore
b2810b80-01cf-447a-bbdf-da65226d6f55,19e0ce5e-afea-43e8-86c6-2626302371c0,worker-38837e2cab4d44d1b94eba46d6ed0752-1544107698,True,28209432.0,3.584923565094841,60.035,10237.0,2024-11-12T11:28:49.474963228Z,2024-11-12T11:29:49.510553404Z,singapore
b2810b80-01cf-447a-bbdf-da65226d6f55,19e0ce5e-afea-43e8-86c6-2626302371c0,worker-5e493b238cf348f6b37c7c7434581d2d-1544107698,True,29552632.0,3.7566218858168874,60.019,10236.0,2024-11-12T11:28:49.474219213Z,2024-11-12T11:29:49.493300818Z,singapore
b2810b80-01cf-447a-bbdf-da65226d6f55,19e0ce5e-afea-43e8-86c6-2626302371c0,worker-d13164f093bb4ed3b524edf389cdea30-1544107698,True,26079292.0,3.314330580908365,60.033,10234.0,2024-11-12T11:28:49.474331691Z,2024-11-12T11:29:49.508317491Z,singapore
b2810b80-01cf-447a-bbdf-da65226d6f55,19e0ce5e-afea-43e8-86c6-2626302371c0,worker-3109a4756c724d4387d76cb418f7b8a8-1544107698,True,23867392.0,3.033682360389178,60.024,10469.0,2024-11-12T11:28:49.707335407Z,2024-11-12T11:29:49.731434561Z,singapore
b2810b80-01cf-447a-bbdf-da65226d6f55,19e0ce5e-afea-43e8-86c6-2626302371c0,worker-317859f7a4494b4f89441014bb0791a9-1544107698,True,26063232.0,3.3138904020981936,60.004,10498.0,2024-11-12T11:28:49.738511957Z,2024-11-12T11:29:49.743433420Z,singapore
b2810b80-01cf-447a-bbdf-da65226d6f55,19e0ce5e-afea-43e8-86c6-2626302371c0,worker-530cf3818a79491980240c9408ecac94-1544107698,True,25388712.0,3.226674559615553,60.031,10474.0,2024-11-12T11:28:49.715150016Z,2024-11-12T11:29:49.746782531Z,singapore
b2810b80-01cf-447a-bbdf-da65226d6f55,19e0ce5e-afea-43e8-86c6-2626302371c0,worker-5f610ba13ac04a0a93228dcc653d54a7-1544107698,False,,,,,,,singapore
b2810b80-01cf-447a-bbdf-da65226d6f55,19e0ce5e-afea-43e8-86c6-2626302371c0,worker-b003f28b8c3340cd8cf7f858546499ef-1544107698,False,,,,,,,singapore
b2810b80-01cf-447a-bbdf-da65226d6f55,19e0ce5e-afea-43e8-86c6-2626302371c0,worker-358593d91ac04fceb00ee0bdccc24f20-1544107698,False,,,,,,,singapore
b2810b80-01cf-447a-bbdf-da65226d6f55,681fbd29-b6f8-4324-aadc-58cde4703b07,worker-b003f28b8c3340cd8cf7f858546499ef-1544107698,False,,,,,,,singapore
b2810b80-01cf-447a-bbdf-da65226d6f55,681fbd29-b6f8-4324-aadc-58cde4703b07,worker-358593d91ac04fceb00ee0bdccc24f20-1544107698,False,,,,,,,singapore
b2810b80-01cf-447a-bbdf-da65226d6f55,681fbd29-b6f8-4324-aadc-58cde4703b07,worker-0ad6f0fdb17944d1baadcd6d7598af92-1544107698,True,28348132.0,3.602789946060421,60.031,10162.0,2024-11-12T11:31:09.716339066Z,2024-11-12T11:32:09.747388966Z,singapore
b2810b80-01cf-447a-bbdf-da65226d6f55,681fbd29-b6f8-4324-aadc-58cde4703b07,worker-38837e2cab4d44d1b94eba46d6ed0752-1544107698,True,27480892.0,3.493386326185445,60.017,10151.0,2024-11-12T11:31:09.713971527Z,2024-11-12T11:32:09.731843032Z,singapore
b2810b80-01cf-447a-bbdf-da65226d6f55,681fbd29-b6f8-4324-aadc-58cde4703b07,worker-3109a4756c724d4387d76cb418f7b8a8-1544107698,True,27932032.0,3.5512680340537925,60.008,10195.0,2024-11-12T11:31:09.750481881Z,2024-11-12T11:32:09.759255178Z,singapore
b2810b80-01cf-447a-bbdf-da65226d6f55,681fbd29-b6f8-4324-aadc-58cde4703b07,worker-317859f7a4494b4f89441014bb0791a9-1544107698,True,25788752.0,3.2786629474514664,60.01,10159.0,2024-11-12T11:31:09.720397541Z,2024-11-12T11:32:09.730460122Z,singapore
b2810b80-01cf-447a-bbdf-da65226d6f55,681fbd29-b6f8-4324-aadc-58cde4703b07,worker-530cf3818a79491980240c9408ecac94-1544107698,True,25317172.0,3.21886935863342,60.007,10183.0,2024-11-12T11:31:09.739392667Z,2024-11-12T11:32:09.746770481Z,singapore
b2810b80-01cf-447a-bbdf-da65226d6f55,681fbd29-b6f8-4324-aadc-58cde4703b07,worker-d13164f093bb4ed3b524edf389cdea30-1544107698,True,21740172.0,2.7642215413178186,60.004,10190.0,2024-11-12T11:31:09.744813347Z,2024-11-12T11:32:09.749358599Z,singapore
b2810b80-01cf-447a-bbdf-da65226d6f55,681fbd29-b6f8-4324-aadc-58cde4703b07,worker-5e493b238cf348f6b37c7c7434581d2d-1544107698,True,25067512.0,3.1859060297325295,60.03,10175.0,2024-11-12T11:31:09.735729285Z,2024-11-12T11:32:09.766252887Z,singapore
b2810b80-01cf-447a-bbdf-da65226d6f55,681fbd29-b6f8-4324-aadc-58cde4703b07,worker-5f610ba13ac04a0a93228dcc653d54a7-1544107698,False,,,,,,,singapore
b6e26c12-eebf-413d-b190-f8d1e5402c13,eca3a3be-aa12-4de0-96dc-8036c011cf50,worker-1f42b274d4f04ea6a8dee019a528feaa-1544107698,True,104857601.0,191.4791784656282,4.178,10310.0,2024-11-12T11:27:19.337454557Z,2024-11-12T11:27:23.515580823Z,us_east
b6e26c12-eebf-413d-b190-f8d1e5402c13,eca3a3be-aa12-4de0-96dc-8036c011cf50,worker-c54df69524f44e18a4b82a7e644e674d-1544107698,True,104857601.0,188.72375740254648,4.239,10309.0,2024-11-12T11:27:19.332649730Z,2024-11-12T11:27:23.572103349Z,us_east
b6e26c12-eebf-413d-b190-f8d1e5402c13,eca3a3be-aa12-4de0-96dc-8036c011cf50,worker-0a6f3d35ad3a433fada434aa8c64db04-1544107698,True,104857601.0,185.14232993043152,4.321,10313.0,2024-11-12T11:27:19.333885593Z,2024-11-12T11:27:23.655720683Z,us_east
b6e26c12-eebf-413d-b190-f8d1e5402c13,eca3a3be-aa12-4de0-96dc-8036c011cf50,worker-8c80a74669cb44ad8bfeea0c05d33004-1544107698,True,104857601.0,184.37428154629973,4.339,10312.0,2024-11-12T11:27:19.334431020Z,2024-11-12T11:27:23.674176376Z,us_east
b6e26c12-eebf-413d-b190-f8d1e5402c13,eca3a3be-aa12-4de0-96dc-8036c011cf50,worker-2e2509d5868e40acaa90a6f48bb6e7d5-1544107698,True,104857601.0,182.94077466942477,4.373,10307.0,2024-11-12T11:27:19.333000449Z,2024-11-12T11:27:23.706804505Z,us_east
b6e26c12-eebf-413d-b190-f8d1e5402c13,eca3a3be-aa12-4de0-96dc-8036c011cf50,worker-6288fd7fb22c4ed3a3ecf2956fc3fb54-1544107698,True,104857601.0,181.8595152601488,4.399,10312.0,2024-11-12T11:27:19.333522554Z,2024-11-12T11:27:23.733223458Z,us_east
b6e26c12-eebf-413d-b190-f8d1e5402c13,eca3a3be-aa12-4de0-96dc-8036c011cf50,worker-ff554b7db2794fcca654a1b57f95035e-1544107698,True,104857601.0,181.44704187557147,4.409,10312.0,2024-11-12T11:27:19.333559421Z,2024-11-12T11:27:23.742694457Z,us_east
b6e26c12-eebf-413d-b190-f8d1e5402c13,eca3a3be-aa12-4de0-96dc-8036c011cf50,worker-1a3fcd605aa14849ab91da96ea2f2a2b-1544107698,True,104857601.0,163.9344277929087,4.88,10315.0,2024-11-12T11:27:19.340913223Z,2024-11-12T11:27:24.221442935Z,us_east
b6e26c12-eebf-413d-b190-f8d1e5402c13,eca3a3be-aa12-4de0-96dc-8036c011cf50,worker-bf1c6d1c461743559b7d622a7d564fe2-1544107698,True,104857601.0,162.0417272897295,4.937,10311.0,2024-11-12T11:27:19.334226769Z,2024-11-12T11:27:24.272029681Z,us_east
b6e26c12-eebf-413d-b190-f8d1e5402c13,eca3a3be-aa12-4de0-96dc-8036c011cf50,worker-a765493920fb47bf965b38720a93975e-1544107698,True,104857601.0,161.61616315745343,4.95,10312.0,2024-11-12T11:27:19.341234747Z,2024-11-12T11:27:24.292205131Z,us_east
b6e26c12-eebf-413d-b190-f8d1e5402c13,91054405-330d-4f3d-b648-b8ee64527891,worker-1a3fcd605aa14849ab91da96ea2f2a2b-1544107698,True,104857601.0,192.4927833564472,4.156,10172.0,2024-11-12T11:28:19.331802641Z,2024-11-12T11:28:23.487845861Z,us_east
b6e26c12-eebf-413d-b190-f8d1e5402c13,91054405-330d-4f3d-b648-b8ee64527891,worker-a765493920fb47bf965b38720a93975e-1544107698,True,104857601.0,122.85012402171292,6.512,10167.0,2024-11-12T11:28:19.334725918Z,2024-11-12T11:28:25.847369666Z,us_east
b6e26c12-eebf-413d-b190-f8d1e5402c13,91054405-330d-4f3d-b648-b8ee64527891,worker-2e2509d5868e40acaa90a6f48bb6e7d5-1544107698,True,104857601.0,122.3241601879808,6.54,10177.0,2024-11-12T11:28:19.334798344Z,2024-11-12T11:28:25.875003120Z,us_east
b6e26c12-eebf-413d-b190-f8d1e5402c13,91054405-330d-4f3d-b648-b8ee64527891,worker-6288fd7fb22c4ed3a3ecf2956fc3fb54-1544107698,True,104857601.0,122.23071163168748,6.545,10181.0,2024-11-12T11:28:19.337017248Z,2024-11-12T11:28:25.882481255Z,us_east
b6e26c12-eebf-413d-b190-f8d1e5402c13,91054405-330d-4f3d-b648-b8ee64527891,worker-0a6f3d35ad3a433fada434aa8c64db04-1544107698,True,104857601.0,113.66865695217314,7.038,10185.0,2024-11-12T11:28:19.343523142Z,2024-11-12T11:28:26.381900494Z,us_east
b6e26c12-eebf-413d-b190-f8d1e5402c13,91054405-330d-4f3d-b648-b8ee64527891,worker-8c80a74669cb44ad8bfeea0c05d33004-1544107698,True,104857601.0,112.02912864156204,7.141,10179.0,2024-11-12T11:28:19.341250166Z,2024-11-12T11:28:26.483182247Z,us_east
b6e26c12-eebf-413d-b190-f8d1e5402c13,91054405-330d-4f3d-b648-b8ee64527891,worker-1f42b274d4f04ea6a8dee019a528feaa-1544107698,True,104857601.0,111.38958613608946,7.182,10196.0,2024-11-12T11:28:19.352018652Z,2024-11-12T11:28:26.534597257Z,us_east
b6e26c12-eebf-413d-b190-f8d1e5402c13,91054405-330d-4f3d-b648-b8ee64527891,worker-bf1c6d1c461743559b7d622a7d564fe2-1544107698,True,104857601.0,109.96563678754563,7.275,10188.0,2024-11-12T11:28:19.344934210Z,2024-11-12T11:28:26.620908248Z,us_east
b6e26c12-eebf-413d-b190-f8d1e5402c13,91054405-330d-4f3d-b648-b8ee64527891,worker-ff554b7db2794fcca654a1b57f95035e-1544107698,True,104857601.0,109.70927147962075,7.292,10192.0,2024-11-12T11:28:19.347874571Z,2024-11-12T11:28:26.640087584Z,us_east
b6e26c12-eebf-413d-b190-f8d1e5402c13,91054405-330d-4f3d-b648-b8ee64527891,worker-c54df69524f44e18a4b82a7e644e674d-1544107698,True,104857601.0,107.51243215016726,7.441,10198.0,2024-11-12T11:28:19.356809486Z,2024-11-12T11:28:26.798155308Z,us_east
5b7c9c8d-6819-4b49-a091-b10155a10ed8,03b9a246-32ef-4d0e-951c-418ecf2850ed,worker-5f610ba13ac04a0a93228dcc653d54a7-1544107698,True,104857601.0,50.02814130632196,15.991,10520.0,2024-11-12T11:26:39.440742894Z,2024-11-12T11:26:55.432075997Z,singapore
5b7c9c8d-6819-4b49-a091-b10155a10ed8,03b9a246-32ef-4d0e-951c-418ecf2850ed,worker-530cf3818a79491980240c9408ecac94-1544107698,True,104857601.0,49.176297493815746,16.268,10527.0,2024-11-12T11:26:39.444779511Z,2024-11-12T11:26:55.713225122Z,singapore
5b7c9c8d-6819-4b49-a091-b10155a10ed8,03b9a246-32ef-4d0e-951c-418ecf2850ed,worker-d13164f093bb4ed3b524edf389cdea30-1544107698,True,104857601.0,48.90872456009015,16.357,10524.0,2024-11-12T11:26:39.441069108Z,2024-11-12T11:26:55.798228758Z,singapore
5b7c9c8d-6819-4b49-a091-b10155a10ed8,03b9a246-32ef-4d0e-951c-418ecf2850ed,worker-0ad6f0fdb17944d1baadcd6d7598af92-1544107698,True,104857601.0,48.78941316273676,16.397,10529.0,2024-11-12T11:26:39.443776477Z,2024-11-12T11:26:55.841110757Z,singapore
5b7c9c8d-6819-4b49-a091-b10155a10ed8,03b9a246-32ef-4d0e-951c-418ecf2850ed,worker-38837e2cab4d44d1b94eba46d6ed0752-1544107698,True,104857601.0,48.72997549061305,16.417,10525.0,2024-11-12T11:26:39.441193437Z,2024-11-12T11:26:55.858323355Z,singapore
5b7c9c8d-6819-4b49-a091-b10155a10ed8,03b9a246-32ef-4d0e-951c-418ecf2850ed,worker-317859f7a4494b4f89441014bb0791a9-1544107698,True,104857601.0,48.68845521449665,16.431,10523.0,2024-11-12T11:26:39.446393664Z,2024-11-12T11:26:55.878049223Z,singapore
5b7c9c8d-6819-4b49-a091-b10155a10ed8,03b9a246-32ef-4d0e-951c-418ecf2850ed,worker-5e493b238cf348f6b37c7c7434581d2d-1544107698,True,104857601.0,47.97313550188262,16.676,10530.0,2024-11-12T11:26:39.446721951Z,2024-11-12T11:26:56.123502769Z,singapore
5b7c9c8d-6819-4b49-a091-b10155a10ed8,03b9a246-32ef-4d0e-951c-418ecf2850ed,worker-358593d91ac04fceb00ee0bdccc24f20-1544107698,True,104857601.0,47.73554553549702,16.759,10515.0,2024-11-12T11:26:39.447381877Z,2024-11-12T11:26:56.206785011Z,singapore
5b7c9c8d-6819-4b49-a091-b10155a10ed8,03b9a246-32ef-4d0e-951c-418ecf2850ed,worker-3109a4756c724d4387d76cb418f7b8a8-1544107698,True,104857601.0,47.393365380888305,16.88,10521.0,2024-11-12T11:26:39.448014255Z,2024-11-12T11:26:56.328411696Z,singapore
5b7c9c8d-6819-4b49-a091-b10155a10ed8,03b9a246-32ef-4d0e-951c-418ecf2850ed,worker-b003f28b8c3340cd8cf7f858546499ef-1544107698,True,104857601.0,42.51926694814746,18.815,10532.0,2024-11-12T11:26:39.448735386Z,2024-11-12T11:26:58.264239132Z,singapore
5b7c9c8d-6819-4b49-a091-b10155a10ed8,6436bbc6-8cb3-455b-9fc5-b0e7a932c08f,worker-358593d91ac04fceb00ee0bdccc24f20-1544107698,True,104857601.0,50.38417984817953,15.878,10405.0,2024-11-12T11:27:44.481241438Z,2024-11-12T11:28:00.359253263Z,singapore
5b7c9c8d-6819-4b49-a091-b10155a10ed8,6436bbc6-8cb3-455b-9fc5-b0e7a932c08f,worker-b003f28b8c3340cd8cf7f858546499ef-1544107698,True,104857601.0,49.85044912944882,16.048,10371.0,2024-11-12T11:27:44.447445032Z,2024-11-12T11:28:00.495484412Z,singapore
5b7c9c8d-6819-4b49-a091-b10155a10ed8,6436bbc6-8cb3-455b-9fc5-b0e7a932c08f,worker-5f610ba13ac04a0a93228dcc653d54a7-1544107698,True,104857601.0,49.5693666044609,16.139,10386.0,2024-11-12T11:27:44.465532672Z,2024-11-12T11:28:00.605511593Z,singapore
5b7c9c8d-6819-4b49-a091-b10155a10ed8,6436bbc6-8cb3-455b-9fc5-b0e7a932c08f,worker-0ad6f0fdb17944d1baadcd6d7598af92-1544107698,True,104857601.0,49.16118771150953,16.273,10366.0,2024-11-12T11:27:44.442555545Z,2024-11-12T11:28:00.715743446Z,singapore
5b7c9c8d-6819-4b49-a091-b10155a10ed8,6436bbc6-8cb3-455b-9fc5-b0e7a932c08f,worker-d13164f093bb4ed3b524edf389cdea30-1544107698,True,104857601.0,49.28536271743436,16.232,10393.0,2024-11-12T11:27:44.469236246Z,2024-11-12T11:28:00.701311176Z,singapore
5b7c9c8d-6819-4b49-a091-b10155a10ed8,6436bbc6-8cb3-455b-9fc5-b0e7a932c08f,worker-5e493b238cf348f6b37c7c7434581d2d-1544107698,True,104857601.0,49.19444149731856,16.262,10384.0,2024-11-12T11:27:44.460747571Z,2024-11-12T11:28:00.723318452Z,singapore
5b7c9c8d-6819-4b49-a091-b10155a10ed8,6436bbc6-8cb3-455b-9fc5-b0e7a932c08f,worker-317859f7a4494b4f89441014bb0791a9-1544107698,True,104857601.0,48.69734645905737,16.428,10377.0,2024-11-12T11:27:44.456406333Z,2024-11-12T11:28:00.885197277Z,singapore
5b7c9c8d-6819-4b49-a091-b10155a10ed8,6436bbc6-8cb3-455b-9fc5-b0e7a932c08f,worker-3109a4756c724d4387d76cb418f7b8a8-1544107698,True,104857601.0,48.64996397648957,16.444,10381.0,2024-11-12T11:27:44.456668351Z,2024-11-12T11:28:00.901047768Z,singapore
5b7c9c8d-6819-4b49-a091-b10155a10ed8,6436bbc6-8cb3-455b-9fc5-b0e7a932c08f,worker-38837e2cab4d44d1b94eba46d6ed0752-1544107698,True,104857601.0,47.978889746275314,16.674,10398.0,2024-11-12T11:27:44.475109172Z,2024-11-12T11:28:01.149453421Z,singapore
5b7c9c8d-6819-4b49-a091-b10155a10ed8,6436bbc6-8cb3-455b-9fc5-b0e7a932c08f,worker-530cf3818a79491980240c9408ecac94-1544107698,True,104857601.0,47.51722544721992,16.836,10421.0,2024-11-12T11:27:44.497481527Z,2024-11-12T11:28:01.334381038Z,singapore
64ef3cc4-215c-43cb-b89a-b87dfd78a047,4083e653-1fcc-40c4-8a71-9f9a12d0287c,worker-5dc0276a95104f5c81ef45e31564ee42-1544107698,True,104857601.0,85.57980398260531,9.348,10540.0,2024-11-12T11:25:19.255234312Z,2024-11-12T11:25:28.604230319Z,hong_kong
64ef3cc4-215c-43cb-b89a-b87dfd78a047,4083e653-1fcc-40c4-8a71-9f9a12d0287c,worker-3411be34b19249d79bc821e96ff58eb6-1544107698,True,104857601.0,85.1426146902293,9.396,10539.0,2024-11-12T11:25:19.255218079Z,2024-11-12T11:25:28.651406310Z,hong_kong
64ef3cc4-215c-43cb-b89a-b87dfd78a047,4083e653-1fcc-40c4-8a71-9f9a12d0287c,worker-25a72e94d80445b3898ceb9973f89e90-1544107698,True,104857601.0,70.8466177496807,11.292,10537.0,2024-11-12T11:25:19.254732640Z,2024-11-12T11:25:30.547338473Z,hong_kong
64ef3cc4-215c-43cb-b89a-b87dfd78a047,4083e653-1fcc-40c4-8a71-9f9a12d0287c,worker-7024dfbd6f2949cc8e64f0a18bf95c3a-1544107698,True,104857601.0,70.62770439034118,11.327,10535.0,2024-11-12T11:25:19.256108710Z,2024-11-12T11:25:30.583140907Z,hong_kong
64ef3cc4-215c-43cb-b89a-b87dfd78a047,4083e653-1fcc-40c4-8a71-9f9a12d0287c,worker-02bf2b91b53341b59db9a49c1bec78be-1544107698,True,104857601.0,70.0341423119491,11.423,10531.0,2024-11-12T11:25:19.249527060Z,2024-11-12T11:25:30.673470010Z,hong_kong
64ef3cc4-215c-43cb-b89a-b87dfd78a047,4083e653-1fcc-40c4-8a71-9f9a12d0287c,worker-55b74f68c378406fb338353f85e0bcc9-1544107698,True,104857601.0,69.82630772710085,11.457,10533.0,2024-11-12T11:25:19.254519716Z,2024-11-12T11:25:30.712144929Z,hong_kong
64ef3cc4-215c-43cb-b89a-b87dfd78a047,4083e653-1fcc-40c4-8a71-9f9a12d0287c,worker-336602893cc3403c94a6172053df72fe-1544107698,True,104857601.0,69.68641181440718,11.48,10538.0,2024-11-12T11:25:19.258583785Z,2024-11-12T11:25:30.738841912Z,hong_kong
64ef3cc4-215c-43cb-b89a-b87dfd78a047,4083e653-1fcc-40c4-8a71-9f9a12d0287c,worker-32463579859f4033b734d6b0f66bede6-1544107698,True,104857601.0,68.62829266787291,11.657,10535.0,2024-11-12T11:25:19.253409116Z,2024-11-12T11:25:30.910807349Z,hong_kong
64ef3cc4-215c-43cb-b89a-b87dfd78a047,4083e653-1fcc-40c4-8a71-9f9a12d0287c,worker-3495f46c836e49ec9c583308b2285bee-1544107698,True,104857601.0,66.4176012975836,12.045,10539.0,2024-11-12T11:25:19.260392275Z,2024-11-12T11:25:31.306176332Z,hong_kong
64ef3cc4-215c-43cb-b89a-b87dfd78a047,4083e653-1fcc-40c4-8a71-9f9a12d0287c,worker-689fb313f2b34c80b499936d812a064b-1544107698,True,104857601.0,64.9561552151181,12.316,10545.0,2024-11-12T11:25:19.259541432Z,2024-11-12T11:25:31.575833728Z,hong_kong
64ef3cc4-215c-43cb-b89a-b87dfd78a047,16c29ef3-f51c-4c8b-a726-32e0bd8de72e,worker-689fb313f2b34c80b499936d812a064b-1544107698,True,104857601.0,47.41021735388139,16.874,10370.0,2024-11-12T11:25:54.176971693Z,2024-11-12T11:26:11.051103280Z,hong_kong
64ef3cc4-215c-43cb-b89a-b87dfd78a047,16c29ef3-f51c-4c8b-a726-32e0bd8de72e,worker-3411be34b19249d79bc821e96ff58eb6-1544107698,True,104857601.0,46.22140094923703,17.308,10403.0,2024-11-12T11:25:54.213066388Z,2024-11-12T11:26:11.521519941Z,hong_kong
64ef3cc4-215c-43cb-b89a-b87dfd78a047,16c29ef3-f51c-4c8b-a726-32e0bd8de72e,worker-336602893cc3403c94a6172053df72fe-1544107698,True,104857601.0,46.12812129558869,17.343,10407.0,2024-11-12T11:25:54.216795829Z,2024-11-12T11:26:11.560277707Z,hong_kong
64ef3cc4-215c-43cb-b89a-b87dfd78a047,16c29ef3-f51c-4c8b-a726-32e0bd8de72e,worker-55b74f68c378406fb338353f85e0bcc9-1544107698,True,104857601.0,45.61523592367399,17.538,10380.0,2024-11-12T11:25:54.193939181Z,2024-11-12T11:26:11.732369644Z,hong_kong
64ef3cc4-215c-43cb-b89a-b87dfd78a047,16c29ef3-f51c-4c8b-a726-32e0bd8de72e,worker-5dc0276a95104f5c81ef45e31564ee42-1544107698,True,104857601.0,44.99943793617924,17.778,10395.0,2024-11-12T11:25:54.200713420Z,2024-11-12T11:26:11.979666564Z,hong_kong
64ef3cc4-215c-43cb-b89a-b87dfd78a047,16c29ef3-f51c-4c8b-a726-32e0bd8de72e,worker-25a72e94d80445b3898ceb9973f89e90-1544107698,True,104857601.0,44.44691414130755,17.999,10415.0,2024-11-12T11:25:54.228509325Z,2024-11-12T11:26:12.228456519Z,hong_kong
64ef3cc4-215c-43cb-b89a-b87dfd78a047,16c29ef3-f51c-4c8b-a726-32e0bd8de72e,worker-02bf2b91b53341b59db9a49c1bec78be-1544107698,True,104857601.0,44.4444448682997,18.0,10460.0,2024-11-12T11:25:54.267772300Z,2024-11-12T11:26:12.267956505Z,hong_kong
64ef3cc4-215c-43cb-b89a-b87dfd78a047,16c29ef3-f51c-4c8b-a726-32e0bd8de72e,worker-7024dfbd6f2949cc8e64f0a18bf95c3a-1544107698,True,104857601.0,43.78763041211793,18.27,10415.0,2024-11-12T11:25:54.224213972Z,2024-11-12T11:26:12.494269023Z,hong_kong
64ef3cc4-215c-43cb-b89a-b87dfd78a047,16c29ef3-f51c-4c8b-a726-32e0bd8de72e,worker-32463579859f4033b734d6b0f66bede6-1544107698,True,104857601.0,43.11041696553293,18.557,10422.0,2024-11-12T11:25:54.229245576Z,2024-11-12T11:26:12.786753017Z,hong_kong
64ef3cc4-215c-43cb-b89a-b87dfd78a047,16c29ef3-f51c-4c8b-a726-32e0bd8de72e,worker-3495f46c836e49ec9c583308b2285bee-1544107698,True,104857601.0,40.88934360487577,19.565,10434.0,2024-11-12T11:25:54.241160347Z,2024-11-12T11:26:13.806405824Z,hong_kong
6cdcf5d0-a6db-4be1-b758-5789b32b4237,21623201-f500-42af-8b23-7e03c641176e,worker-02bf2b91b53341b59db9a49c1bec78be-1544107698,True,104857601.0,82.9789448842853,9.641,10682.0,2024-11-12T11:23:49.167346226Z,2024-11-12T11:23:58.809289948Z,hong_kong
6cdcf5d0-a6db-4be1-b758-5789b32b4237,21623201-f500-42af-8b23-7e03c641176e,worker-25a72e94d80445b3898ceb9973f89e90-1544107698,True,104857601.0,83.34201558801901,9.599,10681.0,2024-11-12T11:23:49.161017071Z,2024-11-12T11:23:58.760555318Z,hong_kong
6cdcf5d0-a6db-4be1-b758-5789b32b4237,21623201-f500-42af-8b23-7e03c641176e,worker-3411be34b19249d79bc821e96ff58eb6-1544107698,True,104857601.0,82.31299594910944,9.719,10688.0,2024-11-12T11:23:49.167226662Z,2024-11-12T11:23:58.886926149Z,hong_kong
6cdcf5d0-a6db-4be1-b758-5789b32b4237,21623201-f500-42af-8b23-7e03c641176e,worker-3495f46c836e49ec9c583308b2285bee-1544107698,True,104857601.0,81.98401389930258,9.758,10684.0,2024-11-12T11:23:49.165277610Z,2024-11-12T11:23:58.923488274Z,hong_kong
6cdcf5d0-a6db-4be1-b758-5789b32b4237,21623201-f500-42af-8b23-7e03c641176e,worker-689fb313f2b34c80b499936d812a064b-1544107698,True,104857601.0,80.88161031537706,9.891,10680.0,2024-11-12T11:23:49.166210113Z,2024-11-12T11:23:59.057559815Z,hong_kong
6cdcf5d0-a6db-4be1-b758-5789b32b4237,21623201-f500-42af-8b23-7e03c641176e,worker-7024dfbd6f2949cc8e64f0a18bf95c3a-1544107698,True,104857601.0,80.59641422822834,9.926,10680.0,2024-11-12T11:23:49.167998150Z,2024-11-12T11:23:59.094720275Z,hong_kong
6cdcf5d0-a6db-4be1-b758-5789b32b4237,21623201-f500-42af-8b23-7e03c641176e,worker-55b74f68c378406fb338353f85e0bcc9-1544107698,True,104857601.0,80.2809842076663,9.965,10675.0,2024-11-12T11:23:49.166600998Z,2024-11-12T11:23:59.131620771Z,hong_kong
6cdcf5d0-a6db-4be1-b758-5789b32b4237,21623201-f500-42af-8b23-7e03c641176e,worker-32463579859f4033b734d6b0f66bede6-1544107698,True,104857601.0,80.00000076293945,10.0,10674.0,2024-11-12T11:23:49.163052357Z,2024-11-12T11:23:59.163659671Z,hong_kong
6cdcf5d0-a6db-4be1-b758-5789b32b4237,21623201-f500-42af-8b23-7e03c641176e,worker-5dc0276a95104f5c81ef45e31564ee42-1544107698,True,104857601.0,79.60991219319281,10.049,10686.0,2024-11-12T11:23:49.166393930Z,2024-11-12T11:23:59.215931364Z,hong_kong
6cdcf5d0-a6db-4be1-b758-5789b32b4237,21623201-f500-42af-8b23-7e03c641176e,worker-336602893cc3403c94a6172053df72fe-1544107698,True,104857601.0,77.59456912021285,10.31,10684.0,2024-11-12T11:23:49.165389026Z,2024-11-12T11:23:59.475819319Z,hong_kong
6cdcf5d0-a6db-4be1-b758-5789b32b4237,4b1335a8-ea18-4722-976c-eb6d5b59109b,worker-689fb313f2b34c80b499936d812a064b-1544107698,True,104857601.0,84.92569083114591,9.42,10376.0,2024-11-12T11:24:43.993201705Z,2024-11-12T11:24:53.413532183Z,hong_kong
6cdcf5d0-a6db-4be1-b758-5789b32b4237,4b1335a8-ea18-4722-976c-eb6d5b59109b,worker-7024dfbd6f2949cc8e64f0a18bf95c3a-1544107698,True,104857601.0,82.72153940951242,9.671,10381.0,2024-11-12T11:24:44.005740390Z,2024-11-12T11:24:53.677595485Z,hong_kong
6cdcf5d0-a6db-4be1-b758-5789b32b4237,4b1335a8-ea18-4722-976c-eb6d5b59109b,worker-3495f46c836e49ec9c583308b2285bee-1544107698,True,104857601.0,70.66513626264417,11.321,10381.0,2024-11-12T11:24:44.006185103Z,2024-11-12T11:24:55.327977456Z,hong_kong
6cdcf5d0-a6db-4be1-b758-5789b32b4237,4b1335a8-ea18-4722-976c-eb6d5b59109b,worker-5dc0276a95104f5c81ef45e31564ee42-1544107698,True,104857601.0,68.94174488360864,11.604,10405.0,2024-11-12T11:24:44.022498034Z,2024-11-12T11:24:55.627069033Z,hong_kong
6cdcf5d0-a6db-4be1-b758-5789b32b4237,4b1335a8-ea18-4722-976c-eb6d5b59109b,worker-32463579859f4033b734d6b0f66bede6-1544107698,True,104857601.0,68.25938631650124,11.72,10408.0,2024-11-12T11:24:44.036666061Z,2024-11-12T11:24:55.756865585Z,hong_kong
6cdcf5d0-a6db-4be1-b758-5789b32b4237,4b1335a8-ea18-4722-976c-eb6d5b59109b,worker-02bf2b91b53341b59db9a49c1bec78be-1544107698,True,104857601.0,67.73346944622763,11.811,10412.0,2024-11-12T11:24:44.031742475Z,2024-11-12T11:24:55.843677500Z,hong_kong
6cdcf5d0-a6db-4be1-b758-5789b32b4237,4b1335a8-ea18-4722-976c-eb6d5b59109b,worker-25a72e94d80445b3898ceb9973f89e90-1544107698,True,104857601.0,67.66472195123019,11.823,10426.0,2024-11-12T11:24:44.044330985Z,2024-11-12T11:24:55.867651281Z,hong_kong
6cdcf5d0-a6db-4be1-b758-5789b32b4237,4b1335a8-ea18-4722-976c-eb6d5b59109b,worker-3411be34b19249d79bc821e96ff58eb6-1544107698,True,104857601.0,67.31173812615856,11.885,10410.0,2024-11-12T11:24:44.039885825Z,2024-11-12T11:24:55.925156958Z,hong_kong
6cdcf5d0-a6db-4be1-b758-5789b32b4237,4b1335a8-ea18-4722-976c-eb6d5b59109b,worker-55b74f68c378406fb338353f85e0bcc9-1544107698,True,104857601.0,68.0851070322889,11.75,10419.0,2024-11-12T11:24:44.037315713Z,2024-11-12T11:24:55.787497523Z,hong_kong
6cdcf5d0-a6db-4be1-b758-5789b32b4237,4b1335a8-ea18-4722-976c-eb6d5b59109b,worker-336602893cc3403c94a6172053df72fe-1544107698,True,104857601.0,66.45622259755727,12.038,10421.0,2024-11-12T11:24:44.039062496Z,2024-11-12T11:24:56.077264600Z,hong_kong
dc100bbf-b6bc-436d-90a4-8d0921e97afb,dc5d74a1-906f-42f1-a978-12830e9f215e,worker-bf1c6d1c461743559b7d622a7d564fe2-1544107698,True,104857601.0,167.32901226299825,4.781,10353.0,2024-11-12T11:23:23.782499179Z,2024-11-12T11:23:28.563800553Z,us_east
dc100bbf-b6bc-436d-90a4-8d0921e97afb,dc5d74a1-906f-42f1-a978-12830e9f215e,worker-ff554b7db2794fcca654a1b57f95035e-1544107698,True,104857601.0,166.80567298361018,4.796,10356.0,2024-11-12T11:23:23.781939608Z,2024-11-12T11:23:28.578088278Z,us_east
dc100bbf-b6bc-436d-90a4-8d0921e97afb,dc5d74a1-906f-42f1-a978-12830e9f215e,worker-6288fd7fb22c4ed3a3ecf2956fc3fb54-1544107698,True,104857601.0,165.97510531730177,4.82,10359.0,2024-11-12T11:23:23.782666146Z,2024-11-12T11:23:28.603221612Z,us_east
dc100bbf-b6bc-436d-90a4-8d0921e97afb,dc5d74a1-906f-42f1-a978-12830e9f215e,worker-1f42b274d4f04ea6a8dee019a528feaa-1544107698,True,104857601.0,165.87186556694888,4.823,10357.0,2024-11-12T11:23:23.782897835Z,2024-11-12T11:23:28.605929205Z,us_east
dc100bbf-b6bc-436d-90a4-8d0921e97afb,dc5d74a1-906f-42f1-a978-12830e9f215e,worker-0a6f3d35ad3a433fada434aa8c64db04-1544107698,True,104857601.0,164.81252732373187,4.854,10358.0,2024-11-12T11:23:23.781903874Z,2024-11-12T11:23:28.636879600Z,us_east
dc100bbf-b6bc-436d-90a4-8d0921e97afb,dc5d74a1-906f-42f1-a978-12830e9f215e,worker-2e2509d5868e40acaa90a6f48bb6e7d5-1544107698,True,104857601.0,164.16991742856445,4.873,10358.0,2024-11-12T11:23:23.782675437Z,2024-11-12T11:23:28.655912082Z,us_east
dc100bbf-b6bc-436d-90a4-8d0921e97afb,dc5d74a1-906f-42f1-a978-12830e9f215e,worker-a765493920fb47bf965b38720a93975e-1544107698,True,104857601.0,162.99918655855632,4.908,10349.0,2024-11-12T11:23:23.781541350Z,2024-11-12T11:23:28.689720264Z,us_east
dc100bbf-b6bc-436d-90a4-8d0921e97afb,dc5d74a1-906f-42f1-a978-12830e9f215e,worker-1a3fcd605aa14849ab91da96ea2f2a2b-1544107698,True,104857601.0,161.71417174639063,4.947,10357.0,2024-11-12T11:23:23.781831160Z,2024-11-12T11:23:28.729426795Z,us_east
dc100bbf-b6bc-436d-90a4-8d0921e97afb,dc5d74a1-906f-42f1-a978-12830e9f215e,worker-c54df69524f44e18a4b82a7e644e674d-1544107698,True,104857601.0,160.57808262332287,4.982,10360.0,2024-11-12T11:23:23.783194869Z,2024-11-12T11:23:28.765818315Z,us_east
dc100bbf-b6bc-436d-90a4-8d0921e97afb,dc5d74a1-906f-42f1-a978-12830e9f215e,worker-8c80a74669cb44ad8bfeea0c05d33004-1544107698,True,104857601.0,160.3527776366796,4.989,10355.0,2024-11-12T11:23:23.781011176Z,2024-11-12T11:23:28.770398934Z,us_east
dc100bbf-b6bc-436d-90a4-8d0921e97afb,1bfbdcc8-25ec-4989-a764-172d5792eb49,worker-1f42b274d4f04ea6a8dee019a528feaa-1544107698,True,104857601.0,187.79342902098463,4.26,10170.0,2024-11-12T11:24:18.730907447Z,2024-11-12T11:24:22.991831308Z,us_east
dc100bbf-b6bc-436d-90a4-8d0921e97afb,1bfbdcc8-25ec-4989-a764-172d5792eb49,worker-2e2509d5868e40acaa90a6f48bb6e7d5-1544107698,True,104857601.0,186.52366696884928,4.289,10166.0,2024-11-12T11:24:18.726381767Z,2024-11-12T11:24:23.015969935Z,us_east
dc100bbf-b6bc-436d-90a4-8d0921e97afb,1bfbdcc8-25ec-4989-a764-172d5792eb49,worker-bf1c6d1c461743559b7d622a7d564fe2-1544107698,True,104857601.0,186.0032568308288,4.301,10173.0,2024-11-12T11:24:18.731581933Z,2024-11-12T11:24:23.032965783Z,us_east
dc100bbf-b6bc-436d-90a4-8d0921e97afb,1bfbdcc8-25ec-4989-a764-172d5792eb49,worker-a765493920fb47bf965b38720a93975e-1544107698,True,104857601.0,161.1603560897249,4.964,10197.0,2024-11-12T11:24:18.754920133Z,2024-11-12T11:24:23.719272905Z,us_east
dc100bbf-b6bc-436d-90a4-8d0921e97afb,1bfbdcc8-25ec-4989-a764-172d5792eb49,worker-8c80a74669cb44ad8bfeea0c05d33004-1544107698,True,104857601.0,159.87210384280468,5.004,10181.0,2024-11-12T11:24:18.742562566Z,2024-11-12T11:24:23.746972118Z,us_east
dc100bbf-b6bc-436d-90a4-8d0921e97afb,1bfbdcc8-25ec-4989-a764-172d5792eb49,worker-ff554b7db2794fcca654a1b57f95035e-1544107698,True,104857601.0,160.0320079274644,4.999,10192.0,2024-11-12T11:24:18.751286524Z,2024-11-12T11:24:23.750655359Z,us_east
dc100bbf-b6bc-436d-90a4-8d0921e97afb,1bfbdcc8-25ec-4989-a764-172d5792eb49,worker-0a6f3d35ad3a433fada434aa8c64db04-1544107698,True,104857601.0,159.4260676822229,5.018,10173.0,2024-11-12T11:24:18.735059609Z,2024-11-12T11:24:23.753426519Z,us_east
dc100bbf-b6bc-436d-90a4-8d0921e97afb,1bfbdcc8-25ec-4989-a764-172d5792eb49,worker-6288fd7fb22c4ed3a3ecf2956fc3fb54-1544107698,True,104857601.0,158.47860689964233,5.048,10176.0,2024-11-12T11:24:18.738520239Z,2024-11-12T11:24:23.786939321Z,us_east
dc100bbf-b6bc-436d-90a4-8d0921e97afb,1bfbdcc8-25ec-4989-a764-172d5792eb49,worker-c54df69524f44e18a4b82a7e644e674d-1544107698,True,104857601.0,157.75981219274198,5.071,10182.0,2024-11-12T11:24:18.746083489Z,2024-11-12T11:24:23.817791633Z,us_east
dc100bbf-b6bc-436d-90a4-8d0921e97afb,1bfbdcc8-25ec-4989-a764-172d5792eb49,worker-1a3fcd605aa14849ab91da96ea2f2a2b-1544107698,True,104857601.0,135.0438905518897,5.924,10188.0,2024-11-12T11:24:18.752451714Z,2024-11-12T11:24:24.676954439Z,us_east
dc4872b5-7c9d-40f5-8511-b55c6f98475e,db123cc5-2452-4184-8904-dacb535c397f,worker-b003f28b8c3340cd8cf7f858546499ef-1544107698,True,104857601.0,103.60010458811118,7.722,10504.0,2024-11-12T11:22:08.746977460Z,2024-11-12T11:22:16.469171230Z,singapore
dc4872b5-7c9d-40f5-8511-b55c6f98475e,db123cc5-2452-4184-8904-dacb535c397f,worker-3109a4756c724d4387d76cb418f7b8a8-1544107698,True,104857601.0,101.97578172458822,7.845,10506.0,2024-11-12T11:22:08.747998960Z,2024-11-12T11:22:16.593983617Z,singapore
dc4872b5-7c9d-40f5-8511-b55c6f98475e,db123cc5-2452-4184-8904-dacb535c397f,worker-5f610ba13ac04a0a93228dcc653d54a7-1544107698,True,104857601.0,100.01250251648888,7.999,10509.0,2024-11-12T11:22:08.748118660Z,2024-11-12T11:22:16.747401846Z,singapore
dc4872b5-7c9d-40f5-8511-b55c6f98475e,db123cc5-2452-4184-8904-dacb535c397f,worker-0ad6f0fdb17944d1baadcd6d7598af92-1544107698,True,104857601.0,97.78755746600594,8.181,10506.0,2024-11-12T11:22:08.747020353Z,2024-11-12T11:22:16.928792476Z,singapore
dc4872b5-7c9d-40f5-8511-b55c6f98475e,db123cc5-2452-4184-8904-dacb535c397f,worker-5e493b238cf348f6b37c7c7434581d2d-1544107698,True,104857601.0,97.37098437553487,8.216,10516.0,2024-11-12T11:22:08.753056140Z,2024-11-12T11:22:16.969978374Z,singapore
dc4872b5-7c9d-40f5-8511-b55c6f98475e,db123cc5-2452-4184-8904-dacb535c397f,worker-530cf3818a79491980240c9408ecac94-1544107698,True,104857601.0,96.99321140026608,8.248,10510.0,2024-11-12T11:22:08.749945098Z,2024-11-12T11:22:16.998723814Z,singapore
dc4872b5-7c9d-40f5-8511-b55c6f98475e,db123cc5-2452-4184-8904-dacb535c397f,worker-358593d91ac04fceb00ee0bdccc24f20-1544107698,True,104857601.0,96.54839580369232,8.286,10502.0,2024-11-12T11:22:08.750599688Z,2024-11-12T11:22:17.037336223Z,singapore
dc4872b5-7c9d-40f5-8511-b55c6f98475e,db123cc5-2452-4184-8904-dacb535c397f,worker-38837e2cab4d44d1b94eba46d6ed0752-1544107698,True,104857601.0,87.48906470137736,9.144,10516.0,2024-11-12T11:22:08.752773560Z,2024-11-12T11:22:17.897418176Z,singapore
dc4872b5-7c9d-40f5-8511-b55c6f98475e,db123cc5-2452-4184-8904-dacb535c397f,worker-317859f7a4494b4f89441014bb0791a9-1544107698,True,104857601.0,84.13082423276838,9.509,10501.0,2024-11-12T11:22:08.750759402Z,2024-11-12T11:22:18.259931422Z,singapore
dc4872b5-7c9d-40f5-8511-b55c6f98475e,db123cc5-2452-4184-8904-dacb535c397f,worker-d13164f093bb4ed3b524edf389cdea30-1544107698,True,104857601.0,72.84647674643914,10.982,10517.0,2024-11-12T11:22:08.753691200Z,2024-11-12T11:22:19.735990278Z,singapore
dc4872b5-7c9d-40f5-8511-b55c6f98475e,e1800760-4ea8-493d-ae08-d557ae5128df,worker-358593d91ac04fceb00ee0bdccc24f20-1544107698,True,104857601.0,50.12531376124026,15.96,10409.0,2024-11-12T11:22:38.726549559Z,2024-11-12T11:22:54.687203905Z,singapore
dc4872b5-7c9d-40f5-8511-b55c6f98475e,e1800760-4ea8-493d-ae08-d557ae5128df,worker-5e493b238cf348f6b37c7c7434581d2d-1544107698,True,104857601.0,49.81009947259788,16.061,10370.0,2024-11-12T11:22:38.686001761Z,2024-11-12T11:22:54.747428816Z,singapore
dc4872b5-7c9d-40f5-8511-b55c6f98475e,e1800760-4ea8-493d-ae08-d557ae5128df,worker-317859f7a4494b4f89441014bb0791a9-1544107698,True,104857601.0,49.492700298774714,16.164,10378.0,2024-11-12T11:22:38.691508319Z,2024-11-12T11:22:54.855904514Z,singapore
dc4872b5-7c9d-40f5-8511-b55c6f98475e,e1800760-4ea8-493d-ae08-d557ae5128df,worker-b003f28b8c3340cd8cf7f858546499ef-1544107698,True,104857601.0,49.05267077254243,16.309,10391.0,2024-11-12T11:22:38.699969806Z,2024-11-12T11:22:55.009275498Z,singapore
dc4872b5-7c9d-40f5-8511-b55c6f98475e,e1800760-4ea8-493d-ae08-d557ae5128df,worker-d13164f093bb4ed3b524edf389cdea30-1544107698,True,104857601.0,49.12194569749444,16.286,10357.0,2024-11-12T11:22:38.676829881Z,2024-11-12T11:22:54.963698784Z,singapore
dc4872b5-7c9d-40f5-8511-b55c6f98475e,e1800760-4ea8-493d-ae08-d557ae5128df,worker-0ad6f0fdb17944d1baadcd6d7598af92-1544107698,True,104857601.0,48.920687802201094,16.353,10386.0,2024-11-12T11:22:38.696460562Z,2024-11-12T11:22:55.049744216Z,singapore
dc4872b5-7c9d-40f5-8511-b55c6f98475e,e1800760-4ea8-493d-ae08-d557ae5128df,worker-38837e2cab4d44d1b94eba46d6ed0752-1544107698,True,104857601.0,48.68252952165731,16.433,10358.0,2024-11-12T11:22:38.671399713Z,2024-11-12T11:22:55.104586468Z,singapore
dc4872b5-7c9d-40f5-8511-b55c6f98475e,e1800760-4ea8-493d-ae08-d557ae5128df,worker-5f610ba13ac04a0a93228dcc653d54a7-1544107698,True,104857601.0,48.77156664204076,16.403,10385.0,2024-11-12T11:22:38.697845124Z,2024-11-12T11:22:55.101316257Z,singapore
dc4872b5-7c9d-40f5-8511-b55c6f98475e,e1800760-4ea8-493d-ae08-d557ae5128df,worker-3109a4756c724d4387d76cb418f7b8a8-1544107698,True,104857601.0,48.21600817438492,16.592,10368.0,2024-11-12T11:22:38.682831024Z,2024-11-12T11:22:55.275542755Z,singapore
dc4872b5-7c9d-40f5-8511-b55c6f98475e,e1800760-4ea8-493d-ae08-d557ae5128df,worker-530cf3818a79491980240c9408ecac94-1544107698,True,104857601.0,48.227634894465545,16.588,10399.0,2024-11-12T11:22:38.708800651Z,2024-11-12T11:22:55.297496753Z,singapore
0c66d895-471b-4059-a1ff-9a7926ed099e,c40afbb4-0293-491b-b2b4-6cc57abba68b,worker-38837e2cab4d44d1b94eba46d6ed0752-1544107698,True,104857601.0,106.24170088039769,7.53,10557.0,2024-11-12T11:18:53.297370126Z,2024-11-12T11:19:00.828308342Z,singapore
0c66d895-471b-4059-a1ff-9a7926ed099e,c40afbb4-0293-491b-b2b4-6cc57abba68b,worker-0ad6f0fdb17944d1baadcd6d7598af92-1544107698,True,104857601.0,103.58669009832896,7.723,10560.0,2024-11-12T11:18:53.295988351Z,2024-11-12T11:19:01.019125497Z,singapore
0c66d895-471b-4059-a1ff-9a7926ed099e,c40afbb4-0293-491b-b2b4-6cc57abba68b,worker-317859f7a4494b4f89441014bb0791a9-1544107698,True,104857601.0,99.95002594070397,8.004,10557.0,2024-11-12T11:18:53.302292116Z,2024-11-12T11:19:01.306885216Z,singapore
0c66d895-471b-4059-a1ff-9a7926ed099e,c40afbb4-0293-491b-b2b4-6cc57abba68b,worker-358593d91ac04fceb00ee0bdccc24f20-1544107698,True,104857601.0,101.39417080220464,7.89,10561.0,2024-11-12T11:18:53.298866231Z,2024-11-12T11:19:01.188900294Z,singapore
0c66d895-471b-4059-a1ff-9a7926ed099e,c40afbb4-0293-491b-b2b4-6cc57abba68b,worker-3109a4756c724d4387d76cb418f7b8a8-1544107698,True,104857601.0,98.48578205458509,8.123,10530.0,2024-11-12T11:18:53.290297002Z,2024-11-12T11:19:01.413796701Z,singapore
0c66d895-471b-4059-a1ff-9a7926ed099e,c40afbb4-0293-491b-b2b4-6cc57abba68b,worker-d13164f093bb4ed3b524edf389cdea30-1544107698,True,104857601.0,97.6205012360457,8.195,10544.0,2024-11-12T11:18:53.291998446Z,2024-11-12T11:19:01.487128637Z,singapore
0c66d895-471b-4059-a1ff-9a7926ed099e,c40afbb4-0293-491b-b2b4-6cc57abba68b,worker-b003f28b8c3340cd8cf7f858546499ef-1544107698,True,104857601.0,96.70010970982648,8.273,10553.0,2024-11-12T11:18:53.291271430Z,2024-11-12T11:19:01.564352269Z,singapore
0c66d895-471b-4059-a1ff-9a7926ed099e,c40afbb4-0293-491b-b2b4-6cc57abba68b,worker-5f610ba13ac04a0a93228dcc653d54a7-1544107698,True,104857601.0,97.1109501856512,8.238,10553.0,2024-11-12T11:18:53.292069503Z,2024-11-12T11:19:01.530419982Z,singapore
0c66d895-471b-4059-a1ff-9a7926ed099e,c40afbb4-0293-491b-b2b4-6cc57abba68b,worker-5e493b238cf348f6b37c7c7434581d2d-1544107698,True,104857601.0,95.65945326191492,8.363,10558.0,2024-11-12T11:18:53.296145407Z,2024-11-12T11:19:01.659790368Z,singapore
0c66d895-471b-4059-a1ff-9a7926ed099e,c40afbb4-0293-491b-b2b4-6cc57abba68b,worker-530cf3818a79491980240c9408ecac94-1544107698,True,104857601.0,93.962885556659,8.514,10556.0,2024-11-12T11:18:53.297710657Z,2024-11-12T11:19:01.812274265Z,singapore
0c66d895-471b-4059-a1ff-9a7926ed099e,a686db8a-50cc-4775-8295-e79df5e312e3,worker-317859f7a4494b4f89441014bb0791a9-1544107698,True,104857601.0,88.87901429056711,9.001,10383.0,2024-11-12T11:20:23.343277837Z,2024-11-12T11:20:32.345268747Z,singapore
0c66d895-471b-4059-a1ff-9a7926ed099e,a686db8a-50cc-4775-8295-e79df5e312e3,worker-38837e2cab4d44d1b94eba46d6ed0752-1544107698,True,104857601.0,88.03785711779405,9.087,10352.0,2024-11-12T11:20:23.312606762Z,2024-11-12T11:20:32.400015236Z,singapore
0c66d895-471b-4059-a1ff-9a7926ed099e,a686db8a-50cc-4775-8295-e79df5e312e3,worker-530cf3818a79491980240c9408ecac94-1544107698,True,104857601.0,87.81558810421456,9.11,10372.0,2024-11-12T11:20:23.324861734Z,2024-11-12T11:20:32.434996500Z,singapore
0c66d895-471b-4059-a1ff-9a7926ed099e,a686db8a-50cc-4775-8295-e79df5e312e3,worker-d13164f093bb4ed3b524edf389cdea30-1544107698,True,104857601.0,87.39349001850498,9.154,10340.0,2024-11-12T11:20:23.311996249Z,2024-11-12T11:20:32.466065483Z,singapore
0c66d895-471b-4059-a1ff-9a7926ed099e,a686db8a-50cc-4775-8295-e79df5e312e3,worker-b003f28b8c3340cd8cf7f858546499ef-1544107698,True,104857601.0,87.12698841531197,9.182,10379.0,2024-11-12T11:20:23.340922235Z,2024-11-12T11:20:32.523038776Z,singapore
0c66d895-471b-4059-a1ff-9a7926ed099e,a686db8a-50cc-4775-8295-e79df5e312e3,worker-358593d91ac04fceb00ee0bdccc24f20-1544107698,True,104857601.0,85.69898314187407,9.335,10392.0,2024-11-12T11:20:23.352501392Z,2024-11-12T11:20:32.687980225Z,singapore
0c66d895-471b-4059-a1ff-9a7926ed099e,a686db8a-50cc-4775-8295-e79df5e312e3,worker-5f610ba13ac04a0a93228dcc653d54a7-1544107698,True,104857601.0,72.1826227221325,11.083,10401.0,2024-11-12T11:20:23.355254527Z,2024-11-12T11:20:34.438417950Z,singapore
0c66d895-471b-4059-a1ff-9a7926ed099e,a686db8a-50cc-4775-8295-e79df5e312e3,worker-0ad6f0fdb17944d1baadcd6d7598af92-1544107698,True,104857601.0,71.6011821023355,11.173,10416.0,2024-11-12T11:20:23.368264389Z,2024-11-12T11:20:34.541960918Z,singapore
0c66d895-471b-4059-a1ff-9a7926ed099e,a686db8a-50cc-4775-8295-e79df5e312e3,worker-5e493b238cf348f6b37c7c7434581d2d-1544107698,True,104857601.0,70.39155368494453,11.365,10399.0,2024-11-12T11:20:23.356002751Z,2024-11-12T11:20:34.721662472Z,singapore
0c66d895-471b-4059-a1ff-9a7926ed099e,a686db8a-50cc-4775-8295-e79df5e312e3,worker-3109a4756c724d4387d76cb418f7b8a8-1544107698,True,104857601.0,34.77958471565058,23.002,10393.0,2024-11-12T11:20:23.353355669Z,2024-11-12T11:20:46.355470859Z,singapore
b32db341-8233-426e-a82a-eb5c6f358ebf,c2d64a94-f1f1-4f90-88ed-06a5d19ee940,worker-1a3fcd605aa14849ab91da96ea2f2a2b-1544107698,True,104857601.0,182.9826183964763,4.372,10422.0,2024-11-12T11:19:23.241250173Z,2024-11-12T11:19:27.613553844Z,us_east
b32db341-8233-426e-a82a-eb5c6f358ebf,c2d64a94-f1f1-4f90-88ed-06a5d19ee940,worker-1f42b274d4f04ea6a8dee019a528feaa-1544107698,True,104857601.0,182.19084664755056,4.391,10424.0,2024-11-12T11:19:23.241346785Z,2024-11-12T11:19:27.632385446Z,us_east
b32db341-8233-426e-a82a-eb5c6f358ebf,c2d64a94-f1f1-4f90-88ed-06a5d19ee940,worker-a765493920fb47bf965b38720a93975e-1544107698,True,104857601.0,181.8181835521351,4.4,10423.0,2024-11-12T11:19:23.239690089Z,2024-11-12T11:19:27.639905083Z,us_east
b32db341-8233-426e-a82a-eb5c6f358ebf,c2d64a94-f1f1-4f90-88ed-06a5d19ee940,worker-bf1c6d1c461743559b7d622a7d564fe2-1544107698,True,104857601.0,181.32366446722452,4.412,10426.0,2024-11-12T11:19:23.243018414Z,2024-11-12T11:19:27.655377332Z,us_east
b32db341-8233-426e-a82a-eb5c6f358ebf,c2d64a94-f1f1-4f90-88ed-06a5d19ee940,worker-c54df69524f44e18a4b82a7e644e674d-1544107698,True,104857601.0,118.97680065874398,6.724,10419.0,2024-11-12T11:19:23.240485424Z,2024-11-12T11:19:29.965328006Z,us_east
b32db341-8233-426e-a82a-eb5c6f358ebf,c2d64a94-f1f1-4f90-88ed-06a5d19ee940,worker-6288fd7fb22c4ed3a3ecf2956fc3fb54-1544107698,True,104857601.0,118.94142248429893,6.726,10420.0,2024-11-12T11:19:23.241245484Z,2024-11-12T11:19:29.967913790Z,us_east
b32db341-8233-426e-a82a-eb5c6f358ebf,c2d64a94-f1f1-4f90-88ed-06a5d19ee940,worker-0a6f3d35ad3a433fada434aa8c64db04-1544107698,True,104857601.0,118.34319639488083,6.76,10427.0,2024-11-12T11:19:23.241759326Z,2024-11-12T11:19:30.001874082Z,us_east
b32db341-8233-426e-a82a-eb5c6f358ebf,c2d64a94-f1f1-4f90-88ed-06a5d19ee940,worker-8c80a74669cb44ad8bfeea0c05d33004-1544107698,True,104857601.0,118.32569259420124,6.761,10425.0,2024-11-12T11:19:23.243017438Z,2024-11-12T11:19:30.004388368Z,us_east
b32db341-8233-426e-a82a-eb5c6f358ebf,c2d64a94-f1f1-4f90-88ed-06a5d19ee940,worker-ff554b7db2794fcca654a1b57f95035e-1544107698,True,104857601.0,117.6816722020292,6.798,10425.0,2024-11-12T11:19:23.241064969Z,2024-11-12T11:19:30.039156084Z,us_east
b32db341-8233-426e-a82a-eb5c6f358ebf,c2d64a94-f1f1-4f90-88ed-06a5d19ee940,worker-2e2509d5868e40acaa90a6f48bb6e7d5-1544107698,True,104857601.0,116.9932740025438,6.838,10422.0,2024-11-12T11:19:23.240338604Z,2024-11-12T11:19:30.079269327Z,us_east
b32db341-8233-426e-a82a-eb5c6f358ebf,b003ece1-ff38-48f8-84f6-0cac153b5bcd,worker-a765493920fb47bf965b38720a93975e-1544107698,True,104857601.0,233.57664456332688,3.425,10189.0,2024-11-12T11:21:03.270675905Z,2024-11-12T11:21:06.695910526Z,us_east
b32db341-8233-426e-a82a-eb5c6f358ebf,b003ece1-ff38-48f8-84f6-0cac153b5bcd,worker-1a3fcd605aa14849ab91da96ea2f2a2b-1544107698,True,104857601.0,149.67259263412433,5.345,10195.0,2024-11-12T11:21:03.273443402Z,2024-11-12T11:21:08.618920970Z,us_east
b32db341-8233-426e-a82a-eb5c6f358ebf,b003ece1-ff38-48f8-84f6-0cac153b5bcd,worker-2e2509d5868e40acaa90a6f48bb6e7d5-1544107698,True,104857601.0,149.5886326906123,5.348,10225.0,2024-11-12T11:21:03.303277689Z,2024-11-12T11:21:08.651658841Z,us_east
b32db341-8233-426e-a82a-eb5c6f358ebf,b003ece1-ff38-48f8-84f6-0cac153b5bcd,worker-8c80a74669cb44ad8bfeea0c05d33004-1544107698,True,104857601.0,147.41109409054627,5.427,10148.0,2024-11-12T11:21:03.258515930Z,2024-11-12T11:21:08.686357874Z,us_east
b32db341-8233-426e-a82a-eb5c6f358ebf,b003ece1-ff38-48f8-84f6-0cac153b5bcd,worker-6288fd7fb22c4ed3a3ecf2956fc3fb54-1544107698,True,104857601.0,147.08586277429575,5.439,10208.0,2024-11-12T11:21:03.286188063Z,2024-11-12T11:21:08.725620085Z,us_east
b32db341-8233-426e-a82a-eb5c6f358ebf,b003ece1-ff38-48f8-84f6-0cac153b5bcd,worker-0a6f3d35ad3a433fada434aa8c64db04-1544107698,True,104857601.0,145.9055275632673,5.483,10198.0,2024-11-12T11:21:03.274476703Z,2024-11-12T11:21:08.757580320Z,us_east
b32db341-8233-426e-a82a-eb5c6f358ebf,b003ece1-ff38-48f8-84f6-0cac153b5bcd,worker-c54df69524f44e18a4b82a7e644e674d-1544107698,True,104857601.0,144.5347800595112,5.535,10164.0,2024-11-12T11:21:03.257992182Z,2024-11-12T11:21:08.793206593Z,us_east
b32db341-8233-426e-a82a-eb5c6f358ebf,b003ece1-ff38-48f8-84f6-0cac153b5bcd,worker-ff554b7db2794fcca654a1b57f95035e-1544107698,True,104857601.0,143.31780860433437,5.582,10209.0,2024-11-12T11:21:03.307491410Z,2024-11-12T11:21:08.890161582Z,us_east
b32db341-8233-426e-a82a-eb5c6f358ebf,b003ece1-ff38-48f8-84f6-0cac153b5bcd,worker-bf1c6d1c461743559b7d622a7d564fe2-1544107698,True,104857601.0,141.56786544494685,5.651,10206.0,2024-11-12T11:21:03.287208722Z,2024-11-12T11:21:08.938835502Z,us_east
b32db341-8233-426e-a82a-eb5c6f358ebf,b003ece1-ff38-48f8-84f6-0cac153b5bcd,worker-1f42b274d4f04ea6a8dee019a528feaa-1544107698,True,104857601.0,141.39271962343486,5.658,10202.0,2024-11-12T11:21:03.286711393Z,2024-11-12T11:21:08.945156801Z,us_east
414d998b-a49d-4e65-b6f9-dc9379b1d288,ff98f515-293e-453e-841c-2b3e5adda780,worker-5dc0276a95104f5c81ef45e31564ee42-1544107698,True,104857601.0,68.46970280977358,11.684,10552.0,2024-11-12T11:19:48.422371758Z,2024-11-12T11:20:00.107265653Z,hong_kong
414d998b-a49d-4e65-b6f9-dc9379b1d288,ff98f515-293e-453e-841c-2b3e5adda780,worker-7024dfbd6f2949cc8e64f0a18bf95c3a-1544107698,True,104857601.0,67.85411430274763,11.79,10546.0,2024-11-12T11:19:48.421131033Z,2024-11-12T11:20:00.211931178Z,hong_kong
414d998b-a49d-4e65-b6f9-dc9379b1d288,ff98f515-293e-453e-841c-2b3e5adda780,worker-32463579859f4033b734d6b0f66bede6-1544107698,True,104857601.0,67.68189573852746,11.82,10548.0,2024-11-12T11:19:48.424640424Z,2024-11-12T11:20:00.245127904Z,hong_kong
414d998b-a49d-4e65-b6f9-dc9379b1d288,ff98f515-293e-453e-841c-2b3e5adda780,worker-02bf2b91b53341b59db9a49c1bec78be-1544107698,True,104857601.0,66.78353849481547,11.979,10546.0,2024-11-12T11:19:48.421475275Z,2024-11-12T11:20:00.400803522Z,hong_kong
414d998b-a49d-4e65-b6f9-dc9379b1d288,ff98f515-293e-453e-841c-2b3e5adda780,worker-3411be34b19249d79bc821e96ff58eb6-1544107698,True,104857601.0,65.88700441685016,12.142,10547.0,2024-11-12T11:19:48.428241939Z,2024-11-12T11:20:00.570978151Z,hong_kong
414d998b-a49d-4e65-b6f9-dc9379b1d288,ff98f515-293e-453e-841c-2b3e5adda780,worker-336602893cc3403c94a6172053df72fe-1544107698,True,104857601.0,64.56820077719084,12.39,10556.0,2024-11-12T11:19:48.428209154Z,2024-11-12T11:20:00.818234635Z,hong_kong
414d998b-a49d-4e65-b6f9-dc9379b1d288,ff98f515-293e-453e-841c-2b3e5adda780,worker-3495f46c836e49ec9c583308b2285bee-1544107698,True,104857601.0,64.39668418493073,12.423,10556.0,2024-11-12T11:19:48.427673163Z,2024-11-12T11:20:00.851518284Z,hong_kong
414d998b-a49d-4e65-b6f9-dc9379b1d288,ff98f515-293e-453e-841c-2b3e5adda780,worker-25a72e94d80445b3898ceb9973f89e90-1544107698,True,104857601.0,62.11662455387798,12.879,10551.0,2024-11-12T11:19:48.422905922Z,2024-11-12T11:20:01.302152369Z,hong_kong
414d998b-a49d-4e65-b6f9-dc9379b1d288,ff98f515-293e-453e-841c-2b3e5adda780,worker-55b74f68c378406fb338353f85e0bcc9-1544107698,True,104857601.0,56.57708681961772,14.14,10555.0,2024-11-12T11:19:48.427720157Z,2024-11-12T11:20:02.568686195Z,hong_kong
414d998b-a49d-4e65-b6f9-dc9379b1d288,ff98f515-293e-453e-841c-2b3e5adda780,worker-689fb313f2b34c80b499936d812a064b-1544107698,True,104857601.0,46.74262387551239,17.115,10549.0,2024-11-12T11:19:48.420071225Z,2024-11-12T11:20:05.536044754Z,hong_kong
414d998b-a49d-4e65-b6f9-dc9379b1d288,edb86760-ae45-42c4-8f27-4dc60dfe4dc6,worker-25a72e94d80445b3898ceb9973f89e90-1544107698,True,104857601.0,93.54537039632773,8.552,10380.0,2024-11-12T11:21:28.520556149Z,2024-11-12T11:21:37.072803739Z,hong_kong
414d998b-a49d-4e65-b6f9-dc9379b1d288,edb86760-ae45-42c4-8f27-4dc60dfe4dc6,worker-02bf2b91b53341b59db9a49c1bec78be-1544107698,True,104857601.0,93.19664580957532,8.584,10429.0,2024-11-12T11:21:28.574013359Z,2024-11-12T11:21:37.158579397Z,hong_kong
414d998b-a49d-4e65-b6f9-dc9379b1d288,edb86760-ae45-42c4-8f27-4dc60dfe4dc6,worker-5dc0276a95104f5c81ef45e31564ee42-1544107698,True,104857601.0,88.10572771248839,9.08,10390.0,2024-11-12T11:21:28.527501366Z,2024-11-12T11:21:37.608296944Z,hong_kong
414d998b-a49d-4e65-b6f9-dc9379b1d288,edb86760-ae45-42c4-8f27-4dc60dfe4dc6,worker-32463579859f4033b734d6b0f66bede6-1544107698,True,104857601.0,89.17623538394767,8.971,10463.0,2024-11-12T11:21:28.601880403Z,2024-11-12T11:21:37.573331869Z,hong_kong
414d998b-a49d-4e65-b6f9-dc9379b1d288,edb86760-ae45-42c4-8f27-4dc60dfe4dc6,worker-336602893cc3403c94a6172053df72fe-1544107698,True,104857601.0,87.74816360967363,9.117,10384.0,2024-11-12T11:21:28.525328652Z,2024-11-12T11:21:37.642713465Z,hong_kong
414d998b-a49d-4e65-b6f9-dc9379b1d288,edb86760-ae45-42c4-8f27-4dc60dfe4dc6,worker-689fb313f2b34c80b499936d812a064b-1544107698,True,104857601.0,88.00880171940534,9.09,10448.0,2024-11-12T11:21:28.586739550Z,2024-11-12T11:21:37.677337257Z,hong_kong
414d998b-a49d-4e65-b6f9-dc9379b1d288,edb86760-ae45-42c4-8f27-4dc60dfe4dc6,worker-3411be34b19249d79bc821e96ff58eb6-1544107698,True,104857601.0,84.43271848331341,9.475,10454.0,2024-11-12T11:21:28.605378194Z,2024-11-12T11:21:38.080640306Z,hong_kong
414d998b-a49d-4e65-b6f9-dc9379b1d288,edb86760-ae45-42c4-8f27-4dc60dfe4dc6,worker-7024dfbd6f2949cc8e64f0a18bf95c3a-1544107698,True,104857601.0,57.9668145518002,13.801,10437.0,2024-11-12T11:21:28.582925375Z,2024-11-12T11:21:42.384085841Z,hong_kong
414d998b-a49d-4e65-b6f9-dc9379b1d288,edb86760-ae45-42c4-8f27-4dc60dfe4dc6,worker-3495f46c836e49ec9c583308b2285bee-1544107698,True,104857601.0,57.82853893518827,13.834,10444.0,2024-11-12T11:21:28.583595075Z,2024-11-12T11:21:42.418300119Z,hong_kong
414d998b-a49d-4e65-b6f9-dc9379b1d288,edb86760-ae45-42c4-8f27-4dc60dfe4dc6,worker-55b74f68c378406fb338353f85e0bcc9-1544107698,True,104857601.0,57.616133066575046,13.885,10414.0,2024-11-12T11:21:28.564541149Z,2024-11-12T11:21:42.450191620Z,hong_kong
57de4cfe-ff4e-4aa8-8e78-a270a99c2cbd,227632d6-329d-4776-a810-a1d83d25f8df,worker-4b687adc0e2a408389a1c420aedea020-1544107698,True,1538822.0,0.1941376484334952,60.474,11167.0,2024-11-12T10:21:01.604368969Z,2024-11-12T10:22:02.078975430Z,us_east
57de4cfe-ff4e-4aa8-8e78-a270a99c2cbd,227632d6-329d-4776-a810-a1d83d25f8df,worker-bc75dc4b3d584433b33aabd7478dbf13-1544107698,True,571310.0,0.07258654414975166,60.049,11912.0,2024-11-12T10:21:02.345221703Z,2024-11-12T10:22:02.394510603Z,us_east
57de4cfe-ff4e-4aa8-8e78-a270a99c2cbd,227632d6-329d-4776-a810-a1d83d25f8df,worker-5c51e8eba64648d0ac42b89e4c5a73c8-1544107698,True,747966.0,0.09470472168681854,60.256,11905.0,2024-11-12T10:21:02.343374599Z,2024-11-12T10:22:02.599707425Z,us_east
57de4cfe-ff4e-4aa8-8e78-a270a99c2cbd,227632d6-329d-4776-a810-a1d83d25f8df,worker-0d5aa65da0d24ca7b89970287c25726b-1544107698,True,953830.0,0.12074642240894318,60.268,11909.0,2024-11-12T10:21:02.352675217Z,2024-11-12T10:22:02.620777977Z,us_east
57de4cfe-ff4e-4aa8-8e78-a270a99c2cbd,227632d6-329d-4776-a810-a1d83d25f8df,worker-f399fad452f34a72a8c23706752dd7a5-1544107698,True,600518.0,0.07584407272409593,60.408,11915.0,2024-11-12T10:21:02.352503730Z,2024-11-12T10:22:02.760627407Z,us_east
57de4cfe-ff4e-4aa8-8e78-a270a99c2cbd,227632d6-329d-4776-a810-a1d83d25f8df,worker-3062474353a6445b86d06852752f6261-1544107698,True,675566.0,0.08562011272631047,60.198,12230.0,2024-11-12T10:21:02.663442927Z,2024-11-12T10:22:02.862300420Z,us_east
57de4cfe-ff4e-4aa8-8e78-a270a99c2cbd,227632d6-329d-4776-a810-a1d83d25f8df,worker-f8d032c0f695491497bd05a78f9f4ff5-1544107698,True,706222.0,0.08945784932174063,60.23,12360.0,2024-11-12T10:21:02.792792956Z,2024-11-12T10:22:03.023633368Z,us_east
57de4cfe-ff4e-4aa8-8e78-a270a99c2cbd,227632d6-329d-4776-a810-a1d83d25f8df,worker-42fe5bbf4b5644c392bcff6cbd0e60d3-1544107698,True,753758.0,0.09475403541029044,60.691,11910.0,2024-11-12T10:21:02.350236163Z,2024-11-12T10:22:03.041974040Z,us_east
57de4cfe-ff4e-4aa8-8e78-a270a99c2cbd,227632d6-329d-4776-a810-a1d83d25f8df,worker-7354c53fe6c64baeb72dcf6773f99d86-1544107698,True,927518.0,0.11641114622682006,60.788,11905.0,2024-11-12T10:21:02.344654268Z,2024-11-12T10:22:03.133036287Z,us_east
57de4cfe-ff4e-4aa8-8e78-a270a99c2cbd,227632d6-329d-4776-a810-a1d83d25f8df,worker-38e5d1a8c10a49c8a9d6af6bd41f87b6-1544107698,True,561174.0,0.0703995304965747,60.816,11913.0,2024-11-12T10:21:02.350046447Z,2024-11-12T10:22:03.166585099Z,us_east
57de4cfe-ff4e-4aa8-8e78-a270a99c2cbd,05d0a4cf-b8f5-4a5d-8036-19f2630e47b0,worker-3062474353a6445b86d06852752f6261-1544107698,True,1215918.0,0.15446779904836216,60.056,11036.0,2024-11-12T10:22:21.641833485Z,2024-11-12T10:23:21.698048552Z,us_east
57de4cfe-ff4e-4aa8-8e78-a270a99c2cbd,05d0a4cf-b8f5-4a5d-8036-19f2630e47b0,worker-f399fad452f34a72a8c23706752dd7a5-1544107698,True,775726.0,0.09842868051737023,60.128,11510.0,2024-11-12T10:22:22.120372182Z,2024-11-12T10:23:22.248502549Z,us_east
57de4cfe-ff4e-4aa8-8e78-a270a99c2cbd,05d0a4cf-b8f5-4a5d-8036-19f2630e47b0,worker-f8d032c0f695491497bd05a78f9f4ff5-1544107698,True,658438.0,0.0836591882419969,60.047,11623.0,2024-11-12T10:22:22.239263031Z,2024-11-12T10:23:22.286850733Z,us_east
57de4cfe-ff4e-4aa8-8e78-a270a99c2cbd,05d0a4cf-b8f5-4a5d-8036-19f2630e47b0,worker-5c51e8eba64648d0ac42b89e4c5a73c8-1544107698,True,710566.0,0.08973843098926003,60.411,11505.0,2024-11-12T10:22:22.116434639Z,2024-11-12T10:23:22.528243105Z,us_east
57de4cfe-ff4e-4aa8-8e78-a270a99c2cbd,05d0a4cf-b8f5-4a5d-8036-19f2630e47b0,worker-38e5d1a8c10a49c8a9d6af6bd41f87b6-1544107698,True,671222.0,0.08534460129415852,60.004,11918.0,2024-11-12T10:22:22.526210883Z,2024-11-12T10:23:22.530657036Z,us_east
57de4cfe-ff4e-4aa8-8e78-a270a99c2cbd,05d0a4cf-b8f5-4a5d-8036-19f2630e47b0,worker-bc75dc4b3d584433b33aabd7478dbf13-1544107698,True,785862.0,0.0991442809325857,60.474,11507.0,2024-11-12T10:22:22.115615850Z,2024-11-12T10:23:22.590554149Z,us_east
57de4cfe-ff4e-4aa8-8e78-a270a99c2cbd,05d0a4cf-b8f5-4a5d-8036-19f2630e47b0,worker-4b687adc0e2a408389a1c420aedea020-1544107698,True,895910.0,0.11289538119567571,60.545,11514.0,2024-11-12T10:22:22.121124195Z,2024-11-12T10:23:22.666632189Z,us_east
57de4cfe-ff4e-4aa8-8e78-a270a99c2cbd,05d0a4cf-b8f5-4a5d-8036-19f2630e47b0,worker-7354c53fe6c64baeb72dcf6773f99d86-1544107698,True,805886.0,0.10191487081189704,60.329,11763.0,2024-11-12T10:22:22.386620032Z,2024-11-12T10:23:22.716163753Z,us_east
57de4cfe-ff4e-4aa8-8e78-a270a99c2cbd,05d0a4cf-b8f5-4a5d-8036-19f2630e47b0,worker-0d5aa65da0d24ca7b89970287c25726b-1544107698,True,729142.0,0.09259945047531731,60.075,12328.0,2024-11-12T10:22:22.935420503Z,2024-11-12T10:23:23.011071994Z,us_east
57de4cfe-ff4e-4aa8-8e78-a270a99c2cbd,05d0a4cf-b8f5-4a5d-8036-19f2630e47b0,worker-42fe5bbf4b5644c392bcff6cbd0e60d3-1544107698,True,662534.0,0.08246028934186835,61.299,12050.0,2024-11-12T10:22:22.665579281Z,2024-11-12T10:23:23.964651705Z,us_east
c854ca33-b6dd-4e56-bb20-385e8f712b25,16dcbb2a-03ef-4ae8-9195-8e2bf6299f8f,worker-bc75dc4b3d584433b33aabd7478dbf13-1544107698,True,104857601.0,201.5621082462571,3.969,10265.0,2024-11-12T10:18:50.471742649Z,2024-11-12T10:18:54.440845484Z,us_east
c854ca33-b6dd-4e56-bb20-385e8f712b25,16dcbb2a-03ef-4ae8-9195-8e2bf6299f8f,worker-3062474353a6445b86d06852752f6261-1544107698,True,104857601.0,197.09288189933343,4.059,10266.0,2024-11-12T10:18:50.474500015Z,2024-11-12T10:18:54.534082155Z,us_east
c854ca33-b6dd-4e56-bb20-385e8f712b25,16dcbb2a-03ef-4ae8-9195-8e2bf6299f8f,worker-7354c53fe6c64baeb72dcf6773f99d86-1544107698,True,104857601.0,190.52155456761005,4.199,10264.0,2024-11-12T10:18:50.473880354Z,2024-11-12T10:18:54.673178747Z,us_east
c854ca33-b6dd-4e56-bb20-385e8f712b25,16dcbb2a-03ef-4ae8-9195-8e2bf6299f8f,worker-f8d032c0f695491497bd05a78f9f4ff5-1544107698,True,104857601.0,185.7010231266004,4.308,10265.0,2024-11-12T10:18:50.472558074Z,2024-11-12T10:18:54.780614413Z,us_east
c854ca33-b6dd-4e56-bb20-385e8f712b25,16dcbb2a-03ef-4ae8-9195-8e2bf6299f8f,worker-0d5aa65da0d24ca7b89970287c25726b-1544107698,True,104857601.0,184.28933601230003,4.341,10264.0,2024-11-12T10:18:50.473006739Z,2024-11-12T10:18:54.814970105Z,us_east
c854ca33-b6dd-4e56-bb20-385e8f712b25,16dcbb2a-03ef-4ae8-9195-8e2bf6299f8f,worker-5c51e8eba64648d0ac42b89e4c5a73c8-1544107698,True,104857601.0,183.06636330192097,4.37,10267.0,2024-11-12T10:18:50.473855905Z,2024-11-12T10:18:54.844238921Z,us_east
c854ca33-b6dd-4e56-bb20-385e8f712b25,16dcbb2a-03ef-4ae8-9195-8e2bf6299f8f,worker-4b687adc0e2a408389a1c420aedea020-1544107698,True,104857601.0,180.3020075793091,4.437,10266.0,2024-11-12T10:18:50.473760579Z,2024-11-12T10:18:54.910770225Z,us_east
c854ca33-b6dd-4e56-bb20-385e8f712b25,16dcbb2a-03ef-4ae8-9195-8e2bf6299f8f,worker-38e5d1a8c10a49c8a9d6af6bd41f87b6-1544107698,True,104857601.0,179.25162617732343,4.463,10261.0,2024-11-12T10:18:50.471873864Z,2024-11-12T10:18:54.935334080Z,us_east
c854ca33-b6dd-4e56-bb20-385e8f712b25,16dcbb2a-03ef-4ae8-9195-8e2bf6299f8f,worker-f399fad452f34a72a8c23706752dd7a5-1544107698,True,104857601.0,175.09301983571777,4.569,10266.0,2024-11-12T10:18:50.473228216Z,2024-11-12T10:18:55.042931638Z,us_east
c854ca33-b6dd-4e56-bb20-385e8f712b25,16dcbb2a-03ef-4ae8-9195-8e2bf6299f8f,worker-42fe5bbf4b5644c392bcff6cbd0e60d3-1544107698,True,104857601.0,168.0672284935703,4.76,10266.0,2024-11-12T10:18:50.472377695Z,2024-11-12T10:18:55.233240645Z,us_east
c854ca33-b6dd-4e56-bb20-385e8f712b25,0d68e0f4-0fb0-47af-9444-240532ea6a05,worker-0d5aa65da0d24ca7b89970287c25726b-1544107698,True,104857601.0,182.5233875494854,4.383,10169.0,2024-11-12T10:19:15.439452426Z,2024-11-12T10:19:19.822965517Z,us_east
c854ca33-b6dd-4e56-bb20-385e8f712b25,0d68e0f4-0fb0-47af-9444-240532ea6a05,worker-3062474353a6445b86d06852752f6261-1544107698,True,104857601.0,179.7752826133471,4.45,10183.0,2024-11-12T10:19:15.449238240Z,2024-11-12T10:19:19.899618007Z,us_east
c854ca33-b6dd-4e56-bb20-385e8f712b25,0d68e0f4-0fb0-47af-9444-240532ea6a05,worker-f399fad452f34a72a8c23706752dd7a5-1544107698,True,104857601.0,178.69108948612788,4.477,10166.0,2024-11-12T10:19:15.435779215Z,2024-11-12T10:19:19.912878939Z,us_east
c854ca33-b6dd-4e56-bb20-385e8f712b25,0d68e0f4-0fb0-47af-9444-240532ea6a05,worker-4b687adc0e2a408389a1c420aedea020-1544107698,True,104857601.0,168.77637291759376,4.74,10196.0,2024-11-12T10:19:15.460743Z,2024-11-12T10:19:20.200878673Z,us_east
c854ca33-b6dd-4e56-bb20-385e8f712b25,0d68e0f4-0fb0-47af-9444-240532ea6a05,worker-7354c53fe6c64baeb72dcf6773f99d86-1544107698,True,104857601.0,165.255114156041,4.841,10204.0,2024-11-12T10:19:15.466022617Z,2024-11-12T10:19:20.307640279Z,us_east
c854ca33-b6dd-4e56-bb20-385e8f712b25,0d68e0f4-0fb0-47af-9444-240532ea6a05,worker-38e5d1a8c10a49c8a9d6af6bd41f87b6-1544107698,True,104857601.0,163.66612267377138,4.888,10197.0,2024-11-12T10:19:15.460632384Z,2024-11-12T10:19:20.348855281Z,us_east
c854ca33-b6dd-4e56-bb20-385e8f712b25,0d68e0f4-0fb0-47af-9444-240532ea6a05,worker-42fe5bbf4b5644c392bcff6cbd0e60d3-1544107698,True,104857601.0,162.206003168977,4.932,10193.0,2024-11-12T10:19:15.459313013Z,2024-11-12T10:19:20.392088586Z,us_east
c854ca33-b6dd-4e56-bb20-385e8f712b25,0d68e0f4-0fb0-47af-9444-240532ea6a05,worker-5c51e8eba64648d0ac42b89e4c5a73c8-1544107698,True,104857601.0,161.5182732948505,4.953,10199.0,2024-11-12T10:19:15.461684742Z,2024-11-12T10:19:20.414859803Z,us_east
c854ca33-b6dd-4e56-bb20-385e8f712b25,0d68e0f4-0fb0-47af-9444-240532ea6a05,worker-bc75dc4b3d584433b33aabd7478dbf13-1544107698,True,104857601.0,152.61350775074294,5.242,10207.0,2024-11-12T10:19:15.469764191Z,2024-11-12T10:19:20.712059272Z,us_east
c854ca33-b6dd-4e56-bb20-385e8f712b25,0d68e0f4-0fb0-47af-9444-240532ea6a05,worker-f8d032c0f695491497bd05a78f9f4ff5-1544107698,True,104857601.0,142.2981159070428,5.622,10197.0,2024-11-12T10:19:15.467058662Z,2024-11-12T10:19:21.090014023Z,us_east
f84dd79d-0bfb-4c3b-9d43-a8a7dce26fa7,7bfa9347-e2a1-4a75-b067-6399346ffd21,worker-74e32dbca44140389cd25543f5e549e5-1544107698,True,104857601.0,18.94253327088757,42.233,10902.0,2024-11-08T16:47:00.217123561Z,2024-11-08T16:47:42.450252378Z,us_east
f84dd79d-0bfb-4c3b-9d43-a8a7dce26fa7,7bfa9347-e2a1-4a75-b067-6399346ffd21,worker-41b21a78039d443f896654f3d27f0c8e-1544107698,True,104857601.0,15.302218967662482,52.28,10897.0,2024-11-08T16:47:00.218129986Z,2024-11-08T16:47:52.498952662Z,us_east
f84dd79d-0bfb-4c3b-9d43-a8a7dce26fa7,7bfa9347-e2a1-4a75-b067-6399346ffd21,worker-dc1da0d0dbd449bb87340f276e5ef259-1544107698,True,57800776.0,7.349748738606771,60.0,10902.0,2024-11-08T16:47:00.219115846Z,2024-11-08T16:48:00.219424893Z,us_east
f84dd79d-0bfb-4c3b-9d43-a8a7dce26fa7,7bfa9347-e2a1-4a75-b067-6399346ffd21,worker-b8034e85ca70433c866debd3a5e6c6db-1544107698,True,55679464.0,7.080009969075521,60.0,10904.0,2024-11-08T16:47:00.221146179Z,2024-11-08T16:48:00.221444652Z,us_east
f84dd79d-0bfb-4c3b-9d43-a8a7dce26fa7,7bfa9347-e2a1-4a75-b067-6399346ffd21,worker-67367439b933444697cc5bdd0c61c0a8-1544107698,True,58179728.0,7.397934977213541,60.0,10898.0,2024-11-08T16:47:00.224596594Z,2024-11-08T16:48:00.225550882Z,us_east
f84dd79d-0bfb-4c3b-9d43-a8a7dce26fa7,7bfa9347-e2a1-4a75-b067-6399346ffd21,worker-74708c31627c464480d1d5bbca7cebf4-1544107698,True,57782076.0,7.34663624701983,60.006,10907.0,2024-11-08T16:47:00.227086617Z,2024-11-08T16:48:00.234006822Z,us_east
f84dd79d-0bfb-4c3b-9d43-a8a7dce26fa7,7bfa9347-e2a1-4a75-b067-6399346ffd21,worker-c280e58926bc401eb417862ac2a7efa1-1544107698,True,57733632.0,7.339498387876162,60.014,10903.0,2024-11-08T16:47:00.220394182Z,2024-11-08T16:48:00.235178792Z,us_east
f84dd79d-0bfb-4c3b-9d43-a8a7dce26fa7,7bfa9347-e2a1-4a75-b067-6399346ffd21,worker-5dd9a8b35920432094d9b6115bd8a10c-1544107698,True,83600232.0,10.62589175896762,60.025,10901.0,2024-11-08T16:47:00.218866143Z,2024-11-08T16:48:00.243916653Z,us_east
f84dd79d-0bfb-4c3b-9d43-a8a7dce26fa7,7bfa9347-e2a1-4a75-b067-6399346ffd21,worker-c79158a3f38c478c8d175f6c167c3eff-1544107698,True,69966448.0,8.891359113568317,60.036,10899.0,2024-11-08T16:47:00.215382764Z,2024-11-08T16:48:00.251863507Z,us_east
f84dd79d-0bfb-4c3b-9d43-a8a7dce26fa7,7bfa9347-e2a1-4a75-b067-6399346ffd21,worker-7696a354e2a44b85be6c60ff2f3d43bf-1544107698,True,58136836.0,7.3885404224843105,60.032,10907.0,2024-11-08T16:47:00.224461664Z,2024-11-08T16:48:00.256639553Z,us_east
f84dd79d-0bfb-4c3b-9d43-a8a7dce26fa7,a40ae954-9fb9-436c-974e-a370148900ff,worker-74708c31627c464480d1d5bbca7cebf4-1544107698,True,104857601.0,14.251866239634342,56.133,10686.0,2024-11-08T16:48:20.186296347Z,2024-11-08T16:49:16.319841501Z,us_east
f84dd79d-0bfb-4c3b-9d43-a8a7dce26fa7,a40ae954-9fb9-436c-974e-a370148900ff,worker-c79158a3f38c478c8d175f6c167c3eff-1544107698,True,57164944.0,7.259944587222634,60.074,10686.0,2024-11-08T16:48:20.186414866Z,2024-11-08T16:49:20.261299800Z,us_east
f84dd79d-0bfb-4c3b-9d43-a8a7dce26fa7,a40ae954-9fb9-436c-974e-a370148900ff,worker-dc1da0d0dbd449bb87340f276e5ef259-1544107698,True,67765752.0,8.603955029370008,60.09,10683.0,2024-11-08T16:48:20.184246622Z,2024-11-08T16:49:20.274945698Z,us_east
f84dd79d-0bfb-4c3b-9d43-a8a7dce26fa7,a40ae954-9fb9-436c-974e-a370148900ff,worker-7696a354e2a44b85be6c60ff2f3d43bf-1544107698,True,46690112.0,5.922346298401443,60.148,10687.0,2024-11-08T16:48:20.188580754Z,2024-11-08T16:49:20.336996140Z,us_east
f84dd79d-0bfb-4c3b-9d43-a8a7dce26fa7,a40ae954-9fb9-436c-974e-a370148900ff,worker-67367439b933444697cc5bdd0c61c0a8-1544107698,True,39783152.0,5.045570887437455,60.156,10689.0,2024-11-08T16:48:20.189577901Z,2024-11-08T16:49:20.346254740Z,us_east
f84dd79d-0bfb-4c3b-9d43-a8a7dce26fa7,a40ae954-9fb9-436c-974e-a370148900ff,worker-5dd9a8b35920432094d9b6115bd8a10c-1544107698,True,87374552.0,11.079226984430573,60.168,10669.0,2024-11-08T16:48:20.180527245Z,2024-11-08T16:49:20.349329756Z,us_east
f84dd79d-0bfb-4c3b-9d43-a8a7dce26fa7,a40ae954-9fb9-436c-974e-a370148900ff,worker-74e32dbca44140389cd25543f5e549e5-1544107698,True,44521008.0,5.645425814166195,60.167,10680.0,2024-11-08T16:48:20.185933331Z,2024-11-08T16:49:20.353133554Z,us_east
f84dd79d-0bfb-4c3b-9d43-a8a7dce26fa7,a40ae954-9fb9-436c-974e-a370148900ff,worker-41b21a78039d443f896654f3d27f0c8e-1544107698,True,100107592.0,12.692530244647294,60.174,10661.0,2024-11-08T16:48:20.181774500Z,2024-11-08T16:49:20.356634786Z,us_east
f84dd79d-0bfb-4c3b-9d43-a8a7dce26fa7,a40ae954-9fb9-436c-974e-a370148900ff,worker-c280e58926bc401eb417862ac2a7efa1-1544107698,True,82822056.0,10.529087716216177,60.013,10871.0,2024-11-08T16:48:20.377128030Z,2024-11-08T16:49:20.390580490Z,us_east
f84dd79d-0bfb-4c3b-9d43-a8a7dce26fa7,a40ae954-9fb9-436c-974e-a370148900ff,worker-b8034e85ca70433c866debd3a5e6c6db-1544107698,True,75074656.0,9.530827993441852,60.097,10877.0,2024-11-08T16:48:20.386115253Z,2024-11-08T16:49:20.483170312Z,us_east
6fdc8043-0101-450a-9733-5a5c54de69e0,cab055bc-39d4-40a0-a59f-d34e3a3f2359,worker-db4341c88cce41c0a086984de17d0783-1544107698,True,104857601.0,15.192950615872732,52.656,10826.0,2024-11-08T11:01:37.574599635Z,2024-11-08T11:02:30.230859957Z,us_east
6fdc8043-0101-450a-9733-5a5c54de69e0,cab055bc-39d4-40a0-a59f-d34e3a3f2359,worker-fb90c3bbaff9427d8458e72825487ea9-1544107698,True,48710070.0,6.193805694580078,60.0,10825.0,2024-11-08T11:01:37.571556412Z,2024-11-08T11:02:37.571889298Z,us_east
6fdc8043-0101-450a-9733-5a5c54de69e0,cab055bc-39d4-40a0-a59f-d34e3a3f2359,worker-8aca8a06ac0a4d8a86704b35b541fe5a-1544107698,True,91074728.0,11.580750528971354,60.0,10821.0,2024-11-08T11:01:37.572755389Z,2024-11-08T11:02:37.573005350Z,us_east
6fdc8043-0101-450a-9733-5a5c54de69e0,cab055bc-39d4-40a0-a59f-d34e3a3f2359,worker-cf47c25fc4ce4f1fa3626a7053b31363-1544107698,True,68384046.0,8.695481109619141,60.0,10824.0,2024-11-08T11:01:37.572268256Z,2024-11-08T11:02:37.572651475Z,us_east
6fdc8043-0101-450a-9733-5a5c54de69e0,cab055bc-39d4-40a0-a59f-d34e3a3f2359,worker-2e76549f1fe24f7689ddb98e942c85e5-1544107698,True,95681312.0,12.166507975260416,60.0,10821.0,2024-11-08T11:01:37.576150390Z,2024-11-08T11:02:37.576703856Z,us_east
6fdc8043-0101-450a-9733-5a5c54de69e0,cab055bc-39d4-40a0-a59f-d34e3a3f2359,worker-9abab6fb7b0a46c68200081a45aff4d6-1544107698,True,88399424.0,11.240380694175933,60.001,10830.0,2024-11-08T11:01:37.578347770Z,2024-11-08T11:02:37.579436793Z,us_east
6fdc8043-0101-450a-9733-5a5c54de69e0,cab055bc-39d4-40a0-a59f-d34e3a3f2359,worker-4d8b271466bb41beb98d2ed5e5c6b23c-1544107698,True,68764870.0,8.742448310616851,60.01,10826.0,2024-11-08T11:01:37.572149891Z,2024-11-08T11:02:37.582615281Z,us_east
6fdc8043-0101-450a-9733-5a5c54de69e0,cab055bc-39d4-40a0-a59f-d34e3a3f2359,worker-382fed7efea6416eabb7a91f82bb97e8-1544107698,True,66143990.0,8.400003255560534,60.076,10829.0,2024-11-08T11:01:37.574834058Z,2024-11-08T11:02:37.651595117Z,us_east
6fdc8043-0101-450a-9733-5a5c54de69e0,cab055bc-39d4-40a0-a59f-d34e3a3f2359,worker-c01ec3a1830c4083a67ead4f7106404e-1544107698,True,44868526.0,5.705137943562688,60.002,10986.0,2024-11-08T11:01:37.742576854Z,2024-11-08T11:02:37.744890401Z,us_east
6fdc8043-0101-450a-9733-5a5c54de69e0,cab055bc-39d4-40a0-a59f-d34e3a3f2359,worker-f2e4e2f2440244afabdcfcf18af91a29-1544107698,True,35815630.0,4.547825904654707,60.084,11579.0,2024-11-08T11:01:38.326738303Z,2024-11-08T11:02:38.410807713Z,us_east
6fdc8043-0101-450a-9733-5a5c54de69e0,3f294494-3fe7-47fd-8f2a-f15a536fc8da,worker-cf47c25fc4ce4f1fa3626a7053b31363-1544107698,True,104857601.0,16.696233071676815,47.915,10580.0,2024-11-08T11:02:57.495143791Z,2024-11-08T11:03:45.410726095Z,us_east
6fdc8043-0101-450a-9733-5a5c54de69e0,3f294494-3fe7-47fd-8f2a-f15a536fc8da,worker-4d8b271466bb41beb98d2ed5e5c6b23c-1544107698,True,52115766.0,6.626751889340256,60.001,10572.0,2024-11-08T11:02:57.493409311Z,2024-11-08T11:03:57.494468949Z,us_east
6fdc8043-0101-450a-9733-5a5c54de69e0,3f294494-3fe7-47fd-8f2a-f15a536fc8da,worker-c01ec3a1830c4083a67ead4f7106404e-1544107698,True,61117982.0,7.771553293863932,60.0,10582.0,2024-11-08T11:02:57.497589796Z,2024-11-08T11:03:57.497868587Z,us_east
6fdc8043-0101-450a-9733-5a5c54de69e0,3f294494-3fe7-47fd-8f2a-f15a536fc8da,worker-f2e4e2f2440244afabdcfcf18af91a29-1544107698,True,75192542.0,9.561226145426431,60.0,10584.0,2024-11-08T11:02:57.498597813Z,2024-11-08T11:03:57.499383002Z,us_east
6fdc8043-0101-450a-9733-5a5c54de69e0,3f294494-3fe7-47fd-8f2a-f15a536fc8da,worker-db4341c88cce41c0a086984de17d0783-1544107698,True,42405478.0,5.3921353658040365,60.0,10582.0,2024-11-08T11:02:57.499901703Z,2024-11-08T11:03:57.500135988Z,us_east
6fdc8043-0101-450a-9733-5a5c54de69e0,3f294494-3fe7-47fd-8f2a-f15a536fc8da,worker-fb90c3bbaff9427d8458e72825487ea9-1544107698,True,55375214.0,7.041322580973307,60.0,10589.0,2024-11-08T11:02:57.504452147Z,2024-11-08T11:03:57.504821440Z,us_east
6fdc8043-0101-450a-9733-5a5c54de69e0,3f294494-3fe7-47fd-8f2a-f15a536fc8da,worker-9abab6fb7b0a46c68200081a45aff4d6-1544107698,True,93462200.0,11.883541056572792,60.004,10577.0,2024-11-08T11:02:57.500919477Z,2024-11-08T11:03:57.504964206Z,us_east
6fdc8043-0101-450a-9733-5a5c54de69e0,3f294494-3fe7-47fd-8f2a-f15a536fc8da,worker-2e76549f1fe24f7689ddb98e942c85e5-1544107698,True,99382830.0,12.63718032836914,60.0,10585.0,2024-11-08T11:02:57.515929306Z,2024-11-08T11:03:57.516189745Z,us_east
6fdc8043-0101-450a-9733-5a5c54de69e0,3f294494-3fe7-47fd-8f2a-f15a536fc8da,worker-382fed7efea6416eabb7a91f82bb97e8-1544107698,True,43992486.0,5.590300173295561,60.039,10589.0,2024-11-08T11:02:57.503230698Z,2024-11-08T11:03:57.542695559Z,us_east
6fdc8043-0101-450a-9733-5a5c54de69e0,3f294494-3fe7-47fd-8f2a-f15a536fc8da,worker-8aca8a06ac0a4d8a86704b35b541fe5a-1544107698,True,80532766.0,10.23958810257376,60.004,11232.0,2024-11-08T11:02:58.149052678Z,2024-11-08T11:03:58.153603557Z,us_east
e1032366-5276-4375-9262-a854b777054e,96cfedb9-626e-4c3e-bb32-75d5016a8769,worker-f1297f305ba44a579f43cd6486251e3c-1544107698,True,62945358.0,8.003916168212891,60.0,10186.0,2024-11-08T10:57:11.060312928Z,2024-11-08T10:58:11.061092906Z,asia
e1032366-5276-4375-9262-a854b777054e,96cfedb9-626e-4c3e-bb32-75d5016a8769,worker-b65cafde55e9499a90c051c4316d5667-1544107698,True,87664166.0,11.146889362960488,60.001,10170.0,2024-11-08T10:57:11.050352980Z,2024-11-08T10:58:11.051942096Z,asia
e1032366-5276-4375-9262-a854b777054e,96cfedb9-626e-4c3e-bb32-75d5016a8769,worker-f3cc992f06f3482f9192713ff95f2b9a-1544107698,True,93496710.0,11.888721466064451,60.0,10173.0,2024-11-08T10:57:11.048692293Z,2024-11-08T10:58:11.049120944Z,asia
e1032366-5276-4375-9262-a854b777054e,96cfedb9-626e-4c3e-bb32-75d5016a8769,worker-2758d83a8e2a483094a1bb625ec61161-1544107698,True,69837838.0,8.879748338636148,60.004,10171.0,2024-11-08T10:57:11.053193769Z,2024-11-08T10:58:11.057552007Z,asia
e1032366-5276-4375-9262-a854b777054e,96cfedb9-626e-4c3e-bb32-75d5016a8769,worker-8344336a39e543b7bb96c151a49e0654-1544107698,True,76164150.0,9.683804111043974,60.006,10193.0,2024-11-08T10:57:11.063426159Z,2024-11-08T10:58:11.070244520Z,asia
e1032366-5276-4375-9262-a854b777054e,96cfedb9-626e-4c3e-bb32-75d5016a8769,worker-f28e6cafef444ddc88ee15d914d58dc3-1544107698,True,81551576.0,10.368782254261554,60.006,10198.0,2024-11-08T10:57:11.076802730Z,2024-11-08T10:58:11.082970454Z,asia
e1032366-5276-4375-9262-a854b777054e,96cfedb9-626e-4c3e-bb32-75d5016a8769,worker-f5862df4b0034f6681c344c627572ba4-1544107698,True,60341854.0,7.672863515218099,60.0,10188.0,2024-11-08T10:57:11.058098822Z,2024-11-08T10:58:11.058637869Z,asia
e1032366-5276-4375-9262-a854b777054e,96cfedb9-626e-4c3e-bb32-75d5016a8769,worker-0e628bd4c817425c850b54b14dfec76d-1544107698,True,63770718.0,8.108730973868536,60.001,10191.0,2024-11-08T10:57:11.061562353Z,2024-11-08T10:58:11.062982129Z,asia
e1032366-5276-4375-9262-a854b777054e,96cfedb9-626e-4c3e-bb32-75d5016a8769,worker-5e5a5bd2d15848399f66da8de3c46c78-1544107698,True,63741176.0,8.10510965983073,60.0,10179.0,2024-11-08T10:57:11.058766264Z,2024-11-08T10:58:11.058830939Z,asia
e1032366-5276-4375-9262-a854b777054e,96cfedb9-626e-4c3e-bb32-75d5016a8769,worker-2452d1da75c84f2d980ad41727a0de72-1544107698,True,63140838.0,8.028371317029851,60.003,10186.0,2024-11-08T10:57:11.063540422Z,2024-11-08T10:58:11.067420168Z,asia
e1032366-5276-4375-9262-a854b777054e,09f62e91-9705-464e-820b-827ac9983032,worker-5e5a5bd2d15848399f66da8de3c46c78-1544107698,True,104857601.0,14.990537366338646,53.367,10187.0,2024-11-08T10:58:31.225343266Z,2024-11-08T10:59:24.592957944Z,asia
e1032366-5276-4375-9262-a854b777054e,09f62e91-9705-464e-820b-827ac9983032,worker-2758d83a8e2a483094a1bb625ec61161-1544107698,True,75244670.0,9.567854563395182,60.0,10163.0,2024-11-08T10:58:31.204227726Z,2024-11-08T10:59:31.204767189Z,asia
e1032366-5276-4375-9262-a854b777054e,09f62e91-9705-464e-820b-827ac9983032,worker-f3cc992f06f3482f9192713ff95f2b9a-1544107698,True,86914102.0,11.050594515336876,60.006,10162.0,2024-11-08T10:58:31.202752450Z,2024-11-08T10:59:31.209217933Z,asia
e1032366-5276-4375-9262-a854b777054e,09f62e91-9705-464e-820b-827ac9983032,worker-b65cafde55e9499a90c051c4316d5667-1544107698,True,84967990.0,10.80351840272823,60.004,10167.0,2024-11-08T10:58:31.209958960Z,2024-11-08T10:59:31.214353152Z,asia
e1032366-5276-4375-9262-a854b777054e,09f62e91-9705-464e-820b-827ac9983032,worker-8344336a39e543b7bb96c151a49e0654-1544107698,True,57564590.0,7.3195941424251005,60.001,10185.0,2024-11-08T10:58:31.226712487Z,2024-11-08T10:59:31.228278407Z,asia
e1032366-5276-4375-9262-a854b777054e,09f62e91-9705-464e-820b-827ac9983032,worker-f28e6cafef444ddc88ee15d914d58dc3-1544107698,True,62421182.0,7.936866899737695,60.003,10190.0,2024-11-08T10:58:31.228843770Z,2024-11-08T10:59:31.232473521Z,asia
e1032366-5276-4375-9262-a854b777054e,09f62e91-9705-464e-820b-827ac9983032,worker-2452d1da75c84f2d980ad41727a0de72-1544107698,True,60589462.0,7.704348500569662,60.0,10183.0,2024-11-08T10:58:31.223267247Z,2024-11-08T10:59:31.223448329Z,asia
e1032366-5276-4375-9262-a854b777054e,09f62e91-9705-464e-820b-827ac9983032,worker-f5862df4b0034f6681c344c627572ba4-1544107698,True,65514110.0,8.330549875895182,60.0,10189.0,2024-11-08T10:58:31.228867655Z,2024-11-08T10:59:31.229173686Z,asia
e1032366-5276-4375-9262-a854b777054e,09f62e91-9705-464e-820b-827ac9983032,worker-f1297f305ba44a579f43cd6486251e3c-1544107698,True,79151374.0,10.063443597189051,60.007,10177.0,2024-11-08T10:58:31.223887884Z,2024-11-08T10:59:31.231712684Z,asia
e1032366-5276-4375-9262-a854b777054e,09f62e91-9705-464e-820b-827ac9983032,worker-0e628bd4c817425c850b54b14dfec76d-1544107698,True,45750358.0,5.8162955930135585,60.012,10179.0,2024-11-08T10:58:31.222479103Z,2024-11-08T10:59:31.235473461Z,asia
d0b3872b-b68c-417f-ac20-a9ec83b07a35,d72f2eac-0e00-4459-b0f1-dc3df3a3137e,worker-9962486dedbd42c687fee22d382823bb-1544107698,True,100998092.0,12.842357473566848,60.001,10247.0,2024-11-05T11:59:48.177196210Z,2024-11-05T12:00:48.178778587Z,all
d0b3872b-b68c-417f-ac20-a9ec83b07a35,d72f2eac-0e00-4459-b0f1-dc3df3a3137e,worker-d4413ddb1306403db433c6b56ce6c8cd-1544107698,True,70074092.0,8.910233067567363,60.001,10251.0,2024-11-05T11:59:48.181250620Z,2024-11-05T12:00:48.182848956Z,all
d0b3872b-b68c-417f-ac20-a9ec83b07a35,d72f2eac-0e00-4459-b0f1-dc3df3a3137e,worker-ee5197ad08f448428e08f421f7e1381e-1544107698,True,78354092.0,9.963238016764324,60.0,10247.0,2024-11-05T11:59:48.180828244Z,2024-11-05T12:00:48.181554119Z,all
d0b3872b-b68c-417f-ac20-a9ec83b07a35,d72f2eac-0e00-4459-b0f1-dc3df3a3137e,worker-25d7fa23621341e791cd37c80f19ab42-1544107698,True,82952012.0,10.547893778483074,60.0,10247.0,2024-11-05T11:59:48.184678937Z,2024-11-05T12:00:48.185330145Z,all
d0b3872b-b68c-417f-ac20-a9ec83b07a35,d72f2eac-0e00-4459-b0f1-dc3df3a3137e,worker-df423fe445d84865b7c7ccf11ddc3705-1544107698,True,73371692.0,9.329382115485473,60.002,10254.0,2024-11-05T11:59:48.184611401Z,2024-11-05T12:00:48.187379888Z,all
d0b3872b-b68c-417f-ac20-a9ec83b07a35,d72f2eac-0e00-4459-b0f1-dc3df3a3137e,worker-f642b5d8750c404e9e46722937e4f008-1544107698,True,78165452.0,9.93875426264494,60.003,10264.0,2024-11-05T11:59:48.192428376Z,2024-11-05T12:00:48.195873079Z,all
d0b3872b-b68c-417f-ac20-a9ec83b07a35,d72f2eac-0e00-4459-b0f1-dc3df3a3137e,worker-4c2b03d2e5d746eb9810c9a783167ff6-1544107698,True,60405932.0,7.681011454264323,60.0,10267.0,2024-11-05T11:59:48.200141515Z,2024-11-05T12:00:48.200184365Z,all
d0b3872b-b68c-417f-ac20-a9ec83b07a35,d72f2eac-0e00-4459-b0f1-dc3df3a3137e,worker-5bfc4adaa7804defa317918b629be751-1544107698,True,65068652.0,8.273906962076824,60.0,10271.0,2024-11-05T11:59:48.199642723Z,2024-11-05T12:00:48.200583889Z,all
d0b3872b-b68c-417f-ac20-a9ec83b07a35,d72f2eac-0e00-4459-b0f1-dc3df3a3137e,worker-72155be8a53c437683491837ec02098e-1544107698,True,74114732.0,9.423704331547745,60.003,10271.0,2024-11-05T11:59:48.200360434Z,2024-11-05T12:00:48.203656316Z,all
d0b3872b-b68c-417f-ac20-a9ec83b07a35,d72f2eac-0e00-4459-b0f1-dc3df3a3137e,worker-469d1be74e434451bee9374b1f0cb2c2-1544107698,True,68916332.0,8.760390650870715,60.019,10257.0,2024-11-05T11:59:48.195970072Z,2024-11-05T12:00:48.215121826Z,all
d0b3872b-b68c-417f-ac20-a9ec83b07a35,5cd6f07f-4f8f-4000-95e1-d118a119392b,worker-ee5197ad08f448428e08f421f7e1381e-1544107698,True,75849932.0,9.64433538983858,60.003,10182.0,2024-11-05T12:02:08.497022337Z,2024-11-05T12:03:08.500442753Z,all
d0b3872b-b68c-417f-ac20-a9ec83b07a35,5cd6f07f-4f8f-4000-95e1-d118a119392b,worker-5bfc4adaa7804defa317918b629be751-1544107698,True,67824812.0,8.624227092146121,60.001,10190.0,2024-11-05T12:02:08.505321318Z,2024-11-05T12:03:08.506998701Z,all
d0b3872b-b68c-417f-ac20-a9ec83b07a35,5cd6f07f-4f8f-4000-95e1-d118a119392b,worker-f642b5d8750c404e9e46722937e4f008-1544107698,True,73754732.0,9.378242845529398,60.001,10197.0,2024-11-05T12:02:08.514778779Z,2024-11-05T12:03:08.516525219Z,all
d0b3872b-b68c-417f-ac20-a9ec83b07a35,5cd6f07f-4f8f-4000-95e1-d118a119392b,worker-72155be8a53c437683491837ec02098e-1544107698,True,84632492.0,10.760860469816336,60.004,10210.0,2024-11-05T12:02:08.523642697Z,2024-11-05T12:03:08.528000229Z,all
d0b3872b-b68c-417f-ac20-a9ec83b07a35,5cd6f07f-4f8f-4000-95e1-d118a119392b,worker-d4413ddb1306403db433c6b56ce6c8cd-1544107698,True,69809132.0,8.875210963374593,60.01,10196.0,2024-11-05T12:02:08.518303383Z,2024-11-05T12:03:08.528793359Z,all
d0b3872b-b68c-417f-ac20-a9ec83b07a35,5cd6f07f-4f8f-4000-95e1-d118a119392b,worker-df423fe445d84865b7c7ccf11ddc3705-1544107698,True,88879052.0,11.301179181885344,60.002,10215.0,2024-11-05T12:02:08.527786482Z,2024-11-05T12:03:08.530496867Z,all
d0b3872b-b68c-417f-ac20-a9ec83b07a35,5cd6f07f-4f8f-4000-95e1-d118a119392b,worker-469d1be74e434451bee9374b1f0cb2c2-1544107698,True,95222252.0,12.107933678807177,60.001,10207.0,2024-11-05T12:02:08.532586974Z,2024-11-05T12:03:08.533601274Z,all
d0b3872b-b68c-417f-ac20-a9ec83b07a35,5cd6f07f-4f8f-4000-95e1-d118a119392b,worker-4c2b03d2e5d746eb9810c9a783167ff6-1544107698,True,60277772.0,7.6644595855593876,60.002,10219.0,2024-11-05T12:02:08.538672090Z,2024-11-05T12:03:08.541633118Z,all
d0b3872b-b68c-417f-ac20-a9ec83b07a35,5cd6f07f-4f8f-4000-95e1-d118a119392b,worker-9962486dedbd42c687fee22d382823bb-1544107698,True,70984172.0,9.024148995419482,60.013,10214.0,2024-11-05T12:02:08.530288096Z,2024-11-05T12:03:08.543525794Z,all
d0b3872b-b68c-417f-ac20-a9ec83b07a35,5cd6f07f-4f8f-4000-95e1-d118a119392b,worker-25d7fa23621341e791cd37c80f19ab42-1544107698,True,71817932.0,9.131057004124258,60.007,10224.0,2024-11-05T12:02:08.542796439Z,2024-11-05T12:03:08.550086738Z,all
7c626bba-3cbc-4664-a2e6-bfb7834978b5,02844f7a-7290-49ee-9809-c0b6af6c8ae5,worker-f642b5d8750c404e9e46722937e4f008-1544107698,True,89524172.0,11.383587137858074,60.0,10245.0,2024-11-05T11:50:17.475177857Z,2024-11-05T11:51:17.475893833Z,us_east
7c626bba-3cbc-4664-a2e6-bfb7834978b5,02844f7a-7290-49ee-9809-c0b6af6c8ae5,worker-469d1be74e434451bee9374b1f0cb2c2-1544107698,True,87132332.0,11.079448954264324,60.0,10248.0,2024-11-05T11:50:17.480219004Z,2024-11-05T11:51:17.480541368Z,us_east
7c626bba-3cbc-4664-a2e6-bfb7834978b5,02844f7a-7290-49ee-9809-c0b6af6c8ae5,worker-df423fe445d84865b7c7ccf11ddc3705-1544107698,True,81510572.0,10.364259728940024,60.002,10252.0,2024-11-05T11:50:17.479282446Z,2024-11-05T11:51:17.481550045Z,us_east
7c626bba-3cbc-4664-a2e6-bfb7834978b5,02844f7a-7290-49ee-9809-c0b6af6c8ae5,worker-ee5197ad08f448428e08f421f7e1381e-1544107698,True,72427052.0,9.208501582204732,60.007,10257.0,2024-11-05T11:50:17.485831986Z,2024-11-05T11:51:17.493410151Z,us_east
7c626bba-3cbc-4664-a2e6-bfb7834978b5,02844f7a-7290-49ee-9809-c0b6af6c8ae5,worker-25d7fa23621341e791cd37c80f19ab42-1544107698,True,69287852.0,8.809525033011022,60.006,10257.0,2024-11-05T11:50:17.494395263Z,2024-11-05T11:51:17.500946209Z,us_east
7c626bba-3cbc-4664-a2e6-bfb7834978b5,02844f7a-7290-49ee-9809-c0b6af6c8ae5,worker-5bfc4adaa7804defa317918b629be751-1544107698,True,52837292.0,6.718609110514323,60.0,10266.0,2024-11-05T11:50:17.506139888Z,2024-11-05T11:51:17.506574943Z,us_east
7c626bba-3cbc-4664-a2e6-bfb7834978b5,02844f7a-7290-49ee-9809-c0b6af6c8ae5,worker-9962486dedbd42c687fee22d382823bb-1544107698,True,73930412.0,9.39917148818296,60.01,10269.0,2024-11-05T11:50:17.494978978Z,2024-11-05T11:51:17.505451557Z,us_east
7c626bba-3cbc-4664-a2e6-bfb7834978b5,02844f7a-7290-49ee-9809-c0b6af6c8ae5,worker-d4413ddb1306403db433c6b56ce6c8cd-1544107698,True,65232812.0,8.29326055441268,60.011,10269.0,2024-11-05T11:50:17.497275823Z,2024-11-05T11:51:17.508381798Z,us_east
7c626bba-3cbc-4664-a2e6-bfb7834978b5,02844f7a-7290-49ee-9809-c0b6af6c8ae5,worker-72155be8a53c437683491837ec02098e-1544107698,True,72807212.0,9.257915751139324,60.0,10281.0,2024-11-05T11:50:17.509012839Z,2024-11-05T11:51:17.509200425Z,us_east
7c626bba-3cbc-4664-a2e6-bfb7834978b5,02844f7a-7290-49ee-9809-c0b6af6c8ae5,worker-4c2b03d2e5d746eb9810c9a783167ff6-1544107698,True,68183372.0,8.66866379141436,60.009,10273.0,2024-11-05T11:50:17.500774961Z,2024-11-05T11:51:17.510108473Z,us_east
7c626bba-3cbc-4664-a2e6-bfb7834978b5,f96b3600-8b22-41c9-bf56-2483e33ec301,worker-4c2b03d2e5d746eb9810c9a783167ff6-1544107698,True,76565612.0,9.73565876359743,60.001,10187.0,2024-11-05T11:51:37.610688600Z,2024-11-05T11:52:37.612382407Z,us_east
7c626bba-3cbc-4664-a2e6-bfb7834978b5,f96b3600-8b22-41c9-bf56-2483e33ec301,worker-9962486dedbd42c687fee22d382823bb-1544107698,True,82450892.0,10.48382361457092,60.002,10188.0,2024-11-05T11:51:37.614270913Z,2024-11-05T11:52:37.617169813Z,us_east
7c626bba-3cbc-4664-a2e6-bfb7834978b5,f96b3600-8b22-41c9-bf56-2483e33ec301,worker-72155be8a53c437683491837ec02098e-1544107698,True,64433612.0,8.192338216536418,60.006,10189.0,2024-11-05T11:51:37.611965684Z,2024-11-05T11:52:37.618183897Z,us_east
7c626bba-3cbc-4664-a2e6-bfb7834978b5,f96b3600-8b22-41c9-bf56-2483e33ec301,worker-d4413ddb1306403db433c6b56ce6c8cd-1544107698,True,64324172.0,8.176924639418571,60.017,10179.0,2024-11-05T11:51:37.604811527Z,2024-11-05T11:52:37.622678905Z,us_east
7c626bba-3cbc-4664-a2e6-bfb7834978b5,f96b3600-8b22-41c9-bf56-2483e33ec301,worker-469d1be74e434451bee9374b1f0cb2c2-1544107698,True,83038412.0,10.558880106608074,60.0,10203.0,2024-11-05T11:51:37.625091999Z,2024-11-05T11:52:37.625489384Z,us_east
7c626bba-3cbc-4664-a2e6-bfb7834978b5,f96b3600-8b22-41c9-bf56-2483e33ec301,worker-25d7fa23621341e791cd37c80f19ab42-1544107698,True,77449772.0,9.847919518405376,60.002,10188.0,2024-11-05T11:51:37.626461188Z,2024-11-05T11:52:37.629127156Z,us_east
7c626bba-3cbc-4664-a2e6-bfb7834978b5,f96b3600-8b22-41c9-bf56-2483e33ec301,worker-df423fe445d84865b7c7ccf11ddc3705-1544107698,True,77870252.0,9.901549553438432,60.001,10217.0,2024-11-05T11:51:37.639017835Z,2024-11-05T11:52:37.640195159Z,us_east
7c626bba-3cbc-4664-a2e6-bfb7834978b5,f96b3600-8b22-41c9-bf56-2483e33ec301,worker-f642b5d8750c404e9e46722937e4f008-1544107698,True,70061132.0,8.908585145813976,60.001,10222.0,2024-11-05T11:51:37.643830255Z,2024-11-05T11:52:37.645812278Z,us_east
7c626bba-3cbc-4664-a2e6-bfb7834978b5,f96b3600-8b22-41c9-bf56-2483e33ec301,worker-ee5197ad08f448428e08f421f7e1381e-1544107698,True,65323532.0,8.306039762053505,60.002,10228.0,2024-11-05T11:51:37.649449528Z,2024-11-05T11:52:37.651724364Z,us_east
7c626bba-3cbc-4664-a2e6-bfb7834978b5,f96b3600-8b22-41c9-bf56-2483e33ec301,worker-5bfc4adaa7804defa317918b629be751-1544107698,True,55691372.0,7.080344092228119,60.01,10229.0,2024-11-05T11:51:37.653013101Z,2024-11-05T11:52:37.663287896Z,us_east
