job_id,sub_job_id,worker_index,num_workers,file_size_mb,plateau_found
1bfb1e34-42e4-477a-ab96-8c83e2e8597a,ee3127c1-4113-4da0-a57c-dc80b1f49d2e,0,1,10,yes
1bfb1e34-42e4-477a-ab96-8c83e2e8597a,ee3127c1-4113-4da0-a57c-dc80b1f49d2e,0,1,50,no
1bfb1e34-42e4-477a-ab96-8c83e2e8597a,ee3127c1-4113-4da0-a57c-dc80b1f49d2e,0,1,100,yes
1bfb1e34-42e4-477a-ab96-8c83e2e8597a,ee3127c1-4113-4da0-a57c-dc80b1f49d2e,0,1,full,yes
1bfb1e34-42e4-477a-ab96-8c83e2e8597a,451b4d52-d6bb-4a18-95d0-5ca00c60a2c6,0,8,10,no
1bfb1e34-42e4-477a-ab96-8c83e2e8597a,451b4d52-d6bb-4a18-95d0-5ca00c60a2c6,1,8,10,yes
1bfb1e34-42e4-477a-ab96-8c83e2e8597a,451b4d52-d6bb-4a18-95d0-5ca00c60a2c6,2,8,10,no
1bfb1e34-42e4-477a-ab96-8c83e2e8597a,451b4d52-d6bb-4a18-95d0-5ca00c60a2c6,3,8,10,yes
1bfb1e34-42e4-477a-ab96-8c83e2e8597a,451b4d52-d6bb-4a18-95d0-5ca00c60a2c6,4,8,10,yes
1bfb1e34-42e4-477a-ab96-8c83e2e8597a,451b4d52-d6bb-4a18-95d0-5ca00c60a2c6,5,8,10,no
1bfb1e34-42e4-477a-ab96-8c83e2e8597a,451b4d52-d6bb-4a18-95d0-5ca00c60a2c6,6,8,10,yes
1bfb1e34-42e4-477a-ab96-8c83e2e8597a,451b4d52-d6bb-4a18-95d0-5ca00c60a2c6,7,8,10,no
1bfb1e34-42e4-477a-ab96-8c83e2e8597a,451b4d52-d6bb-4a18-95d0-5ca00c60a2c6,0,8,50,no
1bfb1e34-42e4-477a-ab96-8c83e2e8597a,451b4d52-d6bb-4a18-95d0-5ca00c60a2c6,1,8,50,no
1bfb1e34-42e4-477a-ab96-8c83e2e8597a,451b4d52-d6bb-4a18-95d0-5ca00c60a2c6,2,8,50,no
1bfb1e34-42e4-477a-ab96-8c83e2e8597a,451b4d52-d6bb-4a18-95d0-5ca00c60a2c6,3,8,50,no
1bfb1e34-42e4-477a-ab96-8c83e2e8597a,451b4d52-d6bb-4a18-95d0-5ca00c60a2c6,4,8,50,no
1bfb1e34-42e4-477a-ab96-8c83e2e8597a,451b4d52-d6bb-4a18-95d0-5ca00c60a2c6,5,8,50,no
1bfb1e34-42e4-477a-ab96-8c83e2e8597a,451b4d52-d6bb-4a18-95d0-5ca00c60a2c6,6,8,50,no
1bfb1e34-42e4-477a-ab96-8c83e2e8597a,451b4d52-d6bb-4a18-95d0-5ca00c60a2c6,7,8,50,no
1bfb1e34-42e4-477a-ab96-8c83e2e8597a,451b4d52-d6bb-4a18-95d0-5ca00c60a2c6,0,8,100,no
1bfb1e34-42e4-477a-ab96-8c83e2e8597a,451b4d52-d6bb-4a18-95d0-5ca00c60a2c6,1,8,100,no
1bfb1e34-42e4-477a-ab96-8c83e2e8597a,451b4d52-d6bb-4a18-95d0-5ca00c60a2c6,2,8,100,no
1bfb1e34-42e4-477a-ab96-8c83e2e8597a,451b4d52-d6bb-4a18-95d0-5ca00c60a2c6,3,8,100,no
1bfb1e34-42e4-477a-ab96-8c83e2e8597a,451b4d52-d6bb-4a18-95d0-5ca00c60a2c6,4,8,100,no
1bfb1e34-42e4-477a-ab96-8c83e2e8597a,451b4d52-d6bb-4a18-95d0-5ca00c60a2c6,5,8,100,no
1bfb1e34-42e4-477a-ab96-8c83e2e8597a,451b4d52-d6bb-4a18-95d0-5ca00c60a2c6,6,8,100,no
1bfb1e34-42e4-477a-ab96-8c83e2e8597a,451b4d52-d6bb-4a18-95d0-5ca00c60a2c6,7,8,100,no
1bfb1e34-42e4-477a-ab96-8c83e2e8597a,451b4d52-d6bb-4a18-95d0-5ca00c60a2c6,0,8,full,no
1bfb1e34-42e4-477a-ab96-8c83e2e8597a,451b4d52-d6bb-4a18-95d0-5ca00c60a2c6,1,8,full,no
1bfb1e34-42e4-477a-ab96-8c83e2e8597a,451b4d52-d6bb-4a18-95d0-5ca00c60a2c6,2,8,full,no
1bfb1e34-42e4-477a-ab96-8c83e2e8597a,451b4d52-d6bb-4a18-95d0-5ca00c60a2c6,3,8,full,no
1bfb1e34-42e4-477a-ab96-8c83e2e8597a,451b4d52-d6bb-4a18-95d0-5ca00c60a2c6,4,8,full,no
1bfb1e34-42e4-477a-ab96-8c83e2e8597a,451b4d52-d6bb-4a18-95d0-5ca00c60a2c6,5,8,full,no
1bfb1e34-42e4-477a-ab96-8c83e2e8597a,451b4d52-d6bb-4a18-95d0-5ca00c60a2c6,6,8,full,no
1bfb1e34-42e4-477a-ab96-8c83e2e8597a,451b4d52-d6bb-4a18-95d0-5ca00c60a2c6,7,8,full,no
1bfb1e34-42e4-477a-ab96-8c83e2e8597a,b235412f-ba0b-4874-a638-e30c1c1abc3a,0,10,10,yes
1bfb1e34-42e4-477a-ab96-8c83e2e8597a,b235412f-ba0b-4874-a638-e30c1c1abc3a,1,10,10,no
1bfb1e34-42e4-477a-ab96-8c83e2e8597a,b235412f-ba0b-4874-a638-e30c1c1abc3a,2,10,10,yes
1bfb1e34-42e4-477a-ab96-8c83e2e8597a,b235412f-ba0b-4874-a638-e30c1c1abc3a,3,10,10,yes
1bfb1e34-42e4-477a-ab96-8c83e2e8597a,b235412f-ba0b-4874-a638-e30c1c1abc3a,4,10,10,yes
1bfb1e34-42e4-477a-ab96-8c83e2e8597a,b235412f-ba0b-4874-a638-e30c1c1abc3a,5,10,10,yes
1bfb1e34-42e4-477a-ab96-8c83e2e8597a,b235412f-ba0b-4874-a638-e30c1c1abc3a,6,10,10,no
1bfb1e34-42e4-477a-ab96-8c83e2e8597a,b235412f-ba0b-4874-a638-e30c1c1abc3a,7,10,10,no
1bfb1e34-42e4-477a-ab96-8c83e2e8597a,b235412f-ba0b-4874-a638-e30c1c1abc3a,8,10,10,yes
1bfb1e34-42e4-477a-ab96-8c83e2e8597a,b235412f-ba0b-4874-a638-e30c1c1abc3a,9,10,10,yes
1bfb1e34-42e4-477a-ab96-8c83e2e8597a,b235412f-ba0b-4874-a638-e30c1c1abc3a,0,10,50,no
1bfb1e34-42e4-477a-ab96-8c83e2e8597a,b235412f-ba0b-4874-a638-e30c1c1abc3a,1,10,50,no
1bfb1e34-42e4-477a-ab96-8c83e2e8597a,b235412f-ba0b-4874-a638-e30c1c1abc3a,2,10,50,no
1bfb1e34-42e4-477a-ab96-8c83e2e8597a,b235412f-ba0b-4874-a638-e30c1c1abc3a,3,10,50,no
1bfb1e34-42e4-477a-ab96-8c83e2e8597a,b235412f-ba0b-4874-a638-e30c1c1abc3a,4,10,50,no
1bfb1e34-42e4-477a-ab96-8c83e2e8597a,b235412f-ba0b-4874-a638-e30c1c1abc3a,5,10,50,no
1bfb1e34-42e4-477a-ab96-8c83e2e8597a,b235412f-ba0b-4874-a638-e30c1c1abc3a,6,10,50,no
1bfb1e34-42e4-477a-ab96-8c83e2e8597a,b235412f-ba0b-4874-a638-e30c1c1abc3a,7,10,50,no
1bfb1e34-42e4-477a-ab96-8c83e2e8597a,b235412f-ba0b-4874-a638-e30c1c1abc3a,8,10,50,no
1bfb1e34-42e4-477a-ab96-8c83e2e8597a,b235412f-ba0b-4874-a638-e30c1c1abc3a,9,10,50,no
1bfb1e34-42e4-477a-ab96-8c83e2e8597a,b235412f-ba0b-4874-a638-e30c1c1abc3a,0,10,100,no
1bfb1e34-42e4-477a-ab96-8c83e2e8597a,b235412f-ba0b-4874-a638-e30c1c1abc3a,1,10,100,no
1bfb1e34-42e4-477a-ab96-8c83e2e8597a,b235412f-ba0b-4874-a638-e30c1c1abc3a,2,10,100,no
1bfb1e34-42e4-477a-ab96-8c83e2e8597a,b235412f-ba0b-4874-a638-e30c1c1abc3a,3,10,100,no
1bfb1e34-42e4-477a-ab96-8c83e2e8597a,b235412f-ba0b-4874-a638-e30c1c1abc3a,4,10,100,no
1bfb1e34-42e4-477a-ab96-8c83e2e8597a,b235412f-ba0b-4874-a638-e30c1c1abc3a,5,10,100,no
1bfb1e34-42e4-477a-ab96-8c83e2e8597a,b235412f-ba0b-4874-a638-e30c1c1abc3a,6,10,100,no
1bfb1e34-42e4-477a-ab96-8c83e2e8597a,b235412f-ba0b-4874-a638-e30c1c1abc3a,7,10,100,no
1bfb1e34-42e4-477a-ab96-8c83e2e8597a,b235412f-ba0b-4874-a638-e30c1c1abc3a,8,10,100,no
1bfb1e34-42e4-477a-ab96-8c83e2e8597a,b235412f-ba0b-4874-a638-e30c1c1abc3a,9,10,100,no
1bfb1e34-42e4-477a-ab96-8c83e2e8597a,b235412f-ba0b-4874-a638-e30c1c1abc3a,0,10,full,no
1bfb1e34-42e4-477a-ab96-8c83e2e8597a,b235412f-ba0b-4874-a638-e30c1c1abc3a,1,10,full,no
1bfb1e34-42e4-477a-ab96-8c83e2e8597a,b235412f-ba0b-4874-a638-e30c1c1abc3a,2,10,full,no
1bfb1e34-42e4-477a-ab96-8c83e2e8597a,b235412f-ba0b-4874-a638-e30c1c1abc3a,3,10,full,no
1bfb1e34-42e4-477a-ab96-8c83e2e8597a,b235412f-ba0b-4874-a638-e30c1c1abc3a,4,10,full,no
1bfb1e34-42e4-477a-ab96-8c83e2e8597a,b235412f-ba0b-4874-a638-e30c1c1abc3a,5,10,full,no
1bfb1e34-42e4-477a-ab96-8c83e2e8597a,b235412f-ba0b-4874-a638-e30c1c1abc3a,6,10,full,no
1bfb1e34-42e4-477a-ab96-8c83e2e8597a,b235412f-ba0b-4874-a638-e30c1c1abc3a,7,10,full,no
1bfb1e34-42e4-477a-ab96-8c83e2e8597a,b235412f-ba0b-4874-a638-e30c1c1abc3a,8,10,full,no
1bfb1e34-42e4-477a-ab96-8c83e2e8597a,b235412f-ba0b-4874-a638-e30c1c1abc3a,9,10,full,no
ee20e442-b38b-4ef6-8646-b2a40ab1ca16,f4bf668e-24fc-46ef-816c-765d0453c408,0,1,10,no
ee20e442-b38b-4ef6-8646-b2a40ab1ca16,f4bf668e-24fc-46ef-816c-765d0453c408,0,1,50,no
ee20e442-b38b-4ef6-8646-b2a40ab1ca16,f4bf668e-24fc-46ef-816c-765d0453c408,0,1,100,no
ee20e442-b38b-4ef6-8646-b2a40ab1ca16,f4bf668e-24fc-46ef-816c-765d0453c408,0,1,full,no
ee20e442-b38b-4ef6-8646-b2a40ab1ca16,e2b9f506-f892-4df4-8920-eaebd4e29936,0,8,10,no
ee20e442-b38b-4ef6-8646-b2a40ab1ca16,e2b9f506-f892-4df4-8920-eaebd4e29936,1,8,10,no
ee20e442-b38b-4ef6-8646-b2a40ab1ca16,e2b9f506-f892-4df4-8920-eaebd4e29936,2,8,10,no
ee20e442-b38b-4ef6-8646-b2a40ab1ca16,e2b9f506-f892-4df4-8920-eaebd4e29936,3,8,10,no
ee20e442-b38b-4ef6-8646-b2a40ab1ca16,e2b9f506-f892-4df4-8920-eaebd4e29936,4,8,10,no
ee20e442-b38b-4ef6-8646-b2a40ab1ca16,e2b9f506-f892-4df4-8920-eaebd4e29936,5,8,10,no
ee20e442-b38b-4ef6-8646-b2a40ab1ca16,e2b9f506-f892-4df4-8920-eaebd4e29936,6,8,10,no
ee20e442-b38b-4ef6-8646-b2a40ab1ca16,e2b9f506-f892-4df4-8920-eaebd4e29936,7,8,10,no
ee20e442-b38b-4ef6-8646-b2a40ab1ca16,e2b9f506-f892-4df4-8920-eaebd4e29936,0,8,50,no
ee20e442-b38b-4ef6-8646-b2a40ab1ca16,e2b9f506-f892-4df4-8920-eaebd4e29936,1,8,50,no
ee20e442-b38b-4ef6-8646-b2a40ab1ca16,e2b9f506-f892-4df4-8920-eaebd4e29936,2,8,50,no
ee20e442-b38b-4ef6-8646-b2a40ab1ca16,e2b9f506-f892-4df4-8920-eaebd4e29936,3,8,50,no
ee20e442-b38b-4ef6-8646-b2a40ab1ca16,e2b9f506-f892-4df4-8920-eaebd4e29936,4,8,50,no
ee20e442-b38b-4ef6-8646-b2a40ab1ca16,e2b9f506-f892-4df4-8920-eaebd4e29936,5,8,50,no
ee20e442-b38b-4ef6-8646-b2a40ab1ca16,e2b9f506-f892-4df4-8920-eaebd4e29936,6,8,50,no
ee20e442-b38b-4ef6-8646-b2a40ab1ca16,e2b9f506-f892-4df4-8920-eaebd4e29936,7,8,50,no
ee20e442-b38b-4ef6-8646-b2a40ab1ca16,e2b9f506-f892-4df4-8920-eaebd4e29936,0,8,100,no
ee20e442-b38b-4ef6-8646-b2a40ab1ca16,e2b9f506-f892-4df4-8920-eaebd4e29936,1,8,100,no
ee20e442-b38b-4ef6-8646-b2a40ab1ca16,e2b9f506-f892-4df4-8920-eaebd4e29936,2,8,100,no
ee20e442-b38b-4ef6-8646-b2a40ab1ca16,e2b9f506-f892-4df4-8920-eaebd4e29936,3,8,100,no
ee20e442-b38b-4ef6-8646-b2a40ab1ca16,e2b9f506-f892-4df4-8920-eaebd4e29936,4,8,100,no
ee20e442-b38b-4ef6-8646-b2a40ab1ca16,e2b9f506-f892-4df4-8920-eaebd4e29936,5,8,100,no
ee20e442-b38b-4ef6-8646-b2a40ab1ca16,e2b9f506-f892-4df4-8920-eaebd4e29936,6,8,100,no
ee20e442-b38b-4ef6-8646-b2a40ab1ca16,e2b9f506-f892-4df4-8920-eaebd4e29936,7,8,100,no
ee20e442-b38b-4ef6-8646-b2a40ab1ca16,e2b9f506-f892-4df4-8920-eaebd4e29936,0,8,full,no
ee20e442-b38b-4ef6-8646-b2a40ab1ca16,e2b9f506-f892-4df4-8920-eaebd4e29936,1,8,full,no
ee20e442-b38b-4ef6-8646-b2a40ab1ca16,e2b9f506-f892-4df4-8920-eaebd4e29936,2,8,full,no
ee20e442-b38b-4ef6-8646-b2a40ab1ca16,e2b9f506-f892-4df4-8920-eaebd4e29936,3,8,full,no
ee20e442-b38b-4ef6-8646-b2a40ab1ca16,e2b9f506-f892-4df4-8920-eaebd4e29936,4,8,full,no
ee20e442-b38b-4ef6-8646-b2a40ab1ca16,e2b9f506-f892-4df4-8920-eaebd4e29936,5,8,full,no
ee20e442-b38b-4ef6-8646-b2a40ab1ca16,e2b9f506-f892-4df4-8920-eaebd4e29936,6,8,full,no
ee20e442-b38b-4ef6-8646-b2a40ab1ca16,e2b9f506-f892-4df4-8920-eaebd4e29936,7,8,full,no
ee20e442-b38b-4ef6-8646-b2a40ab1ca16,fe870dd3-4fa7-4553-8233-5055ddd2d242,0,10,10,no
ee20e442-b38b-4ef6-8646-b2a40ab1ca16,fe870dd3-4fa7-4553-8233-5055ddd2d242,1,10,10,no
ee20e442-b38b-4ef6-8646-b2a40ab1ca16,fe870dd3-4fa7-4553-8233-5055ddd2d242,2,10,10,no
ee20e442-b38b-4ef6-8646-b2a40ab1ca16,fe870dd3-4fa7-4553-8233-5055ddd2d242,3,10,10,no
ee20e442-b38b-4ef6-8646-b2a40ab1ca16,fe870dd3-4fa7-4553-8233-5055ddd2d242,4,10,10,no
ee20e442-b38b-4ef6-8646-b2a40ab1ca16,fe870dd3-4fa7-4553-8233-5055ddd2d242,5,10,10,no
ee20e442-b38b-4ef6-8646-b2a40ab1ca16,fe870dd3-4fa7-4553-8233-5055ddd2d242,6,10,10,no
ee20e442-b38b-4ef6-8646-b2a40ab1ca16,fe870dd3-4fa7-4553-8233-5055ddd2d242,7,10,10,no
ee20e442-b38b-4ef6-8646-b2a40ab1ca16,fe870dd3-4fa7-4553-8233-5055ddd2d242,8,10,10,no
ee20e442-b38b-4ef6-8646-b2a40ab1ca16,fe870dd3-4fa7-4553-8233-5055ddd2d242,9,10,10,no
ee20e442-b38b-4ef6-8646-b2a40ab1ca16,fe870dd3-4fa7-4553-8233-5055ddd2d242,0,10,50,no
ee20e442-b38b-4ef6-8646-b2a40ab1ca16,fe870dd3-4fa7-4553-8233-5055ddd2d242,1,10,50,no
ee20e442-b38b-4ef6-8646-b2a40ab1ca16,fe870dd3-4fa7-4553-8233-5055ddd2d242,2,10,50,no
ee20e442-b38b-4ef6-8646-b2a40ab1ca16,fe870dd3-4fa7-4553-8233-5055ddd2d242,3,10,50,no
ee20e442-b38b-4ef6-8646-b2a40ab1ca16,fe870dd3-4fa7-4553-8233-5055ddd2d242,4,10,50,no
ee20e442-b38b-4ef6-8646-b2a40ab1ca16,fe870dd3-4fa7-4553-8233-5055ddd2d242,5,10,50,no
ee20e442-b38b-4ef6-8646-b2a40ab1ca16,fe870dd3-4fa7-4553-8233-5055ddd2d242,6,10,50,no
ee20e442-b38b-4ef6-8646-b2a40ab1ca16,fe870dd3-4fa7-4553-8233-5055ddd2d242,7,10,50,no
ee20e442-b38b-4ef6-8646-b2a40ab1ca16,fe870dd3-4fa7-4553-8233-5055ddd2d242,8,10,50,no
ee20e442-b38b-4ef6-8646-b2a40ab1ca16,fe870dd3-4fa7-4553-8233-5055ddd2d242,9,10,50,no
ee20e442-b38b-4ef6-8646-b2a40ab1ca16,fe870dd3-4fa7-4553-8233-5055ddd2d242,0,10,100,no
ee20e442-b38b-4ef6-8646-b2a40ab1ca16,fe870dd3-4fa7-4553-8233-5055ddd2d242,1,10,100,no
ee20e442-b38b-4ef6-8646-b2a40ab1ca16,fe870dd3-4fa7-4553-8233-5055ddd2d242,2,10,100,no
ee20e442-b38b-4ef6-8646-b2a40ab1ca16,fe870dd3-4fa7-4553-8233-5055ddd2d242,3,10,100,no
ee20e442-b38b-4ef6-8646-b2a40ab1ca16,fe870dd3-4fa7-4553-8233-5055ddd2d242,4,10,100,no
ee20e442-b38b-4ef6-8646-b2a40ab1ca16,fe870dd3-4fa7-4553-8233-5055ddd2d242,5,10,100,no
ee20e442-b38b-4ef6-8646-b2a40ab1ca16,fe870dd3-4fa7-4553-8233-5055ddd2d242,6,10,100,no
ee20e442-b38b-4ef6-8646-b2a40ab1ca16,fe870dd3-4fa7-4553-8233-5055ddd2d242,7,10,100,no
ee20e442-b38b-4ef6-8646-b2a40ab1ca16,fe870dd3-4fa7-4553-8233-5055ddd2d242,8,10,100,no
ee20e442-b38b-4ef6-8646-b2a40ab1ca16,fe870dd3-4fa7-4553-8233-5055ddd2d242,9,10,100,no
ee20e442-b38b-4ef6-8646-b2a40ab1ca16,fe870dd3-4fa7-4553-8233-5055ddd2d242,0,10,full,no
ee20e442-b38b-4ef6-8646-b2a40ab1ca16,fe870dd3-4fa7-4553-8233-5055ddd2d242,1,10,full,yes
ee20e442-b38b-4ef6-8646-b2a40ab1ca16,fe870dd3-4fa7-4553-8233-5055ddd2d242,2,10,full,no
ee20e442-b38b-4ef6-8646-b2a40ab1ca16,fe870dd3-4fa7-4553-8233-5055ddd2d242,3,10,full,no
ee20e442-b38b-4ef6-8646-b2a40ab1ca16,fe870dd3-4fa7-4553-8233-5055ddd2d242,4,10,full,no
ee20e442-b38b-4ef6-8646-b2a40ab1ca16,fe870dd3-4fa7-4553-8233-5055ddd2d242,5,10,full,no
ee20e442-b38b-4ef6-8646-b2a40ab1ca16,fe870dd3-4fa7-4553-8233-5055ddd2d242,6,10,full,no
ee20e442-b38b-4ef6-8646-b2a40ab1ca16,fe870dd3-4fa7-4553-8233-5055ddd2d242,7,10,full,no
ee20e442-b38b-4ef6-8646-b2a40ab1ca16,fe870dd3-4fa7-4553-8233-5055ddd2d242,8,10,full,no
ee20e442-b38b-4ef6-8646-b2a40ab1ca16,fe870dd3-4fa7-4553-8233-5055ddd2d242,9,10,full,no
bd6c9540-117d-498c-8471-7e7e51979971,e8ee33a5-777f-48f9-b116-6d5b89800cfe,0,8,10,no
bd6c9540-117d-498c-8471-7e7e51979971,e8ee33a5-777f-48f9-b116-6d5b89800cfe,1,8,10,no
bd6c9540-117d-498c-8471-7e7e51979971,e8ee33a5-777f-48f9-b116-6d5b89800cfe,2,8,10,no
bd6c9540-117d-498c-8471-7e7e51979971,e8ee33a5-777f-48f9-b116-6d5b89800cfe,3,8,10,no
bd6c9540-117d-498c-8471-7e7e51979971,e8ee33a5-777f-48f9-b116-6d5b89800cfe,4,8,10,no
bd6c9540-117d-498c-8471-7e7e51979971,e8ee33a5-777f-48f9-b116-6d5b89800cfe,5,8,10,no
bd6c9540-117d-498c-8471-7e7e51979971,e8ee33a5-777f-48f9-b116-6d5b89800cfe,6,8,10,no
bd6c9540-117d-498c-8471-7e7e51979971,e8ee33a5-777f-48f9-b116-6d5b89800cfe,7,8,10,no
bd6c9540-117d-498c-8471-7e7e51979971,e8ee33a5-777f-48f9-b116-6d5b89800cfe,0,8,50,no
bd6c9540-117d-498c-8471-7e7e51979971,e8ee33a5-777f-48f9-b116-6d5b89800cfe,1,8,50,no
bd6c9540-117d-498c-8471-7e7e51979971,e8ee33a5-777f-48f9-b116-6d5b89800cfe,2,8,50,no
bd6c9540-117d-498c-8471-7e7e51979971,e8ee33a5-777f-48f9-b116-6d5b89800cfe,3,8,50,no
bd6c9540-117d-498c-8471-7e7e51979971,e8ee33a5-777f-48f9-b116-6d5b89800cfe,4,8,50,no
bd6c9540-117d-498c-8471-7e7e51979971,e8ee33a5-777f-48f9-b116-6d5b89800cfe,5,8,50,no
bd6c9540-117d-498c-8471-7e7e51979971,e8ee33a5-777f-48f9-b116-6d5b89800cfe,6,8,50,no
bd6c9540-117d-498c-8471-7e7e51979971,e8ee33a5-777f-48f9-b116-6d5b89800cfe,7,8,50,no
bd6c9540-117d-498c-8471-7e7e51979971,e8ee33a5-777f-48f9-b116-6d5b89800cfe,0,8,100,no
bd6c9540-117d-498c-8471-7e7e51979971,e8ee33a5-777f-48f9-b116-6d5b89800cfe,1,8,100,no
bd6c9540-117d-498c-8471-7e7e51979971,e8ee33a5-777f-48f9-b116-6d5b89800cfe,2,8,100,no
bd6c9540-117d-498c-8471-7e7e51979971,e8ee33a5-777f-48f9-b116-6d5b89800cfe,3,8,100,no
bd6c9540-117d-498c-8471-7e7e51979971,e8ee33a5-777f-48f9-b116-6d5b89800cfe,4,8,100,no
bd6c9540-117d-498c-8471-7e7e51979971,e8ee33a5-777f-48f9-b116-6d5b89800cfe,5,8,100,no
bd6c9540-117d-498c-8471-7e7e51979971,e8ee33a5-777f-48f9-b116-6d5b89800cfe,6,8,100,no
bd6c9540-117d-498c-8471-7e7e51979971,e8ee33a5-777f-48f9-b116-6d5b89800cfe,7,8,100,no
bd6c9540-117d-498c-8471-7e7e51979971,e8ee33a5-777f-48f9-b116-6d5b89800cfe,0,8,full,no
bd6c9540-117d-498c-8471-7e7e51979971,e8ee33a5-777f-48f9-b116-6d5b89800cfe,1,8,full,no
bd6c9540-117d-498c-8471-7e7e51979971,e8ee33a5-777f-48f9-b116-6d5b89800cfe,2,8,full,no
bd6c9540-117d-498c-8471-7e7e51979971,e8ee33a5-777f-48f9-b116-6d5b89800cfe,3,8,full,no
bd6c9540-117d-498c-8471-7e7e51979971,e8ee33a5-777f-48f9-b116-6d5b89800cfe,4,8,full,no
bd6c9540-117d-498c-8471-7e7e51979971,e8ee33a5-777f-48f9-b116-6d5b89800cfe,5,8,full,no
bd6c9540-117d-498c-8471-7e7e51979971,e8ee33a5-777f-48f9-b116-6d5b89800cfe,6,8,full,no
bd6c9540-117d-498c-8471-7e7e51979971,e8ee33a5-777f-48f9-b116-6d5b89800cfe,7,8,full,no
bd6c9540-117d-498c-8471-7e7e51979971,f388d0bb-eb0e-4191-b23a-9dbfbd6b27b6,0,10,10,no
bd6c9540-117d-498c-8471-7e7e51979971,f388d0bb-eb0e-4191-b23a-9dbfbd6b27b6,1,10,10,no
bd6c9540-117d-498c-8471-7e7e51979971,f388d0bb-eb0e-4191-b23a-9dbfbd6b27b6,2,10,10,no
bd6c9540-117d-498c-8471-7e7e51979971,f388d0bb-eb0e-4191-b23a-9dbfbd6b27b6,3,10,10,no
bd6c9540-117d-498c-8471-7e7e51979971,f388d0bb-eb0e-4191-b23a-9dbfbd6b27b6,4,10,10,no
bd6c9540-117d-498c-8471-7e7e51979971,f388d0bb-eb0e-4191-b23a-9dbfbd6b27b6,5,10,10,no
bd6c9540-117d-498c-8471-7e7e51979971,f388d0bb-eb0e-4191-b23a-9dbfbd6b27b6,6,10,10,no
bd6c9540-117d-498c-8471-7e7e51979971,f388d0bb-eb0e-4191-b23a-9dbfbd6b27b6,7,10,10,no
bd6c9540-117d-498c-8471-7e7e51979971,f388d0bb-eb0e-4191-b23a-9dbfbd6b27b6,8,10,10,no
bd6c9540-117d-498c-8471-7e7e51979971,f388d0bb-eb0e-4191-b23a-9dbfbd6b27b6,9,10,10,no
bd6c9540-117d-498c-8471-7e7e51979971,f388d0bb-eb0e-4191-b23a-9dbfbd6b27b6,0,10,50,no
bd6c9540-117d-498c-8471-7e7e51979971,f388d0bb-eb0e-4191-b23a-9dbfbd6b27b6,1,10,50,no
bd6c9540-117d-498c-8471-7e7e51979971,f388d0bb-eb0e-4191-b23a-9dbfbd6b27b6,2,10,50,no
bd6c9540-117d-498c-8471-7e7e51979971,f388d0bb-eb0e-4191-b23a-9dbfbd6b27b6,3,10,50,no
bd6c9540-117d-498c-8471-7e7e51979971,f388d0bb-eb0e-4191-b23a-9dbfbd6b27b6,4,10,50,no
bd6c9540-117d-498c-8471-7e7e51979971,f388d0bb-eb0e-4191-b23a-9dbfbd6b27b6,5,10,50,no
bd6c9540-117d-498c-8471-7e7e51979971,f388d0bb-eb0e-4191-b23a-9dbfbd6b27b6,6,10,50,no
bd6c9540-117d-498c-8471-7e7e51979971,f388d0bb-eb0e-4191-b23a-9dbfbd6b27b6,7,10,50,no
bd6c9540-117d-498c-8471-7e7e51979971,f388d0bb-eb0e-4191-b23a-9dbfbd6b27b6,8,10,50,no
bd6c9540-117d-498c-8471-7e7e51979971,f388d0bb-eb0e-4191-b23a-9dbfbd6b27b6,9,10,50,no
bd6c9540-117d-498c-8471-7e7e51979971,f388d0bb-eb0e-4191-b23a-9dbfbd6b27b6,0,10,100,no
bd6c9540-117d-498c-8471-7e7e51979971,f388d0bb-eb0e-4191-b23a-9dbfbd6b27b6,1,10,100,no
bd6c9540-117d-498c-8471-7e7e51979971,f388d0bb-eb0e-4191-b23a-9dbfbd6b27b6,2,10,100,no
bd6c9540-117d-498c-8471-7e7e51979971,f388d0bb-eb0e-4191-b23a-9dbfbd6b27b6,3,10,100,no
bd6c9540-117d-498c-8471-7e7e51979971,f388d0bb-eb0e-4191-b23a-9dbfbd6b27b6,4,10,100,no
bd6c9540-117d-498c-8471-7e7e51979971,f388d0bb-eb0e-4191-b23a-9dbfbd6b27b6,5,10,100,no
bd6c9540-117d-498c-8471-7e7e51979971,f388d0bb-eb0e-4191-b23a-9dbfbd6b27b6,6,10,100,no
bd6c9540-117d-498c-8471-7e7e51979971,f388d0bb-eb0e-4191-b23a-9dbfbd6b27b6,7,10,100,no
bd6c9540-117d-498c-8471-7e7e51979971,f388d0bb-eb0e-4191-b23a-9dbfbd6b27b6,8,10,100,no
bd6c9540-117d-498c-8471-7e7e51979971,f388d0bb-eb0e-4191-b23a-9dbfbd6b27b6,9,10,100,no
bd6c9540-117d-498c-8471-7e7e51979971,f388d0bb-eb0e-4191-b23a-9dbfbd6b27b6,0,10,full,no
bd6c9540-117d-498c-8471-7e7e51979971,f388d0bb-eb0e-4191-b23a-9dbfbd6b27b6,1,10,full,no
bd6c9540-117d-498c-8471-7e7e51979971,f388d0bb-eb0e-4191-b23a-9dbfbd6b27b6,2,10,full,no
bd6c9540-117d-498c-8471-7e7e51979971,f388d0bb-eb0e-4191-b23a-9dbfbd6b27b6,3,10,full,no
bd6c9540-117d-498c-8471-7e7e51979971,f388d0bb-eb0e-4191-b23a-9dbfbd6b27b6,4,10,full,no
bd6c9540-117d-498c-8471-7e7e51979971,f388d0bb-eb0e-4191-b23a-9dbfbd6b27b6,5,10,full,no
bd6c9540-117d-498c-8471-7e7e51979971,f388d0bb-eb0e-4191-b23a-9dbfbd6b27b6,6,10,full,no
bd6c9540-117d-498c-8471-7e7e51979971,f388d0bb-eb0e-4191-b23a-9dbfbd6b27b6,7,10,full,no
bd6c9540-117d-498c-8471-7e7e51979971,f388d0bb-eb0e-4191-b23a-9dbfbd6b27b6,8,10,full,no
bd6c9540-117d-498c-8471-7e7e51979971,f388d0bb-eb0e-4191-b23a-9dbfbd6b27b6,9,10,full,no
61828f8a-b2fc-4800-b817-544c6b0e8d55,5facdd7d-043b-4778-bb3c-1e5dd742866e,0,1,10,no
61828f8a-b2fc-4800-b817-544c6b0e8d55,5facdd7d-043b-4778-bb3c-1e5dd742866e,0,1,50,no
61828f8a-b2fc-4800-b817-544c6b0e8d55,5facdd7d-043b-4778-bb3c-1e5dd742866e,0,1,100,yes
61828f8a-b2fc-4800-b817-544c6b0e8d55,5facdd7d-043b-4778-bb3c-1e5dd742866e,0,1,full,yes
61828f8a-b2fc-4800-b817-544c6b0e8d55,b3df2c8e-7c7e-4920-ad02-fbc32d15a318,0,8,10,no
61828f8a-b2fc-4800-b817-544c6b0e8d55,b3df2c8e-7c7e-4920-ad02-fbc32d15a318,1,8,10,no
61828f8a-b2fc-4800-b817-544c6b0e8d55,b3df2c8e-7c7e-4920-ad02-fbc32d15a318,2,8,10,no
61828f8a-b2fc-4800-b817-544c6b0e8d55,b3df2c8e-7c7e-4920-ad02-fbc32d15a318,3,8,10,no
61828f8a-b2fc-4800-b817-544c6b0e8d55,b3df2c8e-7c7e-4920-ad02-fbc32d15a318,4,8,10,no
61828f8a-b2fc-4800-b817-544c6b0e8d55,b3df2c8e-7c7e-4920-ad02-fbc32d15a318,5,8,10,no
61828f8a-b2fc-4800-b817-544c6b0e8d55,b3df2c8e-7c7e-4920-ad02-fbc32d15a318,6,8,10,no
61828f8a-b2fc-4800-b817-544c6b0e8d55,b3df2c8e-7c7e-4920-ad02-fbc32d15a318,7,8,10,no
61828f8a-b2fc-4800-b817-544c6b0e8d55,b3df2c8e-7c7e-4920-ad02-fbc32d15a318,0,8,50,yes
61828f8a-b2fc-4800-b817-544c6b0e8d55,b3df2c8e-7c7e-4920-ad02-fbc32d15a318,1,8,50,yes
61828f8a-b2fc-4800-b817-544c6b0e8d55,b3df2c8e-7c7e-4920-ad02-fbc32d15a318,2,8,50,yes
61828f8a-b2fc-4800-b817-544c6b0e8d55,b3df2c8e-7c7e-4920-ad02-fbc32d15a318,3,8,50,no
61828f8a-b2fc-4800-b817-544c6b0e8d55,b3df2c8e-7c7e-4920-ad02-fbc32d15a318,4,8,50,no
61828f8a-b2fc-4800-b817-544c6b0e8d55,b3df2c8e-7c7e-4920-ad02-fbc32d15a318,5,8,50,yes
61828f8a-b2fc-4800-b817-544c6b0e8d55,b3df2c8e-7c7e-4920-ad02-fbc32d15a318,6,8,50,no
61828f8a-b2fc-4800-b817-544c6b0e8d55,b3df2c8e-7c7e-4920-ad02-fbc32d15a318,7,8,50,no
61828f8a-b2fc-4800-b817-544c6b0e8d55,b3df2c8e-7c7e-4920-ad02-fbc32d15a318,0,8,100,yes
61828f8a-b2fc-4800-b817-544c6b0e8d55,b3df2c8e-7c7e-4920-ad02-fbc32d15a318,1,8,100,yes
61828f8a-b2fc-4800-b817-544c6b0e8d55,b3df2c8e-7c7e-4920-ad02-fbc32d15a318,2,8,100,yes
61828f8a-b2fc-4800-b817-544c6b0e8d55,b3df2c8e-7c7e-4920-ad02-fbc32d15a318,3,8,100,yes
61828f8a-b2fc-4800-b817-544c6b0e8d55,b3df2c8e-7c7e-4920-ad02-fbc32d15a318,4,8,100,yes
61828f8a-b2fc-4800-b817-544c6b0e8d55,b3df2c8e-7c7e-4920-ad02-fbc32d15a318,5,8,100,yes
61828f8a-b2fc-4800-b817-544c6b0e8d55,b3df2c8e-7c7e-4920-ad02-fbc32d15a318,6,8,100,yes
61828f8a-b2fc-4800-b817-544c6b0e8d55,b3df2c8e-7c7e-4920-ad02-fbc32d15a318,7,8,100,no
61828f8a-b2fc-4800-b817-544c6b0e8d55,b3df2c8e-7c7e-4920-ad02-fbc32d15a318,0,8,full,yes
61828f8a-b2fc-4800-b817-544c6b0e8d55,b3df2c8e-7c7e-4920-ad02-fbc32d15a318,1,8,full,yes
61828f8a-b2fc-4800-b817-544c6b0e8d55,b3df2c8e-7c7e-4920-ad02-fbc32d15a318,2,8,full,yes
61828f8a-b2fc-4800-b817-544c6b0e8d55,b3df2c8e-7c7e-4920-ad02-fbc32d15a318,3,8,full,yes
61828f8a-b2fc-4800-b817-544c6b0e8d55,b3df2c8e-7c7e-4920-ad02-fbc32d15a318,4,8,full,yes
61828f8a-b2fc-4800-b817-544c6b0e8d55,b3df2c8e-7c7e-4920-ad02-fbc32d15a318,5,8,full,yes
61828f8a-b2fc-4800-b817-544c6b0e8d55,b3df2c8e-7c7e-4920-ad02-fbc32d15a318,6,8,full,yes
61828f8a-b2fc-4800-b817-544c6b0e8d55,b3df2c8e-7c7e-4920-ad02-fbc32d15a318,7,8,full,no
61828f8a-b2fc-4800-b817-544c6b0e8d55,4ab1c67f-0fef-4f58-9b69-1bd4a602f8ed,0,10,10,no
61828f8a-b2fc-4800-b817-544c6b0e8d55,4ab1c67f-0fef-4f58-9b69-1bd4a602f8ed,1,10,10,no
61828f8a-b2fc-4800-b817-544c6b0e8d55,4ab1c67f-0fef-4f58-9b69-1bd4a602f8ed,2,10,10,no
61828f8a-b2fc-4800-b817-544c6b0e8d55,4ab1c67f-0fef-4f58-9b69-1bd4a602f8ed,3,10,10,no
61828f8a-b2fc-4800-b817-544c6b0e8d55,4ab1c67f-0fef-4f58-9b69-1bd4a602f8ed,4,10,10,no
61828f8a-b2fc-4800-b817-544c6b0e8d55,4ab1c67f-0fef-4f58-9b69-1bd4a602f8ed,5,10,10,no
61828f8a-b2fc-4800-b817-544c6b0e8d55,4ab1c67f-0fef-4f58-9b69-1bd4a602f8ed,6,10,10,no
61828f8a-b2fc-4800-b817-544c6b0e8d55,4ab1c67f-0fef-4f58-9b69-1bd4a602f8ed,7,10,10,no
61828f8a-b2fc-4800-b817-544c6b0e8d55,4ab1c67f-0fef-4f58-9b69-1bd4a602f8ed,8,10,10,no
61828f8a-b2fc-4800-b817-544c6b0e8d55,4ab1c67f-0fef-4f58-9b69-1bd4a602f8ed,9,10,10,no
61828f8a-b2fc-4800-b817-544c6b0e8d55,4ab1c67f-0fef-4f58-9b69-1bd4a602f8ed,0,10,50,yes
61828f8a-b2fc-4800-b817-544c6b0e8d55,4ab1c67f-0fef-4f58-9b69-1bd4a602f8ed,1,10,50,no
61828f8a-b2fc-4800-b817-544c6b0e8d55,4ab1c67f-0fef-4f58-9b69-1bd4a602f8ed,2,10,50,no
61828f8a-b2fc-4800-b817-544c6b0e8d55,4ab1c67f-0fef-4f58-9b69-1bd4a602f8ed,3,10,50,yes
61828f8a-b2fc-4800-b817-544c6b0e8d55,4ab1c67f-0fef-4f58-9b69-1bd4a602f8ed,4,10,50,no
61828f8a-b2fc-4800-b817-544c6b0e8d55,4ab1c67f-0fef-4f58-9b69-1bd4a602f8ed,5,10,50,yes
61828f8a-b2fc-4800-b817-544c6b0e8d55,4ab1c67f-0fef-4f58-9b69-1bd4a602f8ed,6,10,50,no
61828f8a-b2fc-4800-b817-544c6b0e8d55,4ab1c67f-0fef-4f58-9b69-1bd4a602f8ed,7,10,50,no
61828f8a-b2fc-4800-b817-544c6b0e8d55,4ab1c67f-0fef-4f58-9b69-1bd4a602f8ed,8,10,50,yes
61828f8a-b2fc-4800-b817-544c6b0e8d55,4ab1c67f-0fef-4f58-9b69-1bd4a602f8ed,9,10,50,yes
61828f8a-b2fc-4800-b817-544c6b0e8d55,4ab1c67f-0fef-4f58-9b69-1bd4a602f8ed,0,10,100,yes
61828f8a-b2fc-4800-b817-544c6b0e8d55,4ab1c67f-0fef-4f58-9b69-1bd4a602f8ed,1,10,100,yes
61828f8a-b2fc-4800-b817-544c6b0e8d55,4ab1c67f-0fef-4f58-9b69-1bd4a602f8ed,2,10,100,yes
61828f8a-b2fc-4800-b817-544c6b0e8d55,4ab1c67f-0fef-4f58-9b69-1bd4a602f8ed,3,10,100,yes
61828f8a-b2fc-4800-b817-544c6b0e8d55,4ab1c67f-0fef-4f58-9b69-1bd4a602f8ed,4,10,100,yes
61828f8a-b2fc-4800-b817-544c6b0e8d55,4ab1c67f-0fef-4f58-9b69-1bd4a602f8ed,5,10,100,yes
61828f8a-b2fc-4800-b817-544c6b0e8d55,4ab1c67f-0fef-4f58-9b69-1bd4a602f8ed,6,10,100,yes
61828f8a-b2fc-4800-b817-544c6b0e8d55,4ab1c67f-0fef-4f58-9b69-1bd4a602f8ed,7,10,100,no
61828f8a-b2fc-4800-b817-544c6b0e8d55,4ab1c67f-0fef-4f58-9b69-1bd4a602f8ed,8,10,100,yes
61828f8a-b2fc-4800-b817-544c6b0e8d55,4ab1c67f-0fef-4f58-9b69-1bd4a602f8ed,9,10,100,yes
61828f8a-b2fc-4800-b817-544c6b0e8d55,4ab1c67f-0fef-4f58-9b69-1bd4a602f8ed,0,10,full,yes
61828f8a-b2fc-4800-b817-544c6b0e8d55,4ab1c67f-0fef-4f58-9b69-1bd4a602f8ed,1,10,full,yes
61828f8a-b2fc-4800-b817-544c6b0e8d55,4ab1c67f-0fef-4f58-9b69-1bd4a602f8ed,2,10,full,yes
61828f8a-b2fc-4800-b817-544c6b0e8d55,4ab1c67f-0fef-4f58-9b69-1bd4a602f8ed,3,10,full,yes
61828f8a-b2fc-4800-b817-544c6b0e8d55,4ab1c67f-0fef-4f58-9b69-1bd4a602f8ed,4,10,full,yes
61828f8a-b2fc-4800-b817-544c6b0e8d55,4ab1c67f-0fef-4f58-9b69-1bd4a602f8ed,5,10,full,yes
61828f8a-b2fc-4800-b817-544c6b0e8d55,4ab1c67f-0fef-4f58-9b69-1bd4a602f8ed,6,10,full,yes
61828f8a-b2fc-4800-b817-544c6b0e8d55,4ab1c67f-0fef-4f58-9b69-1bd4a602f8ed,7,10,full,no
61828f8a-b2fc-4800-b817-544c6b0e8d55,4ab1c67f-0fef-4f58-9b69-1bd4a602f8ed,8,10,full,yes
61828f8a-b2fc-4800-b817-544c6b0e8d55,4ab1c67f-0fef-4f58-9b69-1bd4a602f8ed,9,10,full,yes
8a4238ad-6b9e-4959-8105-784c0659f6fe,5d48b120-8b3e-484c-bee0-c80a8f58e5b0,0,1,10,no
8a4238ad-6b9e-4959-8105-784c0659f6fe,5d48b120-8b3e-484c-bee0-c80a8f58e5b0,0,1,50,yes
8a4238ad-6b9e-4959-8105-784c0659f6fe,5d48b120-8b3e-484c-bee0-c80a8f58e5b0,0,1,100,yes
8a4238ad-6b9e-4959-8105-784c0659f6fe,5d48b120-8b3e-484c-bee0-c80a8f58e5b0,0,1,full,yes
8a4238ad-6b9e-4959-8105-784c0659f6fe,303979f8-7f32-49cf-a6de-29e1e2576b86,0,8,10,no
8a4238ad-6b9e-4959-8105-784c0659f6fe,303979f8-7f32-49cf-a6de-29e1e2576b86,1,8,10,no
8a4238ad-6b9e-4959-8105-784c0659f6fe,303979f8-7f32-49cf-a6de-29e1e2576b86,2,8,10,no
8a4238ad-6b9e-4959-8105-784c0659f6fe,303979f8-7f32-49cf-a6de-29e1e2576b86,3,8,10,no
8a4238ad-6b9e-4959-8105-784c0659f6fe,303979f8-7f32-49cf-a6de-29e1e2576b86,4,8,10,no
8a4238ad-6b9e-4959-8105-784c0659f6fe,303979f8-7f32-49cf-a6de-29e1e2576b86,5,8,10,no
8a4238ad-6b9e-4959-8105-784c0659f6fe,303979f8-7f32-49cf-a6de-29e1e2576b86,6,8,10,no
8a4238ad-6b9e-4959-8105-784c0659f6fe,303979f8-7f32-49cf-a6de-29e1e2576b86,7,8,10,no
8a4238ad-6b9e-4959-8105-784c0659f6fe,303979f8-7f32-49cf-a6de-29e1e2576b86,0,8,50,yes
8a4238ad-6b9e-4959-8105-784c0659f6fe,303979f8-7f32-49cf-a6de-29e1e2576b86,1,8,50,yes
8a4238ad-6b9e-4959-8105-784c0659f6fe,303979f8-7f32-49cf-a6de-29e1e2576b86,2,8,50,no
8a4238ad-6b9e-4959-8105-784c0659f6fe,303979f8-7f32-49cf-a6de-29e1e2576b86,3,8,50,no
8a4238ad-6b9e-4959-8105-784c0659f6fe,303979f8-7f32-49cf-a6de-29e1e2576b86,4,8,50,no
8a4238ad-6b9e-4959-8105-784c0659f6fe,303979f8-7f32-49cf-a6de-29e1e2576b86,5,8,50,yes
8a4238ad-6b9e-4959-8105-784c0659f6fe,303979f8-7f32-49cf-a6de-29e1e2576b86,6,8,50,yes
8a4238ad-6b9e-4959-8105-784c0659f6fe,303979f8-7f32-49cf-a6de-29e1e2576b86,7,8,50,yes
8a4238ad-6b9e-4959-8105-784c0659f6fe,303979f8-7f32-49cf-a6de-29e1e2576b86,0,8,100,yes
8a4238ad-6b9e-4959-8105-784c0659f6fe,303979f8-7f32-49cf-a6de-29e1e2576b86,1,8,100,yes
8a4238ad-6b9e-4959-8105-784c0659f6fe,303979f8-7f32-49cf-a6de-29e1e2576b86,2,8,100,yes
8a4238ad-6b9e-4959-8105-784c0659f6fe,303979f8-7f32-49cf-a6de-29e1e2576b86,3,8,100,yes
8a4238ad-6b9e-4959-8105-784c0659f6fe,303979f8-7f32-49cf-a6de-29e1e2576b86,4,8,100,yes
8a4238ad-6b9e-4959-8105-784c0659f6fe,303979f8-7f32-49cf-a6de-29e1e2576b86,5,8,100,yes
8a4238ad-6b9e-4959-8105-784c0659f6fe,303979f8-7f32-49cf-a6de-29e1e2576b86,6,8,100,yes
8a4238ad-6b9e-4959-8105-784c0659f6fe,303979f8-7f32-49cf-a6de-29e1e2576b86,7,8,100,yes
8a4238ad-6b9e-4959-8105-784c0659f6fe,303979f8-7f32-49cf-a6de-29e1e2576b86,0,8,full,yes
8a4238ad-6b9e-4959-8105-784c0659f6fe,303979f8-7f32-49cf-a6de-29e1e2576b86,1,8,full,yes
8a4238ad-6b9e-4959-8105-784c0659f6fe,303979f8-7f32-49cf-a6de-29e1e2576b86,2,8,full,yes
8a4238ad-6b9e-4959-8105-784c0659f6fe,303979f8-7f32-49cf-a6de-29e1e2576b86,3,8,full,yes
8a4238ad-6b9e-4959-8105-784c0659f6fe,303979f8-7f32-49cf-a6de-29e1e2576b86,4,8,full,yes
8a4238ad-6b9e-4959-8105-784c0659f6fe,303979f8-7f32-49cf-a6de-29e1e2576b86,5,8,full,yes
8a4238ad-6b9e-4959-8105-784c0659f6fe,303979f8-7f32-49cf-a6de-29e1e2576b86,6,8,full,yes
8a4238ad-6b9e-4959-8105-784c0659f6fe,303979f8-7f32-49cf-a6de-29e1e2576b86,7,8,full,yes
8a4238ad-6b9e-4959-8105-784c0659f6fe,9cfebe39-6b65-4e82-b09a-b027a777f2fc,0,10,10,no
8a4238ad-6b9e-4959-8105-784c0659f6fe,9cfebe39-6b65-4e82-b09a-b027a777f2fc,1,10,10,no
8a4238ad-6b9e-4959-8105-784c0659f6fe,9cfebe39-6b65-4e82-b09a-b027a777f2fc,2,10,10,no
8a4238ad-6b9e-4959-8105-784c0659f6fe,9cfebe39-6b65-4e82-b09a-b027a777f2fc,3,10,10,no
8a4238ad-6b9e-4959-8105-784c0659f6fe,9cfebe39-6b65-4e82-b09a-b027a777f2fc,4,10,10,no
8a4238ad-6b9e-4959-8105-784c0659f6fe,9cfebe39-6b65-4e82-b09a-b027a777f2fc,5,10,10,no
8a4238ad-6b9e-4959-8105-784c0659f6fe,9cfebe39-6b65-4e82-b09a-b027a777f2fc,6,10,10,no
8a4238ad-6b9e-4959-8105-784c0659f6fe,9cfebe39-6b65-4e82-b09a-b027a777f2fc,7,10,10,no
8a4238ad-6b9e-4959-8105-784c0659f6fe,9cfebe39-6b65-4e82-b09a-b027a777f2fc,8,10,10,no
8a4238ad-6b9e-4959-8105-784c0659f6fe,9cfebe39-6b65-4e82-b09a-b027a777f2fc,9,10,10,no
8a4238ad-6b9e-4959-8105-784c0659f6fe,9cfebe39-6b65-4e82-b09a-b027a777f2fc,0,10,50,yes
8a4238ad-6b9e-4959-8105-784c0659f6fe,9cfebe39-6b65-4e82-b09a-b027a777f2fc,1,10,50,yes
8a4238ad-6b9e-4959-8105-784c0659f6fe,9cfebe39-6b65-4e82-b09a-b027a777f2fc,2,10,50,yes
8a4238ad-6b9e-4959-8105-784c0659f6fe,9cfebe39-6b65-4e82-b09a-b027a777f2fc,3,10,50,no
8a4238ad-6b9e-4959-8105-784c0659f6fe,9cfebe39-6b65-4e82-b09a-b027a777f2fc,4,10,50,yes
8a4238ad-6b9e-4959-8105-784c0659f6fe,9cfebe39-6b65-4e82-b09a-b027a777f2fc,5,10,50,no
8a4238ad-6b9e-4959-8105-784c0659f6fe,9cfebe39-6b65-4e82-b09a-b027a777f2fc,6,10,50,yes
8a4238ad-6b9e-4959-8105-784c0659f6fe,9cfebe39-6b65-4e82-b09a-b027a777f2fc,7,10,50,yes
8a4238ad-6b9e-4959-8105-784c0659f6fe,9cfebe39-6b65-4e82-b09a-b027a777f2fc,8,10,50,no
8a4238ad-6b9e-4959-8105-784c0659f6fe,9cfebe39-6b65-4e82-b09a-b027a777f2fc,9,10,50,no
8a4238ad-6b9e-4959-8105-784c0659f6fe,9cfebe39-6b65-4e82-b09a-b027a777f2fc,0,10,100,yes
8a4238ad-6b9e-4959-8105-784c0659f6fe,9cfebe39-6b65-4e82-b09a-b027a777f2fc,1,10,100,yes
8a4238ad-6b9e-4959-8105-784c0659f6fe,9cfebe39-6b65-4e82-b09a-b027a777f2fc,2,10,100,yes
8a4238ad-6b9e-4959-8105-784c0659f6fe,9cfebe39-6b65-4e82-b09a-b027a777f2fc,3,10,100,yes
8a4238ad-6b9e-4959-8105-784c0659f6fe,9cfebe39-6b65-4e82-b09a-b027a777f2fc,4,10,100,yes
8a4238ad-6b9e-4959-8105-784c0659f6fe,9cfebe39-6b65-4e82-b09a-b027a777f2fc,5,10,100,yes
8a4238ad-6b9e-4959-8105-784c0659f6fe,9cfebe39-6b65-4e82-b09a-b027a777f2fc,6,10,100,yes
8a4238ad-6b9e-4959-8105-784c0659f6fe,9cfebe39-6b65-4e82-b09a-b027a777f2fc,7,10,100,yes
8a4238ad-6b9e-4959-8105-784c0659f6fe,9cfebe39-6b65-4e82-b09a-b027a777f2fc,8,10,100,yes
8a4238ad-6b9e-4959-8105-784c0659f6fe,9cfebe39-6b65-4e82-b09a-b027a777f2fc,9,10,100,no
8a4238ad-6b9e-4959-8105-784c0659f6fe,9cfebe39-6b65-4e82-b09a-b027a777f2fc,0,10,full,yes
8a4238ad-6b9e-4959-8105-784c0659f6fe,9cfebe39-6b65-4e82-b09a-b027a777f2fc,1,10,full,yes
8a4238ad-6b9e-4959-8105-784c0659f6fe,9cfebe39-6b65-4e82-b09a-b027a777f2fc,2,10,full,yes
8a4238ad-6b9e-4959-8105-784c0659f6fe,9cfebe39-6b65-4e82-b09a-b027a777f2fc,3,10,full,yes
8a4238ad-6b9e-4959-8105-784c0659f6fe,9cfebe39-6b65-4e82-b09a-b027a777f2fc,4,10,full,yes
8a4238ad-6b9e-4959-8105-784c0659f6fe,9cfebe39-6b65-4e82-b09a-b027a777f2fc,5,10,full,yes
8a4238ad-6b9e-4959-8105-784c0659f6fe,9cfebe39-6b65-4e82-b09a-b027a777f2fc,6,10,full,yes
8a4238ad-6b9e-4959-8105-784c0659f6fe,9cfebe39-6b65-4e82-b09a-b027a777f2fc,7,10,full,yes
8a4238ad-6b9e-4959-8105-784c0659f6fe,9cfebe39-6b65-4e82-b09a-b027a777f2fc,8,10,full,yes
8a4238ad-6b9e-4959-8105-784c0659f6fe,9cfebe39-6b65-4e82-b09a-b027a777f2fc,9,10,full,no
37333d94-3012-4bcc-9bfd-4d15873af31b,d835600e-9215-4641-9ed0-50a9b11c926a,0,1,10,no
37333d94-3012-4bcc-9bfd-4d15873af31b,d835600e-9215-4641-9ed0-50a9b11c926a,0,1,50,yes
37333d94-3012-4bcc-9bfd-4d15873af31b,d835600e-9215-4641-9ed0-50a9b11c926a,0,1,100,yes
37333d94-3012-4bcc-9bfd-4d15873af31b,d835600e-9215-4641-9ed0-50a9b11c926a,0,1,full,yes
37333d94-3012-4bcc-9bfd-4d15873af31b,2f031337-e8ab-4676-96f1-bea5d72c80c1,0,8,10,no
37333d94-3012-4bcc-9bfd-4d15873af31b,2f031337-e8ab-4676-96f1-bea5d72c80c1,1,8,10,no
37333d94-3012-4bcc-9bfd-4d15873af31b,2f031337-e8ab-4676-96f1-bea5d72c80c1,2,8,10,no
37333d94-3012-4bcc-9bfd-4d15873af31b,2f031337-e8ab-4676-96f1-bea5d72c80c1,3,8,10,no
37333d94-3012-4bcc-9bfd-4d15873af31b,2f031337-e8ab-4676-96f1-bea5d72c80c1,4,8,10,no
37333d94-3012-4bcc-9bfd-4d15873af31b,2f031337-e8ab-4676-96f1-bea5d72c80c1,5,8,10,no
37333d94-3012-4bcc-9bfd-4d15873af31b,2f031337-e8ab-4676-96f1-bea5d72c80c1,6,8,10,no
37333d94-3012-4bcc-9bfd-4d15873af31b,2f031337-e8ab-4676-96f1-bea5d72c80c1,7,8,10,no
37333d94-3012-4bcc-9bfd-4d15873af31b,2f031337-e8ab-4676-96f1-bea5d72c80c1,0,8,50,yes
37333d94-3012-4bcc-9bfd-4d15873af31b,2f031337-e8ab-4676-96f1-bea5d72c80c1,1,8,50,yes
37333d94-3012-4bcc-9bfd-4d15873af31b,2f031337-e8ab-4676-96f1-bea5d72c80c1,2,8,50,yes
37333d94-3012-4bcc-9bfd-4d15873af31b,2f031337-e8ab-4676-96f1-bea5d72c80c1,3,8,50,yes
37333d94-3012-4bcc-9bfd-4d15873af31b,2f031337-e8ab-4676-96f1-bea5d72c80c1,4,8,50,no
37333d94-3012-4bcc-9bfd-4d15873af31b,2f031337-e8ab-4676-96f1-bea5d72c80c1,5,8,50,yes
37333d94-3012-4bcc-9bfd-4d15873af31b,2f031337-e8ab-4676-96f1-bea5d72c80c1,6,8,50,yes
37333d94-3012-4bcc-9bfd-4d15873af31b,2f031337-e8ab-4676-96f1-bea5d72c80c1,7,8,50,yes
37333d94-3012-4bcc-9bfd-4d15873af31b,2f031337-e8ab-4676-96f1-bea5d72c80c1,0,8,100,yes
37333d94-3012-4bcc-9bfd-4d15873af31b,2f031337-e8ab-4676-96f1-bea5d72c80c1,1,8,100,yes
37333d94-3012-4bcc-9bfd-4d15873af31b,2f031337-e8ab-4676-96f1-bea5d72c80c1,2,8,100,yes
37333d94-3012-4bcc-9bfd-4d15873af31b,2f031337-e8ab-4676-96f1-bea5d72c80c1,3,8,100,no
37333d94-3012-4bcc-9bfd-4d15873af31b,2f031337-e8ab-4676-96f1-bea5d72c80c1,4,8,100,no
37333d94-3012-4bcc-9bfd-4d15873af31b,2f031337-e8ab-4676-96f1-bea5d72c80c1,5,8,100,yes
37333d94-3012-4bcc-9bfd-4d15873af31b,2f031337-e8ab-4676-96f1-bea5d72c80c1,6,8,100,yes
37333d94-3012-4bcc-9bfd-4d15873af31b,2f031337-e8ab-4676-96f1-bea5d72c80c1,7,8,100,yes
37333d94-3012-4bcc-9bfd-4d15873af31b,2f031337-e8ab-4676-96f1-bea5d72c80c1,0,8,full,yes
37333d94-3012-4bcc-9bfd-4d15873af31b,2f031337-e8ab-4676-96f1-bea5d72c80c1,1,8,full,yes
37333d94-3012-4bcc-9bfd-4d15873af31b,2f031337-e8ab-4676-96f1-bea5d72c80c1,2,8,full,yes
37333d94-3012-4bcc-9bfd-4d15873af31b,2f031337-e8ab-4676-96f1-bea5d72c80c1,3,8,full,no
37333d94-3012-4bcc-9bfd-4d15873af31b,2f031337-e8ab-4676-96f1-bea5d72c80c1,4,8,full,no
37333d94-3012-4bcc-9bfd-4d15873af31b,2f031337-e8ab-4676-96f1-bea5d72c80c1,5,8,full,yes
37333d94-3012-4bcc-9bfd-4d15873af31b,2f031337-e8ab-4676-96f1-bea5d72c80c1,6,8,full,yes
37333d94-3012-4bcc-9bfd-4d15873af31b,2f031337-e8ab-4676-96f1-bea5d72c80c1,7,8,full,yes
37333d94-3012-4bcc-9bfd-4d15873af31b,5ac2a361-c4f0-4522-9892-76e64fa473cd,0,10,10,no
37333d94-3012-4bcc-9bfd-4d15873af31b,5ac2a361-c4f0-4522-9892-76e64fa473cd,1,10,10,no
37333d94-3012-4bcc-9bfd-4d15873af31b,5ac2a361-c4f0-4522-9892-76e64fa473cd,2,10,10,no
37333d94-3012-4bcc-9bfd-4d15873af31b,5ac2a361-c4f0-4522-9892-76e64fa473cd,3,10,10,no
37333d94-3012-4bcc-9bfd-4d15873af31b,5ac2a361-c4f0-4522-9892-76e64fa473cd,4,10,10,no
37333d94-3012-4bcc-9bfd-4d15873af31b,5ac2a361-c4f0-4522-9892-76e64fa473cd,5,10,10,no
37333d94-3012-4bcc-9bfd-4d15873af31b,5ac2a361-c4f0-4522-9892-76e64fa473cd,6,10,10,no
37333d94-3012-4bcc-9bfd-4d15873af31b,5ac2a361-c4f0-4522-9892-76e64fa473cd,7,10,10,no
37333d94-3012-4bcc-9bfd-4d15873af31b,5ac2a361-c4f0-4522-9892-76e64fa473cd,8,10,10,no
37333d94-3012-4bcc-9bfd-4d15873af31b,5ac2a361-c4f0-4522-9892-76e64fa473cd,9,10,10,no
37333d94-3012-4bcc-9bfd-4d15873af31b,5ac2a361-c4f0-4522-9892-76e64fa473cd,0,10,50,no
37333d94-3012-4bcc-9bfd-4d15873af31b,5ac2a361-c4f0-4522-9892-76e64fa473cd,1,10,50,no
37333d94-3012-4bcc-9bfd-4d15873af31b,5ac2a361-c4f0-4522-9892-76e64fa473cd,2,10,50,no
37333d94-3012-4bcc-9bfd-4d15873af31b,5ac2a361-c4f0-4522-9892-76e64fa473cd,3,10,50,yes
37333d94-3012-4bcc-9bfd-4d15873af31b,5ac2a361-c4f0-4522-9892-76e64fa473cd,4,10,50,yes
37333d94-3012-4bcc-9bfd-4d15873af31b,5ac2a361-c4f0-4522-9892-76e64fa473cd,5,10,50,no
37333d94-3012-4bcc-9bfd-4d15873af31b,5ac2a361-c4f0-4522-9892-76e64fa473cd,6,10,50,no
37333d94-3012-4bcc-9bfd-4d15873af31b,5ac2a361-c4f0-4522-9892-76e64fa473cd,7,10,50,yes
37333d94-3012-4bcc-9bfd-4d15873af31b,5ac2a361-c4f0-4522-9892-76e64fa473cd,8,10,50,no
37333d94-3012-4bcc-9bfd-4d15873af31b,5ac2a361-c4f0-4522-9892-76e64fa473cd,9,10,50,no
37333d94-3012-4bcc-9bfd-4d15873af31b,5ac2a361-c4f0-4522-9892-76e64fa473cd,0,10,100,yes
37333d94-3012-4bcc-9bfd-4d15873af31b,5ac2a361-c4f0-4522-9892-76e64fa473cd,1,10,100,no
37333d94-3012-4bcc-9bfd-4d15873af31b,5ac2a361-c4f0-4522-9892-76e64fa473cd,2,10,100,no
37333d94-3012-4bcc-9bfd-4d15873af31b,5ac2a361-c4f0-4522-9892-76e64fa473cd,3,10,100,no
37333d94-3012-4bcc-9bfd-4d15873af31b,5ac2a361-c4f0-4522-9892-76e64fa473cd,4,10,100,yes
37333d94-3012-4bcc-9bfd-4d15873af31b,5ac2a361-c4f0-4522-9892-76e64fa473cd,5,10,100,yes
37333d94-3012-4bcc-9bfd-4d15873af31b,5ac2a361-c4f0-4522-9892-76e64fa473cd,6,10,100,no
37333d94-3012-4bcc-9bfd-4d15873af31b,5ac2a361-c4f0-4522-9892-76e64fa473cd,7,10,100,yes
37333d94-3012-4bcc-9bfd-4d15873af31b,5ac2a361-c4f0-4522-9892-76e64fa473cd,8,10,100,no
37333d94-3012-4bcc-9bfd-4d15873af31b,5ac2a361-c4f0-4522-9892-76e64fa473cd,9,10,100,no
37333d94-3012-4bcc-9bfd-4d15873af31b,5ac2a361-c4f0-4522-9892-76e64fa473cd,0,10,full,yes
37333d94-3012-4bcc-9bfd-4d15873af31b,5ac2a361-c4f0-4522-9892-76e64fa473cd,1,10,full,yes
37333d94-3012-4bcc-9bfd-4d15873af31b,5ac2a361-c4f0-4522-9892-76e64fa473cd,2,10,full,no
37333d94-3012-4bcc-9bfd-4d15873af31b,5ac2a361-c4f0-4522-9892-76e64fa473cd,3,10,full,no
37333d94-3012-4bcc-9bfd-4d15873af31b,5ac2a361-c4f0-4522-9892-76e64fa473cd,4,10,full,yes
37333d94-3012-4bcc-9bfd-4d15873af31b,5ac2a361-c4f0-4522-9892-76e64fa473cd,5,10,full,yes
37333d94-3012-4bcc-9bfd-4d15873af31b,5ac2a361-c4f0-4522-9892-76e64fa473cd,6,10,full,no
37333d94-3012-4bcc-9bfd-4d15873af31b,5ac2a361-c4f0-4522-9892-76e64fa473cd,7,10,full,yes
37333d94-3012-4bcc-9bfd-4d15873af31b,5ac2a361-c4f0-4522-9892-76e64fa473cd,8,10,full,no
37333d94-3012-4bcc-9bfd-4d15873af31b,5ac2a361-c4f0-4522-9892-76e64fa473cd,9,10,full,no
a408fc36-b06f-4849-98f4-573b8181fd84,2d6ef7a6-0091-4c1e-b53e-477f4861d265,0,1,10,no
a408fc36-b06f-4849-98f4-573b8181fd84,2d6ef7a6-0091-4c1e-b53e-477f4861d265,0,1,50,no
a408fc36-b06f-4849-98f4-573b8181fd84,2d6ef7a6-0091-4c1e-b53e-477f4861d265,0,1,100,no
a408fc36-b06f-4849-98f4-573b8181fd84,2d6ef7a6-0091-4c1e-b53e-477f4861d265,0,1,full,no
a408fc36-b06f-4849-98f4-573b8181fd84,eb61b42c-9562-4944-9295-14430b0cb274,0,8,10,no
a408fc36-b06f-4849-98f4-573b8181fd84,eb61b42c-9562-4944-9295-14430b0cb274,1,8,10,no
a408fc36-b06f-4849-98f4-573b8181fd84,eb61b42c-9562-4944-9295-14430b0cb274,2,8,10,no
a408fc36-b06f-4849-98f4-573b8181fd84,eb61b42c-9562-4944-9295-14430b0cb274,3,8,10,no
a408fc36-b06f-4849-98f4-573b8181fd84,eb61b42c-9562-4944-9295-14430b0cb274,4,8,10,no
a408fc36-b06f-4849-98f4-573b8181fd84,eb61b42c-9562-4944-9295-14430b0cb274,5,8,10,no
a408fc36-b06f-4849-98f4-573b8181fd84,eb61b42c-9562-4944-9295-14430b0cb274,6,8,10,no
a408fc36-b06f-4849-98f4-573b8181fd84,eb61b42c-9562-4944-9295-14430b0cb274,7,8,10,no
a408fc36-b06f-4849-98f4-573b8181fd84,eb61b42c-9562-4944-9295-14430b0cb274,0,8,50,no
a408fc36-b06f-4849-98f4-573b8181fd84,eb61b42c-9562-4944-9295-14430b0cb274,1,8,50,no
a408fc36-b06f-4849-98f4-573b8181fd84,eb61b42c-9562-4944-9295-14430b0cb274,2,8,50,no
a408fc36-b06f-4849-98f4-573b8181fd84,eb61b42c-9562-4944-9295-14430b0cb274,3,8,50,no
a408fc36-b06f-4849-98f4-573b8181fd84,eb61b42c-9562-4944-9295-14430b0cb274,4,8,50,no
a408fc36-b06f-4849-98f4-573b8181fd84,eb61b42c-9562-4944-9295-14430b0cb274,5,8,50,no
a408fc36-b06f-4849-98f4-573b8181fd84,eb61b42c-9562-4944-9295-14430b0cb274,6,8,50,no
a408fc36-b06f-4849-98f4-573b8181fd84,eb61b42c-9562-4944-9295-14430b0cb274,7,8,50,no
a408fc36-b06f-4849-98f4-573b8181fd84,eb61b42c-9562-4944-9295-14430b0cb274,0,8,100,no
a408fc36-b06f-4849-98f4-573b8181fd84,eb61b42c-9562-4944-9295-14430b0cb274,1,8,100,no
a408fc36-b06f-4849-98f4-573b8181fd84,eb61b42c-9562-4944-9295-14430b0cb274,2,8,100,no
a408fc36-b06f-4849-98f4-573b8181fd84,eb61b42c-9562-4944-9295-14430b0cb274,3,8,100,no
a408fc36-b06f-4849-98f4-573b8181fd84,eb61b42c-9562-4944-9295-14430b0cb274,4,8,100,no
a408fc36-b06f-4849-98f4-573b8181fd84,eb61b42c-9562-4944-9295-14430b0cb274,5,8,100,no
a408fc36-b06f-4849-98f4-573b8181fd84,eb61b42c-9562-4944-9295-14430b0cb274,6,8,100,no
a408fc36-b06f-4849-98f4-573b8181fd84,eb61b42c-9562-4944-9295-14430b0cb274,7,8,100,no
a408fc36-b06f-4849-98f4-573b8181fd84,eb61b42c-9562-4944-9295-14430b0cb274,0,8,full,no
a408fc36-b06f-4849-98f4-573b8181fd84,eb61b42c-9562-4944-9295-14430b0cb274,1,8,full,no
a408fc36-b06f-4849-98f4-573b8181fd84,eb61b42c-9562-4944-9295-14430b0cb274,2,8,full,no
a408fc36-b06f-4849-98f4-573b8181fd84,eb61b42c-9562-4944-9295-14430b0cb274,3,8,full,no
a408fc36-b06f-4849-98f4-573b8181fd84,eb61b42c-9562-4944-9295-14430b0cb274,4,8,full,no
a408fc36-b06f-4849-98f4-573b8181fd84,eb61b42c-9562-4944-9295-14430b0cb274,5,8,full,no
a408fc36-b06f-4849-98f4-573b8181fd84,eb61b42c-9562-4944-9295-14430b0cb274,6,8,full,no
a408fc36-b06f-4849-98f4-573b8181fd84,eb61b42c-9562-4944-9295-14430b0cb274,7,8,full,no
a408fc36-b06f-4849-98f4-573b8181fd84,0ef08a46-d69c-4963-8617-fa7f0a8d4b2a,0,10,10,no
a408fc36-b06f-4849-98f4-573b8181fd84,0ef08a46-d69c-4963-8617-fa7f0a8d4b2a,1,10,10,no
a408fc36-b06f-4849-98f4-573b8181fd84,0ef08a46-d69c-4963-8617-fa7f0a8d4b2a,2,10,10,no
a408fc36-b06f-4849-98f4-573b8181fd84,0ef08a46-d69c-4963-8617-fa7f0a8d4b2a,3,10,10,no
a408fc36-b06f-4849-98f4-573b8181fd84,0ef08a46-d69c-4963-8617-fa7f0a8d4b2a,4,10,10,no
a408fc36-b06f-4849-98f4-573b8181fd84,0ef08a46-d69c-4963-8617-fa7f0a8d4b2a,5,10,10,no
a408fc36-b06f-4849-98f4-573b8181fd84,0ef08a46-d69c-4963-8617-fa7f0a8d4b2a,6,10,10,no
a408fc36-b06f-4849-98f4-573b8181fd84,0ef08a46-d69c-4963-8617-fa7f0a8d4b2a,7,10,10,no
a408fc36-b06f-4849-98f4-573b8181fd84,0ef08a46-d69c-4963-8617-fa7f0a8d4b2a,8,10,10,no
a408fc36-b06f-4849-98f4-573b8181fd84,0ef08a46-d69c-4963-8617-fa7f0a8d4b2a,9,10,10,no
a408fc36-b06f-4849-98f4-573b8181fd84,0ef08a46-d69c-4963-8617-fa7f0a8d4b2a,0,10,50,no
a408fc36-b06f-4849-98f4-573b8181fd84,0ef08a46-d69c-4963-8617-fa7f0a8d4b2a,1,10,50,no
a408fc36-b06f-4849-98f4-573b8181fd84,0ef08a46-d69c-4963-8617-fa7f0a8d4b2a,2,10,50,no
a408fc36-b06f-4849-98f4-573b8181fd84,0ef08a46-d69c-4963-8617-fa7f0a8d4b2a,3,10,50,no
a408fc36-b06f-4849-98f4-573b8181fd84,0ef08a46-d69c-4963-8617-fa7f0a8d4b2a,4,10,50,no
a408fc36-b06f-4849-98f4-573b8181fd84,0ef08a46-d69c-4963-8617-fa7f0a8d4b2a,5,10,50,no
a408fc36-b06f-4849-98f4-573b8181fd84,0ef08a46-d69c-4963-8617-fa7f0a8d4b2a,6,10,50,no
a408fc36-b06f-4849-98f4-573b8181fd84,0ef08a46-d69c-4963-8617-fa7f0a8d4b2a,7,10,50,no
a408fc36-b06f-4849-98f4-573b8181fd84,0ef08a46-d69c-4963-8617-fa7f0a8d4b2a,8,10,50,no
a408fc36-b06f-4849-98f4-573b8181fd84,0ef08a46-d69c-4963-8617-fa7f0a8d4b2a,9,10,50,no
a408fc36-b06f-4849-98f4-573b8181fd84,0ef08a46-d69c-4963-8617-fa7f0a8d4b2a,0,10,100,no
a408fc36-b06f-4849-98f4-573b8181fd84,0ef08a46-d69c-4963-8617-fa7f0a8d4b2a,1,10,100,no
a408fc36-b06f-4849-98f4-573b8181fd84,0ef08a46-d69c-4963-8617-fa7f0a8d4b2a,2,10,100,no
a408fc36-b06f-4849-98f4-573b8181fd84,0ef08a46-d69c-4963-8617-fa7f0a8d4b2a,3,10,100,no
a408fc36-b06f-4849-98f4-573b8181fd84,0ef08a46-d69c-4963-8617-fa7f0a8d4b2a,4,10,100,no
a408fc36-b06f-4849-98f4-573b8181fd84,0ef08a46-d69c-4963-8617-fa7f0a8d4b2a,5,10,100,no
a408fc36-b06f-4849-98f4-573b8181fd84,0ef08a46-d69c-4963-8617-fa7f0a8d4b2a,6,10,100,no
a408fc36-b06f-4849-98f4-573b8181fd84,0ef08a46-d69c-4963-8617-fa7f0a8d4b2a,7,10,100,no
a408fc36-b06f-4849-98f4-573b8181fd84,0ef08a46-d69c-4963-8617-fa7f0a8d4b2a,8,10,100,no
a408fc36-b06f-4849-98f4-573b8181fd84,0ef08a46-d69c-4963-8617-fa7f0a8d4b2a,9,10,100,no
a408fc36-b06f-4849-98f4-573b8181fd84,0ef08a46-d69c-4963-8617-fa7f0a8d4b2a,0,10,full,no
a408fc36-b06f-4849-98f4-573b8181fd84,0ef08a46-d69c-4963-8617-fa7f0a8d4b2a,1,10,full,no
a408fc36-b06f-4849-98f4-573b8181fd84,0ef08a46-d69c-4963-8617-fa7f0a8d4b2a,2,10,full,no
a408fc36-b06f-4849-98f4-573b8181fd84,0ef08a46-d69c-4963-8617-fa7f0a8d4b2a,3,10,full,no
a408fc36-b06f-4849-98f4-573b8181fd84,0ef08a46-d69c-4963-8617-fa7f0a8d4b2a,4,10,full,no
a408fc36-b06f-4849-98f4-573b8181fd84,0ef08a46-d69c-4963-8617-fa7f0a8d4b2a,5,10,full,no
a408fc36-b06f-4849-98f4-573b8181fd84,0ef08a46-d69c-4963-8617-fa7f0a8d4b2a,6,10,full,no
a408fc36-b06f-4849-98f4-573b8181fd84,0ef08a46-d69c-4963-8617-fa7f0a8d4b2a,7,10,full,no
a408fc36-b06f-4849-98f4-573b8181fd84,0ef08a46-d69c-4963-8617-fa7f0a8d4b2a,8,10,full,no
a408fc36-b06f-4849-98f4-573b8181fd84,0ef08a46-d69c-4963-8617-fa7f0a8d4b2a,9,10,full,no
35413cb0-1c14-4041-8a48-2c07cb384735,ee9c3821-c510-47f6-82ce-94f94c1ebf7f,0,1,10,no
35413cb0-1c14-4041-8a48-2c07cb384735,ee9c3821-c510-47f6-82ce-94f94c1ebf7f,0,1,50,yes
35413cb0-1c14-4041-8a48-2c07cb384735,ee9c3821-c510-47f6-82ce-94f94c1ebf7f,0,1,100,yes
35413cb0-1c14-4041-8a48-2c07cb384735,ee9c3821-c510-47f6-82ce-94f94c1ebf7f,0,1,full,yes
35413cb0-1c14-4041-8a48-2c07cb384735,e1f60c6a-4b85-40f2-8ca4-eb6f01e2a5d7,0,8,10,no
35413cb0-1c14-4041-8a48-2c07cb384735,e1f60c6a-4b85-40f2-8ca4-eb6f01e2a5d7,1,8,10,no
35413cb0-1c14-4041-8a48-2c07cb384735,e1f60c6a-4b85-40f2-8ca4-eb6f01e2a5d7,2,8,10,no
35413cb0-1c14-4041-8a48-2c07cb384735,e1f60c6a-4b85-40f2-8ca4-eb6f01e2a5d7,3,8,10,yes
35413cb0-1c14-4041-8a48-2c07cb384735,e1f60c6a-4b85-40f2-8ca4-eb6f01e2a5d7,4,8,10,no
35413cb0-1c14-4041-8a48-2c07cb384735,e1f60c6a-4b85-40f2-8ca4-eb6f01e2a5d7,5,8,10,no
35413cb0-1c14-4041-8a48-2c07cb384735,e1f60c6a-4b85-40f2-8ca4-eb6f01e2a5d7,6,8,10,no
35413cb0-1c14-4041-8a48-2c07cb384735,e1f60c6a-4b85-40f2-8ca4-eb6f01e2a5d7,7,8,10,no
35413cb0-1c14-4041-8a48-2c07cb384735,e1f60c6a-4b85-40f2-8ca4-eb6f01e2a5d7,0,8,50,no
35413cb0-1c14-4041-8a48-2c07cb384735,e1f60c6a-4b85-40f2-8ca4-eb6f01e2a5d7,1,8,50,yes
35413cb0-1c14-4041-8a48-2c07cb384735,e1f60c6a-4b85-40f2-8ca4-eb6f01e2a5d7,2,8,50,no
35413cb0-1c14-4041-8a48-2c07cb384735,e1f60c6a-4b85-40f2-8ca4-eb6f01e2a5d7,3,8,50,no
35413cb0-1c14-4041-8a48-2c07cb384735,e1f60c6a-4b85-40f2-8ca4-eb6f01e2a5d7,4,8,50,no
35413cb0-1c14-4041-8a48-2c07cb384735,e1f60c6a-4b85-40f2-8ca4-eb6f01e2a5d7,5,8,50,no
35413cb0-1c14-4041-8a48-2c07cb384735,e1f60c6a-4b85-40f2-8ca4-eb6f01e2a5d7,6,8,50,no
35413cb0-1c14-4041-8a48-2c07cb384735,e1f60c6a-4b85-40f2-8ca4-eb6f01e2a5d7,7,8,50,no
35413cb0-1c14-4041-8a48-2c07cb384735,e1f60c6a-4b85-40f2-8ca4-eb6f01e2a5d7,0,8,100,no
35413cb0-1c14-4041-8a48-2c07cb384735,e1f60c6a-4b85-40f2-8ca4-eb6f01e2a5d7,1,8,100,no
35413cb0-1c14-4041-8a48-2c07cb384735,e1f60c6a-4b85-40f2-8ca4-eb6f01e2a5d7,2,8,100,no
35413cb0-1c14-4041-8a48-2c07cb384735,e1f60c6a-4b85-40f2-8ca4-eb6f01e2a5d7,3,8,100,no
35413cb0-1c14-4041-8a48-2c07cb384735,e1f60c6a-4b85-40f2-8ca4-eb6f01e2a5d7,4,8,100,no
35413cb0-1c14-4041-8a48-2c07cb384735,e1f60c6a-4b85-40f2-8ca4-eb6f01e2a5d7,5,8,100,no
35413cb0-1c14-4041-8a48-2c07cb384735,e1f60c6a-4b85-40f2-8ca4-eb6f01e2a5d7,6,8,100,no
35413cb0-1c14-4041-8a48-2c07cb384735,e1f60c6a-4b85-40f2-8ca4-eb6f01e2a5d7,7,8,100,no
35413cb0-1c14-4041-8a48-2c07cb384735,e1f60c6a-4b85-40f2-8ca4-eb6f01e2a5d7,0,8,full,no
35413cb0-1c14-4041-8a48-2c07cb384735,e1f60c6a-4b85-40f2-8ca4-eb6f01e2a5d7,1,8,full,no
35413cb0-1c14-4041-8a48-2c07cb384735,e1f60c6a-4b85-40f2-8ca4-eb6f01e2a5d7,2,8,full,no
35413cb0-1c14-4041-8a48-2c07cb384735,e1f60c6a-4b85-40f2-8ca4-eb6f01e2a5d7,3,8,full,no
35413cb0-1c14-4041-8a48-2c07cb384735,e1f60c6a-4b85-40f2-8ca4-eb6f01e2a5d7,4,8,full,no
35413cb0-1c14-4041-8a48-2c07cb384735,e1f60c6a-4b85-40f2-8ca4-eb6f01e2a5d7,5,8,full,no
35413cb0-1c14-4041-8a48-2c07cb384735,e1f60c6a-4b85-40f2-8ca4-eb6f01e2a5d7,6,8,full,no
35413cb0-1c14-4041-8a48-2c07cb384735,e1f60c6a-4b85-40f2-8ca4-eb6f01e2a5d7,7,8,full,no
35413cb0-1c14-4041-8a48-2c07cb384735,5bc2adc2-457a-48a9-8463-34769d8d17c0,0,10,10,no
35413cb0-1c14-4041-8a48-2c07cb384735,5bc2adc2-457a-48a9-8463-34769d8d17c0,1,10,10,no
35413cb0-1c14-4041-8a48-2c07cb384735,5bc2adc2-457a-48a9-8463-34769d8d17c0,2,10,10,no
35413cb0-1c14-4041-8a48-2c07cb384735,5bc2adc2-457a-48a9-8463-34769d8d17c0,3,10,10,no
35413cb0-1c14-4041-8a48-2c07cb384735,5bc2adc2-457a-48a9-8463-34769d8d17c0,4,10,10,no
35413cb0-1c14-4041-8a48-2c07cb384735,5bc2adc2-457a-48a9-8463-34769d8d17c0,5,10,10,no
35413cb0-1c14-4041-8a48-2c07cb384735,5bc2adc2-457a-48a9-8463-34769d8d17c0,6,10,10,no
35413cb0-1c14-4041-8a48-2c07cb384735,5bc2adc2-457a-48a9-8463-34769d8d17c0,7,10,10,no
35413cb0-1c14-4041-8a48-2c07cb384735,5bc2adc2-457a-48a9-8463-34769d8d17c0,8,10,10,no
35413cb0-1c14-4041-8a48-2c07cb384735,5bc2adc2-457a-48a9-8463-34769d8d17c0,9,10,10,no
35413cb0-1c14-4041-8a48-2c07cb384735,5bc2adc2-457a-48a9-8463-34769d8d17c0,0,10,50,no
35413cb0-1c14-4041-8a48-2c07cb384735,5bc2adc2-457a-48a9-8463-34769d8d17c0,1,10,50,yes
35413cb0-1c14-4041-8a48-2c07cb384735,5bc2adc2-457a-48a9-8463-34769d8d17c0,2,10,50,yes
35413cb0-1c14-4041-8a48-2c07cb384735,5bc2adc2-457a-48a9-8463-34769d8d17c0,3,10,50,no
35413cb0-1c14-4041-8a48-2c07cb384735,5bc2adc2-457a-48a9-8463-34769d8d17c0,4,10,50,yes
35413cb0-1c14-4041-8a48-2c07cb384735,5bc2adc2-457a-48a9-8463-34769d8d17c0,5,10,50,no
35413cb0-1c14-4041-8a48-2c07cb384735,5bc2adc2-457a-48a9-8463-34769d8d17c0,6,10,50,no
35413cb0-1c14-4041-8a48-2c07cb384735,5bc2adc2-457a-48a9-8463-34769d8d17c0,7,10,50,yes
35413cb0-1c14-4041-8a48-2c07cb384735,5bc2adc2-457a-48a9-8463-34769d8d17c0,8,10,50,yes
35413cb0-1c14-4041-8a48-2c07cb384735,5bc2adc2-457a-48a9-8463-34769d8d17c0,9,10,50,no
35413cb0-1c14-4041-8a48-2c07cb384735,5bc2adc2-457a-48a9-8463-34769d8d17c0,0,10,100,no
35413cb0-1c14-4041-8a48-2c07cb384735,5bc2adc2-457a-48a9-8463-34769d8d17c0,1,10,100,no
35413cb0-1c14-4041-8a48-2c07cb384735,5bc2adc2-457a-48a9-8463-34769d8d17c0,2,10,100,no
35413cb0-1c14-4041-8a48-2c07cb384735,5bc2adc2-457a-48a9-8463-34769d8d17c0,3,10,100,no
35413cb0-1c14-4041-8a48-2c07cb384735,5bc2adc2-457a-48a9-8463-34769d8d17c0,4,10,100,no
35413cb0-1c14-4041-8a48-2c07cb384735,5bc2adc2-457a-48a9-8463-34769d8d17c0,5,10,100,no
35413cb0-1c14-4041-8a48-2c07cb384735,5bc2adc2-457a-48a9-8463-34769d8d17c0,6,10,100,no
35413cb0-1c14-4041-8a48-2c07cb384735,5bc2adc2-457a-48a9-8463-34769d8d17c0,7,10,100,no
35413cb0-1c14-4041-8a48-2c07cb384735,5bc2adc2-457a-48a9-8463-34769d8d17c0,8,10,100,no
35413cb0-1c14-4041-8a48-2c07cb384735,5bc2adc2-457a-48a9-8463-34769d8d17c0,9,10,100,no
35413cb0-1c14-4041-8a48-2c07cb384735,5bc2adc2-457a-48a9-8463-34769d8d17c0,0,10,full,no
35413cb0-1c14-4041-8a48-2c07cb384735,5bc2adc2-457a-48a9-8463-34769d8d17c0,1,10,full,no
35413cb0-1c14-4041-8a48-2c07cb384735,5bc2adc2-457a-48a9-8463-34769d8d17c0,2,10,full,no
35413cb0-1c14-4041-8a48-2c07cb384735,5bc2adc2-457a-48a9-8463-34769d8d17c0,3,10,full,no
35413cb0-1c14-4041-8a48-2c07cb384735,5bc2adc2-457a-48a9-8463-34769d8d17c0,4,10,full,no
35413cb0-1c14-4041-8a48-2c07cb384735,5bc2adc2-457a-48a9-8463-34769d8d17c0,5,10,full,no
35413cb0-1c14-4041-8a48-2c07cb384735,5bc2adc2-457a-48a9-8463-34769d8d17c0,6,10,full,no
35413cb0-1c14-4041-8a48-2c07cb384735,5bc2adc2-457a-48a9-8463-34769d8d17c0,7,10,full,no
35413cb0-1c14-4041-8a48-2c07cb384735,5bc2adc2-457a-48a9-8463-34769d8d17c0,8,10,full,no
35413cb0-1c14-4041-8a48-2c07cb384735,5bc2adc2-457a-48a9-8463-34769d8d17c0,9,10,full,no
55cde052-38a3-433b-a4e9-a4658a42b190,4a80aa64-dde0-4323-b9e8-7222328b2cbf,0,1,10,no
55cde052-38a3-433b-a4e9-a4658a42b190,4a80aa64-dde0-4323-b9e8-7222328b2cbf,0,1,50,no
55cde052-38a3-433b-a4e9-a4658a42b190,4a80aa64-dde0-4323-b9e8-7222328b2cbf,0,1,100,no
55cde052-38a3-433b-a4e9-a4658a42b190,4a80aa64-dde0-4323-b9e8-7222328b2cbf,0,1,full,no
55cde052-38a3-433b-a4e9-a4658a42b190,c8d60616-9848-4ca4-b81a-b9f78e9b6d17,0,8,10,no
55cde052-38a3-433b-a4e9-a4658a42b190,c8d60616-9848-4ca4-b81a-b9f78e9b6d17,1,8,10,no
55cde052-38a3-433b-a4e9-a4658a42b190,c8d60616-9848-4ca4-b81a-b9f78e9b6d17,2,8,10,no
55cde052-38a3-433b-a4e9-a4658a42b190,c8d60616-9848-4ca4-b81a-b9f78e9b6d17,3,8,10,no
55cde052-38a3-433b-a4e9-a4658a42b190,c8d60616-9848-4ca4-b81a-b9f78e9b6d17,4,8,10,no
55cde052-38a3-433b-a4e9-a4658a42b190,c8d60616-9848-4ca4-b81a-b9f78e9b6d17,5,8,10,no
55cde052-38a3-433b-a4e9-a4658a42b190,c8d60616-9848-4ca4-b81a-b9f78e9b6d17,6,8,10,no
55cde052-38a3-433b-a4e9-a4658a42b190,c8d60616-9848-4ca4-b81a-b9f78e9b6d17,7,8,10,no
55cde052-38a3-433b-a4e9-a4658a42b190,c8d60616-9848-4ca4-b81a-b9f78e9b6d17,0,8,50,no
55cde052-38a3-433b-a4e9-a4658a42b190,c8d60616-9848-4ca4-b81a-b9f78e9b6d17,1,8,50,no
55cde052-38a3-433b-a4e9-a4658a42b190,c8d60616-9848-4ca4-b81a-b9f78e9b6d17,2,8,50,no
55cde052-38a3-433b-a4e9-a4658a42b190,c8d60616-9848-4ca4-b81a-b9f78e9b6d17,3,8,50,no
55cde052-38a3-433b-a4e9-a4658a42b190,c8d60616-9848-4ca4-b81a-b9f78e9b6d17,4,8,50,no
55cde052-38a3-433b-a4e9-a4658a42b190,c8d60616-9848-4ca4-b81a-b9f78e9b6d17,5,8,50,no
55cde052-38a3-433b-a4e9-a4658a42b190,c8d60616-9848-4ca4-b81a-b9f78e9b6d17,6,8,50,no
55cde052-38a3-433b-a4e9-a4658a42b190,c8d60616-9848-4ca4-b81a-b9f78e9b6d17,7,8,50,no
55cde052-38a3-433b-a4e9-a4658a42b190,c8d60616-9848-4ca4-b81a-b9f78e9b6d17,0,8,100,no
55cde052-38a3-433b-a4e9-a4658a42b190,c8d60616-9848-4ca4-b81a-b9f78e9b6d17,1,8,100,no
55cde052-38a3-433b-a4e9-a4658a42b190,c8d60616-9848-4ca4-b81a-b9f78e9b6d17,2,8,100,no
55cde052-38a3-433b-a4e9-a4658a42b190,c8d60616-9848-4ca4-b81a-b9f78e9b6d17,3,8,100,no
55cde052-38a3-433b-a4e9-a4658a42b190,c8d60616-9848-4ca4-b81a-b9f78e9b6d17,4,8,100,no
55cde052-38a3-433b-a4e9-a4658a42b190,c8d60616-9848-4ca4-b81a-b9f78e9b6d17,5,8,100,no
55cde052-38a3-433b-a4e9-a4658a42b190,c8d60616-9848-4ca4-b81a-b9f78e9b6d17,6,8,100,no
55cde052-38a3-433b-a4e9-a4658a42b190,c8d60616-9848-4ca4-b81a-b9f78e9b6d17,7,8,100,no
55cde052-38a3-433b-a4e9-a4658a42b190,c8d60616-9848-4ca4-b81a-b9f78e9b6d17,0,8,full,no
55cde052-38a3-433b-a4e9-a4658a42b190,c8d60616-9848-4ca4-b81a-b9f78e9b6d17,1,8,full,no
55cde052-38a3-433b-a4e9-a4658a42b190,c8d60616-9848-4ca4-b81a-b9f78e9b6d17,2,8,full,no
55cde052-38a3-433b-a4e9-a4658a42b190,c8d60616-9848-4ca4-b81a-b9f78e9b6d17,3,8,full,no
55cde052-38a3-433b-a4e9-a4658a42b190,c8d60616-9848-4ca4-b81a-b9f78e9b6d17,4,8,full,no
55cde052-38a3-433b-a4e9-a4658a42b190,c8d60616-9848-4ca4-b81a-b9f78e9b6d17,5,8,full,no
55cde052-38a3-433b-a4e9-a4658a42b190,c8d60616-9848-4ca4-b81a-b9f78e9b6d17,6,8,full,no
55cde052-38a3-433b-a4e9-a4658a42b190,c8d60616-9848-4ca4-b81a-b9f78e9b6d17,7,8,full,no
55cde052-38a3-433b-a4e9-a4658a42b190,3a28f1cc-a632-4240-ac85-7f87e4f0a157,0,10,10,no
55cde052-38a3-433b-a4e9-a4658a42b190,3a28f1cc-a632-4240-ac85-7f87e4f0a157,1,10,10,no
55cde052-38a3-433b-a4e9-a4658a42b190,3a28f1cc-a632-4240-ac85-7f87e4f0a157,2,10,10,no
55cde052-38a3-433b-a4e9-a4658a42b190,3a28f1cc-a632-4240-ac85-7f87e4f0a157,3,10,10,no
55cde052-38a3-433b-a4e9-a4658a42b190,3a28f1cc-a632-4240-ac85-7f87e4f0a157,4,10,10,no
55cde052-38a3-433b-a4e9-a4658a42b190,3a28f1cc-a632-4240-ac85-7f87e4f0a157,5,10,10,no
55cde052-38a3-433b-a4e9-a4658a42b190,3a28f1cc-a632-4240-ac85-7f87e4f0a157,6,10,10,no
55cde052-38a3-433b-a4e9-a4658a42b190,3a28f1cc-a632-4240-ac85-7f87e4f0a157,7,10,10,no
55cde052-38a3-433b-a4e9-a4658a42b190,3a28f1cc-a632-4240-ac85-7f87e4f0a157,8,10,10,no
55cde052-38a3-433b-a4e9-a4658a42b190,3a28f1cc-a632-4240-ac85-7f87e4f0a157,9,10,10,no
55cde052-38a3-433b-a4e9-a4658a42b190,3a28f1cc-a632-4240-ac85-7f87e4f0a157,0,10,50,no
55cde052-38a3-433b-a4e9-a4658a42b190,3a28f1cc-a632-4240-ac85-7f87e4f0a157,1,10,50,no
55cde052-38a3-433b-a4e9-a4658a42b190,3a28f1cc-a632-4240-ac85-7f87e4f0a157,2,10,50,no
55cde052-38a3-433b-a4e9-a4658a42b190,3a28f1cc-a632-4240-ac85-7f87e4f0a157,3,10,50,no
55cde052-38a3-433b-a4e9-a4658a42b190,3a28f1cc-a632-4240-ac85-7f87e4f0a157,4,10,50,no
55cde052-38a3-433b-a4e9-a4658a42b190,3a28f1cc-a632-4240-ac85-7f87e4f0a157,5,10,50,no
55cde052-38a3-433b-a4e9-a4658a42b190,3a28f1cc-a632-4240-ac85-7f87e4f0a157,6,10,50,no
55cde052-38a3-433b-a4e9-a4658a42b190,3a28f1cc-a632-4240-ac85-7f87e4f0a157,7,10,50,no
55cde052-38a3-433b-a4e9-a4658a42b190,3a28f1cc-a632-4240-ac85-7f87e4f0a157,8,10,50,no
55cde052-38a3-433b-a4e9-a4658a42b190,3a28f1cc-a632-4240-ac85-7f87e4f0a157,9,10,50,no
55cde052-38a3-433b-a4e9-a4658a42b190,3a28f1cc-a632-4240-ac85-7f87e4f0a157,0,10,100,no
55cde052-38a3-433b-a4e9-a4658a42b190,3a28f1cc-a632-4240-ac85-7f87e4f0a157,1,10,100,no
55cde052-38a3-433b-a4e9-a4658a42b190,3a28f1cc-a632-4240-ac85-7f87e4f0a157,2,10,100,no
55cde052-38a3-433b-a4e9-a4658a42b190,3a28f1cc-a632-4240-ac85-7f87e4f0a157,3,10,100,no
55cde052-38a3-433b-a4e9-a4658a42b190,3a28f1cc-a632-4240-ac85-7f87e4f0a157,4,10,100,no
55cde052-38a3-433b-a4e9-a4658a42b190,3a28f1cc-a632-4240-ac85-7f87e4f0a157,5,10,100,no
55cde052-38a3-433b-a4e9-a4658a42b190,3a28f1cc-a632-4240-ac85-7f87e4f0a157,6,10,100,no
55cde052-38a3-433b-a4e9-a4658a42b190,3a28f1cc-a632-4240-ac85-7f87e4f0a157,7,10,100,no
55cde052-38a3-433b-a4e9-a4658a42b190,3a28f1cc-a632-4240-ac85-7f87e4f0a157,8,10,100,no
55cde052-38a3-433b-a4e9-a4658a42b190,3a28f1cc-a632-4240-ac85-7f87e4f0a157,9,10,100,no
55cde052-38a3-433b-a4e9-a4658a42b190,3a28f1cc-a632-4240-ac85-7f87e4f0a157,0,10,full,no
55cde052-38a3-433b-a4e9-a4658a42b190,3a28f1cc-a632-4240-ac85-7f87e4f0a157,1,10,full,no
55cde052-38a3-433b-a4e9-a4658a42b190,3a28f1cc-a632-4240-ac85-7f87e4f0a157,2,10,full,no
55cde052-38a3-433b-a4e9-a4658a42b190,3a28f1cc-a632-4240-ac85-7f87e4f0a157,3,10,full,no
55cde052-38a3-433b-a4e9-a4658a42b190,3a28f1cc-a632-4240-ac85-7f87e4f0a157,4,10,full,no
55cde052-38a3-433b-a4e9-a4658a42b190,3a28f1cc-a632-4240-ac85-7f87e4f0a157,5,10,full,no
55cde052-38a3-433b-a4e9-a4658a42b190,3a28f1cc-a632-4240-ac85-7f87e4f0a157,6,10,full,no
55cde052-38a3-433b-a4e9-a4658a42b190,3a28f1cc-a632-4240-ac85-7f87e4f0a157,7,10,full,no
55cde052-38a3-433b-a4e9-a4658a42b190,3a28f1cc-a632-4240-ac85-7f87e4f0a157,8,10,full,no
55cde052-38a3-433b-a4e9-a4658a42b190,3a28f1cc-a632-4240-ac85-7f87e4f0a157,9,10,full,no
86873df7-323e-40b9-a8b5-f13e825c4437,1311eb85-8f3c-46a3-a503-5402de4215c0,0,1,10,yes
86873df7-323e-40b9-a8b5-f13e825c4437,1311eb85-8f3c-46a3-a503-5402de4215c0,0,1,50,yes
86873df7-323e-40b9-a8b5-f13e825c4437,1311eb85-8f3c-46a3-a503-5402de4215c0,0,1,100,yes
86873df7-323e-40b9-a8b5-f13e825c4437,1311eb85-8f3c-46a3-a503-5402de4215c0,0,1,full,yes
86873df7-323e-40b9-a8b5-f13e825c4437,205c37a1-b5f3-4cce-8a0a-7f4d30dc7996,0,8,10,no
86873df7-323e-40b9-a8b5-f13e825c4437,205c37a1-b5f3-4cce-8a0a-7f4d30dc7996,1,8,10,no
86873df7-323e-40b9-a8b5-f13e825c4437,205c37a1-b5f3-4cce-8a0a-7f4d30dc7996,2,8,10,no
86873df7-323e-40b9-a8b5-f13e825c4437,205c37a1-b5f3-4cce-8a0a-7f4d30dc7996,3,8,10,no
86873df7-323e-40b9-a8b5-f13e825c4437,205c37a1-b5f3-4cce-8a0a-7f4d30dc7996,4,8,10,no
86873df7-323e-40b9-a8b5-f13e825c4437,205c37a1-b5f3-4cce-8a0a-7f4d30dc7996,5,8,10,no
86873df7-323e-40b9-a8b5-f13e825c4437,205c37a1-b5f3-4cce-8a0a-7f4d30dc7996,6,8,10,no
86873df7-323e-40b9-a8b5-f13e825c4437,205c37a1-b5f3-4cce-8a0a-7f4d30dc7996,7,8,10,yes
86873df7-323e-40b9-a8b5-f13e825c4437,205c37a1-b5f3-4cce-8a0a-7f4d30dc7996,0,8,50,no
86873df7-323e-40b9-a8b5-f13e825c4437,205c37a1-b5f3-4cce-8a0a-7f4d30dc7996,1,8,50,no
86873df7-323e-40b9-a8b5-f13e825c4437,205c37a1-b5f3-4cce-8a0a-7f4d30dc7996,2,8,50,no
86873df7-323e-40b9-a8b5-f13e825c4437,205c37a1-b5f3-4cce-8a0a-7f4d30dc7996,3,8,50,no
86873df7-323e-40b9-a8b5-f13e825c4437,205c37a1-b5f3-4cce-8a0a-7f4d30dc7996,4,8,50,no
86873df7-323e-40b9-a8b5-f13e825c4437,205c37a1-b5f3-4cce-8a0a-7f4d30dc7996,5,8,50,no
86873df7-323e-40b9-a8b5-f13e825c4437,205c37a1-b5f3-4cce-8a0a-7f4d30dc7996,6,8,50,no
86873df7-323e-40b9-a8b5-f13e825c4437,205c37a1-b5f3-4cce-8a0a-7f4d30dc7996,7,8,50,no
86873df7-323e-40b9-a8b5-f13e825c4437,205c37a1-b5f3-4cce-8a0a-7f4d30dc7996,0,8,100,no
86873df7-323e-40b9-a8b5-f13e825c4437,205c37a1-b5f3-4cce-8a0a-7f4d30dc7996,1,8,100,no
86873df7-323e-40b9-a8b5-f13e825c4437,205c37a1-b5f3-4cce-8a0a-7f4d30dc7996,2,8,100,no
86873df7-323e-40b9-a8b5-f13e825c4437,205c37a1-b5f3-4cce-8a0a-7f4d30dc7996,3,8,100,no
86873df7-323e-40b9-a8b5-f13e825c4437,205c37a1-b5f3-4cce-8a0a-7f4d30dc7996,4,8,100,no
86873df7-323e-40b9-a8b5-f13e825c4437,205c37a1-b5f3-4cce-8a0a-7f4d30dc7996,5,8,100,no
86873df7-323e-40b9-a8b5-f13e825c4437,205c37a1-b5f3-4cce-8a0a-7f4d30dc7996,6,8,100,no
86873df7-323e-40b9-a8b5-f13e825c4437,205c37a1-b5f3-4cce-8a0a-7f4d30dc7996,7,8,100,no
86873df7-323e-40b9-a8b5-f13e825c4437,205c37a1-b5f3-4cce-8a0a-7f4d30dc7996,0,8,full,no
86873df7-323e-40b9-a8b5-f13e825c4437,205c37a1-b5f3-4cce-8a0a-7f4d30dc7996,1,8,full,no
86873df7-323e-40b9-a8b5-f13e825c4437,205c37a1-b5f3-4cce-8a0a-7f4d30dc7996,2,8,full,no
86873df7-323e-40b9-a8b5-f13e825c4437,205c37a1-b5f3-4cce-8a0a-7f4d30dc7996,3,8,full,no
86873df7-323e-40b9-a8b5-f13e825c4437,205c37a1-b5f3-4cce-8a0a-7f4d30dc7996,4,8,full,no
86873df7-323e-40b9-a8b5-f13e825c4437,205c37a1-b5f3-4cce-8a0a-7f4d30dc7996,5,8,full,no
86873df7-323e-40b9-a8b5-f13e825c4437,205c37a1-b5f3-4cce-8a0a-7f4d30dc7996,6,8,full,no
86873df7-323e-40b9-a8b5-f13e825c4437,205c37a1-b5f3-4cce-8a0a-7f4d30dc7996,7,8,full,no
86873df7-323e-40b9-a8b5-f13e825c4437,40ac1472-e8b4-4741-a40a-ad038c79b216,0,10,10,no
86873df7-323e-40b9-a8b5-f13e825c4437,40ac1472-e8b4-4741-a40a-ad038c79b216,1,10,10,no
86873df7-323e-40b9-a8b5-f13e825c4437,40ac1472-e8b4-4741-a40a-ad038c79b216,2,10,10,yes
86873df7-323e-40b9-a8b5-f13e825c4437,40ac1472-e8b4-4741-a40a-ad038c79b216,3,10,10,yes
86873df7-323e-40b9-a8b5-f13e825c4437,40ac1472-e8b4-4741-a40a-ad038c79b216,4,10,10,no
86873df7-323e-40b9-a8b5-f13e825c4437,40ac1472-e8b4-4741-a40a-ad038c79b216,5,10,10,no
86873df7-323e-40b9-a8b5-f13e825c4437,40ac1472-e8b4-4741-a40a-ad038c79b216,6,10,10,no
86873df7-323e-40b9-a8b5-f13e825c4437,40ac1472-e8b4-4741-a40a-ad038c79b216,7,10,10,no
86873df7-323e-40b9-a8b5-f13e825c4437,40ac1472-e8b4-4741-a40a-ad038c79b216,8,10,10,no
86873df7-323e-40b9-a8b5-f13e825c4437,40ac1472-e8b4-4741-a40a-ad038c79b216,9,10,10,no
86873df7-323e-40b9-a8b5-f13e825c4437,40ac1472-e8b4-4741-a40a-ad038c79b216,0,10,50,yes
86873df7-323e-40b9-a8b5-f13e825c4437,40ac1472-e8b4-4741-a40a-ad038c79b216,1,10,50,no
86873df7-323e-40b9-a8b5-f13e825c4437,40ac1472-e8b4-4741-a40a-ad038c79b216,2,10,50,no
86873df7-323e-40b9-a8b5-f13e825c4437,40ac1472-e8b4-4741-a40a-ad038c79b216,3,10,50,no
86873df7-323e-40b9-a8b5-f13e825c4437,40ac1472-e8b4-4741-a40a-ad038c79b216,4,10,50,no
86873df7-323e-40b9-a8b5-f13e825c4437,40ac1472-e8b4-4741-a40a-ad038c79b216,5,10,50,no
86873df7-323e-40b9-a8b5-f13e825c4437,40ac1472-e8b4-4741-a40a-ad038c79b216,6,10,50,no
86873df7-323e-40b9-a8b5-f13e825c4437,40ac1472-e8b4-4741-a40a-ad038c79b216,7,10,50,no
86873df7-323e-40b9-a8b5-f13e825c4437,40ac1472-e8b4-4741-a40a-ad038c79b216,8,10,50,no
86873df7-323e-40b9-a8b5-f13e825c4437,40ac1472-e8b4-4741-a40a-ad038c79b216,9,10,50,no
86873df7-323e-40b9-a8b5-f13e825c4437,40ac1472-e8b4-4741-a40a-ad038c79b216,0,10,100,yes
86873df7-323e-40b9-a8b5-f13e825c4437,40ac1472-e8b4-4741-a40a-ad038c79b216,1,10,100,no
86873df7-323e-40b9-a8b5-f13e825c4437,40ac1472-e8b4-4741-a40a-ad038c79b216,2,10,100,no
86873df7-323e-40b9-a8b5-f13e825c4437,40ac1472-e8b4-4741-a40a-ad038c79b216,3,10,100,no
86873df7-323e-40b9-a8b5-f13e825c4437,40ac1472-e8b4-4741-a40a-ad038c79b216,4,10,100,no
86873df7-323e-40b9-a8b5-f13e825c4437,40ac1472-e8b4-4741-a40a-ad038c79b216,5,10,100,no
86873df7-323e-40b9-a8b5-f13e825c4437,40ac1472-e8b4-4741-a40a-ad038c79b216,6,10,100,no
86873df7-323e-40b9-a8b5-f13e825c4437,40ac1472-e8b4-4741-a40a-ad038c79b216,7,10,100,no
86873df7-323e-40b9-a8b5-f13e825c4437,40ac1472-e8b4-4741-a40a-ad038c79b216,8,10,100,no
86873df7-323e-40b9-a8b5-f13e825c4437,40ac1472-e8b4-4741-a40a-ad038c79b216,9,10,100,no
86873df7-323e-40b9-a8b5-f13e825c4437,40ac1472-e8b4-4741-a40a-ad038c79b216,0,10,full,yes
86873df7-323e-40b9-a8b5-f13e825c4437,40ac1472-e8b4-4741-a40a-ad038c79b216,1,10,full,no
86873df7-323e-40b9-a8b5-f13e825c4437,40ac1472-e8b4-4741-a40a-ad038c79b216,2,10,full,no
86873df7-323e-40b9-a8b5-f13e825c4437,40ac1472-e8b4-4741-a40a-ad038c79b216,3,10,full,no
86873df7-323e-40b9-a8b5-f13e825c4437,40ac1472-e8b4-4741-a40a-ad038c79b216,4,10,full,no
86873df7-323e-40b9-a8b5-f13e825c4437,40ac1472-e8b4-4741-a40a-ad038c79b216,5,10,full,no
86873df7-323e-40b9-a8b5-f13e825c4437,40ac1472-e8b4-4741-a40a-ad038c79b216,6,10,full,no
86873df7-323e-40b9-a8b5-f13e825c4437,40ac1472-e8b4-4741-a40a-ad038c79b216,7,10,full,no
86873df7-323e-40b9-a8b5-f13e825c4437,40ac1472-e8b4-4741-a40a-ad038c79b216,8,10,full,no
86873df7-323e-40b9-a8b5-f13e825c4437,40ac1472-e8b4-4741-a40a-ad038c79b216,9,10,full,no
e6d3cdac-31bf-4908-a83d-9419882d3f98,ae373666-6f39-46fb-b038-932a3f72e3d0,0,1,10,no
e6d3cdac-31bf-4908-a83d-9419882d3f98,ae373666-6f39-46fb-b038-932a3f72e3d0,0,1,50,yes
e6d3cdac-31bf-4908-a83d-9419882d3f98,ae373666-6f39-46fb-b038-932a3f72e3d0,0,1,100,yes
e6d3cdac-31bf-4908-a83d-9419882d3f98,ae373666-6f39-46fb-b038-932a3f72e3d0,0,1,full,yes
e6d3cdac-31bf-4908-a83d-9419882d3f98,36ecf46d-7042-4d2a-b4e5-b15756bb7cf1,0,8,10,no
e6d3cdac-31bf-4908-a83d-9419882d3f98,36ecf46d-7042-4d2a-b4e5-b15756bb7cf1,1,8,10,no
e6d3cdac-31bf-4908-a83d-9419882d3f98,36ecf46d-7042-4d2a-b4e5-b15756bb7cf1,2,8,10,no
e6d3cdac-31bf-4908-a83d-9419882d3f98,36ecf46d-7042-4d2a-b4e5-b15756bb7cf1,3,8,10,no
e6d3cdac-31bf-4908-a83d-9419882d3f98,36ecf46d-7042-4d2a-b4e5-b15756bb7cf1,4,8,10,no
e6d3cdac-31bf-4908-a83d-9419882d3f98,36ecf46d-7042-4d2a-b4e5-b15756bb7cf1,5,8,10,no
e6d3cdac-31bf-4908-a83d-9419882d3f98,36ecf46d-7042-4d2a-b4e5-b15756bb7cf1,6,8,10,no
e6d3cdac-31bf-4908-a83d-9419882d3f98,36ecf46d-7042-4d2a-b4e5-b15756bb7cf1,7,8,10,no
e6d3cdac-31bf-4908-a83d-9419882d3f98,36ecf46d-7042-4d2a-b4e5-b15756bb7cf1,0,8,50,yes
e6d3cdac-31bf-4908-a83d-9419882d3f98,36ecf46d-7042-4d2a-b4e5-b15756bb7cf1,1,8,50,yes
e6d3cdac-31bf-4908-a83d-9419882d3f98,36ecf46d-7042-4d2a-b4e5-b15756bb7cf1,2,8,50,yes
e6d3cdac-31bf-4908-a83d-9419882d3f98,36ecf46d-7042-4d2a-b4e5-b15756bb7cf1,3,8,50,no
e6d3cdac-31bf-4908-a83d-9419882d3f98,36ecf46d-7042-4d2a-b4e5-b15756bb7cf1,4,8,50,yes
e6d3cdac-31bf-4908-a83d-9419882d3f98,36ecf46d-7042-4d2a-b4e5-b15756bb7cf1,5,8,50,yes
e6d3cdac-31bf-4908-a83d-9419882d3f98,36ecf46d-7042-4d2a-b4e5-b15756bb7cf1,6,8,50,yes
e6d3cdac-31bf-4908-a83d-9419882d3f98,36ecf46d-7042-4d2a-b4e5-b15756bb7cf1,7,8,50,no
e6d3cdac-31bf-4908-a83d-9419882d3f98,36ecf46d-7042-4d2a-b4e5-b15756bb7cf1,0,8,100,yes
e6d3cdac-31bf-4908-a83d-9419882d3f98,36ecf46d-7042-4d2a-b4e5-b15756bb7cf1,1,8,100,yes
e6d3cdac-31bf-4908-a83d-9419882d3f98,36ecf46d-7042-4d2a-b4e5-b15756bb7cf1,2,8,100,yes
e6d3cdac-31bf-4908-a83d-9419882d3f98,36ecf46d-7042-4d2a-b4e5-b15756bb7cf1,3,8,100,yes
e6d3cdac-31bf-4908-a83d-9419882d3f98,36ecf46d-7042-4d2a-b4e5-b15756bb7cf1,4,8,100,yes
e6d3cdac-31bf-4908-a83d-9419882d3f98,36ecf46d-7042-4d2a-b4e5-b15756bb7cf1,5,8,100,yes
e6d3cdac-31bf-4908-a83d-9419882d3f98,36ecf46d-7042-4d2a-b4e5-b15756bb7cf1,6,8,100,yes
e6d3cdac-31bf-4908-a83d-9419882d3f98,36ecf46d-7042-4d2a-b4e5-b15756bb7cf1,7,8,100,no
e6d3cdac-31bf-4908-a83d-9419882d3f98,36ecf46d-7042-4d2a-b4e5-b15756bb7cf1,0,8,full,yes
e6d3cdac-31bf-4908-a83d-9419882d3f98,36ecf46d-7042-4d2a-b4e5-b15756bb7cf1,1,8,full,yes
e6d3cdac-31bf-4908-a83d-9419882d3f98,36ecf46d-7042-4d2a-b4e5-b15756bb7cf1,2,8,full,yes
e6d3cdac-31bf-4908-a83d-9419882d3f98,36ecf46d-7042-4d2a-b4e5-b15756bb7cf1,3,8,full,yes
e6d3cdac-31bf-4908-a83d-9419882d3f98,36ecf46d-7042-4d2a-b4e5-b15756bb7cf1,4,8,full,yes
e6d3cdac-31bf-4908-a83d-9419882d3f98,36ecf46d-7042-4d2a-b4e5-b15756bb7cf1,5,8,full,yes
e6d3cdac-31bf-4908-a83d-9419882d3f98,36ecf46d-7042-4d2a-b4e5-b15756bb7cf1,6,8,full,yes
e6d3cdac-31bf-4908-a83d-9419882d3f98,36ecf46d-7042-4d2a-b4e5-b15756bb7cf1,7,8,full,no
e6d3cdac-31bf-4908-a83d-9419882d3f98,9f554205-d98a-4ee2-9874-2991cd94d3be,0,10,10,no
e6d3cdac-31bf-4908-a83d-9419882d3f98,9f554205-d98a-4ee2-9874-2991cd94d3be,1,10,10,no
e6d3cdac-31bf-4908-a83d-9419882d3f98,9f554205-d98a-4ee2-9874-2991cd94d3be,2,10,10,no
e6d3cdac-31bf-4908-a83d-9419882d3f98,9f554205-d98a-4ee2-9874-2991cd94d3be,3,10,10,no
e6d3cdac-31bf-4908-a83d-9419882d3f98,9f554205-d98a-4ee2-9874-2991cd94d3be,4,10,10,no
e6d3cdac-31bf-4908-a83d-9419882d3f98,9f554205-d98a-4ee2-9874-2991cd94d3be,5,10,10,no
e6d3cdac-31bf-4908-a83d-9419882d3f98,9f554205-d98a-4ee2-9874-2991cd94d3be,6,10,10,no
e6d3cdac-31bf-4908-a83d-9419882d3f98,9f554205-d98a-4ee2-9874-2991cd94d3be,7,10,10,no
e6d3cdac-31bf-4908-a83d-9419882d3f98,9f554205-d98a-4ee2-9874-2991cd94d3be,8,10,10,no
e6d3cdac-31bf-4908-a83d-9419882d3f98,9f554205-d98a-4ee2-9874-2991cd94d3be,9,10,10,no
e6d3cdac-31bf-4908-a83d-9419882d3f98,9f554205-d98a-4ee2-9874-2991cd94d3be,0,10,50,yes
e6d3cdac-31bf-4908-a83d-9419882d3f98,9f554205-d98a-4ee2-9874-2991cd94d3be,1,10,50,yes
e6d3cdac-31bf-4908-a83d-9419882d3f98,9f554205-d98a-4ee2-9874-2991cd94d3be,2,10,50,no
e6d3cdac-31bf-4908-a83d-9419882d3f98,9f554205-d98a-4ee2-9874-2991cd94d3be,3,10,50,yes
e6d3cdac-31bf-4908-a83d-9419882d3f98,9f554205-d98a-4ee2-9874-2991cd94d3be,4,10,50,no
e6d3cdac-31bf-4908-a83d-9419882d3f98,9f554205-d98a-4ee2-9874-2991cd94d3be,5,10,50,yes
e6d3cdac-31bf-4908-a83d-9419882d3f98,9f554205-d98a-4ee2-9874-2991cd94d3be,6,10,50,no
e6d3cdac-31bf-4908-a83d-9419882d3f98,9f554205-d98a-4ee2-9874-2991cd94d3be,7,10,50,no
e6d3cdac-31bf-4908-a83d-9419882d3f98,9f554205-d98a-4ee2-9874-2991cd94d3be,8,10,50,no
e6d3cdac-31bf-4908-a83d-9419882d3f98,9f554205-d98a-4ee2-9874-2991cd94d3be,9,10,50,yes
e6d3cdac-31bf-4908-a83d-9419882d3f98,9f554205-d98a-4ee2-9874-2991cd94d3be,0,10,100,yes
e6d3cdac-31bf-4908-a83d-9419882d3f98,9f554205-d98a-4ee2-9874-2991cd94d3be,1,10,100,no
e6d3cdac-31bf-4908-a83d-9419882d3f98,9f554205-d98a-4ee2-9874-2991cd94d3be,2,10,100,yes
e6d3cdac-31bf-4908-a83d-9419882d3f98,9f554205-d98a-4ee2-9874-2991cd94d3be,3,10,100,no
e6d3cdac-31bf-4908-a83d-9419882d3f98,9f554205-d98a-4ee2-9874-2991cd94d3be,4,10,100,no
e6d3cdac-31bf-4908-a83d-9419882d3f98,9f554205-d98a-4ee2-9874-2991cd94d3be,5,10,100,yes
e6d3cdac-31bf-4908-a83d-9419882d3f98,9f554205-d98a-4ee2-9874-2991cd94d3be,6,10,100,no
e6d3cdac-31bf-4908-a83d-9419882d3f98,9f554205-d98a-4ee2-9874-2991cd94d3be,7,10,100,no
e6d3cdac-31bf-4908-a83d-9419882d3f98,9f554205-d98a-4ee2-9874-2991cd94d3be,8,10,100,no
e6d3cdac-31bf-4908-a83d-9419882d3f98,9f554205-d98a-4ee2-9874-2991cd94d3be,9,10,100,no
e6d3cdac-31bf-4908-a83d-9419882d3f98,9f554205-d98a-4ee2-9874-2991cd94d3be,0,10,full,yes
e6d3cdac-31bf-4908-a83d-9419882d3f98,9f554205-d98a-4ee2-9874-2991cd94d3be,1,10,full,no
e6d3cdac-31bf-4908-a83d-9419882d3f98,9f554205-d98a-4ee2-9874-2991cd94d3be,2,10,full,yes
e6d3cdac-31bf-4908-a83d-9419882d3f98,9f554205-d98a-4ee2-9874-2991cd94d3be,3,10,full,no
e6d3cdac-31bf-4908-a83d-9419882d3f98,9f554205-d98a-4ee2-9874-2991cd94d3be,4,10,full,no
e6d3cdac-31bf-4908-a83d-9419882d3f98,9f554205-d98a-4ee2-9874-2991cd94d3be,5,10,full,yes
e6d3cdac-31bf-4908-a83d-9419882d3f98,9f554205-d98a-4ee2-9874-2991cd94d3be,6,10,full,no
e6d3cdac-31bf-4908-a83d-9419882d3f98,9f554205-d98a-4ee2-9874-2991cd94d3be,7,10,full,no
e6d3cdac-31bf-4908-a83d-9419882d3f98,9f554205-d98a-4ee2-9874-2991cd94d3be,8,10,full,no
e6d3cdac-31bf-4908-a83d-9419882d3f98,9f554205-d98a-4ee2-9874-2991cd94d3be,9,10,full,no
eaae21ad-1c17-445e-8662-d29aa242b085,dc3bcae5-b074-445f-8951-32aff7aaa0bb,0,1,10,no
eaae21ad-1c17-445e-8662-d29aa242b085,dc3bcae5-b074-445f-8951-32aff7aaa0bb,0,1,50,yes
eaae21ad-1c17-445e-8662-d29aa242b085,dc3bcae5-b074-445f-8951-32aff7aaa0bb,0,1,100,yes
eaae21ad-1c17-445e-8662-d29aa242b085,dc3bcae5-b074-445f-8951-32aff7aaa0bb,0,1,full,yes
eaae21ad-1c17-445e-8662-d29aa242b085,ad55438a-6f3e-44c8-b9fe-64cb5d8a7338,0,8,10,no
eaae21ad-1c17-445e-8662-d29aa242b085,ad55438a-6f3e-44c8-b9fe-64cb5d8a7338,1,8,10,no
eaae21ad-1c17-445e-8662-d29aa242b085,ad55438a-6f3e-44c8-b9fe-64cb5d8a7338,2,8,10,no
eaae21ad-1c17-445e-8662-d29aa242b085,ad55438a-6f3e-44c8-b9fe-64cb5d8a7338,3,8,10,no
eaae21ad-1c17-445e-8662-d29aa242b085,ad55438a-6f3e-44c8-b9fe-64cb5d8a7338,4,8,10,no
eaae21ad-1c17-445e-8662-d29aa242b085,ad55438a-6f3e-44c8-b9fe-64cb5d8a7338,5,8,10,no
eaae21ad-1c17-445e-8662-d29aa242b085,ad55438a-6f3e-44c8-b9fe-64cb5d8a7338,6,8,10,no
eaae21ad-1c17-445e-8662-d29aa242b085,ad55438a-6f3e-44c8-b9fe-64cb5d8a7338,7,8,10,no
eaae21ad-1c17-445e-8662-d29aa242b085,ad55438a-6f3e-44c8-b9fe-64cb5d8a7338,0,8,50,yes
eaae21ad-1c17-445e-8662-d29aa242b085,ad55438a-6f3e-44c8-b9fe-64cb5d8a7338,1,8,50,yes
eaae21ad-1c17-445e-8662-d29aa242b085,ad55438a-6f3e-44c8-b9fe-64cb5d8a7338,2,8,50,yes
eaae21ad-1c17-445e-8662-d29aa242b085,ad55438a-6f3e-44c8-b9fe-64cb5d8a7338,3,8,50,yes
eaae21ad-1c17-445e-8662-d29aa242b085,ad55438a-6f3e-44c8-b9fe-64cb5d8a7338,4,8,50,yes
eaae21ad-1c17-445e-8662-d29aa242b085,ad55438a-6f3e-44c8-b9fe-64cb5d8a7338,5,8,50,yes
eaae21ad-1c17-445e-8662-d29aa242b085,ad55438a-6f3e-44c8-b9fe-64cb5d8a7338,6,8,50,yes
eaae21ad-1c17-445e-8662-d29aa242b085,ad55438a-6f3e-44c8-b9fe-64cb5d8a7338,7,8,50,yes
eaae21ad-1c17-445e-8662-d29aa242b085,ad55438a-6f3e-44c8-b9fe-64cb5d8a7338,0,8,100,yes
eaae21ad-1c17-445e-8662-d29aa242b085,ad55438a-6f3e-44c8-b9fe-64cb5d8a7338,1,8,100,yes
eaae21ad-1c17-445e-8662-d29aa242b085,ad55438a-6f3e-44c8-b9fe-64cb5d8a7338,2,8,100,yes
eaae21ad-1c17-445e-8662-d29aa242b085,ad55438a-6f3e-44c8-b9fe-64cb5d8a7338,3,8,100,yes
eaae21ad-1c17-445e-8662-d29aa242b085,ad55438a-6f3e-44c8-b9fe-64cb5d8a7338,4,8,100,yes
eaae21ad-1c17-445e-8662-d29aa242b085,ad55438a-6f3e-44c8-b9fe-64cb5d8a7338,5,8,100,yes
eaae21ad-1c17-445e-8662-d29aa242b085,ad55438a-6f3e-44c8-b9fe-64cb5d8a7338,6,8,100,yes
eaae21ad-1c17-445e-8662-d29aa242b085,ad55438a-6f3e-44c8-b9fe-64cb5d8a7338,7,8,100,yes
eaae21ad-1c17-445e-8662-d29aa242b085,ad55438a-6f3e-44c8-b9fe-64cb5d8a7338,0,8,full,yes
eaae21ad-1c17-445e-8662-d29aa242b085,ad55438a-6f3e-44c8-b9fe-64cb5d8a7338,1,8,full,yes
eaae21ad-1c17-445e-8662-d29aa242b085,ad55438a-6f3e-44c8-b9fe-64cb5d8a7338,2,8,full,yes
eaae21ad-1c17-445e-8662-d29aa242b085,ad55438a-6f3e-44c8-b9fe-64cb5d8a7338,3,8,full,yes
eaae21ad-1c17-445e-8662-d29aa242b085,ad55438a-6f3e-44c8-b9fe-64cb5d8a7338,4,8,full,yes
eaae21ad-1c17-445e-8662-d29aa242b085,ad55438a-6f3e-44c8-b9fe-64cb5d8a7338,5,8,full,yes
eaae21ad-1c17-445e-8662-d29aa242b085,ad55438a-6f3e-44c8-b9fe-64cb5d8a7338,6,8,full,yes
eaae21ad-1c17-445e-8662-d29aa242b085,ad55438a-6f3e-44c8-b9fe-64cb5d8a7338,7,8,full,yes
eaae21ad-1c17-445e-8662-d29aa242b085,9dbe34ea-f164-4238-a664-8cce5a403a69,0,10,10,no
eaae21ad-1c17-445e-8662-d29aa242b085,9dbe34ea-f164-4238-a664-8cce5a403a69,1,10,10,no
eaae21ad-1c17-445e-8662-d29aa242b085,9dbe34ea-f164-4238-a664-8cce5a403a69,2,10,10,no
eaae21ad-1c17-445e-8662-d29aa242b085,9dbe34ea-f164-4238-a664-8cce5a403a69,3,10,10,no
eaae21ad-1c17-445e-8662-d29aa242b085,9dbe34ea-f164-4238-a664-8cce5a403a69,4,10,10,no
eaae21ad-1c17-445e-8662-d29aa242b085,9dbe34ea-f164-4238-a664-8cce5a403a69,5,10,10,no
eaae21ad-1c17-445e-8662-d29aa242b085,9dbe34ea-f164-4238-a664-8cce5a403a69,6,10,10,no
eaae21ad-1c17-445e-8662-d29aa242b085,9dbe34ea-f164-4238-a664-8cce5a403a69,7,10,10,no
eaae21ad-1c17-445e-8662-d29aa242b085,9dbe34ea-f164-4238-a664-8cce5a403a69,8,10,10,no
eaae21ad-1c17-445e-8662-d29aa242b085,9dbe34ea-f164-4238-a664-8cce5a403a69,9,10,10,no
eaae21ad-1c17-445e-8662-d29aa242b085,9dbe34ea-f164-4238-a664-8cce5a403a69,0,10,50,yes
eaae21ad-1c17-445e-8662-d29aa242b085,9dbe34ea-f164-4238-a664-8cce5a403a69,1,10,50,no
eaae21ad-1c17-445e-8662-d29aa242b085,9dbe34ea-f164-4238-a664-8cce5a403a69,2,10,50,yes
eaae21ad-1c17-445e-8662-d29aa242b085,9dbe34ea-f164-4238-a664-8cce5a403a69,3,10,50,yes
eaae21ad-1c17-445e-8662-d29aa242b085,9dbe34ea-f164-4238-a664-8cce5a403a69,4,10,50,yes
eaae21ad-1c17-445e-8662-d29aa242b085,9dbe34ea-f164-4238-a664-8cce5a403a69,5,10,50,yes
eaae21ad-1c17-445e-8662-d29aa242b085,9dbe34ea-f164-4238-a664-8cce5a403a69,6,10,50,yes
eaae21ad-1c17-445e-8662-d29aa242b085,9dbe34ea-f164-4238-a664-8cce5a403a69,7,10,50,yes
eaae21ad-1c17-445e-8662-d29aa242b085,9dbe34ea-f164-4238-a664-8cce5a403a69,8,10,50,no
eaae21ad-1c17-445e-8662-d29aa242b085,9dbe34ea-f164-4238-a664-8cce5a403a69,9,10,50,no
eaae21ad-1c17-445e-8662-d29aa242b085,9dbe34ea-f164-4238-a664-8cce5a403a69,0,10,100,yes
eaae21ad-1c17-445e-8662-d29aa242b085,9dbe34ea-f164-4238-a664-8cce5a403a69,1,10,100,yes
eaae21ad-1c17-445e-8662-d29aa242b085,9dbe34ea-f164-4238-a664-8cce5a403a69,2,10,100,yes
eaae21ad-1c17-445e-8662-d29aa242b085,9dbe34ea-f164-4238-a664-8cce5a403a69,3,10,100,yes
eaae21ad-1c17-445e-8662-d29aa242b085,9dbe34ea-f164-4238-a664-8cce5a403a69,4,10,100,yes
eaae21ad-1c17-445e-8662-d29aa242b085,9dbe34ea-f164-4238-a664-8cce5a403a69,5,10,100,yes
eaae21ad-1c17-445e-8662-d29aa242b085,9dbe34ea-f164-4238-a664-8cce5a403a69,6,10,100,yes
eaae21ad-1c17-445e-8662-d29aa242b085,9dbe34ea-f164-4238-a664-8cce5a403a69,7,10,100,yes
eaae21ad-1c17-445e-8662-d29aa242b085,9dbe34ea-f164-4238-a664-8cce5a403a69,8,10,100,yes
eaae21ad-1c17-445e-8662-d29aa242b085,9dbe34ea-f164-4238-a664-8cce5a403a69,9,10,100,yes
eaae21ad-1c17-445e-8662-d29aa242b085,9dbe34ea-f164-4238-a664-8cce5a403a69,0,10,full,yes
eaae21ad-1c17-445e-8662-d29aa242b085,9dbe34ea-f164-4238-a664-8cce5a403a69,1,10,full,yes
eaae21ad-1c17-445e-8662-d29aa242b085,9dbe34ea-f164-4238-a664-8cce5a403a69,2,10,full,yes
eaae21ad-1c17-445e-8662-d29aa242b085,9dbe34ea-f164-4238-a664-8cce5a403a69,3,10,full,yes
eaae21ad-1c17-445e-8662-d29aa242b085,9dbe34ea-f164-4238-a664-8cce5a403a69,4,10,full,yes
eaae21ad-1c17-445e-8662-d29aa242b085,9dbe34ea-f164-4238-a664-8cce5a403a69,5,10,full,yes
eaae21ad-1c17-445e-8662-d29aa242b085,9dbe34ea-f164-4238-a664-8cce5a403a69,6,10,full,yes
eaae21ad-1c17-445e-8662-d29aa242b085,9dbe34ea-f164-4238-a664-8cce5a403a69,7,10,full,yes
eaae21ad-1c17-445e-8662-d29aa242b085,9dbe34ea-f164-4238-a664-8cce5a403a69,8,10,full,yes
eaae21ad-1c17-445e-8662-d29aa242b085,9dbe34ea-f164-4238-a664-8cce5a403a69,9,10,full,yes
29010eff-b6a0-4de7-953e-8953601cfda2,88975411-3d29-4da0-a8af-537eed179e23,0,1,10,no
29010eff-b6a0-4de7-953e-8953601cfda2,88975411-3d29-4da0-a8af-537eed179e23,0,1,50,no
29010eff-b6a0-4de7-953e-8953601cfda2,88975411-3d29-4da0-a8af-537eed179e23,0,1,100,no
29010eff-b6a0-4de7-953e-8953601cfda2,88975411-3d29-4da0-a8af-537eed179e23,0,1,full,no
29010eff-b6a0-4de7-953e-8953601cfda2,51e5ebcf-f008-4319-ad32-ef48797f015c,0,8,10,no
29010eff-b6a0-4de7-953e-8953601cfda2,51e5ebcf-f008-4319-ad32-ef48797f015c,1,8,10,no
29010eff-b6a0-4de7-953e-8953601cfda2,51e5ebcf-f008-4319-ad32-ef48797f015c,2,8,10,no
29010eff-b6a0-4de7-953e-8953601cfda2,51e5ebcf-f008-4319-ad32-ef48797f015c,3,8,10,no
29010eff-b6a0-4de7-953e-8953601cfda2,51e5ebcf-f008-4319-ad32-ef48797f015c,4,8,10,no
29010eff-b6a0-4de7-953e-8953601cfda2,51e5ebcf-f008-4319-ad32-ef48797f015c,5,8,10,no
29010eff-b6a0-4de7-953e-8953601cfda2,51e5ebcf-f008-4319-ad32-ef48797f015c,6,8,10,no
29010eff-b6a0-4de7-953e-8953601cfda2,51e5ebcf-f008-4319-ad32-ef48797f015c,7,8,10,no
29010eff-b6a0-4de7-953e-8953601cfda2,51e5ebcf-f008-4319-ad32-ef48797f015c,0,8,50,no
29010eff-b6a0-4de7-953e-8953601cfda2,51e5ebcf-f008-4319-ad32-ef48797f015c,1,8,50,no
29010eff-b6a0-4de7-953e-8953601cfda2,51e5ebcf-f008-4319-ad32-ef48797f015c,2,8,50,no
29010eff-b6a0-4de7-953e-8953601cfda2,51e5ebcf-f008-4319-ad32-ef48797f015c,3,8,50,no
29010eff-b6a0-4de7-953e-8953601cfda2,51e5ebcf-f008-4319-ad32-ef48797f015c,4,8,50,no
29010eff-b6a0-4de7-953e-8953601cfda2,51e5ebcf-f008-4319-ad32-ef48797f015c,5,8,50,no
29010eff-b6a0-4de7-953e-8953601cfda2,51e5ebcf-f008-4319-ad32-ef48797f015c,6,8,50,no
29010eff-b6a0-4de7-953e-8953601cfda2,51e5ebcf-f008-4319-ad32-ef48797f015c,7,8,50,no
29010eff-b6a0-4de7-953e-8953601cfda2,51e5ebcf-f008-4319-ad32-ef48797f015c,0,8,100,no
29010eff-b6a0-4de7-953e-8953601cfda2,51e5ebcf-f008-4319-ad32-ef48797f015c,1,8,100,no
29010eff-b6a0-4de7-953e-8953601cfda2,51e5ebcf-f008-4319-ad32-ef48797f015c,2,8,100,no
29010eff-b6a0-4de7-953e-8953601cfda2,51e5ebcf-f008-4319-ad32-ef48797f015c,3,8,100,no
29010eff-b6a0-4de7-953e-8953601cfda2,51e5ebcf-f008-4319-ad32-ef48797f015c,4,8,100,no
29010eff-b6a0-4de7-953e-8953601cfda2,51e5ebcf-f008-4319-ad32-ef48797f015c,5,8,100,no
29010eff-b6a0-4de7-953e-8953601cfda2,51e5ebcf-f008-4319-ad32-ef48797f015c,6,8,100,no
29010eff-b6a0-4de7-953e-8953601cfda2,51e5ebcf-f008-4319-ad32-ef48797f015c,7,8,100,no
29010eff-b6a0-4de7-953e-8953601cfda2,51e5ebcf-f008-4319-ad32-ef48797f015c,0,8,full,no
29010eff-b6a0-4de7-953e-8953601cfda2,51e5ebcf-f008-4319-ad32-ef48797f015c,1,8,full,no
29010eff-b6a0-4de7-953e-8953601cfda2,51e5ebcf-f008-4319-ad32-ef48797f015c,2,8,full,no
29010eff-b6a0-4de7-953e-8953601cfda2,51e5ebcf-f008-4319-ad32-ef48797f015c,3,8,full,no
29010eff-b6a0-4de7-953e-8953601cfda2,51e5ebcf-f008-4319-ad32-ef48797f015c,4,8,full,no
29010eff-b6a0-4de7-953e-8953601cfda2,51e5ebcf-f008-4319-ad32-ef48797f015c,5,8,full,no
29010eff-b6a0-4de7-953e-8953601cfda2,51e5ebcf-f008-4319-ad32-ef48797f015c,6,8,full,no
29010eff-b6a0-4de7-953e-8953601cfda2,51e5ebcf-f008-4319-ad32-ef48797f015c,7,8,full,no
29010eff-b6a0-4de7-953e-8953601cfda2,38d29936-d9d1-4f8a-a321-87e6026797d9,0,10,10,no
29010eff-b6a0-4de7-953e-8953601cfda2,38d29936-d9d1-4f8a-a321-87e6026797d9,1,10,10,no
29010eff-b6a0-4de7-953e-8953601cfda2,38d29936-d9d1-4f8a-a321-87e6026797d9,2,10,10,no
29010eff-b6a0-4de7-953e-8953601cfda2,38d29936-d9d1-4f8a-a321-87e6026797d9,3,10,10,no
29010eff-b6a0-4de7-953e-8953601cfda2,38d29936-d9d1-4f8a-a321-87e6026797d9,4,10,10,no
29010eff-b6a0-4de7-953e-8953601cfda2,38d29936-d9d1-4f8a-a321-87e6026797d9,5,10,10,no
29010eff-b6a0-4de7-953e-8953601cfda2,38d29936-d9d1-4f8a-a321-87e6026797d9,6,10,10,no
29010eff-b6a0-4de7-953e-8953601cfda2,38d29936-d9d1-4f8a-a321-87e6026797d9,7,10,10,no
29010eff-b6a0-4de7-953e-8953601cfda2,38d29936-d9d1-4f8a-a321-87e6026797d9,8,10,10,no
29010eff-b6a0-4de7-953e-8953601cfda2,38d29936-d9d1-4f8a-a321-87e6026797d9,9,10,10,no
29010eff-b6a0-4de7-953e-8953601cfda2,38d29936-d9d1-4f8a-a321-87e6026797d9,0,10,50,no
29010eff-b6a0-4de7-953e-8953601cfda2,38d29936-d9d1-4f8a-a321-87e6026797d9,1,10,50,no
29010eff-b6a0-4de7-953e-8953601cfda2,38d29936-d9d1-4f8a-a321-87e6026797d9,2,10,50,no
29010eff-b6a0-4de7-953e-8953601cfda2,38d29936-d9d1-4f8a-a321-87e6026797d9,3,10,50,no
29010eff-b6a0-4de7-953e-8953601cfda2,38d29936-d9d1-4f8a-a321-87e6026797d9,4,10,50,no
29010eff-b6a0-4de7-953e-8953601cfda2,38d29936-d9d1-4f8a-a321-87e6026797d9,5,10,50,no
29010eff-b6a0-4de7-953e-8953601cfda2,38d29936-d9d1-4f8a-a321-87e6026797d9,6,10,50,no
29010eff-b6a0-4de7-953e-8953601cfda2,38d29936-d9d1-4f8a-a321-87e6026797d9,7,10,50,no
29010eff-b6a0-4de7-953e-8953601cfda2,38d29936-d9d1-4f8a-a321-87e6026797d9,8,10,50,no
29010eff-b6a0-4de7-953e-8953601cfda2,38d29936-d9d1-4f8a-a321-87e6026797d9,9,10,50,no
29010eff-b6a0-4de7-953e-8953601cfda2,38d29936-d9d1-4f8a-a321-87e6026797d9,0,10,100,no
29010eff-b6a0-4de7-953e-8953601cfda2,38d29936-d9d1-4f8a-a321-87e6026797d9,1,10,100,no
29010eff-b6a0-4de7-953e-8953601cfda2,38d29936-d9d1-4f8a-a321-87e6026797d9,2,10,100,no
29010eff-b6a0-4de7-953e-8953601cfda2,38d29936-d9d1-4f8a-a321-87e6026797d9,3,10,100,no
29010eff-b6a0-4de7-953e-8953601cfda2,38d29936-d9d1-4f8a-a321-87e6026797d9,4,10,100,no
29010eff-b6a0-4de7-953e-8953601cfda2,38d29936-d9d1-4f8a-a321-87e6026797d9,5,10,100,no
29010eff-b6a0-4de7-953e-8953601cfda2,38d29936-d9d1-4f8a-a321-87e6026797d9,6,10,100,no
29010eff-b6a0-4de7-953e-8953601cfda2,38d29936-d9d1-4f8a-a321-87e6026797d9,7,10,100,no
29010eff-b6a0-4de7-953e-8953601cfda2,38d29936-d9d1-4f8a-a321-87e6026797d9,8,10,100,no
29010eff-b6a0-4de7-953e-8953601cfda2,38d29936-d9d1-4f8a-a321-87e6026797d9,9,10,100,no
29010eff-b6a0-4de7-953e-8953601cfda2,38d29936-d9d1-4f8a-a321-87e6026797d9,0,10,full,no
29010eff-b6a0-4de7-953e-8953601cfda2,38d29936-d9d1-4f8a-a321-87e6026797d9,1,10,full,no
29010eff-b6a0-4de7-953e-8953601cfda2,38d29936-d9d1-4f8a-a321-87e6026797d9,2,10,full,no
29010eff-b6a0-4de7-953e-8953601cfda2,38d29936-d9d1-4f8a-a321-87e6026797d9,3,10,full,no
29010eff-b6a0-4de7-953e-8953601cfda2,38d29936-d9d1-4f8a-a321-87e6026797d9,4,10,full,no
29010eff-b6a0-4de7-953e-8953601cfda2,38d29936-d9d1-4f8a-a321-87e6026797d9,5,10,full,no
29010eff-b6a0-4de7-953e-8953601cfda2,38d29936-d9d1-4f8a-a321-87e6026797d9,6,10,full,no
29010eff-b6a0-4de7-953e-8953601cfda2,38d29936-d9d1-4f8a-a321-87e6026797d9,7,10,full,no
29010eff-b6a0-4de7-953e-8953601cfda2,38d29936-d9d1-4f8a-a321-87e6026797d9,8,10,full,no
29010eff-b6a0-4de7-953e-8953601cfda2,38d29936-d9d1-4f8a-a321-87e6026797d9,9,10,full,no
041b3bbb-48e7-4ee1-8254-2218698ea01e,f8f3ceb0-cbc0-4a7c-983b-8d5bb0cb7c0a,0,1,10,no
041b3bbb-48e7-4ee1-8254-2218698ea01e,f8f3ceb0-cbc0-4a7c-983b-8d5bb0cb7c0a,0,1,50,no
041b3bbb-48e7-4ee1-8254-2218698ea01e,f8f3ceb0-cbc0-4a7c-983b-8d5bb0cb7c0a,0,1,100,no
041b3bbb-48e7-4ee1-8254-2218698ea01e,f8f3ceb0-cbc0-4a7c-983b-8d5bb0cb7c0a,0,1,full,no
041b3bbb-48e7-4ee1-8254-2218698ea01e,0c83fb84-1ada-4629-a142-6e5a648e5df8,0,8,10,no
041b3bbb-48e7-4ee1-8254-2218698ea01e,0c83fb84-1ada-4629-a142-6e5a648e5df8,1,8,10,no
041b3bbb-48e7-4ee1-8254-2218698ea01e,0c83fb84-1ada-4629-a142-6e5a648e5df8,2,8,10,no
041b3bbb-48e7-4ee1-8254-2218698ea01e,0c83fb84-1ada-4629-a142-6e5a648e5df8,3,8,10,no
041b3bbb-48e7-4ee1-8254-2218698ea01e,0c83fb84-1ada-4629-a142-6e5a648e5df8,4,8,10,no
041b3bbb-48e7-4ee1-8254-2218698ea01e,0c83fb84-1ada-4629-a142-6e5a648e5df8,5,8,10,no
041b3bbb-48e7-4ee1-8254-2218698ea01e,0c83fb84-1ada-4629-a142-6e5a648e5df8,6,8,10,no
041b3bbb-48e7-4ee1-8254-2218698ea01e,0c83fb84-1ada-4629-a142-6e5a648e5df8,7,8,10,no
041b3bbb-48e7-4ee1-8254-2218698ea01e,0c83fb84-1ada-4629-a142-6e5a648e5df8,0,8,50,no
041b3bbb-48e7-4ee1-8254-2218698ea01e,0c83fb84-1ada-4629-a142-6e5a648e5df8,1,8,50,no
041b3bbb-48e7-4ee1-8254-2218698ea01e,0c83fb84-1ada-4629-a142-6e5a648e5df8,2,8,50,no
041b3bbb-48e7-4ee1-8254-2218698ea01e,0c83fb84-1ada-4629-a142-6e5a648e5df8,3,8,50,no
041b3bbb-48e7-4ee1-8254-2218698ea01e,0c83fb84-1ada-4629-a142-6e5a648e5df8,4,8,50,no
041b3bbb-48e7-4ee1-8254-2218698ea01e,0c83fb84-1ada-4629-a142-6e5a648e5df8,5,8,50,no
041b3bbb-48e7-4ee1-8254-2218698ea01e,0c83fb84-1ada-4629-a142-6e5a648e5df8,6,8,50,no
041b3bbb-48e7-4ee1-8254-2218698ea01e,0c83fb84-1ada-4629-a142-6e5a648e5df8,7,8,50,no
041b3bbb-48e7-4ee1-8254-2218698ea01e,0c83fb84-1ada-4629-a142-6e5a648e5df8,0,8,100,no
041b3bbb-48e7-4ee1-8254-2218698ea01e,0c83fb84-1ada-4629-a142-6e5a648e5df8,1,8,100,no
041b3bbb-48e7-4ee1-8254-2218698ea01e,0c83fb84-1ada-4629-a142-6e5a648e5df8,2,8,100,no
041b3bbb-48e7-4ee1-8254-2218698ea01e,0c83fb84-1ada-4629-a142-6e5a648e5df8,3,8,100,no
041b3bbb-48e7-4ee1-8254-2218698ea01e,0c83fb84-1ada-4629-a142-6e5a648e5df8,4,8,100,no
041b3bbb-48e7-4ee1-8254-2218698ea01e,0c83fb84-1ada-4629-a142-6e5a648e5df8,5,8,100,no
041b3bbb-48e7-4ee1-8254-2218698ea01e,0c83fb84-1ada-4629-a142-6e5a648e5df8,6,8,100,no
041b3bbb-48e7-4ee1-8254-2218698ea01e,0c83fb84-1ada-4629-a142-6e5a648e5df8,7,8,100,no
041b3bbb-48e7-4ee1-8254-2218698ea01e,0c83fb84-1ada-4629-a142-6e5a648e5df8,0,8,full,no
041b3bbb-48e7-4ee1-8254-2218698ea01e,0c83fb84-1ada-4629-a142-6e5a648e5df8,1,8,full,no
041b3bbb-48e7-4ee1-8254-2218698ea01e,0c83fb84-1ada-4629-a142-6e5a648e5df8,2,8,full,no
041b3bbb-48e7-4ee1-8254-2218698ea01e,0c83fb84-1ada-4629-a142-6e5a648e5df8,3,8,full,no
041b3bbb-48e7-4ee1-8254-2218698ea01e,0c83fb84-1ada-4629-a142-6e5a648e5df8,4,8,full,no
041b3bbb-48e7-4ee1-8254-2218698ea01e,0c83fb84-1ada-4629-a142-6e5a648e5df8,5,8,full,no
041b3bbb-48e7-4ee1-8254-2218698ea01e,0c83fb84-1ada-4629-a142-6e5a648e5df8,6,8,full,no
041b3bbb-48e7-4ee1-8254-2218698ea01e,0c83fb84-1ada-4629-a142-6e5a648e5df8,7,8,full,no
041b3bbb-48e7-4ee1-8254-2218698ea01e,1a50dc56-eb14-4af2-a734-92eacf473633,0,10,10,no
041b3bbb-48e7-4ee1-8254-2218698ea01e,1a50dc56-eb14-4af2-a734-92eacf473633,1,10,10,no
041b3bbb-48e7-4ee1-8254-2218698ea01e,1a50dc56-eb14-4af2-a734-92eacf473633,2,10,10,no
041b3bbb-48e7-4ee1-8254-2218698ea01e,1a50dc56-eb14-4af2-a734-92eacf473633,3,10,10,no
041b3bbb-48e7-4ee1-8254-2218698ea01e,1a50dc56-eb14-4af2-a734-92eacf473633,4,10,10,no
041b3bbb-48e7-4ee1-8254-2218698ea01e,1a50dc56-eb14-4af2-a734-92eacf473633,5,10,10,no
041b3bbb-48e7-4ee1-8254-2218698ea01e,1a50dc56-eb14-4af2-a734-92eacf473633,6,10,10,no
041b3bbb-48e7-4ee1-8254-2218698ea01e,1a50dc56-eb14-4af2-a734-92eacf473633,7,10,10,no
041b3bbb-48e7-4ee1-8254-2218698ea01e,1a50dc56-eb14-4af2-a734-92eacf473633,8,10,10,no
041b3bbb-48e7-4ee1-8254-2218698ea01e,1a50dc56-eb14-4af2-a734-92eacf473633,9,10,10,no
041b3bbb-48e7-4ee1-8254-2218698ea01e,1a50dc56-eb14-4af2-a734-92eacf473633,0,10,50,no
041b3bbb-48e7-4ee1-8254-2218698ea01e,1a50dc56-eb14-4af2-a734-92eacf473633,1,10,50,no
041b3bbb-48e7-4ee1-8254-2218698ea01e,1a50dc56-eb14-4af2-a734-92eacf473633,2,10,50,no
041b3bbb-48e7-4ee1-8254-2218698ea01e,1a50dc56-eb14-4af2-a734-92eacf473633,3,10,50,no
041b3bbb-48e7-4ee1-8254-2218698ea01e,1a50dc56-eb14-4af2-a734-92eacf473633,4,10,50,no
041b3bbb-48e7-4ee1-8254-2218698ea01e,1a50dc56-eb14-4af2-a734-92eacf473633,5,10,50,no
041b3bbb-48e7-4ee1-8254-2218698ea01e,1a50dc56-eb14-4af2-a734-92eacf473633,6,10,50,no
041b3bbb-48e7-4ee1-8254-2218698ea01e,1a50dc56-eb14-4af2-a734-92eacf473633,7,10,50,no
041b3bbb-48e7-4ee1-8254-2218698ea01e,1a50dc56-eb14-4af2-a734-92eacf473633,8,10,50,no
041b3bbb-48e7-4ee1-8254-2218698ea01e,1a50dc56-eb14-4af2-a734-92eacf473633,9,10,50,no
041b3bbb-48e7-4ee1-8254-2218698ea01e,1a50dc56-eb14-4af2-a734-92eacf473633,0,10,100,no
041b3bbb-48e7-4ee1-8254-2218698ea01e,1a50dc56-eb14-4af2-a734-92eacf473633,1,10,100,no
041b3bbb-48e7-4ee1-8254-2218698ea01e,1a50dc56-eb14-4af2-a734-92eacf473633,2,10,100,no
041b3bbb-48e7-4ee1-8254-2218698ea01e,1a50dc56-eb14-4af2-a734-92eacf473633,3,10,100,no
041b3bbb-48e7-4ee1-8254-2218698ea01e,1a50dc56-eb14-4af2-a734-92eacf473633,4,10,100,no
041b3bbb-48e7-4ee1-8254-2218698ea01e,1a50dc56-eb14-4af2-a734-92eacf473633,5,10,100,no
041b3bbb-48e7-4ee1-8254-2218698ea01e,1a50dc56-eb14-4af2-a734-92eacf473633,6,10,100,no
041b3bbb-48e7-4ee1-8254-2218698ea01e,1a50dc56-eb14-4af2-a734-92eacf473633,7,10,100,no
041b3bbb-48e7-4ee1-8254-2218698ea01e,1a50dc56-eb14-4af2-a734-92eacf473633,8,10,100,no
041b3bbb-48e7-4ee1-8254-2218698ea01e,1a50dc56-eb14-4af2-a734-92eacf473633,9,10,100,no
041b3bbb-48e7-4ee1-8254-2218698ea01e,1a50dc56-eb14-4af2-a734-92eacf473633,0,10,full,no
041b3bbb-48e7-4ee1-8254-2218698ea01e,1a50dc56-eb14-4af2-a734-92eacf473633,1,10,full,no
041b3bbb-48e7-4ee1-8254-2218698ea01e,1a50dc56-eb14-4af2-a734-92eacf473633,2,10,full,no
041b3bbb-48e7-4ee1-8254-2218698ea01e,1a50dc56-eb14-4af2-a734-92eacf473633,3,10,full,no
041b3bbb-48e7-4ee1-8254-2218698ea01e,1a50dc56-eb14-4af2-a734-92eacf473633,4,10,full,no
041b3bbb-48e7-4ee1-8254-2218698ea01e,1a50dc56-eb14-4af2-a734-92eacf473633,5,10,full,no
041b3bbb-48e7-4ee1-8254-2218698ea01e,1a50dc56-eb14-4af2-a734-92eacf473633,6,10,full,no
041b3bbb-48e7-4ee1-8254-2218698ea01e,1a50dc56-eb14-4af2-a734-92eacf473633,7,10,full,no
041b3bbb-48e7-4ee1-8254-2218698ea01e,1a50dc56-eb14-4af2-a734-92eacf473633,8,10,full,no
041b3bbb-48e7-4ee1-8254-2218698ea01e,1a50dc56-eb14-4af2-a734-92eacf473633,9,10,full,no
4e39288f-028a-4649-8ddc-2846acceb89e,83fad3b0-81b4-4548-80f1-cde88ce8c944,0,1,10,no
4e39288f-028a-4649-8ddc-2846acceb89e,83fad3b0-81b4-4548-80f1-cde88ce8c944,0,1,50,yes
4e39288f-028a-4649-8ddc-2846acceb89e,83fad3b0-81b4-4548-80f1-cde88ce8c944,0,1,100,yes
4e39288f-028a-4649-8ddc-2846acceb89e,83fad3b0-81b4-4548-80f1-cde88ce8c944,0,1,full,yes
4e39288f-028a-4649-8ddc-2846acceb89e,ac5da2a6-ac1b-4f45-bd82-00bfb001d84a,0,8,10,no
4e39288f-028a-4649-8ddc-2846acceb89e,ac5da2a6-ac1b-4f45-bd82-00bfb001d84a,1,8,10,no
4e39288f-028a-4649-8ddc-2846acceb89e,ac5da2a6-ac1b-4f45-bd82-00bfb001d84a,2,8,10,no
4e39288f-028a-4649-8ddc-2846acceb89e,ac5da2a6-ac1b-4f45-bd82-00bfb001d84a,3,8,10,no
4e39288f-028a-4649-8ddc-2846acceb89e,ac5da2a6-ac1b-4f45-bd82-00bfb001d84a,4,8,10,no
4e39288f-028a-4649-8ddc-2846acceb89e,ac5da2a6-ac1b-4f45-bd82-00bfb001d84a,5,8,10,no
4e39288f-028a-4649-8ddc-2846acceb89e,ac5da2a6-ac1b-4f45-bd82-00bfb001d84a,6,8,10,no
4e39288f-028a-4649-8ddc-2846acceb89e,ac5da2a6-ac1b-4f45-bd82-00bfb001d84a,7,8,10,no
4e39288f-028a-4649-8ddc-2846acceb89e,ac5da2a6-ac1b-4f45-bd82-00bfb001d84a,0,8,50,yes
4e39288f-028a-4649-8ddc-2846acceb89e,ac5da2a6-ac1b-4f45-bd82-00bfb001d84a,1,8,50,yes
4e39288f-028a-4649-8ddc-2846acceb89e,ac5da2a6-ac1b-4f45-bd82-00bfb001d84a,2,8,50,yes
4e39288f-028a-4649-8ddc-2846acceb89e,ac5da2a6-ac1b-4f45-bd82-00bfb001d84a,3,8,50,no
4e39288f-028a-4649-8ddc-2846acceb89e,ac5da2a6-ac1b-4f45-bd82-00bfb001d84a,4,8,50,yes
4e39288f-028a-4649-8ddc-2846acceb89e,ac5da2a6-ac1b-4f45-bd82-00bfb001d84a,5,8,50,no
4e39288f-028a-4649-8ddc-2846acceb89e,ac5da2a6-ac1b-4f45-bd82-00bfb001d84a,6,8,50,no
4e39288f-028a-4649-8ddc-2846acceb89e,ac5da2a6-ac1b-4f45-bd82-00bfb001d84a,7,8,50,no
4e39288f-028a-4649-8ddc-2846acceb89e,ac5da2a6-ac1b-4f45-bd82-00bfb001d84a,0,8,100,yes
4e39288f-028a-4649-8ddc-2846acceb89e,ac5da2a6-ac1b-4f45-bd82-00bfb001d84a,1,8,100,yes
4e39288f-028a-4649-8ddc-2846acceb89e,ac5da2a6-ac1b-4f45-bd82-00bfb001d84a,2,8,100,yes
4e39288f-028a-4649-8ddc-2846acceb89e,ac5da2a6-ac1b-4f45-bd82-00bfb001d84a,3,8,100,yes
4e39288f-028a-4649-8ddc-2846acceb89e,ac5da2a6-ac1b-4f45-bd82-00bfb001d84a,4,8,100,yes
4e39288f-028a-4649-8ddc-2846acceb89e,ac5da2a6-ac1b-4f45-bd82-00bfb001d84a,5,8,100,yes
4e39288f-028a-4649-8ddc-2846acceb89e,ac5da2a6-ac1b-4f45-bd82-00bfb001d84a,6,8,100,yes
4e39288f-028a-4649-8ddc-2846acceb89e,ac5da2a6-ac1b-4f45-bd82-00bfb001d84a,7,8,100,yes
4e39288f-028a-4649-8ddc-2846acceb89e,ac5da2a6-ac1b-4f45-bd82-00bfb001d84a,0,8,full,yes
4e39288f-028a-4649-8ddc-2846acceb89e,ac5da2a6-ac1b-4f45-bd82-00bfb001d84a,1,8,full,yes
4e39288f-028a-4649-8ddc-2846acceb89e,ac5da2a6-ac1b-4f45-bd82-00bfb001d84a,2,8,full,yes
4e39288f-028a-4649-8ddc-2846acceb89e,ac5da2a6-ac1b-4f45-bd82-00bfb001d84a,3,8,full,yes
4e39288f-028a-4649-8ddc-2846acceb89e,ac5da2a6-ac1b-4f45-bd82-00bfb001d84a,4,8,full,yes
4e39288f-028a-4649-8ddc-2846acceb89e,ac5da2a6-ac1b-4f45-bd82-00bfb001d84a,5,8,full,yes
4e39288f-028a-4649-8ddc-2846acceb89e,ac5da2a6-ac1b-4f45-bd82-00bfb001d84a,6,8,full,yes
4e39288f-028a-4649-8ddc-2846acceb89e,ac5da2a6-ac1b-4f45-bd82-00bfb001d84a,7,8,full,yes
4e39288f-028a-4649-8ddc-2846acceb89e,0d7afd25-323b-4832-8626-df72dc3f9b3f,0,10,10,no
4e39288f-028a-4649-8ddc-2846acceb89e,0d7afd25-323b-4832-8626-df72dc3f9b3f,1,10,10,no
4e39288f-028a-4649-8ddc-2846acceb89e,0d7afd25-323b-4832-8626-df72dc3f9b3f,2,10,10,no
4e39288f-028a-4649-8ddc-2846acceb89e,0d7afd25-323b-4832-8626-df72dc3f9b3f,3,10,10,no
4e39288f-028a-4649-8ddc-2846acceb89e,0d7afd25-323b-4832-8626-df72dc3f9b3f,4,10,10,no
4e39288f-028a-4649-8ddc-2846acceb89e,0d7afd25-323b-4832-8626-df72dc3f9b3f,5,10,10,no
4e39288f-028a-4649-8ddc-2846acceb89e,0d7afd25-323b-4832-8626-df72dc3f9b3f,6,10,10,no
4e39288f-028a-4649-8ddc-2846acceb89e,0d7afd25-323b-4832-8626-df72dc3f9b3f,7,10,10,no
4e39288f-028a-4649-8ddc-2846acceb89e,0d7afd25-323b-4832-8626-df72dc3f9b3f,8,10,10,no
4e39288f-028a-4649-8ddc-2846acceb89e,0d7afd25-323b-4832-8626-df72dc3f9b3f,9,10,10,no
4e39288f-028a-4649-8ddc-2846acceb89e,0d7afd25-323b-4832-8626-df72dc3f9b3f,0,10,50,yes
4e39288f-028a-4649-8ddc-2846acceb89e,0d7afd25-323b-4832-8626-df72dc3f9b3f,1,10,50,yes
4e39288f-028a-4649-8ddc-2846acceb89e,0d7afd25-323b-4832-8626-df72dc3f9b3f,2,10,50,yes
4e39288f-028a-4649-8ddc-2846acceb89e,0d7afd25-323b-4832-8626-df72dc3f9b3f,3,10,50,no
4e39288f-028a-4649-8ddc-2846acceb89e,0d7afd25-323b-4832-8626-df72dc3f9b3f,4,10,50,no
4e39288f-028a-4649-8ddc-2846acceb89e,0d7afd25-323b-4832-8626-df72dc3f9b3f,5,10,50,yes
4e39288f-028a-4649-8ddc-2846acceb89e,0d7afd25-323b-4832-8626-df72dc3f9b3f,6,10,50,no
4e39288f-028a-4649-8ddc-2846acceb89e,0d7afd25-323b-4832-8626-df72dc3f9b3f,7,10,50,yes
4e39288f-028a-4649-8ddc-2846acceb89e,0d7afd25-323b-4832-8626-df72dc3f9b3f,8,10,50,yes
4e39288f-028a-4649-8ddc-2846acceb89e,0d7afd25-323b-4832-8626-df72dc3f9b3f,9,10,50,no
4e39288f-028a-4649-8ddc-2846acceb89e,0d7afd25-323b-4832-8626-df72dc3f9b3f,0,10,100,yes
4e39288f-028a-4649-8ddc-2846acceb89e,0d7afd25-323b-4832-8626-df72dc3f9b3f,1,10,100,yes
4e39288f-028a-4649-8ddc-2846acceb89e,0d7afd25-323b-4832-8626-df72dc3f9b3f,2,10,100,yes
4e39288f-028a-4649-8ddc-2846acceb89e,0d7afd25-323b-4832-8626-df72dc3f9b3f,3,10,100,yes
4e39288f-028a-4649-8ddc-2846acceb89e,0d7afd25-323b-4832-8626-df72dc3f9b3f,4,10,100,yes
4e39288f-028a-4649-8ddc-2846acceb89e,0d7afd25-323b-4832-8626-df72dc3f9b3f,5,10,100,yes
4e39288f-028a-4649-8ddc-2846acceb89e,0d7afd25-323b-4832-8626-df72dc3f9b3f,6,10,100,no
4e39288f-028a-4649-8ddc-2846acceb89e,0d7afd25-323b-4832-8626-df72dc3f9b3f,7,10,100,no
4e39288f-028a-4649-8ddc-2846acceb89e,0d7afd25-323b-4832-8626-df72dc3f9b3f,8,10,100,yes
4e39288f-028a-4649-8ddc-2846acceb89e,0d7afd25-323b-4832-8626-df72dc3f9b3f,9,10,100,no
4e39288f-028a-4649-8ddc-2846acceb89e,0d7afd25-323b-4832-8626-df72dc3f9b3f,0,10,full,yes
4e39288f-028a-4649-8ddc-2846acceb89e,0d7afd25-323b-4832-8626-df72dc3f9b3f,1,10,full,yes
4e39288f-028a-4649-8ddc-2846acceb89e,0d7afd25-323b-4832-8626-df72dc3f9b3f,2,10,full,yes
4e39288f-028a-4649-8ddc-2846acceb89e,0d7afd25-323b-4832-8626-df72dc3f9b3f,3,10,full,yes
4e39288f-028a-4649-8ddc-2846acceb89e,0d7afd25-323b-4832-8626-df72dc3f9b3f,4,10,full,yes
4e39288f-028a-4649-8ddc-2846acceb89e,0d7afd25-323b-4832-8626-df72dc3f9b3f,5,10,full,yes
4e39288f-028a-4649-8ddc-2846acceb89e,0d7afd25-323b-4832-8626-df72dc3f9b3f,6,10,full,no
4e39288f-028a-4649-8ddc-2846acceb89e,0d7afd25-323b-4832-8626-df72dc3f9b3f,7,10,full,no
4e39288f-028a-4649-8ddc-2846acceb89e,0d7afd25-323b-4832-8626-df72dc3f9b3f,8,10,full,yes
4e39288f-028a-4649-8ddc-2846acceb89e,0d7afd25-323b-4832-8626-df72dc3f9b3f,9,10,full,no
b1ea0b1e-9395-4a5f-b309-a82bb841d6e6,eff5aae3-76e5-422a-810b-7c31da5fd7ce,0,1,10,no
b1ea0b1e-9395-4a5f-b309-a82bb841d6e6,eff5aae3-76e5-422a-810b-7c31da5fd7ce,0,1,50,no
b1ea0b1e-9395-4a5f-b309-a82bb841d6e6,eff5aae3-76e5-422a-810b-7c31da5fd7ce,0,1,100,no
b1ea0b1e-9395-4a5f-b309-a82bb841d6e6,eff5aae3-76e5-422a-810b-7c31da5fd7ce,0,1,full,no
b1ea0b1e-9395-4a5f-b309-a82bb841d6e6,ca211a76-9a8a-437d-9045-15c26eca0543,49,50,10,no
b1ea0b1e-9395-4a5f-b309-a82bb841d6e6,ca211a76-9a8a-437d-9045-15c26eca0543,49,50,50,no
b1ea0b1e-9395-4a5f-b309-a82bb841d6e6,ca211a76-9a8a-437d-9045-15c26eca0543,49,50,100,no
b1ea0b1e-9395-4a5f-b309-a82bb841d6e6,ca211a76-9a8a-437d-9045-15c26eca0543,49,50,full,no
e6883fc1-6834-445a-ad91-aaa669cde560,aaa15a80-6164-44d5-ba33-a020cc097906,2,40,10,no
e6883fc1-6834-445a-ad91-aaa669cde560,aaa15a80-6164-44d5-ba33-a020cc097906,3,40,10,no
e6883fc1-6834-445a-ad91-aaa669cde560,aaa15a80-6164-44d5-ba33-a020cc097906,5,40,10,no
e6883fc1-6834-445a-ad91-aaa669cde560,aaa15a80-6164-44d5-ba33-a020cc097906,8,40,10,no
e6883fc1-6834-445a-ad91-aaa669cde560,aaa15a80-6164-44d5-ba33-a020cc097906,9,40,10,no
e6883fc1-6834-445a-ad91-aaa669cde560,aaa15a80-6164-44d5-ba33-a020cc097906,12,40,10,no
e6883fc1-6834-445a-ad91-aaa669cde560,aaa15a80-6164-44d5-ba33-a020cc097906,13,40,10,no
e6883fc1-6834-445a-ad91-aaa669cde560,aaa15a80-6164-44d5-ba33-a020cc097906,14,40,10,no
e6883fc1-6834-445a-ad91-aaa669cde560,aaa15a80-6164-44d5-ba33-a020cc097906,16,40,10,no
e6883fc1-6834-445a-ad91-aaa669cde560,aaa15a80-6164-44d5-ba33-a020cc097906,17,40,10,no
e6883fc1-6834-445a-ad91-aaa669cde560,aaa15a80-6164-44d5-ba33-a020cc097906,18,40,10,no
e6883fc1-6834-445a-ad91-aaa669cde560,aaa15a80-6164-44d5-ba33-a020cc097906,19,40,10,no
e6883fc1-6834-445a-ad91-aaa669cde560,aaa15a80-6164-44d5-ba33-a020cc097906,20,40,10,no
e6883fc1-6834-445a-ad91-aaa669cde560,aaa15a80-6164-44d5-ba33-a020cc097906,24,40,10,no
e6883fc1-6834-445a-ad91-aaa669cde560,aaa15a80-6164-44d5-ba33-a020cc097906,25,40,10,no
e6883fc1-6834-445a-ad91-aaa669cde560,aaa15a80-6164-44d5-ba33-a020cc097906,28,40,10,no
e6883fc1-6834-445a-ad91-aaa669cde560,aaa15a80-6164-44d5-ba33-a020cc097906,30,40,10,no
e6883fc1-6834-445a-ad91-aaa669cde560,aaa15a80-6164-44d5-ba33-a020cc097906,31,40,10,no
e6883fc1-6834-445a-ad91-aaa669cde560,aaa15a80-6164-44d5-ba33-a020cc097906,32,40,10,no
e6883fc1-6834-445a-ad91-aaa669cde560,aaa15a80-6164-44d5-ba33-a020cc097906,34,40,10,no
e6883fc1-6834-445a-ad91-aaa669cde560,aaa15a80-6164-44d5-ba33-a020cc097906,35,40,10,no
e6883fc1-6834-445a-ad91-aaa669cde560,aaa15a80-6164-44d5-ba33-a020cc097906,37,40,10,no
e6883fc1-6834-445a-ad91-aaa669cde560,aaa15a80-6164-44d5-ba33-a020cc097906,39,40,10,no
e6883fc1-6834-445a-ad91-aaa669cde560,aaa15a80-6164-44d5-ba33-a020cc097906,2,40,50,no
e6883fc1-6834-445a-ad91-aaa669cde560,aaa15a80-6164-44d5-ba33-a020cc097906,3,40,50,no
e6883fc1-6834-445a-ad91-aaa669cde560,aaa15a80-6164-44d5-ba33-a020cc097906,5,40,50,no
e6883fc1-6834-445a-ad91-aaa669cde560,aaa15a80-6164-44d5-ba33-a020cc097906,8,40,50,no
e6883fc1-6834-445a-ad91-aaa669cde560,aaa15a80-6164-44d5-ba33-a020cc097906,9,40,50,no
e6883fc1-6834-445a-ad91-aaa669cde560,aaa15a80-6164-44d5-ba33-a020cc097906,12,40,50,no
e6883fc1-6834-445a-ad91-aaa669cde560,aaa15a80-6164-44d5-ba33-a020cc097906,13,40,50,no
e6883fc1-6834-445a-ad91-aaa669cde560,aaa15a80-6164-44d5-ba33-a020cc097906,14,40,50,no
e6883fc1-6834-445a-ad91-aaa669cde560,aaa15a80-6164-44d5-ba33-a020cc097906,16,40,50,no
e6883fc1-6834-445a-ad91-aaa669cde560,aaa15a80-6164-44d5-ba33-a020cc097906,17,40,50,no
e6883fc1-6834-445a-ad91-aaa669cde560,aaa15a80-6164-44d5-ba33-a020cc097906,18,40,50,no
e6883fc1-6834-445a-ad91-aaa669cde560,aaa15a80-6164-44d5-ba33-a020cc097906,19,40,50,no
e6883fc1-6834-445a-ad91-aaa669cde560,aaa15a80-6164-44d5-ba33-a020cc097906,20,40,50,no
e6883fc1-6834-445a-ad91-aaa669cde560,aaa15a80-6164-44d5-ba33-a020cc097906,24,40,50,no
e6883fc1-6834-445a-ad91-aaa669cde560,aaa15a80-6164-44d5-ba33-a020cc097906,25,40,50,no
e6883fc1-6834-445a-ad91-aaa669cde560,aaa15a80-6164-44d5-ba33-a020cc097906,28,40,50,no
e6883fc1-6834-445a-ad91-aaa669cde560,aaa15a80-6164-44d5-ba33-a020cc097906,30,40,50,no
e6883fc1-6834-445a-ad91-aaa669cde560,aaa15a80-6164-44d5-ba33-a020cc097906,31,40,50,no
e6883fc1-6834-445a-ad91-aaa669cde560,aaa15a80-6164-44d5-ba33-a020cc097906,32,40,50,no
e6883fc1-6834-445a-ad91-aaa669cde560,aaa15a80-6164-44d5-ba33-a020cc097906,34,40,50,no
e6883fc1-6834-445a-ad91-aaa669cde560,aaa15a80-6164-44d5-ba33-a020cc097906,35,40,50,no
e6883fc1-6834-445a-ad91-aaa669cde560,aaa15a80-6164-44d5-ba33-a020cc097906,37,40,50,no
e6883fc1-6834-445a-ad91-aaa669cde560,aaa15a80-6164-44d5-ba33-a020cc097906,39,40,50,no
e6883fc1-6834-445a-ad91-aaa669cde560,aaa15a80-6164-44d5-ba33-a020cc097906,2,40,100,no
e6883fc1-6834-445a-ad91-aaa669cde560,aaa15a80-6164-44d5-ba33-a020cc097906,3,40,100,no
e6883fc1-6834-445a-ad91-aaa669cde560,aaa15a80-6164-44d5-ba33-a020cc097906,5,40,100,no
e6883fc1-6834-445a-ad91-aaa669cde560,aaa15a80-6164-44d5-ba33-a020cc097906,8,40,100,no
e6883fc1-6834-445a-ad91-aaa669cde560,aaa15a80-6164-44d5-ba33-a020cc097906,9,40,100,no
e6883fc1-6834-445a-ad91-aaa669cde560,aaa15a80-6164-44d5-ba33-a020cc097906,12,40,100,no
e6883fc1-6834-445a-ad91-aaa669cde560,aaa15a80-6164-44d5-ba33-a020cc097906,13,40,100,no
e6883fc1-6834-445a-ad91-aaa669cde560,aaa15a80-6164-44d5-ba33-a020cc097906,14,40,100,no
e6883fc1-6834-445a-ad91-aaa669cde560,aaa15a80-6164-44d5-ba33-a020cc097906,16,40,100,no
e6883fc1-6834-445a-ad91-aaa669cde560,aaa15a80-6164-44d5-ba33-a020cc097906,17,40,100,no
e6883fc1-6834-445a-ad91-aaa669cde560,aaa15a80-6164-44d5-ba33-a020cc097906,18,40,100,no
e6883fc1-6834-445a-ad91-aaa669cde560,aaa15a80-6164-44d5-ba33-a020cc097906,19,40,100,no
e6883fc1-6834-445a-ad91-aaa669cde560,aaa15a80-6164-44d5-ba33-a020cc097906,20,40,100,no
e6883fc1-6834-445a-ad91-aaa669cde560,aaa15a80-6164-44d5-ba33-a020cc097906,24,40,100,no
e6883fc1-6834-445a-ad91-aaa669cde560,aaa15a80-6164-44d5-ba33-a020cc097906,25,40,100,no
e6883fc1-6834-445a-ad91-aaa669cde560,aaa15a80-6164-44d5-ba33-a020cc097906,28,40,100,no
e6883fc1-6834-445a-ad91-aaa669cde560,aaa15a80-6164-44d5-ba33-a020cc097906,30,40,100,no
e6883fc1-6834-445a-ad91-aaa669cde560,aaa15a80-6164-44d5-ba33-a020cc097906,31,40,100,no
e6883fc1-6834-445a-ad91-aaa669cde560,aaa15a80-6164-44d5-ba33-a020cc097906,32,40,100,no
e6883fc1-6834-445a-ad91-aaa669cde560,aaa15a80-6164-44d5-ba33-a020cc097906,34,40,100,no
e6883fc1-6834-445a-ad91-aaa669cde560,aaa15a80-6164-44d5-ba33-a020cc097906,35,40,100,no
e6883fc1-6834-445a-ad91-aaa669cde560,aaa15a80-6164-44d5-ba33-a020cc097906,37,40,100,no
e6883fc1-6834-445a-ad91-aaa669cde560,aaa15a80-6164-44d5-ba33-a020cc097906,39,40,100,no
e6883fc1-6834-445a-ad91-aaa669cde560,aaa15a80-6164-44d5-ba33-a020cc097906,2,40,full,no
e6883fc1-6834-445a-ad91-aaa669cde560,aaa15a80-6164-44d5-ba33-a020cc097906,3,40,full,no
e6883fc1-6834-445a-ad91-aaa669cde560,aaa15a80-6164-44d5-ba33-a020cc097906,5,40,full,no
e6883fc1-6834-445a-ad91-aaa669cde560,aaa15a80-6164-44d5-ba33-a020cc097906,8,40,full,no
e6883fc1-6834-445a-ad91-aaa669cde560,aaa15a80-6164-44d5-ba33-a020cc097906,9,40,full,no
e6883fc1-6834-445a-ad91-aaa669cde560,aaa15a80-6164-44d5-ba33-a020cc097906,12,40,full,no
e6883fc1-6834-445a-ad91-aaa669cde560,aaa15a80-6164-44d5-ba33-a020cc097906,13,40,full,no
e6883fc1-6834-445a-ad91-aaa669cde560,aaa15a80-6164-44d5-ba33-a020cc097906,14,40,full,no
e6883fc1-6834-445a-ad91-aaa669cde560,aaa15a80-6164-44d5-ba33-a020cc097906,16,40,full,no
e6883fc1-6834-445a-ad91-aaa669cde560,aaa15a80-6164-44d5-ba33-a020cc097906,17,40,full,no
e6883fc1-6834-445a-ad91-aaa669cde560,aaa15a80-6164-44d5-ba33-a020cc097906,18,40,full,no
e6883fc1-6834-445a-ad91-aaa669cde560,aaa15a80-6164-44d5-ba33-a020cc097906,19,40,full,no
e6883fc1-6834-445a-ad91-aaa669cde560,aaa15a80-6164-44d5-ba33-a020cc097906,20,40,full,no
e6883fc1-6834-445a-ad91-aaa669cde560,aaa15a80-6164-44d5-ba33-a020cc097906,24,40,full,no
e6883fc1-6834-445a-ad91-aaa669cde560,aaa15a80-6164-44d5-ba33-a020cc097906,25,40,full,no
e6883fc1-6834-445a-ad91-aaa669cde560,aaa15a80-6164-44d5-ba33-a020cc097906,28,40,full,no
e6883fc1-6834-445a-ad91-aaa669cde560,aaa15a80-6164-44d5-ba33-a020cc097906,30,40,full,no
e6883fc1-6834-445a-ad91-aaa669cde560,aaa15a80-6164-44d5-ba33-a020cc097906,31,40,full,no
e6883fc1-6834-445a-ad91-aaa669cde560,aaa15a80-6164-44d5-ba33-a020cc097906,32,40,full,no
e6883fc1-6834-445a-ad91-aaa669cde560,aaa15a80-6164-44d5-ba33-a020cc097906,34,40,full,no
e6883fc1-6834-445a-ad91-aaa669cde560,aaa15a80-6164-44d5-ba33-a020cc097906,35,40,full,no
e6883fc1-6834-445a-ad91-aaa669cde560,aaa15a80-6164-44d5-ba33-a020cc097906,37,40,full,no
e6883fc1-6834-445a-ad91-aaa669cde560,aaa15a80-6164-44d5-ba33-a020cc097906,39,40,full,no
dc97e2f8-d1ae-4119-9d6f-bc4ea1e0a4a0,5df540e3-e1f2-49fc-82bd-7503e30a01ab,0,1,10,no
dc97e2f8-d1ae-4119-9d6f-bc4ea1e0a4a0,5df540e3-e1f2-49fc-82bd-7503e30a01ab,0,1,50,no
dc97e2f8-d1ae-4119-9d6f-bc4ea1e0a4a0,5df540e3-e1f2-49fc-82bd-7503e30a01ab,0,1,100,no
dc97e2f8-d1ae-4119-9d6f-bc4ea1e0a4a0,5df540e3-e1f2-49fc-82bd-7503e30a01ab,0,1,full,no
81b009b0-0923-46a8-a144-17e1af44a5f0,8c398ee3-e6a6-4921-8881-65c3659e452c,0,1,10,no
81b009b0-0923-46a8-a144-17e1af44a5f0,8c398ee3-e6a6-4921-8881-65c3659e452c,0,1,50,no
81b009b0-0923-46a8-a144-17e1af44a5f0,8c398ee3-e6a6-4921-8881-65c3659e452c,0,1,100,no
81b009b0-0923-46a8-a144-17e1af44a5f0,8c398ee3-e6a6-4921-8881-65c3659e452c,0,1,full,no
cb049a79-61dc-4697-b07b-e2138d92a9dd,1eda0c49-cd51-42ba-ba24-29570a3ec9ab,0,1,10,no
cb049a79-61dc-4697-b07b-e2138d92a9dd,1eda0c49-cd51-42ba-ba24-29570a3ec9ab,0,1,50,no
cb049a79-61dc-4697-b07b-e2138d92a9dd,1eda0c49-cd51-42ba-ba24-29570a3ec9ab,0,1,100,no
cb049a79-61dc-4697-b07b-e2138d92a9dd,1eda0c49-cd51-42ba-ba24-29570a3ec9ab,0,1,full,no
bfc91625-a85a-4806-b066-54b6cf5d9acd,cb58c02e-02c0-4281-8a00-9ef32e4c084d,0,12,10,no
bfc91625-a85a-4806-b066-54b6cf5d9acd,cb58c02e-02c0-4281-8a00-9ef32e4c084d,1,12,10,no
bfc91625-a85a-4806-b066-54b6cf5d9acd,cb58c02e-02c0-4281-8a00-9ef32e4c084d,2,12,10,no
bfc91625-a85a-4806-b066-54b6cf5d9acd,cb58c02e-02c0-4281-8a00-9ef32e4c084d,3,12,10,no
bfc91625-a85a-4806-b066-54b6cf5d9acd,cb58c02e-02c0-4281-8a00-9ef32e4c084d,4,12,10,no
bfc91625-a85a-4806-b066-54b6cf5d9acd,cb58c02e-02c0-4281-8a00-9ef32e4c084d,5,12,10,no
bfc91625-a85a-4806-b066-54b6cf5d9acd,cb58c02e-02c0-4281-8a00-9ef32e4c084d,6,12,10,no
bfc91625-a85a-4806-b066-54b6cf5d9acd,cb58c02e-02c0-4281-8a00-9ef32e4c084d,7,12,10,no
bfc91625-a85a-4806-b066-54b6cf5d9acd,cb58c02e-02c0-4281-8a00-9ef32e4c084d,8,12,10,no
bfc91625-a85a-4806-b066-54b6cf5d9acd,cb58c02e-02c0-4281-8a00-9ef32e4c084d,9,12,10,no
bfc91625-a85a-4806-b066-54b6cf5d9acd,cb58c02e-02c0-4281-8a00-9ef32e4c084d,10,12,10,no
bfc91625-a85a-4806-b066-54b6cf5d9acd,cb58c02e-02c0-4281-8a00-9ef32e4c084d,0,12,50,no
bfc91625-a85a-4806-b066-54b6cf5d9acd,cb58c02e-02c0-4281-8a00-9ef32e4c084d,1,12,50,no
bfc91625-a85a-4806-b066-54b6cf5d9acd,cb58c02e-02c0-4281-8a00-9ef32e4c084d,2,12,50,no
bfc91625-a85a-4806-b066-54b6cf5d9acd,cb58c02e-02c0-4281-8a00-9ef32e4c084d,3,12,50,no
bfc91625-a85a-4806-b066-54b6cf5d9acd,cb58c02e-02c0-4281-8a00-9ef32e4c084d,4,12,50,no
bfc91625-a85a-4806-b066-54b6cf5d9acd,cb58c02e-02c0-4281-8a00-9ef32e4c084d,5,12,50,no
bfc91625-a85a-4806-b066-54b6cf5d9acd,cb58c02e-02c0-4281-8a00-9ef32e4c084d,6,12,50,no
bfc91625-a85a-4806-b066-54b6cf5d9acd,cb58c02e-02c0-4281-8a00-9ef32e4c084d,7,12,50,no
bfc91625-a85a-4806-b066-54b6cf5d9acd,cb58c02e-02c0-4281-8a00-9ef32e4c084d,8,12,50,no
bfc91625-a85a-4806-b066-54b6cf5d9acd,cb58c02e-02c0-4281-8a00-9ef32e4c084d,9,12,50,no
bfc91625-a85a-4806-b066-54b6cf5d9acd,cb58c02e-02c0-4281-8a00-9ef32e4c084d,10,12,50,no
bfc91625-a85a-4806-b066-54b6cf5d9acd,cb58c02e-02c0-4281-8a00-9ef32e4c084d,0,12,100,no
bfc91625-a85a-4806-b066-54b6cf5d9acd,cb58c02e-02c0-4281-8a00-9ef32e4c084d,1,12,100,no
bfc91625-a85a-4806-b066-54b6cf5d9acd,cb58c02e-02c0-4281-8a00-9ef32e4c084d,2,12,100,no
bfc91625-a85a-4806-b066-54b6cf5d9acd,cb58c02e-02c0-4281-8a00-9ef32e4c084d,3,12,100,no
bfc91625-a85a-4806-b066-54b6cf5d9acd,cb58c02e-02c0-4281-8a00-9ef32e4c084d,4,12,100,no
bfc91625-a85a-4806-b066-54b6cf5d9acd,cb58c02e-02c0-4281-8a00-9ef32e4c084d,5,12,100,no
bfc91625-a85a-4806-b066-54b6cf5d9acd,cb58c02e-02c0-4281-8a00-9ef32e4c084d,6,12,100,no
bfc91625-a85a-4806-b066-54b6cf5d9acd,cb58c02e-02c0-4281-8a00-9ef32e4c084d,7,12,100,no
bfc91625-a85a-4806-b066-54b6cf5d9acd,cb58c02e-02c0-4281-8a00-9ef32e4c084d,8,12,100,no
bfc91625-a85a-4806-b066-54b6cf5d9acd,cb58c02e-02c0-4281-8a00-9ef32e4c084d,9,12,100,no
bfc91625-a85a-4806-b066-54b6cf5d9acd,cb58c02e-02c0-4281-8a00-9ef32e4c084d,10,12,100,no
bfc91625-a85a-4806-b066-54b6cf5d9acd,cb58c02e-02c0-4281-8a00-9ef32e4c084d,0,12,full,no
bfc91625-a85a-4806-b066-54b6cf5d9acd,cb58c02e-02c0-4281-8a00-9ef32e4c084d,1,12,full,no
bfc91625-a85a-4806-b066-54b6cf5d9acd,cb58c02e-02c0-4281-8a00-9ef32e4c084d,2,12,full,no
bfc91625-a85a-4806-b066-54b6cf5d9acd,cb58c02e-02c0-4281-8a00-9ef32e4c084d,3,12,full,no
bfc91625-a85a-4806-b066-54b6cf5d9acd,cb58c02e-02c0-4281-8a00-9ef32e4c084d,4,12,full,no
bfc91625-a85a-4806-b066-54b6cf5d9acd,cb58c02e-02c0-4281-8a00-9ef32e4c084d,5,12,full,no
bfc91625-a85a-4806-b066-54b6cf5d9acd,cb58c02e-02c0-4281-8a00-9ef32e4c084d,6,12,full,no
bfc91625-a85a-4806-b066-54b6cf5d9acd,cb58c02e-02c0-4281-8a00-9ef32e4c084d,7,12,full,no
bfc91625-a85a-4806-b066-54b6cf5d9acd,cb58c02e-02c0-4281-8a00-9ef32e4c084d,8,12,full,no
bfc91625-a85a-4806-b066-54b6cf5d9acd,cb58c02e-02c0-4281-8a00-9ef32e4c084d,9,12,full,no
bfc91625-a85a-4806-b066-54b6cf5d9acd,cb58c02e-02c0-4281-8a00-9ef32e4c084d,10,12,full,no
bfc91625-a85a-4806-b066-54b6cf5d9acd,29e8616c-ab31-4c49-89f2-b014f89dad61,8,15,10,no
bfc91625-a85a-4806-b066-54b6cf5d9acd,29e8616c-ab31-4c49-89f2-b014f89dad61,9,15,10,no
bfc91625-a85a-4806-b066-54b6cf5d9acd,29e8616c-ab31-4c49-89f2-b014f89dad61,10,15,10,no
bfc91625-a85a-4806-b066-54b6cf5d9acd,29e8616c-ab31-4c49-89f2-b014f89dad61,11,15,10,no
bfc91625-a85a-4806-b066-54b6cf5d9acd,29e8616c-ab31-4c49-89f2-b014f89dad61,12,15,10,no
bfc91625-a85a-4806-b066-54b6cf5d9acd,29e8616c-ab31-4c49-89f2-b014f89dad61,13,15,10,no
bfc91625-a85a-4806-b066-54b6cf5d9acd,29e8616c-ab31-4c49-89f2-b014f89dad61,14,15,10,no
bfc91625-a85a-4806-b066-54b6cf5d9acd,29e8616c-ab31-4c49-89f2-b014f89dad61,8,15,50,no
bfc91625-a85a-4806-b066-54b6cf5d9acd,29e8616c-ab31-4c49-89f2-b014f89dad61,9,15,50,no
bfc91625-a85a-4806-b066-54b6cf5d9acd,29e8616c-ab31-4c49-89f2-b014f89dad61,10,15,50,no
bfc91625-a85a-4806-b066-54b6cf5d9acd,29e8616c-ab31-4c49-89f2-b014f89dad61,11,15,50,no
bfc91625-a85a-4806-b066-54b6cf5d9acd,29e8616c-ab31-4c49-89f2-b014f89dad61,12,15,50,no
bfc91625-a85a-4806-b066-54b6cf5d9acd,29e8616c-ab31-4c49-89f2-b014f89dad61,13,15,50,no
bfc91625-a85a-4806-b066-54b6cf5d9acd,29e8616c-ab31-4c49-89f2-b014f89dad61,14,15,50,no
bfc91625-a85a-4806-b066-54b6cf5d9acd,29e8616c-ab31-4c49-89f2-b014f89dad61,8,15,100,no
bfc91625-a85a-4806-b066-54b6cf5d9acd,29e8616c-ab31-4c49-89f2-b014f89dad61,9,15,100,no
bfc91625-a85a-4806-b066-54b6cf5d9acd,29e8616c-ab31-4c49-89f2-b014f89dad61,10,15,100,no
bfc91625-a85a-4806-b066-54b6cf5d9acd,29e8616c-ab31-4c49-89f2-b014f89dad61,11,15,100,no
bfc91625-a85a-4806-b066-54b6cf5d9acd,29e8616c-ab31-4c49-89f2-b014f89dad61,12,15,100,no
bfc91625-a85a-4806-b066-54b6cf5d9acd,29e8616c-ab31-4c49-89f2-b014f89dad61,13,15,100,no
bfc91625-a85a-4806-b066-54b6cf5d9acd,29e8616c-ab31-4c49-89f2-b014f89dad61,14,15,100,no
bfc91625-a85a-4806-b066-54b6cf5d9acd,29e8616c-ab31-4c49-89f2-b014f89dad61,8,15,full,no
bfc91625-a85a-4806-b066-54b6cf5d9acd,29e8616c-ab31-4c49-89f2-b014f89dad61,9,15,full,no
bfc91625-a85a-4806-b066-54b6cf5d9acd,29e8616c-ab31-4c49-89f2-b014f89dad61,10,15,full,no
bfc91625-a85a-4806-b066-54b6cf5d9acd,29e8616c-ab31-4c49-89f2-b014f89dad61,11,15,full,no
bfc91625-a85a-4806-b066-54b6cf5d9acd,29e8616c-ab31-4c49-89f2-b014f89dad61,12,15,full,no
bfc91625-a85a-4806-b066-54b6cf5d9acd,29e8616c-ab31-4c49-89f2-b014f89dad61,13,15,full,no
bfc91625-a85a-4806-b066-54b6cf5d9acd,29e8616c-ab31-4c49-89f2-b014f89dad61,14,15,full,no
2c4664c4-6c17-40ef-9a2a-8468babaa27c,a9495684-59bb-4e43-945c-e02a08178ae6,0,12,10,no
2c4664c4-6c17-40ef-9a2a-8468babaa27c,a9495684-59bb-4e43-945c-e02a08178ae6,2,12,10,no
2c4664c4-6c17-40ef-9a2a-8468babaa27c,a9495684-59bb-4e43-945c-e02a08178ae6,3,12,10,no
2c4664c4-6c17-40ef-9a2a-8468babaa27c,a9495684-59bb-4e43-945c-e02a08178ae6,4,12,10,no
2c4664c4-6c17-40ef-9a2a-8468babaa27c,a9495684-59bb-4e43-945c-e02a08178ae6,5,12,10,no
2c4664c4-6c17-40ef-9a2a-8468babaa27c,a9495684-59bb-4e43-945c-e02a08178ae6,6,12,10,no
2c4664c4-6c17-40ef-9a2a-8468babaa27c,a9495684-59bb-4e43-945c-e02a08178ae6,7,12,10,no
2c4664c4-6c17-40ef-9a2a-8468babaa27c,a9495684-59bb-4e43-945c-e02a08178ae6,10,12,10,no
2c4664c4-6c17-40ef-9a2a-8468babaa27c,a9495684-59bb-4e43-945c-e02a08178ae6,11,12,10,no
2c4664c4-6c17-40ef-9a2a-8468babaa27c,a9495684-59bb-4e43-945c-e02a08178ae6,0,12,50,no
2c4664c4-6c17-40ef-9a2a-8468babaa27c,a9495684-59bb-4e43-945c-e02a08178ae6,2,12,50,no
2c4664c4-6c17-40ef-9a2a-8468babaa27c,a9495684-59bb-4e43-945c-e02a08178ae6,3,12,50,no
2c4664c4-6c17-40ef-9a2a-8468babaa27c,a9495684-59bb-4e43-945c-e02a08178ae6,4,12,50,no
2c4664c4-6c17-40ef-9a2a-8468babaa27c,a9495684-59bb-4e43-945c-e02a08178ae6,5,12,50,no
2c4664c4-6c17-40ef-9a2a-8468babaa27c,a9495684-59bb-4e43-945c-e02a08178ae6,6,12,50,no
2c4664c4-6c17-40ef-9a2a-8468babaa27c,a9495684-59bb-4e43-945c-e02a08178ae6,7,12,50,no
2c4664c4-6c17-40ef-9a2a-8468babaa27c,a9495684-59bb-4e43-945c-e02a08178ae6,10,12,50,no
2c4664c4-6c17-40ef-9a2a-8468babaa27c,a9495684-59bb-4e43-945c-e02a08178ae6,11,12,50,no
2c4664c4-6c17-40ef-9a2a-8468babaa27c,a9495684-59bb-4e43-945c-e02a08178ae6,0,12,100,no
2c4664c4-6c17-40ef-9a2a-8468babaa27c,a9495684-59bb-4e43-945c-e02a08178ae6,2,12,100,no
2c4664c4-6c17-40ef-9a2a-8468babaa27c,a9495684-59bb-4e43-945c-e02a08178ae6,3,12,100,no
2c4664c4-6c17-40ef-9a2a-8468babaa27c,a9495684-59bb-4e43-945c-e02a08178ae6,4,12,100,no
2c4664c4-6c17-40ef-9a2a-8468babaa27c,a9495684-59bb-4e43-945c-e02a08178ae6,5,12,100,no
2c4664c4-6c17-40ef-9a2a-8468babaa27c,a9495684-59bb-4e43-945c-e02a08178ae6,6,12,100,no
2c4664c4-6c17-40ef-9a2a-8468babaa27c,a9495684-59bb-4e43-945c-e02a08178ae6,7,12,100,no
2c4664c4-6c17-40ef-9a2a-8468babaa27c,a9495684-59bb-4e43-945c-e02a08178ae6,10,12,100,no
2c4664c4-6c17-40ef-9a2a-8468babaa27c,a9495684-59bb-4e43-945c-e02a08178ae6,11,12,100,no
2c4664c4-6c17-40ef-9a2a-8468babaa27c,a9495684-59bb-4e43-945c-e02a08178ae6,0,12,full,no
2c4664c4-6c17-40ef-9a2a-8468babaa27c,a9495684-59bb-4e43-945c-e02a08178ae6,2,12,full,yes
2c4664c4-6c17-40ef-9a2a-8468babaa27c,a9495684-59bb-4e43-945c-e02a08178ae6,3,12,full,no
2c4664c4-6c17-40ef-9a2a-8468babaa27c,a9495684-59bb-4e43-945c-e02a08178ae6,4,12,full,no
2c4664c4-6c17-40ef-9a2a-8468babaa27c,a9495684-59bb-4e43-945c-e02a08178ae6,5,12,full,no
2c4664c4-6c17-40ef-9a2a-8468babaa27c,a9495684-59bb-4e43-945c-e02a08178ae6,6,12,full,no
2c4664c4-6c17-40ef-9a2a-8468babaa27c,a9495684-59bb-4e43-945c-e02a08178ae6,7,12,full,no
2c4664c4-6c17-40ef-9a2a-8468babaa27c,a9495684-59bb-4e43-945c-e02a08178ae6,10,12,full,no
2c4664c4-6c17-40ef-9a2a-8468babaa27c,a9495684-59bb-4e43-945c-e02a08178ae6,11,12,full,no
2c4664c4-6c17-40ef-9a2a-8468babaa27c,c1cc35a1-060e-461c-81e4-0bfe6cd762ed,0,15,10,no
2c4664c4-6c17-40ef-9a2a-8468babaa27c,c1cc35a1-060e-461c-81e4-0bfe6cd762ed,1,15,10,no
2c4664c4-6c17-40ef-9a2a-8468babaa27c,c1cc35a1-060e-461c-81e4-0bfe6cd762ed,2,15,10,no
2c4664c4-6c17-40ef-9a2a-8468babaa27c,c1cc35a1-060e-461c-81e4-0bfe6cd762ed,3,15,10,no
2c4664c4-6c17-40ef-9a2a-8468babaa27c,c1cc35a1-060e-461c-81e4-0bfe6cd762ed,4,15,10,no
2c4664c4-6c17-40ef-9a2a-8468babaa27c,c1cc35a1-060e-461c-81e4-0bfe6cd762ed,5,15,10,no
2c4664c4-6c17-40ef-9a2a-8468babaa27c,c1cc35a1-060e-461c-81e4-0bfe6cd762ed,6,15,10,no
2c4664c4-6c17-40ef-9a2a-8468babaa27c,c1cc35a1-060e-461c-81e4-0bfe6cd762ed,7,15,10,no
2c4664c4-6c17-40ef-9a2a-8468babaa27c,c1cc35a1-060e-461c-81e4-0bfe6cd762ed,8,15,10,no
2c4664c4-6c17-40ef-9a2a-8468babaa27c,c1cc35a1-060e-461c-81e4-0bfe6cd762ed,9,15,10,no
2c4664c4-6c17-40ef-9a2a-8468babaa27c,c1cc35a1-060e-461c-81e4-0bfe6cd762ed,10,15,10,no
2c4664c4-6c17-40ef-9a2a-8468babaa27c,c1cc35a1-060e-461c-81e4-0bfe6cd762ed,12,15,10,no
2c4664c4-6c17-40ef-9a2a-8468babaa27c,c1cc35a1-060e-461c-81e4-0bfe6cd762ed,13,15,10,no
2c4664c4-6c17-40ef-9a2a-8468babaa27c,c1cc35a1-060e-461c-81e4-0bfe6cd762ed,14,15,10,no
2c4664c4-6c17-40ef-9a2a-8468babaa27c,c1cc35a1-060e-461c-81e4-0bfe6cd762ed,0,15,50,no
2c4664c4-6c17-40ef-9a2a-8468babaa27c,c1cc35a1-060e-461c-81e4-0bfe6cd762ed,1,15,50,no
2c4664c4-6c17-40ef-9a2a-8468babaa27c,c1cc35a1-060e-461c-81e4-0bfe6cd762ed,2,15,50,no
2c4664c4-6c17-40ef-9a2a-8468babaa27c,c1cc35a1-060e-461c-81e4-0bfe6cd762ed,3,15,50,no
2c4664c4-6c17-40ef-9a2a-8468babaa27c,c1cc35a1-060e-461c-81e4-0bfe6cd762ed,4,15,50,no
2c4664c4-6c17-40ef-9a2a-8468babaa27c,c1cc35a1-060e-461c-81e4-0bfe6cd762ed,5,15,50,no
2c4664c4-6c17-40ef-9a2a-8468babaa27c,c1cc35a1-060e-461c-81e4-0bfe6cd762ed,6,15,50,no
2c4664c4-6c17-40ef-9a2a-8468babaa27c,c1cc35a1-060e-461c-81e4-0bfe6cd762ed,7,15,50,no
2c4664c4-6c17-40ef-9a2a-8468babaa27c,c1cc35a1-060e-461c-81e4-0bfe6cd762ed,8,15,50,yes
2c4664c4-6c17-40ef-9a2a-8468babaa27c,c1cc35a1-060e-461c-81e4-0bfe6cd762ed,9,15,50,no
2c4664c4-6c17-40ef-9a2a-8468babaa27c,c1cc35a1-060e-461c-81e4-0bfe6cd762ed,10,15,50,no
2c4664c4-6c17-40ef-9a2a-8468babaa27c,c1cc35a1-060e-461c-81e4-0bfe6cd762ed,12,15,50,no
2c4664c4-6c17-40ef-9a2a-8468babaa27c,c1cc35a1-060e-461c-81e4-0bfe6cd762ed,13,15,50,no
2c4664c4-6c17-40ef-9a2a-8468babaa27c,c1cc35a1-060e-461c-81e4-0bfe6cd762ed,14,15,50,no
2c4664c4-6c17-40ef-9a2a-8468babaa27c,c1cc35a1-060e-461c-81e4-0bfe6cd762ed,0,15,100,no
2c4664c4-6c17-40ef-9a2a-8468babaa27c,c1cc35a1-060e-461c-81e4-0bfe6cd762ed,1,15,100,yes
2c4664c4-6c17-40ef-9a2a-8468babaa27c,c1cc35a1-060e-461c-81e4-0bfe6cd762ed,2,15,100,no
2c4664c4-6c17-40ef-9a2a-8468babaa27c,c1cc35a1-060e-461c-81e4-0bfe6cd762ed,3,15,100,no
2c4664c4-6c17-40ef-9a2a-8468babaa27c,c1cc35a1-060e-461c-81e4-0bfe6cd762ed,4,15,100,no
2c4664c4-6c17-40ef-9a2a-8468babaa27c,c1cc35a1-060e-461c-81e4-0bfe6cd762ed,5,15,100,no
2c4664c4-6c17-40ef-9a2a-8468babaa27c,c1cc35a1-060e-461c-81e4-0bfe6cd762ed,6,15,100,no
2c4664c4-6c17-40ef-9a2a-8468babaa27c,c1cc35a1-060e-461c-81e4-0bfe6cd762ed,7,15,100,no
2c4664c4-6c17-40ef-9a2a-8468babaa27c,c1cc35a1-060e-461c-81e4-0bfe6cd762ed,8,15,100,no
2c4664c4-6c17-40ef-9a2a-8468babaa27c,c1cc35a1-060e-461c-81e4-0bfe6cd762ed,9,15,100,no
2c4664c4-6c17-40ef-9a2a-8468babaa27c,c1cc35a1-060e-461c-81e4-0bfe6cd762ed,10,15,100,no
2c4664c4-6c17-40ef-9a2a-8468babaa27c,c1cc35a1-060e-461c-81e4-0bfe6cd762ed,12,15,100,no
2c4664c4-6c17-40ef-9a2a-8468babaa27c,c1cc35a1-060e-461c-81e4-0bfe6cd762ed,13,15,100,no
2c4664c4-6c17-40ef-9a2a-8468babaa27c,c1cc35a1-060e-461c-81e4-0bfe6cd762ed,14,15,100,no
2c4664c4-6c17-40ef-9a2a-8468babaa27c,c1cc35a1-060e-461c-81e4-0bfe6cd762ed,0,15,full,no
2c4664c4-6c17-40ef-9a2a-8468babaa27c,c1cc35a1-060e-461c-81e4-0bfe6cd762ed,1,15,full,yes
2c4664c4-6c17-40ef-9a2a-8468babaa27c,c1cc35a1-060e-461c-81e4-0bfe6cd762ed,2,15,full,no
2c4664c4-6c17-40ef-9a2a-8468babaa27c,c1cc35a1-060e-461c-81e4-0bfe6cd762ed,3,15,full,no
2c4664c4-6c17-40ef-9a2a-8468babaa27c,c1cc35a1-060e-461c-81e4-0bfe6cd762ed,4,15,full,no
2c4664c4-6c17-40ef-9a2a-8468babaa27c,c1cc35a1-060e-461c-81e4-0bfe6cd762ed,5,15,full,no
2c4664c4-6c17-40ef-9a2a-8468babaa27c,c1cc35a1-060e-461c-81e4-0bfe6cd762ed,6,15,full,no
2c4664c4-6c17-40ef-9a2a-8468babaa27c,c1cc35a1-060e-461c-81e4-0bfe6cd762ed,7,15,full,no
2c4664c4-6c17-40ef-9a2a-8468babaa27c,c1cc35a1-060e-461c-81e4-0bfe6cd762ed,8,15,full,yes
2c4664c4-6c17-40ef-9a2a-8468babaa27c,c1cc35a1-060e-461c-81e4-0bfe6cd762ed,9,15,full,no
2c4664c4-6c17-40ef-9a2a-8468babaa27c,c1cc35a1-060e-461c-81e4-0bfe6cd762ed,10,15,full,no
2c4664c4-6c17-40ef-9a2a-8468babaa27c,c1cc35a1-060e-461c-81e4-0bfe6cd762ed,12,15,full,no
2c4664c4-6c17-40ef-9a2a-8468babaa27c,c1cc35a1-060e-461c-81e4-0bfe6cd762ed,13,15,full,no
2c4664c4-6c17-40ef-9a2a-8468babaa27c,c1cc35a1-060e-461c-81e4-0bfe6cd762ed,14,15,full,no
c588366d-42b4-4227-8250-6e4898aac41e,a34ce84d-e88f-4ec4-8d03-64979d06d8eb,0,1,10,no
c588366d-42b4-4227-8250-6e4898aac41e,a34ce84d-e88f-4ec4-8d03-64979d06d8eb,0,1,50,no
c588366d-42b4-4227-8250-6e4898aac41e,a34ce84d-e88f-4ec4-8d03-64979d06d8eb,0,1,100,no
c588366d-42b4-4227-8250-6e4898aac41e,a34ce84d-e88f-4ec4-8d03-64979d06d8eb,0,1,full,no
17a8e3b2-e096-4950-9771-a8b9f7cbbd7f,706960d1-f9d0-4065-944e-8e2697adbb60,0,5,10,no
17a8e3b2-e096-4950-9771-a8b9f7cbbd7f,706960d1-f9d0-4065-944e-8e2697adbb60,1,5,10,no
17a8e3b2-e096-4950-9771-a8b9f7cbbd7f,706960d1-f9d0-4065-944e-8e2697adbb60,2,5,10,no
17a8e3b2-e096-4950-9771-a8b9f7cbbd7f,706960d1-f9d0-4065-944e-8e2697adbb60,3,5,10,no
17a8e3b2-e096-4950-9771-a8b9f7cbbd7f,706960d1-f9d0-4065-944e-8e2697adbb60,0,5,50,no
17a8e3b2-e096-4950-9771-a8b9f7cbbd7f,706960d1-f9d0-4065-944e-8e2697adbb60,1,5,50,no
17a8e3b2-e096-4950-9771-a8b9f7cbbd7f,706960d1-f9d0-4065-944e-8e2697adbb60,2,5,50,no
17a8e3b2-e096-4950-9771-a8b9f7cbbd7f,706960d1-f9d0-4065-944e-8e2697adbb60,3,5,50,no
17a8e3b2-e096-4950-9771-a8b9f7cbbd7f,706960d1-f9d0-4065-944e-8e2697adbb60,0,5,100,no
17a8e3b2-e096-4950-9771-a8b9f7cbbd7f,706960d1-f9d0-4065-944e-8e2697adbb60,1,5,100,yes
17a8e3b2-e096-4950-9771-a8b9f7cbbd7f,706960d1-f9d0-4065-944e-8e2697adbb60,2,5,100,no
17a8e3b2-e096-4950-9771-a8b9f7cbbd7f,706960d1-f9d0-4065-944e-8e2697adbb60,3,5,100,no
17a8e3b2-e096-4950-9771-a8b9f7cbbd7f,706960d1-f9d0-4065-944e-8e2697adbb60,0,5,full,yes
17a8e3b2-e096-4950-9771-a8b9f7cbbd7f,706960d1-f9d0-4065-944e-8e2697adbb60,1,5,full,yes
17a8e3b2-e096-4950-9771-a8b9f7cbbd7f,706960d1-f9d0-4065-944e-8e2697adbb60,2,5,full,no
17a8e3b2-e096-4950-9771-a8b9f7cbbd7f,706960d1-f9d0-4065-944e-8e2697adbb60,3,5,full,no
17a8e3b2-e096-4950-9771-a8b9f7cbbd7f,e77cf1ba-4e98-40e3-aa61-eddb8b065fc8,0,6,10,no
17a8e3b2-e096-4950-9771-a8b9f7cbbd7f,e77cf1ba-4e98-40e3-aa61-eddb8b065fc8,1,6,10,no
17a8e3b2-e096-4950-9771-a8b9f7cbbd7f,e77cf1ba-4e98-40e3-aa61-eddb8b065fc8,0,6,50,no
17a8e3b2-e096-4950-9771-a8b9f7cbbd7f,e77cf1ba-4e98-40e3-aa61-eddb8b065fc8,1,6,50,no
17a8e3b2-e096-4950-9771-a8b9f7cbbd7f,e77cf1ba-4e98-40e3-aa61-eddb8b065fc8,0,6,100,no
17a8e3b2-e096-4950-9771-a8b9f7cbbd7f,e77cf1ba-4e98-40e3-aa61-eddb8b065fc8,1,6,100,no
17a8e3b2-e096-4950-9771-a8b9f7cbbd7f,e77cf1ba-4e98-40e3-aa61-eddb8b065fc8,0,6,full,no
17a8e3b2-e096-4950-9771-a8b9f7cbbd7f,e77cf1ba-4e98-40e3-aa61-eddb8b065fc8,1,6,full,no
ee34f8ee-e376-40bf-9afc-4b6e3f4bca54,93223dcb-31a3-4abc-bea5-e20d974658b4,0,1,10,no
ee34f8ee-e376-40bf-9afc-4b6e3f4bca54,93223dcb-31a3-4abc-bea5-e20d974658b4,0,1,50,no
ee34f8ee-e376-40bf-9afc-4b6e3f4bca54,93223dcb-31a3-4abc-bea5-e20d974658b4,0,1,100,no
ee34f8ee-e376-40bf-9afc-4b6e3f4bca54,93223dcb-31a3-4abc-bea5-e20d974658b4,0,1,full,no
ee34f8ee-e376-40bf-9afc-4b6e3f4bca54,6db2c12b-b0d3-4abe-a435-252840009d29,0,24,10,no
ee34f8ee-e376-40bf-9afc-4b6e3f4bca54,6db2c12b-b0d3-4abe-a435-252840009d29,1,24,10,no
ee34f8ee-e376-40bf-9afc-4b6e3f4bca54,6db2c12b-b0d3-4abe-a435-252840009d29,2,24,10,no
ee34f8ee-e376-40bf-9afc-4b6e3f4bca54,6db2c12b-b0d3-4abe-a435-252840009d29,3,24,10,no
ee34f8ee-e376-40bf-9afc-4b6e3f4bca54,6db2c12b-b0d3-4abe-a435-252840009d29,4,24,10,no
ee34f8ee-e376-40bf-9afc-4b6e3f4bca54,6db2c12b-b0d3-4abe-a435-252840009d29,5,24,10,no
ee34f8ee-e376-40bf-9afc-4b6e3f4bca54,6db2c12b-b0d3-4abe-a435-252840009d29,6,24,10,no
ee34f8ee-e376-40bf-9afc-4b6e3f4bca54,6db2c12b-b0d3-4abe-a435-252840009d29,7,24,10,no
ee34f8ee-e376-40bf-9afc-4b6e3f4bca54,6db2c12b-b0d3-4abe-a435-252840009d29,8,24,10,no
ee34f8ee-e376-40bf-9afc-4b6e3f4bca54,6db2c12b-b0d3-4abe-a435-252840009d29,9,24,10,no
ee34f8ee-e376-40bf-9afc-4b6e3f4bca54,6db2c12b-b0d3-4abe-a435-252840009d29,10,24,10,no
ee34f8ee-e376-40bf-9afc-4b6e3f4bca54,6db2c12b-b0d3-4abe-a435-252840009d29,11,24,10,no
ee34f8ee-e376-40bf-9afc-4b6e3f4bca54,6db2c12b-b0d3-4abe-a435-252840009d29,12,24,10,no
ee34f8ee-e376-40bf-9afc-4b6e3f4bca54,6db2c12b-b0d3-4abe-a435-252840009d29,13,24,10,no
ee34f8ee-e376-40bf-9afc-4b6e3f4bca54,6db2c12b-b0d3-4abe-a435-252840009d29,14,24,10,no
ee34f8ee-e376-40bf-9afc-4b6e3f4bca54,6db2c12b-b0d3-4abe-a435-252840009d29,15,24,10,no
ee34f8ee-e376-40bf-9afc-4b6e3f4bca54,6db2c12b-b0d3-4abe-a435-252840009d29,16,24,10,no
ee34f8ee-e376-40bf-9afc-4b6e3f4bca54,6db2c12b-b0d3-4abe-a435-252840009d29,17,24,10,no
ee34f8ee-e376-40bf-9afc-4b6e3f4bca54,6db2c12b-b0d3-4abe-a435-252840009d29,18,24,10,no
ee34f8ee-e376-40bf-9afc-4b6e3f4bca54,6db2c12b-b0d3-4abe-a435-252840009d29,19,24,10,no
ee34f8ee-e376-40bf-9afc-4b6e3f4bca54,6db2c12b-b0d3-4abe-a435-252840009d29,20,24,10,no
ee34f8ee-e376-40bf-9afc-4b6e3f4bca54,6db2c12b-b0d3-4abe-a435-252840009d29,21,24,10,no
ee34f8ee-e376-40bf-9afc-4b6e3f4bca54,6db2c12b-b0d3-4abe-a435-252840009d29,22,24,10,no
ee34f8ee-e376-40bf-9afc-4b6e3f4bca54,6db2c12b-b0d3-4abe-a435-252840009d29,23,24,10,no
ee34f8ee-e376-40bf-9afc-4b6e3f4bca54,6db2c12b-b0d3-4abe-a435-252840009d29,0,24,50,no
ee34f8ee-e376-40bf-9afc-4b6e3f4bca54,6db2c12b-b0d3-4abe-a435-252840009d29,1,24,50,no
ee34f8ee-e376-40bf-9afc-4b6e3f4bca54,6db2c12b-b0d3-4abe-a435-252840009d29,2,24,50,no
ee34f8ee-e376-40bf-9afc-4b6e3f4bca54,6db2c12b-b0d3-4abe-a435-252840009d29,3,24,50,no
ee34f8ee-e376-40bf-9afc-4b6e3f4bca54,6db2c12b-b0d3-4abe-a435-252840009d29,4,24,50,no
ee34f8ee-e376-40bf-9afc-4b6e3f4bca54,6db2c12b-b0d3-4abe-a435-252840009d29,5,24,50,no
ee34f8ee-e376-40bf-9afc-4b6e3f4bca54,6db2c12b-b0d3-4abe-a435-252840009d29,6,24,50,no
ee34f8ee-e376-40bf-9afc-4b6e3f4bca54,6db2c12b-b0d3-4abe-a435-252840009d29,7,24,50,no
ee34f8ee-e376-40bf-9afc-4b6e3f4bca54,6db2c12b-b0d3-4abe-a435-252840009d29,8,24,50,no
ee34f8ee-e376-40bf-9afc-4b6e3f4bca54,6db2c12b-b0d3-4abe-a435-252840009d29,9,24,50,yes
ee34f8ee-e376-40bf-9afc-4b6e3f4bca54,6db2c12b-b0d3-4abe-a435-252840009d29,10,24,50,yes
ee34f8ee-e376-40bf-9afc-4b6e3f4bca54,6db2c12b-b0d3-4abe-a435-252840009d29,11,24,50,yes
ee34f8ee-e376-40bf-9afc-4b6e3f4bca54,6db2c12b-b0d3-4abe-a435-252840009d29,12,24,50,yes
ee34f8ee-e376-40bf-9afc-4b6e3f4bca54,6db2c12b-b0d3-4abe-a435-252840009d29,13,24,50,yes
ee34f8ee-e376-40bf-9afc-4b6e3f4bca54,6db2c12b-b0d3-4abe-a435-252840009d29,14,24,50,no
ee34f8ee-e376-40bf-9afc-4b6e3f4bca54,6db2c12b-b0d3-4abe-a435-252840009d29,15,24,50,no
ee34f8ee-e376-40bf-9afc-4b6e3f4bca54,6db2c12b-b0d3-4abe-a435-252840009d29,16,24,50,no
ee34f8ee-e376-40bf-9afc-4b6e3f4bca54,6db2c12b-b0d3-4abe-a435-252840009d29,17,24,50,no
ee34f8ee-e376-40bf-9afc-4b6e3f4bca54,6db2c12b-b0d3-4abe-a435-252840009d29,18,24,50,no
ee34f8ee-e376-40bf-9afc-4b6e3f4bca54,6db2c12b-b0d3-4abe-a435-252840009d29,19,24,50,no
ee34f8ee-e376-40bf-9afc-4b6e3f4bca54,6db2c12b-b0d3-4abe-a435-252840009d29,20,24,50,no
ee34f8ee-e376-40bf-9afc-4b6e3f4bca54,6db2c12b-b0d3-4abe-a435-252840009d29,21,24,50,no
ee34f8ee-e376-40bf-9afc-4b6e3f4bca54,6db2c12b-b0d3-4abe-a435-252840009d29,22,24,50,no
ee34f8ee-e376-40bf-9afc-4b6e3f4bca54,6db2c12b-b0d3-4abe-a435-252840009d29,23,24,50,no
ee34f8ee-e376-40bf-9afc-4b6e3f4bca54,6db2c12b-b0d3-4abe-a435-252840009d29,0,24,100,no
ee34f8ee-e376-40bf-9afc-4b6e3f4bca54,6db2c12b-b0d3-4abe-a435-252840009d29,1,24,100,no
ee34f8ee-e376-40bf-9afc-4b6e3f4bca54,6db2c12b-b0d3-4abe-a435-252840009d29,2,24,100,no
ee34f8ee-e376-40bf-9afc-4b6e3f4bca54,6db2c12b-b0d3-4abe-a435-252840009d29,3,24,100,yes
ee34f8ee-e376-40bf-9afc-4b6e3f4bca54,6db2c12b-b0d3-4abe-a435-252840009d29,4,24,100,no
ee34f8ee-e376-40bf-9afc-4b6e3f4bca54,6db2c12b-b0d3-4abe-a435-252840009d29,5,24,100,no
ee34f8ee-e376-40bf-9afc-4b6e3f4bca54,6db2c12b-b0d3-4abe-a435-252840009d29,6,24,100,no
ee34f8ee-e376-40bf-9afc-4b6e3f4bca54,6db2c12b-b0d3-4abe-a435-252840009d29,7,24,100,no
ee34f8ee-e376-40bf-9afc-4b6e3f4bca54,6db2c12b-b0d3-4abe-a435-252840009d29,8,24,100,no
ee34f8ee-e376-40bf-9afc-4b6e3f4bca54,6db2c12b-b0d3-4abe-a435-252840009d29,9,24,100,yes
ee34f8ee-e376-40bf-9afc-4b6e3f4bca54,6db2c12b-b0d3-4abe-a435-252840009d29,10,24,100,no
ee34f8ee-e376-40bf-9afc-4b6e3f4bca54,6db2c12b-b0d3-4abe-a435-252840009d29,11,24,100,no
ee34f8ee-e376-40bf-9afc-4b6e3f4bca54,6db2c12b-b0d3-4abe-a435-252840009d29,12,24,100,no
ee34f8ee-e376-40bf-9afc-4b6e3f4bca54,6db2c12b-b0d3-4abe-a435-252840009d29,13,24,100,yes
ee34f8ee-e376-40bf-9afc-4b6e3f4bca54,6db2c12b-b0d3-4abe-a435-252840009d29,14,24,100,no
ee34f8ee-e376-40bf-9afc-4b6e3f4bca54,6db2c12b-b0d3-4abe-a435-252840009d29,15,24,100,no
ee34f8ee-e376-40bf-9afc-4b6e3f4bca54,6db2c12b-b0d3-4abe-a435-252840009d29,16,24,100,no
ee34f8ee-e376-40bf-9afc-4b6e3f4bca54,6db2c12b-b0d3-4abe-a435-252840009d29,17,24,100,no
ee34f8ee-e376-40bf-9afc-4b6e3f4bca54,6db2c12b-b0d3-4abe-a435-252840009d29,18,24,100,no
ee34f8ee-e376-40bf-9afc-4b6e3f4bca54,6db2c12b-b0d3-4abe-a435-252840009d29,19,24,100,no
ee34f8ee-e376-40bf-9afc-4b6e3f4bca54,6db2c12b-b0d3-4abe-a435-252840009d29,20,24,100,no
ee34f8ee-e376-40bf-9afc-4b6e3f4bca54,6db2c12b-b0d3-4abe-a435-252840009d29,21,24,100,no
ee34f8ee-e376-40bf-9afc-4b6e3f4bca54,6db2c12b-b0d3-4abe-a435-252840009d29,22,24,100,no
ee34f8ee-e376-40bf-9afc-4b6e3f4bca54,6db2c12b-b0d3-4abe-a435-252840009d29,23,24,100,no
ee34f8ee-e376-40bf-9afc-4b6e3f4bca54,6db2c12b-b0d3-4abe-a435-252840009d29,0,24,full,no
ee34f8ee-e376-40bf-9afc-4b6e3f4bca54,6db2c12b-b0d3-4abe-a435-252840009d29,1,24,full,no
ee34f8ee-e376-40bf-9afc-4b6e3f4bca54,6db2c12b-b0d3-4abe-a435-252840009d29,2,24,full,no
ee34f8ee-e376-40bf-9afc-4b6e3f4bca54,6db2c12b-b0d3-4abe-a435-252840009d29,3,24,full,yes
ee34f8ee-e376-40bf-9afc-4b6e3f4bca54,6db2c12b-b0d3-4abe-a435-252840009d29,4,24,full,no
ee34f8ee-e376-40bf-9afc-4b6e3f4bca54,6db2c12b-b0d3-4abe-a435-252840009d29,5,24,full,no
ee34f8ee-e376-40bf-9afc-4b6e3f4bca54,6db2c12b-b0d3-4abe-a435-252840009d29,6,24,full,no
ee34f8ee-e376-40bf-9afc-4b6e3f4bca54,6db2c12b-b0d3-4abe-a435-252840009d29,7,24,full,no
ee34f8ee-e376-40bf-9afc-4b6e3f4bca54,6db2c12b-b0d3-4abe-a435-252840009d29,8,24,full,no
ee34f8ee-e376-40bf-9afc-4b6e3f4bca54,6db2c12b-b0d3-4abe-a435-252840009d29,9,24,full,no
ee34f8ee-e376-40bf-9afc-4b6e3f4bca54,6db2c12b-b0d3-4abe-a435-252840009d29,10,24,full,no
ee34f8ee-e376-40bf-9afc-4b6e3f4bca54,6db2c12b-b0d3-4abe-a435-252840009d29,11,24,full,no
ee34f8ee-e376-40bf-9afc-4b6e3f4bca54,6db2c12b-b0d3-4abe-a435-252840009d29,12,24,full,no
ee34f8ee-e376-40bf-9afc-4b6e3f4bca54,6db2c12b-b0d3-4abe-a435-252840009d29,13,24,full,yes
ee34f8ee-e376-40bf-9afc-4b6e3f4bca54,6db2c12b-b0d3-4abe-a435-252840009d29,14,24,full,no
ee34f8ee-e376-40bf-9afc-4b6e3f4bca54,6db2c12b-b0d3-4abe-a435-252840009d29,15,24,full,no
ee34f8ee-e376-40bf-9afc-4b6e3f4bca54,6db2c12b-b0d3-4abe-a435-252840009d29,16,24,full,no
ee34f8ee-e376-40bf-9afc-4b6e3f4bca54,6db2c12b-b0d3-4abe-a435-252840009d29,17,24,full,no
ee34f8ee-e376-40bf-9afc-4b6e3f4bca54,6db2c12b-b0d3-4abe-a435-252840009d29,18,24,full,no
ee34f8ee-e376-40bf-9afc-4b6e3f4bca54,6db2c12b-b0d3-4abe-a435-252840009d29,19,24,full,no
ee34f8ee-e376-40bf-9afc-4b6e3f4bca54,6db2c12b-b0d3-4abe-a435-252840009d29,20,24,full,no
ee34f8ee-e376-40bf-9afc-4b6e3f4bca54,6db2c12b-b0d3-4abe-a435-252840009d29,21,24,full,no
ee34f8ee-e376-40bf-9afc-4b6e3f4bca54,6db2c12b-b0d3-4abe-a435-252840009d29,22,24,full,no
ee34f8ee-e376-40bf-9afc-4b6e3f4bca54,6db2c12b-b0d3-4abe-a435-252840009d29,23,24,full,no
ee34f8ee-e376-40bf-9afc-4b6e3f4bca54,5627b82e-be74-464d-8dfe-4e52889593be,0,16,10,no
ee34f8ee-e376-40bf-9afc-4b6e3f4bca54,5627b82e-be74-464d-8dfe-4e52889593be,1,16,10,no
ee34f8ee-e376-40bf-9afc-4b6e3f4bca54,5627b82e-be74-464d-8dfe-4e52889593be,2,16,10,no
ee34f8ee-e376-40bf-9afc-4b6e3f4bca54,5627b82e-be74-464d-8dfe-4e52889593be,3,16,10,no
ee34f8ee-e376-40bf-9afc-4b6e3f4bca54,5627b82e-be74-464d-8dfe-4e52889593be,4,16,10,no
ee34f8ee-e376-40bf-9afc-4b6e3f4bca54,5627b82e-be74-464d-8dfe-4e52889593be,5,16,10,no
ee34f8ee-e376-40bf-9afc-4b6e3f4bca54,5627b82e-be74-464d-8dfe-4e52889593be,6,16,10,no
ee34f8ee-e376-40bf-9afc-4b6e3f4bca54,5627b82e-be74-464d-8dfe-4e52889593be,7,16,10,no
ee34f8ee-e376-40bf-9afc-4b6e3f4bca54,5627b82e-be74-464d-8dfe-4e52889593be,8,16,10,no
ee34f8ee-e376-40bf-9afc-4b6e3f4bca54,5627b82e-be74-464d-8dfe-4e52889593be,9,16,10,no
ee34f8ee-e376-40bf-9afc-4b6e3f4bca54,5627b82e-be74-464d-8dfe-4e52889593be,10,16,10,no
ee34f8ee-e376-40bf-9afc-4b6e3f4bca54,5627b82e-be74-464d-8dfe-4e52889593be,11,16,10,no
ee34f8ee-e376-40bf-9afc-4b6e3f4bca54,5627b82e-be74-464d-8dfe-4e52889593be,12,16,10,no
ee34f8ee-e376-40bf-9afc-4b6e3f4bca54,5627b82e-be74-464d-8dfe-4e52889593be,13,16,10,no
ee34f8ee-e376-40bf-9afc-4b6e3f4bca54,5627b82e-be74-464d-8dfe-4e52889593be,14,16,10,no
ee34f8ee-e376-40bf-9afc-4b6e3f4bca54,5627b82e-be74-464d-8dfe-4e52889593be,15,16,10,no
ee34f8ee-e376-40bf-9afc-4b6e3f4bca54,5627b82e-be74-464d-8dfe-4e52889593be,0,16,50,no
ee34f8ee-e376-40bf-9afc-4b6e3f4bca54,5627b82e-be74-464d-8dfe-4e52889593be,1,16,50,no
ee34f8ee-e376-40bf-9afc-4b6e3f4bca54,5627b82e-be74-464d-8dfe-4e52889593be,2,16,50,no
ee34f8ee-e376-40bf-9afc-4b6e3f4bca54,5627b82e-be74-464d-8dfe-4e52889593be,3,16,50,no
ee34f8ee-e376-40bf-9afc-4b6e3f4bca54,5627b82e-be74-464d-8dfe-4e52889593be,4,16,50,no
ee34f8ee-e376-40bf-9afc-4b6e3f4bca54,5627b82e-be74-464d-8dfe-4e52889593be,5,16,50,no
ee34f8ee-e376-40bf-9afc-4b6e3f4bca54,5627b82e-be74-464d-8dfe-4e52889593be,6,16,50,no
ee34f8ee-e376-40bf-9afc-4b6e3f4bca54,5627b82e-be74-464d-8dfe-4e52889593be,7,16,50,no
ee34f8ee-e376-40bf-9afc-4b6e3f4bca54,5627b82e-be74-464d-8dfe-4e52889593be,8,16,50,no
ee34f8ee-e376-40bf-9afc-4b6e3f4bca54,5627b82e-be74-464d-8dfe-4e52889593be,9,16,50,no
ee34f8ee-e376-40bf-9afc-4b6e3f4bca54,5627b82e-be74-464d-8dfe-4e52889593be,10,16,50,no
ee34f8ee-e376-40bf-9afc-4b6e3f4bca54,5627b82e-be74-464d-8dfe-4e52889593be,11,16,50,no
ee34f8ee-e376-40bf-9afc-4b6e3f4bca54,5627b82e-be74-464d-8dfe-4e52889593be,12,16,50,no
ee34f8ee-e376-40bf-9afc-4b6e3f4bca54,5627b82e-be74-464d-8dfe-4e52889593be,13,16,50,no
ee34f8ee-e376-40bf-9afc-4b6e3f4bca54,5627b82e-be74-464d-8dfe-4e52889593be,14,16,50,no
ee34f8ee-e376-40bf-9afc-4b6e3f4bca54,5627b82e-be74-464d-8dfe-4e52889593be,15,16,50,no
ee34f8ee-e376-40bf-9afc-4b6e3f4bca54,5627b82e-be74-464d-8dfe-4e52889593be,0,16,100,no
ee34f8ee-e376-40bf-9afc-4b6e3f4bca54,5627b82e-be74-464d-8dfe-4e52889593be,1,16,100,no
ee34f8ee-e376-40bf-9afc-4b6e3f4bca54,5627b82e-be74-464d-8dfe-4e52889593be,2,16,100,no
ee34f8ee-e376-40bf-9afc-4b6e3f4bca54,5627b82e-be74-464d-8dfe-4e52889593be,3,16,100,no
ee34f8ee-e376-40bf-9afc-4b6e3f4bca54,5627b82e-be74-464d-8dfe-4e52889593be,4,16,100,no
ee34f8ee-e376-40bf-9afc-4b6e3f4bca54,5627b82e-be74-464d-8dfe-4e52889593be,5,16,100,no
ee34f8ee-e376-40bf-9afc-4b6e3f4bca54,5627b82e-be74-464d-8dfe-4e52889593be,6,16,100,no
ee34f8ee-e376-40bf-9afc-4b6e3f4bca54,5627b82e-be74-464d-8dfe-4e52889593be,7,16,100,no
ee34f8ee-e376-40bf-9afc-4b6e3f4bca54,5627b82e-be74-464d-8dfe-4e52889593be,8,16,100,no
ee34f8ee-e376-40bf-9afc-4b6e3f4bca54,5627b82e-be74-464d-8dfe-4e52889593be,9,16,100,no
ee34f8ee-e376-40bf-9afc-4b6e3f4bca54,5627b82e-be74-464d-8dfe-4e52889593be,10,16,100,no
ee34f8ee-e376-40bf-9afc-4b6e3f4bca54,5627b82e-be74-464d-8dfe-4e52889593be,11,16,100,no
ee34f8ee-e376-40bf-9afc-4b6e3f4bca54,5627b82e-be74-464d-8dfe-4e52889593be,12,16,100,no
ee34f8ee-e376-40bf-9afc-4b6e3f4bca54,5627b82e-be74-464d-8dfe-4e52889593be,13,16,100,no
ee34f8ee-e376-40bf-9afc-4b6e3f4bca54,5627b82e-be74-464d-8dfe-4e52889593be,14,16,100,no
ee34f8ee-e376-40bf-9afc-4b6e3f4bca54,5627b82e-be74-464d-8dfe-4e52889593be,15,16,100,no
ee34f8ee-e376-40bf-9afc-4b6e3f4bca54,5627b82e-be74-464d-8dfe-4e52889593be,0,16,full,no
ee34f8ee-e376-40bf-9afc-4b6e3f4bca54,5627b82e-be74-464d-8dfe-4e52889593be,1,16,full,no
ee34f8ee-e376-40bf-9afc-4b6e3f4bca54,5627b82e-be74-464d-8dfe-4e52889593be,2,16,full,no
ee34f8ee-e376-40bf-9afc-4b6e3f4bca54,5627b82e-be74-464d-8dfe-4e52889593be,3,16,full,no
ee34f8ee-e376-40bf-9afc-4b6e3f4bca54,5627b82e-be74-464d-8dfe-4e52889593be,4,16,full,no
ee34f8ee-e376-40bf-9afc-4b6e3f4bca54,5627b82e-be74-464d-8dfe-4e52889593be,5,16,full,no
ee34f8ee-e376-40bf-9afc-4b6e3f4bca54,5627b82e-be74-464d-8dfe-4e52889593be,6,16,full,no
ee34f8ee-e376-40bf-9afc-4b6e3f4bca54,5627b82e-be74-464d-8dfe-4e52889593be,7,16,full,no
ee34f8ee-e376-40bf-9afc-4b6e3f4bca54,5627b82e-be74-464d-8dfe-4e52889593be,8,16,full,no
ee34f8ee-e376-40bf-9afc-4b6e3f4bca54,5627b82e-be74-464d-8dfe-4e52889593be,9,16,full,no
ee34f8ee-e376-40bf-9afc-4b6e3f4bca54,5627b82e-be74-464d-8dfe-4e52889593be,10,16,full,no
ee34f8ee-e376-40bf-9afc-4b6e3f4bca54,5627b82e-be74-464d-8dfe-4e52889593be,11,16,full,yes
ee34f8ee-e376-40bf-9afc-4b6e3f4bca54,5627b82e-be74-464d-8dfe-4e52889593be,12,16,full,no
ee34f8ee-e376-40bf-9afc-4b6e3f4bca54,5627b82e-be74-464d-8dfe-4e52889593be,13,16,full,no
ee34f8ee-e376-40bf-9afc-4b6e3f4bca54,5627b82e-be74-464d-8dfe-4e52889593be,14,16,full,no
ee34f8ee-e376-40bf-9afc-4b6e3f4bca54,5627b82e-be74-464d-8dfe-4e52889593be,15,16,full,no
8fc0e53e-5f1e-4e7b-b539-66502407b6f1,fb5f5b04-6d75-4ccb-b40a-80142bde8a67,0,8,10,no
8fc0e53e-5f1e-4e7b-b539-66502407b6f1,fb5f5b04-6d75-4ccb-b40a-80142bde8a67,1,8,10,no
8fc0e53e-5f1e-4e7b-b539-66502407b6f1,fb5f5b04-6d75-4ccb-b40a-80142bde8a67,2,8,10,no
8fc0e53e-5f1e-4e7b-b539-66502407b6f1,fb5f5b04-6d75-4ccb-b40a-80142bde8a67,3,8,10,no
8fc0e53e-5f1e-4e7b-b539-66502407b6f1,fb5f5b04-6d75-4ccb-b40a-80142bde8a67,4,8,10,no
8fc0e53e-5f1e-4e7b-b539-66502407b6f1,fb5f5b04-6d75-4ccb-b40a-80142bde8a67,5,8,10,no
8fc0e53e-5f1e-4e7b-b539-66502407b6f1,fb5f5b04-6d75-4ccb-b40a-80142bde8a67,6,8,10,no
8fc0e53e-5f1e-4e7b-b539-66502407b6f1,fb5f5b04-6d75-4ccb-b40a-80142bde8a67,7,8,10,no
8fc0e53e-5f1e-4e7b-b539-66502407b6f1,fb5f5b04-6d75-4ccb-b40a-80142bde8a67,0,8,50,no
8fc0e53e-5f1e-4e7b-b539-66502407b6f1,fb5f5b04-6d75-4ccb-b40a-80142bde8a67,1,8,50,no
8fc0e53e-5f1e-4e7b-b539-66502407b6f1,fb5f5b04-6d75-4ccb-b40a-80142bde8a67,2,8,50,no
8fc0e53e-5f1e-4e7b-b539-66502407b6f1,fb5f5b04-6d75-4ccb-b40a-80142bde8a67,3,8,50,no
8fc0e53e-5f1e-4e7b-b539-66502407b6f1,fb5f5b04-6d75-4ccb-b40a-80142bde8a67,4,8,50,no
8fc0e53e-5f1e-4e7b-b539-66502407b6f1,fb5f5b04-6d75-4ccb-b40a-80142bde8a67,5,8,50,no
8fc0e53e-5f1e-4e7b-b539-66502407b6f1,fb5f5b04-6d75-4ccb-b40a-80142bde8a67,6,8,50,no
8fc0e53e-5f1e-4e7b-b539-66502407b6f1,fb5f5b04-6d75-4ccb-b40a-80142bde8a67,7,8,50,yes
8fc0e53e-5f1e-4e7b-b539-66502407b6f1,fb5f5b04-6d75-4ccb-b40a-80142bde8a67,0,8,100,no
8fc0e53e-5f1e-4e7b-b539-66502407b6f1,fb5f5b04-6d75-4ccb-b40a-80142bde8a67,1,8,100,no
8fc0e53e-5f1e-4e7b-b539-66502407b6f1,fb5f5b04-6d75-4ccb-b40a-80142bde8a67,2,8,100,no
8fc0e53e-5f1e-4e7b-b539-66502407b6f1,fb5f5b04-6d75-4ccb-b40a-80142bde8a67,3,8,100,no
8fc0e53e-5f1e-4e7b-b539-66502407b6f1,fb5f5b04-6d75-4ccb-b40a-80142bde8a67,4,8,100,no
8fc0e53e-5f1e-4e7b-b539-66502407b6f1,fb5f5b04-6d75-4ccb-b40a-80142bde8a67,5,8,100,no
8fc0e53e-5f1e-4e7b-b539-66502407b6f1,fb5f5b04-6d75-4ccb-b40a-80142bde8a67,6,8,100,no
8fc0e53e-5f1e-4e7b-b539-66502407b6f1,fb5f5b04-6d75-4ccb-b40a-80142bde8a67,7,8,100,no
8fc0e53e-5f1e-4e7b-b539-66502407b6f1,fb5f5b04-6d75-4ccb-b40a-80142bde8a67,0,8,full,no
8fc0e53e-5f1e-4e7b-b539-66502407b6f1,fb5f5b04-6d75-4ccb-b40a-80142bde8a67,1,8,full,no
8fc0e53e-5f1e-4e7b-b539-66502407b6f1,fb5f5b04-6d75-4ccb-b40a-80142bde8a67,2,8,full,no
8fc0e53e-5f1e-4e7b-b539-66502407b6f1,fb5f5b04-6d75-4ccb-b40a-80142bde8a67,3,8,full,no
8fc0e53e-5f1e-4e7b-b539-66502407b6f1,fb5f5b04-6d75-4ccb-b40a-80142bde8a67,4,8,full,no
8fc0e53e-5f1e-4e7b-b539-66502407b6f1,fb5f5b04-6d75-4ccb-b40a-80142bde8a67,5,8,full,no
8fc0e53e-5f1e-4e7b-b539-66502407b6f1,fb5f5b04-6d75-4ccb-b40a-80142bde8a67,6,8,full,no
8fc0e53e-5f1e-4e7b-b539-66502407b6f1,fb5f5b04-6d75-4ccb-b40a-80142bde8a67,7,8,full,no
8fc0e53e-5f1e-4e7b-b539-66502407b6f1,6988371a-a726-410d-81ef-fd22528b3e2d,0,10,10,no
8fc0e53e-5f1e-4e7b-b539-66502407b6f1,6988371a-a726-410d-81ef-fd22528b3e2d,1,10,10,no
8fc0e53e-5f1e-4e7b-b539-66502407b6f1,6988371a-a726-410d-81ef-fd22528b3e2d,2,10,10,no
8fc0e53e-5f1e-4e7b-b539-66502407b6f1,6988371a-a726-410d-81ef-fd22528b3e2d,3,10,10,no
8fc0e53e-5f1e-4e7b-b539-66502407b6f1,6988371a-a726-410d-81ef-fd22528b3e2d,5,10,10,no
8fc0e53e-5f1e-4e7b-b539-66502407b6f1,6988371a-a726-410d-81ef-fd22528b3e2d,6,10,10,no
8fc0e53e-5f1e-4e7b-b539-66502407b6f1,6988371a-a726-410d-81ef-fd22528b3e2d,7,10,10,no
8fc0e53e-5f1e-4e7b-b539-66502407b6f1,6988371a-a726-410d-81ef-fd22528b3e2d,8,10,10,no
8fc0e53e-5f1e-4e7b-b539-66502407b6f1,6988371a-a726-410d-81ef-fd22528b3e2d,0,10,50,no
8fc0e53e-5f1e-4e7b-b539-66502407b6f1,6988371a-a726-410d-81ef-fd22528b3e2d,1,10,50,no
8fc0e53e-5f1e-4e7b-b539-66502407b6f1,6988371a-a726-410d-81ef-fd22528b3e2d,2,10,50,no
8fc0e53e-5f1e-4e7b-b539-66502407b6f1,6988371a-a726-410d-81ef-fd22528b3e2d,3,10,50,no
8fc0e53e-5f1e-4e7b-b539-66502407b6f1,6988371a-a726-410d-81ef-fd22528b3e2d,5,10,50,no
8fc0e53e-5f1e-4e7b-b539-66502407b6f1,6988371a-a726-410d-81ef-fd22528b3e2d,6,10,50,no
8fc0e53e-5f1e-4e7b-b539-66502407b6f1,6988371a-a726-410d-81ef-fd22528b3e2d,7,10,50,no
8fc0e53e-5f1e-4e7b-b539-66502407b6f1,6988371a-a726-410d-81ef-fd22528b3e2d,8,10,50,no
8fc0e53e-5f1e-4e7b-b539-66502407b6f1,6988371a-a726-410d-81ef-fd22528b3e2d,0,10,100,no
8fc0e53e-5f1e-4e7b-b539-66502407b6f1,6988371a-a726-410d-81ef-fd22528b3e2d,1,10,100,no
8fc0e53e-5f1e-4e7b-b539-66502407b6f1,6988371a-a726-410d-81ef-fd22528b3e2d,2,10,100,no
8fc0e53e-5f1e-4e7b-b539-66502407b6f1,6988371a-a726-410d-81ef-fd22528b3e2d,3,10,100,no
8fc0e53e-5f1e-4e7b-b539-66502407b6f1,6988371a-a726-410d-81ef-fd22528b3e2d,5,10,100,no
8fc0e53e-5f1e-4e7b-b539-66502407b6f1,6988371a-a726-410d-81ef-fd22528b3e2d,6,10,100,no
8fc0e53e-5f1e-4e7b-b539-66502407b6f1,6988371a-a726-410d-81ef-fd22528b3e2d,7,10,100,no
8fc0e53e-5f1e-4e7b-b539-66502407b6f1,6988371a-a726-410d-81ef-fd22528b3e2d,8,10,100,no
8fc0e53e-5f1e-4e7b-b539-66502407b6f1,6988371a-a726-410d-81ef-fd22528b3e2d,0,10,full,no
8fc0e53e-5f1e-4e7b-b539-66502407b6f1,6988371a-a726-410d-81ef-fd22528b3e2d,1,10,full,no
8fc0e53e-5f1e-4e7b-b539-66502407b6f1,6988371a-a726-410d-81ef-fd22528b3e2d,2,10,full,no
8fc0e53e-5f1e-4e7b-b539-66502407b6f1,6988371a-a726-410d-81ef-fd22528b3e2d,3,10,full,no
8fc0e53e-5f1e-4e7b-b539-66502407b6f1,6988371a-a726-410d-81ef-fd22528b3e2d,5,10,full,no
8fc0e53e-5f1e-4e7b-b539-66502407b6f1,6988371a-a726-410d-81ef-fd22528b3e2d,6,10,full,no
8fc0e53e-5f1e-4e7b-b539-66502407b6f1,6988371a-a726-410d-81ef-fd22528b3e2d,7,10,full,no
8fc0e53e-5f1e-4e7b-b539-66502407b6f1,6988371a-a726-410d-81ef-fd22528b3e2d,8,10,full,no
00ffb82c-e6d6-4d78-a278-acb216fde739,ddea949b-6ed9-478d-b55e-c0f42d037d5d,0,1,10,no
00ffb82c-e6d6-4d78-a278-acb216fde739,ddea949b-6ed9-478d-b55e-c0f42d037d5d,0,1,50,no
00ffb82c-e6d6-4d78-a278-acb216fde739,ddea949b-6ed9-478d-b55e-c0f42d037d5d,0,1,100,yes
00ffb82c-e6d6-4d78-a278-acb216fde739,ddea949b-6ed9-478d-b55e-c0f42d037d5d,0,1,full,yes
00ffb82c-e6d6-4d78-a278-acb216fde739,5ff8f49b-108a-4e37-b347-fb6131e34b9a,0,8,10,no
00ffb82c-e6d6-4d78-a278-acb216fde739,5ff8f49b-108a-4e37-b347-fb6131e34b9a,1,8,10,no
00ffb82c-e6d6-4d78-a278-acb216fde739,5ff8f49b-108a-4e37-b347-fb6131e34b9a,2,8,10,no
00ffb82c-e6d6-4d78-a278-acb216fde739,5ff8f49b-108a-4e37-b347-fb6131e34b9a,3,8,10,no
00ffb82c-e6d6-4d78-a278-acb216fde739,5ff8f49b-108a-4e37-b347-fb6131e34b9a,4,8,10,no
00ffb82c-e6d6-4d78-a278-acb216fde739,5ff8f49b-108a-4e37-b347-fb6131e34b9a,5,8,10,no
00ffb82c-e6d6-4d78-a278-acb216fde739,5ff8f49b-108a-4e37-b347-fb6131e34b9a,6,8,10,no
00ffb82c-e6d6-4d78-a278-acb216fde739,5ff8f49b-108a-4e37-b347-fb6131e34b9a,7,8,10,no
00ffb82c-e6d6-4d78-a278-acb216fde739,5ff8f49b-108a-4e37-b347-fb6131e34b9a,0,8,50,yes
00ffb82c-e6d6-4d78-a278-acb216fde739,5ff8f49b-108a-4e37-b347-fb6131e34b9a,1,8,50,no
00ffb82c-e6d6-4d78-a278-acb216fde739,5ff8f49b-108a-4e37-b347-fb6131e34b9a,2,8,50,no
00ffb82c-e6d6-4d78-a278-acb216fde739,5ff8f49b-108a-4e37-b347-fb6131e34b9a,3,8,50,yes
00ffb82c-e6d6-4d78-a278-acb216fde739,5ff8f49b-108a-4e37-b347-fb6131e34b9a,4,8,50,no
00ffb82c-e6d6-4d78-a278-acb216fde739,5ff8f49b-108a-4e37-b347-fb6131e34b9a,5,8,50,no
00ffb82c-e6d6-4d78-a278-acb216fde739,5ff8f49b-108a-4e37-b347-fb6131e34b9a,6,8,50,no
00ffb82c-e6d6-4d78-a278-acb216fde739,5ff8f49b-108a-4e37-b347-fb6131e34b9a,7,8,50,no
00ffb82c-e6d6-4d78-a278-acb216fde739,5ff8f49b-108a-4e37-b347-fb6131e34b9a,0,8,100,yes
00ffb82c-e6d6-4d78-a278-acb216fde739,5ff8f49b-108a-4e37-b347-fb6131e34b9a,1,8,100,yes
00ffb82c-e6d6-4d78-a278-acb216fde739,5ff8f49b-108a-4e37-b347-fb6131e34b9a,2,8,100,yes
00ffb82c-e6d6-4d78-a278-acb216fde739,5ff8f49b-108a-4e37-b347-fb6131e34b9a,3,8,100,no
00ffb82c-e6d6-4d78-a278-acb216fde739,5ff8f49b-108a-4e37-b347-fb6131e34b9a,4,8,100,yes
00ffb82c-e6d6-4d78-a278-acb216fde739,5ff8f49b-108a-4e37-b347-fb6131e34b9a,5,8,100,yes
00ffb82c-e6d6-4d78-a278-acb216fde739,5ff8f49b-108a-4e37-b347-fb6131e34b9a,6,8,100,yes
00ffb82c-e6d6-4d78-a278-acb216fde739,5ff8f49b-108a-4e37-b347-fb6131e34b9a,7,8,100,no
00ffb82c-e6d6-4d78-a278-acb216fde739,5ff8f49b-108a-4e37-b347-fb6131e34b9a,0,8,full,yes
00ffb82c-e6d6-4d78-a278-acb216fde739,5ff8f49b-108a-4e37-b347-fb6131e34b9a,1,8,full,yes
00ffb82c-e6d6-4d78-a278-acb216fde739,5ff8f49b-108a-4e37-b347-fb6131e34b9a,2,8,full,yes
00ffb82c-e6d6-4d78-a278-acb216fde739,5ff8f49b-108a-4e37-b347-fb6131e34b9a,3,8,full,no
00ffb82c-e6d6-4d78-a278-acb216fde739,5ff8f49b-108a-4e37-b347-fb6131e34b9a,4,8,full,yes
00ffb82c-e6d6-4d78-a278-acb216fde739,5ff8f49b-108a-4e37-b347-fb6131e34b9a,5,8,full,yes
00ffb82c-e6d6-4d78-a278-acb216fde739,5ff8f49b-108a-4e37-b347-fb6131e34b9a,6,8,full,yes
00ffb82c-e6d6-4d78-a278-acb216fde739,5ff8f49b-108a-4e37-b347-fb6131e34b9a,7,8,full,no
00ffb82c-e6d6-4d78-a278-acb216fde739,b91b634a-fe96-42da-a539-6f1ba5fe66ea,0,10,10,no
00ffb82c-e6d6-4d78-a278-acb216fde739,b91b634a-fe96-42da-a539-6f1ba5fe66ea,1,10,10,no
00ffb82c-e6d6-4d78-a278-acb216fde739,b91b634a-fe96-42da-a539-6f1ba5fe66ea,2,10,10,no
00ffb82c-e6d6-4d78-a278-acb216fde739,b91b634a-fe96-42da-a539-6f1ba5fe66ea,3,10,10,no
00ffb82c-e6d6-4d78-a278-acb216fde739,b91b634a-fe96-42da-a539-6f1ba5fe66ea,4,10,10,no
00ffb82c-e6d6-4d78-a278-acb216fde739,b91b634a-fe96-42da-a539-6f1ba5fe66ea,5,10,10,no
00ffb82c-e6d6-4d78-a278-acb216fde739,b91b634a-fe96-42da-a539-6f1ba5fe66ea,6,10,10,no
00ffb82c-e6d6-4d78-a278-acb216fde739,b91b634a-fe96-42da-a539-6f1ba5fe66ea,7,10,10,no
00ffb82c-e6d6-4d78-a278-acb216fde739,b91b634a-fe96-42da-a539-6f1ba5fe66ea,8,10,10,no
00ffb82c-e6d6-4d78-a278-acb216fde739,b91b634a-fe96-42da-a539-6f1ba5fe66ea,9,10,10,no
00ffb82c-e6d6-4d78-a278-acb216fde739,b91b634a-fe96-42da-a539-6f1ba5fe66ea,0,10,50,yes
00ffb82c-e6d6-4d78-a278-acb216fde739,b91b634a-fe96-42da-a539-6f1ba5fe66ea,1,10,50,yes
00ffb82c-e6d6-4d78-a278-acb216fde739,b91b634a-fe96-42da-a539-6f1ba5fe66ea,2,10,50,yes
00ffb82c-e6d6-4d78-a278-acb216fde739,b91b634a-fe96-42da-a539-6f1ba5fe66ea,3,10,50,yes
00ffb82c-e6d6-4d78-a278-acb216fde739,b91b634a-fe96-42da-a539-6f1ba5fe66ea,4,10,50,no
00ffb82c-e6d6-4d78-a278-acb216fde739,b91b634a-fe96-42da-a539-6f1ba5fe66ea,5,10,50,no
00ffb82c-e6d6-4d78-a278-acb216fde739,b91b634a-fe96-42da-a539-6f1ba5fe66ea,6,10,50,no
00ffb82c-e6d6-4d78-a278-acb216fde739,b91b634a-fe96-42da-a539-6f1ba5fe66ea,7,10,50,yes
00ffb82c-e6d6-4d78-a278-acb216fde739,b91b634a-fe96-42da-a539-6f1ba5fe66ea,8,10,50,no
00ffb82c-e6d6-4d78-a278-acb216fde739,b91b634a-fe96-42da-a539-6f1ba5fe66ea,9,10,50,no
00ffb82c-e6d6-4d78-a278-acb216fde739,b91b634a-fe96-42da-a539-6f1ba5fe66ea,0,10,100,yes
00ffb82c-e6d6-4d78-a278-acb216fde739,b91b634a-fe96-42da-a539-6f1ba5fe66ea,1,10,100,yes
00ffb82c-e6d6-4d78-a278-acb216fde739,b91b634a-fe96-42da-a539-6f1ba5fe66ea,2,10,100,yes
00ffb82c-e6d6-4d78-a278-acb216fde739,b91b634a-fe96-42da-a539-6f1ba5fe66ea,3,10,100,yes
00ffb82c-e6d6-4d78-a278-acb216fde739,b91b634a-fe96-42da-a539-6f1ba5fe66ea,4,10,100,no
00ffb82c-e6d6-4d78-a278-acb216fde739,b91b634a-fe96-42da-a539-6f1ba5fe66ea,5,10,100,no
00ffb82c-e6d6-4d78-a278-acb216fde739,b91b634a-fe96-42da-a539-6f1ba5fe66ea,6,10,100,yes
00ffb82c-e6d6-4d78-a278-acb216fde739,b91b634a-fe96-42da-a539-6f1ba5fe66ea,7,10,100,no
00ffb82c-e6d6-4d78-a278-acb216fde739,b91b634a-fe96-42da-a539-6f1ba5fe66ea,8,10,100,yes
00ffb82c-e6d6-4d78-a278-acb216fde739,b91b634a-fe96-42da-a539-6f1ba5fe66ea,9,10,100,no
00ffb82c-e6d6-4d78-a278-acb216fde739,b91b634a-fe96-42da-a539-6f1ba5fe66ea,0,10,full,yes
00ffb82c-e6d6-4d78-a278-acb216fde739,b91b634a-fe96-42da-a539-6f1ba5fe66ea,1,10,full,yes
00ffb82c-e6d6-4d78-a278-acb216fde739,b91b634a-fe96-42da-a539-6f1ba5fe66ea,2,10,full,yes
00ffb82c-e6d6-4d78-a278-acb216fde739,b91b634a-fe96-42da-a539-6f1ba5fe66ea,3,10,full,yes
00ffb82c-e6d6-4d78-a278-acb216fde739,b91b634a-fe96-42da-a539-6f1ba5fe66ea,4,10,full,no
00ffb82c-e6d6-4d78-a278-acb216fde739,b91b634a-fe96-42da-a539-6f1ba5fe66ea,5,10,full,no
00ffb82c-e6d6-4d78-a278-acb216fde739,b91b634a-fe96-42da-a539-6f1ba5fe66ea,6,10,full,yes
00ffb82c-e6d6-4d78-a278-acb216fde739,b91b634a-fe96-42da-a539-6f1ba5fe66ea,7,10,full,no
00ffb82c-e6d6-4d78-a278-acb216fde739,b91b634a-fe96-42da-a539-6f1ba5fe66ea,8,10,full,yes
00ffb82c-e6d6-4d78-a278-acb216fde739,b91b634a-fe96-42da-a539-6f1ba5fe66ea,9,10,full,no
109e43f4-dc51-44df-8ce6-591ec169a130,1a9e34d9-1e51-40c9-8bc6-d4cd635fb933,0,1,10,no
109e43f4-dc51-44df-8ce6-591ec169a130,1a9e34d9-1e51-40c9-8bc6-d4cd635fb933,0,1,50,no
109e43f4-dc51-44df-8ce6-591ec169a130,1a9e34d9-1e51-40c9-8bc6-d4cd635fb933,0,1,100,no
109e43f4-dc51-44df-8ce6-591ec169a130,1a9e34d9-1e51-40c9-8bc6-d4cd635fb933,0,1,full,no
40f92fe0-aa82-402f-8fce-9486841745aa,a8c391d3-767a-46d3-a6fc-7f5ab43749d4,0,1,10,no
40f92fe0-aa82-402f-8fce-9486841745aa,a8c391d3-767a-46d3-a6fc-7f5ab43749d4,0,1,50,no
40f92fe0-aa82-402f-8fce-9486841745aa,a8c391d3-767a-46d3-a6fc-7f5ab43749d4,0,1,100,no
40f92fe0-aa82-402f-8fce-9486841745aa,a8c391d3-767a-46d3-a6fc-7f5ab43749d4,0,1,full,no
40f92fe0-aa82-402f-8fce-9486841745aa,fcdd8b6c-1e1d-4714-87ba-dbbe94bbfe46,0,8,10,no
40f92fe0-aa82-402f-8fce-9486841745aa,fcdd8b6c-1e1d-4714-87ba-dbbe94bbfe46,1,8,10,no
40f92fe0-aa82-402f-8fce-9486841745aa,fcdd8b6c-1e1d-4714-87ba-dbbe94bbfe46,2,8,10,no
40f92fe0-aa82-402f-8fce-9486841745aa,fcdd8b6c-1e1d-4714-87ba-dbbe94bbfe46,3,8,10,no
40f92fe0-aa82-402f-8fce-9486841745aa,fcdd8b6c-1e1d-4714-87ba-dbbe94bbfe46,4,8,10,no
40f92fe0-aa82-402f-8fce-9486841745aa,fcdd8b6c-1e1d-4714-87ba-dbbe94bbfe46,5,8,10,no
40f92fe0-aa82-402f-8fce-9486841745aa,fcdd8b6c-1e1d-4714-87ba-dbbe94bbfe46,6,8,10,no
40f92fe0-aa82-402f-8fce-9486841745aa,fcdd8b6c-1e1d-4714-87ba-dbbe94bbfe46,7,8,10,no
40f92fe0-aa82-402f-8fce-9486841745aa,fcdd8b6c-1e1d-4714-87ba-dbbe94bbfe46,0,8,50,no
40f92fe0-aa82-402f-8fce-9486841745aa,fcdd8b6c-1e1d-4714-87ba-dbbe94bbfe46,1,8,50,no
40f92fe0-aa82-402f-8fce-9486841745aa,fcdd8b6c-1e1d-4714-87ba-dbbe94bbfe46,2,8,50,yes
40f92fe0-aa82-402f-8fce-9486841745aa,fcdd8b6c-1e1d-4714-87ba-dbbe94bbfe46,3,8,50,no
40f92fe0-aa82-402f-8fce-9486841745aa,fcdd8b6c-1e1d-4714-87ba-dbbe94bbfe46,4,8,50,yes
40f92fe0-aa82-402f-8fce-9486841745aa,fcdd8b6c-1e1d-4714-87ba-dbbe94bbfe46,5,8,50,no
40f92fe0-aa82-402f-8fce-9486841745aa,fcdd8b6c-1e1d-4714-87ba-dbbe94bbfe46,6,8,50,no
40f92fe0-aa82-402f-8fce-9486841745aa,fcdd8b6c-1e1d-4714-87ba-dbbe94bbfe46,7,8,50,no
40f92fe0-aa82-402f-8fce-9486841745aa,fcdd8b6c-1e1d-4714-87ba-dbbe94bbfe46,0,8,100,no
40f92fe0-aa82-402f-8fce-9486841745aa,fcdd8b6c-1e1d-4714-87ba-dbbe94bbfe46,1,8,100,no
40f92fe0-aa82-402f-8fce-9486841745aa,fcdd8b6c-1e1d-4714-87ba-dbbe94bbfe46,2,8,100,yes
40f92fe0-aa82-402f-8fce-9486841745aa,fcdd8b6c-1e1d-4714-87ba-dbbe94bbfe46,3,8,100,no
40f92fe0-aa82-402f-8fce-9486841745aa,fcdd8b6c-1e1d-4714-87ba-dbbe94bbfe46,4,8,100,no
40f92fe0-aa82-402f-8fce-9486841745aa,fcdd8b6c-1e1d-4714-87ba-dbbe94bbfe46,5,8,100,no
40f92fe0-aa82-402f-8fce-9486841745aa,fcdd8b6c-1e1d-4714-87ba-dbbe94bbfe46,6,8,100,no
40f92fe0-aa82-402f-8fce-9486841745aa,fcdd8b6c-1e1d-4714-87ba-dbbe94bbfe46,7,8,100,no
40f92fe0-aa82-402f-8fce-9486841745aa,fcdd8b6c-1e1d-4714-87ba-dbbe94bbfe46,0,8,full,no
40f92fe0-aa82-402f-8fce-9486841745aa,fcdd8b6c-1e1d-4714-87ba-dbbe94bbfe46,1,8,full,no
40f92fe0-aa82-402f-8fce-9486841745aa,fcdd8b6c-1e1d-4714-87ba-dbbe94bbfe46,2,8,full,yes
40f92fe0-aa82-402f-8fce-9486841745aa,fcdd8b6c-1e1d-4714-87ba-dbbe94bbfe46,3,8,full,no
40f92fe0-aa82-402f-8fce-9486841745aa,fcdd8b6c-1e1d-4714-87ba-dbbe94bbfe46,4,8,full,no
40f92fe0-aa82-402f-8fce-9486841745aa,fcdd8b6c-1e1d-4714-87ba-dbbe94bbfe46,5,8,full,no
40f92fe0-aa82-402f-8fce-9486841745aa,fcdd8b6c-1e1d-4714-87ba-dbbe94bbfe46,6,8,full,no
40f92fe0-aa82-402f-8fce-9486841745aa,fcdd8b6c-1e1d-4714-87ba-dbbe94bbfe46,7,8,full,no
40f92fe0-aa82-402f-8fce-9486841745aa,43ee8332-acdb-465f-be2d-c2779979d1af,0,10,10,no
40f92fe0-aa82-402f-8fce-9486841745aa,43ee8332-acdb-465f-be2d-c2779979d1af,1,10,10,no
40f92fe0-aa82-402f-8fce-9486841745aa,43ee8332-acdb-465f-be2d-c2779979d1af,2,10,10,no
40f92fe0-aa82-402f-8fce-9486841745aa,43ee8332-acdb-465f-be2d-c2779979d1af,3,10,10,no
40f92fe0-aa82-402f-8fce-9486841745aa,43ee8332-acdb-465f-be2d-c2779979d1af,4,10,10,yes
40f92fe0-aa82-402f-8fce-9486841745aa,43ee8332-acdb-465f-be2d-c2779979d1af,5,10,10,yes
40f92fe0-aa82-402f-8fce-9486841745aa,43ee8332-acdb-465f-be2d-c2779979d1af,6,10,10,no
40f92fe0-aa82-402f-8fce-9486841745aa,43ee8332-acdb-465f-be2d-c2779979d1af,7,10,10,no
40f92fe0-aa82-402f-8fce-9486841745aa,43ee8332-acdb-465f-be2d-c2779979d1af,8,10,10,no
40f92fe0-aa82-402f-8fce-9486841745aa,43ee8332-acdb-465f-be2d-c2779979d1af,9,10,10,no
40f92fe0-aa82-402f-8fce-9486841745aa,43ee8332-acdb-465f-be2d-c2779979d1af,0,10,50,yes
40f92fe0-aa82-402f-8fce-9486841745aa,43ee8332-acdb-465f-be2d-c2779979d1af,1,10,50,yes
40f92fe0-aa82-402f-8fce-9486841745aa,43ee8332-acdb-465f-be2d-c2779979d1af,2,10,50,no
40f92fe0-aa82-402f-8fce-9486841745aa,43ee8332-acdb-465f-be2d-c2779979d1af,3,10,50,no
40f92fe0-aa82-402f-8fce-9486841745aa,43ee8332-acdb-465f-be2d-c2779979d1af,4,10,50,no
40f92fe0-aa82-402f-8fce-9486841745aa,43ee8332-acdb-465f-be2d-c2779979d1af,5,10,50,no
40f92fe0-aa82-402f-8fce-9486841745aa,43ee8332-acdb-465f-be2d-c2779979d1af,6,10,50,no
40f92fe0-aa82-402f-8fce-9486841745aa,43ee8332-acdb-465f-be2d-c2779979d1af,7,10,50,no
40f92fe0-aa82-402f-8fce-9486841745aa,43ee8332-acdb-465f-be2d-c2779979d1af,8,10,50,no
40f92fe0-aa82-402f-8fce-9486841745aa,43ee8332-acdb-465f-be2d-c2779979d1af,9,10,50,no
40f92fe0-aa82-402f-8fce-9486841745aa,43ee8332-acdb-465f-be2d-c2779979d1af,0,10,100,yes
40f92fe0-aa82-402f-8fce-9486841745aa,43ee8332-acdb-465f-be2d-c2779979d1af,1,10,100,no
40f92fe0-aa82-402f-8fce-9486841745aa,43ee8332-acdb-465f-be2d-c2779979d1af,2,10,100,no
40f92fe0-aa82-402f-8fce-9486841745aa,43ee8332-acdb-465f-be2d-c2779979d1af,3,10,100,no
40f92fe0-aa82-402f-8fce-9486841745aa,43ee8332-acdb-465f-be2d-c2779979d1af,4,10,100,no
40f92fe0-aa82-402f-8fce-9486841745aa,43ee8332-acdb-465f-be2d-c2779979d1af,5,10,100,no
40f92fe0-aa82-402f-8fce-9486841745aa,43ee8332-acdb-465f-be2d-c2779979d1af,6,10,100,yes
40f92fe0-aa82-402f-8fce-9486841745aa,43ee8332-acdb-465f-be2d-c2779979d1af,7,10,100,no
40f92fe0-aa82-402f-8fce-9486841745aa,43ee8332-acdb-465f-be2d-c2779979d1af,8,10,100,no
40f92fe0-aa82-402f-8fce-9486841745aa,43ee8332-acdb-465f-be2d-c2779979d1af,9,10,100,no
40f92fe0-aa82-402f-8fce-9486841745aa,43ee8332-acdb-465f-be2d-c2779979d1af,0,10,full,yes
40f92fe0-aa82-402f-8fce-9486841745aa,43ee8332-acdb-465f-be2d-c2779979d1af,1,10,full,no
40f92fe0-aa82-402f-8fce-9486841745aa,43ee8332-acdb-465f-be2d-c2779979d1af,2,10,full,no
40f92fe0-aa82-402f-8fce-9486841745aa,43ee8332-acdb-465f-be2d-c2779979d1af,3,10,full,no
40f92fe0-aa82-402f-8fce-9486841745aa,43ee8332-acdb-465f-be2d-c2779979d1af,4,10,full,no
40f92fe0-aa82-402f-8fce-9486841745aa,43ee8332-acdb-465f-be2d-c2779979d1af,5,10,full,no
40f92fe0-aa82-402f-8fce-9486841745aa,43ee8332-acdb-465f-be2d-c2779979d1af,6,10,full,yes
40f92fe0-aa82-402f-8fce-9486841745aa,43ee8332-acdb-465f-be2d-c2779979d1af,7,10,full,no
40f92fe0-aa82-402f-8fce-9486841745aa,43ee8332-acdb-465f-be2d-c2779979d1af,8,10,full,no
40f92fe0-aa82-402f-8fce-9486841745aa,43ee8332-acdb-465f-be2d-c2779979d1af,9,10,full,no
f6f76215-da14-4f20-872c-8a890bf9aaad,21bf35ec-94e3-48f4-ba8b-30fef1983681,0,1,10,no
f6f76215-da14-4f20-872c-8a890bf9aaad,21bf35ec-94e3-48f4-ba8b-30fef1983681,0,1,50,no
f6f76215-da14-4f20-872c-8a890bf9aaad,21bf35ec-94e3-48f4-ba8b-30fef1983681,0,1,100,yes
f6f76215-da14-4f20-872c-8a890bf9aaad,21bf35ec-94e3-48f4-ba8b-30fef1983681,0,1,full,yes
f6f76215-da14-4f20-872c-8a890bf9aaad,bafa95e1-0d90-4f71-aa04-0e1ea092462e,0,8,10,no
f6f76215-da14-4f20-872c-8a890bf9aaad,bafa95e1-0d90-4f71-aa04-0e1ea092462e,1,8,10,no
f6f76215-da14-4f20-872c-8a890bf9aaad,bafa95e1-0d90-4f71-aa04-0e1ea092462e,2,8,10,no
f6f76215-da14-4f20-872c-8a890bf9aaad,bafa95e1-0d90-4f71-aa04-0e1ea092462e,3,8,10,yes
f6f76215-da14-4f20-872c-8a890bf9aaad,bafa95e1-0d90-4f71-aa04-0e1ea092462e,4,8,10,no
f6f76215-da14-4f20-872c-8a890bf9aaad,bafa95e1-0d90-4f71-aa04-0e1ea092462e,5,8,10,no
f6f76215-da14-4f20-872c-8a890bf9aaad,bafa95e1-0d90-4f71-aa04-0e1ea092462e,6,8,10,no
f6f76215-da14-4f20-872c-8a890bf9aaad,bafa95e1-0d90-4f71-aa04-0e1ea092462e,7,8,10,no
f6f76215-da14-4f20-872c-8a890bf9aaad,bafa95e1-0d90-4f71-aa04-0e1ea092462e,0,8,50,yes
f6f76215-da14-4f20-872c-8a890bf9aaad,bafa95e1-0d90-4f71-aa04-0e1ea092462e,1,8,50,yes
f6f76215-da14-4f20-872c-8a890bf9aaad,bafa95e1-0d90-4f71-aa04-0e1ea092462e,2,8,50,no
f6f76215-da14-4f20-872c-8a890bf9aaad,bafa95e1-0d90-4f71-aa04-0e1ea092462e,3,8,50,no
f6f76215-da14-4f20-872c-8a890bf9aaad,bafa95e1-0d90-4f71-aa04-0e1ea092462e,4,8,50,no
f6f76215-da14-4f20-872c-8a890bf9aaad,bafa95e1-0d90-4f71-aa04-0e1ea092462e,5,8,50,no
f6f76215-da14-4f20-872c-8a890bf9aaad,bafa95e1-0d90-4f71-aa04-0e1ea092462e,6,8,50,no
f6f76215-da14-4f20-872c-8a890bf9aaad,bafa95e1-0d90-4f71-aa04-0e1ea092462e,7,8,50,yes
f6f76215-da14-4f20-872c-8a890bf9aaad,bafa95e1-0d90-4f71-aa04-0e1ea092462e,0,8,100,yes
f6f76215-da14-4f20-872c-8a890bf9aaad,bafa95e1-0d90-4f71-aa04-0e1ea092462e,1,8,100,yes
f6f76215-da14-4f20-872c-8a890bf9aaad,bafa95e1-0d90-4f71-aa04-0e1ea092462e,2,8,100,no
f6f76215-da14-4f20-872c-8a890bf9aaad,bafa95e1-0d90-4f71-aa04-0e1ea092462e,3,8,100,no
f6f76215-da14-4f20-872c-8a890bf9aaad,bafa95e1-0d90-4f71-aa04-0e1ea092462e,4,8,100,no
f6f76215-da14-4f20-872c-8a890bf9aaad,bafa95e1-0d90-4f71-aa04-0e1ea092462e,5,8,100,no
f6f76215-da14-4f20-872c-8a890bf9aaad,bafa95e1-0d90-4f71-aa04-0e1ea092462e,6,8,100,no
f6f76215-da14-4f20-872c-8a890bf9aaad,bafa95e1-0d90-4f71-aa04-0e1ea092462e,7,8,100,no
f6f76215-da14-4f20-872c-8a890bf9aaad,bafa95e1-0d90-4f71-aa04-0e1ea092462e,0,8,full,yes
f6f76215-da14-4f20-872c-8a890bf9aaad,bafa95e1-0d90-4f71-aa04-0e1ea092462e,1,8,full,yes
f6f76215-da14-4f20-872c-8a890bf9aaad,bafa95e1-0d90-4f71-aa04-0e1ea092462e,2,8,full,no
f6f76215-da14-4f20-872c-8a890bf9aaad,bafa95e1-0d90-4f71-aa04-0e1ea092462e,3,8,full,no
f6f76215-da14-4f20-872c-8a890bf9aaad,bafa95e1-0d90-4f71-aa04-0e1ea092462e,4,8,full,no
f6f76215-da14-4f20-872c-8a890bf9aaad,bafa95e1-0d90-4f71-aa04-0e1ea092462e,5,8,full,no
f6f76215-da14-4f20-872c-8a890bf9aaad,bafa95e1-0d90-4f71-aa04-0e1ea092462e,6,8,full,no
f6f76215-da14-4f20-872c-8a890bf9aaad,bafa95e1-0d90-4f71-aa04-0e1ea092462e,7,8,full,no
f6f76215-da14-4f20-872c-8a890bf9aaad,879d1cb2-9800-4663-a9b6-4aa27d92815a,0,10,10,no
f6f76215-da14-4f20-872c-8a890bf9aaad,879d1cb2-9800-4663-a9b6-4aa27d92815a,1,10,10,no
f6f76215-da14-4f20-872c-8a890bf9aaad,879d1cb2-9800-4663-a9b6-4aa27d92815a,2,10,10,no
f6f76215-da14-4f20-872c-8a890bf9aaad,879d1cb2-9800-4663-a9b6-4aa27d92815a,3,10,10,no
f6f76215-da14-4f20-872c-8a890bf9aaad,879d1cb2-9800-4663-a9b6-4aa27d92815a,4,10,10,no
f6f76215-da14-4f20-872c-8a890bf9aaad,879d1cb2-9800-4663-a9b6-4aa27d92815a,5,10,10,no
f6f76215-da14-4f20-872c-8a890bf9aaad,879d1cb2-9800-4663-a9b6-4aa27d92815a,6,10,10,no
f6f76215-da14-4f20-872c-8a890bf9aaad,879d1cb2-9800-4663-a9b6-4aa27d92815a,7,10,10,no
f6f76215-da14-4f20-872c-8a890bf9aaad,879d1cb2-9800-4663-a9b6-4aa27d92815a,8,10,10,no
f6f76215-da14-4f20-872c-8a890bf9aaad,879d1cb2-9800-4663-a9b6-4aa27d92815a,9,10,10,no
f6f76215-da14-4f20-872c-8a890bf9aaad,879d1cb2-9800-4663-a9b6-4aa27d92815a,0,10,50,yes
f6f76215-da14-4f20-872c-8a890bf9aaad,879d1cb2-9800-4663-a9b6-4aa27d92815a,1,10,50,no
f6f76215-da14-4f20-872c-8a890bf9aaad,879d1cb2-9800-4663-a9b6-4aa27d92815a,2,10,50,yes
f6f76215-da14-4f20-872c-8a890bf9aaad,879d1cb2-9800-4663-a9b6-4aa27d92815a,3,10,50,yes
f6f76215-da14-4f20-872c-8a890bf9aaad,879d1cb2-9800-4663-a9b6-4aa27d92815a,4,10,50,yes
f6f76215-da14-4f20-872c-8a890bf9aaad,879d1cb2-9800-4663-a9b6-4aa27d92815a,5,10,50,no
f6f76215-da14-4f20-872c-8a890bf9aaad,879d1cb2-9800-4663-a9b6-4aa27d92815a,6,10,50,no
f6f76215-da14-4f20-872c-8a890bf9aaad,879d1cb2-9800-4663-a9b6-4aa27d92815a,7,10,50,no
f6f76215-da14-4f20-872c-8a890bf9aaad,879d1cb2-9800-4663-a9b6-4aa27d92815a,8,10,50,no
f6f76215-da14-4f20-872c-8a890bf9aaad,879d1cb2-9800-4663-a9b6-4aa27d92815a,9,10,50,yes
f6f76215-da14-4f20-872c-8a890bf9aaad,879d1cb2-9800-4663-a9b6-4aa27d92815a,0,10,100,yes
f6f76215-da14-4f20-872c-8a890bf9aaad,879d1cb2-9800-4663-a9b6-4aa27d92815a,1,10,100,no
f6f76215-da14-4f20-872c-8a890bf9aaad,879d1cb2-9800-4663-a9b6-4aa27d92815a,2,10,100,no
f6f76215-da14-4f20-872c-8a890bf9aaad,879d1cb2-9800-4663-a9b6-4aa27d92815a,3,10,100,no
f6f76215-da14-4f20-872c-8a890bf9aaad,879d1cb2-9800-4663-a9b6-4aa27d92815a,4,10,100,no
f6f76215-da14-4f20-872c-8a890bf9aaad,879d1cb2-9800-4663-a9b6-4aa27d92815a,5,10,100,no
f6f76215-da14-4f20-872c-8a890bf9aaad,879d1cb2-9800-4663-a9b6-4aa27d92815a,6,10,100,no
f6f76215-da14-4f20-872c-8a890bf9aaad,879d1cb2-9800-4663-a9b6-4aa27d92815a,7,10,100,yes
f6f76215-da14-4f20-872c-8a890bf9aaad,879d1cb2-9800-4663-a9b6-4aa27d92815a,8,10,100,no
f6f76215-da14-4f20-872c-8a890bf9aaad,879d1cb2-9800-4663-a9b6-4aa27d92815a,9,10,100,no
f6f76215-da14-4f20-872c-8a890bf9aaad,879d1cb2-9800-4663-a9b6-4aa27d92815a,0,10,full,yes
f6f76215-da14-4f20-872c-8a890bf9aaad,879d1cb2-9800-4663-a9b6-4aa27d92815a,1,10,full,no
f6f76215-da14-4f20-872c-8a890bf9aaad,879d1cb2-9800-4663-a9b6-4aa27d92815a,2,10,full,no
f6f76215-da14-4f20-872c-8a890bf9aaad,879d1cb2-9800-4663-a9b6-4aa27d92815a,3,10,full,no
f6f76215-da14-4f20-872c-8a890bf9aaad,879d1cb2-9800-4663-a9b6-4aa27d92815a,4,10,full,no
f6f76215-da14-4f20-872c-8a890bf9aaad,879d1cb2-9800-4663-a9b6-4aa27d92815a,5,10,full,no
f6f76215-da14-4f20-872c-8a890bf9aaad,879d1cb2-9800-4663-a9b6-4aa27d92815a,6,10,full,no
f6f76215-da14-4f20-872c-8a890bf9aaad,879d1cb2-9800-4663-a9b6-4aa27d92815a,7,10,full,yes
f6f76215-da14-4f20-872c-8a890bf9aaad,879d1cb2-9800-4663-a9b6-4aa27d92815a,8,10,full,no
f6f76215-da14-4f20-872c-8a890bf9aaad,879d1cb2-9800-4663-a9b6-4aa27d92815a,9,10,full,no
45211aa4-334d-4511-a2d5-64dd635af558,7740ad43-21c7-464e-b7f9-fcd63e3621d8,0,1,10,no
45211aa4-334d-4511-a2d5-64dd635af558,7740ad43-21c7-464e-b7f9-fcd63e3621d8,0,1,50,yes
45211aa4-334d-4511-a2d5-64dd635af558,7740ad43-21c7-464e-b7f9-fcd63e3621d8,0,1,100,yes
45211aa4-334d-4511-a2d5-64dd635af558,7740ad43-21c7-464e-b7f9-fcd63e3621d8,0,1,full,yes
45211aa4-334d-4511-a2d5-64dd635af558,bdf27886-2456-4282-9e3d-f02f911d58d8,0,8,10,no
45211aa4-334d-4511-a2d5-64dd635af558,bdf27886-2456-4282-9e3d-f02f911d58d8,1,8,10,no
45211aa4-334d-4511-a2d5-64dd635af558,bdf27886-2456-4282-9e3d-f02f911d58d8,2,8,10,no
45211aa4-334d-4511-a2d5-64dd635af558,bdf27886-2456-4282-9e3d-f02f911d58d8,3,8,10,no
45211aa4-334d-4511-a2d5-64dd635af558,bdf27886-2456-4282-9e3d-f02f911d58d8,4,8,10,yes
45211aa4-334d-4511-a2d5-64dd635af558,bdf27886-2456-4282-9e3d-f02f911d58d8,5,8,10,yes
45211aa4-334d-4511-a2d5-64dd635af558,bdf27886-2456-4282-9e3d-f02f911d58d8,6,8,10,no
45211aa4-334d-4511-a2d5-64dd635af558,bdf27886-2456-4282-9e3d-f02f911d58d8,7,8,10,yes
45211aa4-334d-4511-a2d5-64dd635af558,bdf27886-2456-4282-9e3d-f02f911d58d8,0,8,50,yes
45211aa4-334d-4511-a2d5-64dd635af558,bdf27886-2456-4282-9e3d-f02f911d58d8,1,8,50,no
45211aa4-334d-4511-a2d5-64dd635af558,bdf27886-2456-4282-9e3d-f02f911d58d8,2,8,50,yes
45211aa4-334d-4511-a2d5-64dd635af558,bdf27886-2456-4282-9e3d-f02f911d58d8,3,8,50,yes
45211aa4-334d-4511-a2d5-64dd635af558,bdf27886-2456-4282-9e3d-f02f911d58d8,4,8,50,yes
45211aa4-334d-4511-a2d5-64dd635af558,bdf27886-2456-4282-9e3d-f02f911d58d8,5,8,50,no
45211aa4-334d-4511-a2d5-64dd635af558,bdf27886-2456-4282-9e3d-f02f911d58d8,6,8,50,yes
45211aa4-334d-4511-a2d5-64dd635af558,bdf27886-2456-4282-9e3d-f02f911d58d8,7,8,50,no
45211aa4-334d-4511-a2d5-64dd635af558,bdf27886-2456-4282-9e3d-f02f911d58d8,0,8,100,yes
45211aa4-334d-4511-a2d5-64dd635af558,bdf27886-2456-4282-9e3d-f02f911d58d8,1,8,100,no
45211aa4-334d-4511-a2d5-64dd635af558,bdf27886-2456-4282-9e3d-f02f911d58d8,2,8,100,yes
45211aa4-334d-4511-a2d5-64dd635af558,bdf27886-2456-4282-9e3d-f02f911d58d8,3,8,100,no
45211aa4-334d-4511-a2d5-64dd635af558,bdf27886-2456-4282-9e3d-f02f911d58d8,4,8,100,no
45211aa4-334d-4511-a2d5-64dd635af558,bdf27886-2456-4282-9e3d-f02f911d58d8,5,8,100,no
45211aa4-334d-4511-a2d5-64dd635af558,bdf27886-2456-4282-9e3d-f02f911d58d8,6,8,100,no
45211aa4-334d-4511-a2d5-64dd635af558,bdf27886-2456-4282-9e3d-f02f911d58d8,7,8,100,yes
45211aa4-334d-4511-a2d5-64dd635af558,bdf27886-2456-4282-9e3d-f02f911d58d8,0,8,full,yes
45211aa4-334d-4511-a2d5-64dd635af558,bdf27886-2456-4282-9e3d-f02f911d58d8,1,8,full,no
45211aa4-334d-4511-a2d5-64dd635af558,bdf27886-2456-4282-9e3d-f02f911d58d8,2,8,full,yes
45211aa4-334d-4511-a2d5-64dd635af558,bdf27886-2456-4282-9e3d-f02f911d58d8,3,8,full,no
45211aa4-334d-4511-a2d5-64dd635af558,bdf27886-2456-4282-9e3d-f02f911d58d8,4,8,full,no
45211aa4-334d-4511-a2d5-64dd635af558,bdf27886-2456-4282-9e3d-f02f911d58d8,5,8,full,no
45211aa4-334d-4511-a2d5-64dd635af558,bdf27886-2456-4282-9e3d-f02f911d58d8,6,8,full,no
45211aa4-334d-4511-a2d5-64dd635af558,bdf27886-2456-4282-9e3d-f02f911d58d8,7,8,full,yes
45211aa4-334d-4511-a2d5-64dd635af558,853a7f44-64ed-4e31-8a47-80cb2c366ede,0,10,10,no
45211aa4-334d-4511-a2d5-64dd635af558,853a7f44-64ed-4e31-8a47-80cb2c366ede,1,10,10,no
45211aa4-334d-4511-a2d5-64dd635af558,853a7f44-64ed-4e31-8a47-80cb2c366ede,2,10,10,no
45211aa4-334d-4511-a2d5-64dd635af558,853a7f44-64ed-4e31-8a47-80cb2c366ede,3,10,10,no
45211aa4-334d-4511-a2d5-64dd635af558,853a7f44-64ed-4e31-8a47-80cb2c366ede,4,10,10,no
45211aa4-334d-4511-a2d5-64dd635af558,853a7f44-64ed-4e31-8a47-80cb2c366ede,5,10,10,no
45211aa4-334d-4511-a2d5-64dd635af558,853a7f44-64ed-4e31-8a47-80cb2c366ede,6,10,10,yes
45211aa4-334d-4511-a2d5-64dd635af558,853a7f44-64ed-4e31-8a47-80cb2c366ede,7,10,10,yes
45211aa4-334d-4511-a2d5-64dd635af558,853a7f44-64ed-4e31-8a47-80cb2c366ede,8,10,10,no
45211aa4-334d-4511-a2d5-64dd635af558,853a7f44-64ed-4e31-8a47-80cb2c366ede,9,10,10,no
45211aa4-334d-4511-a2d5-64dd635af558,853a7f44-64ed-4e31-8a47-80cb2c366ede,0,10,50,yes
45211aa4-334d-4511-a2d5-64dd635af558,853a7f44-64ed-4e31-8a47-80cb2c366ede,1,10,50,yes
45211aa4-334d-4511-a2d5-64dd635af558,853a7f44-64ed-4e31-8a47-80cb2c366ede,2,10,50,no
45211aa4-334d-4511-a2d5-64dd635af558,853a7f44-64ed-4e31-8a47-80cb2c366ede,3,10,50,yes
45211aa4-334d-4511-a2d5-64dd635af558,853a7f44-64ed-4e31-8a47-80cb2c366ede,4,10,50,no
45211aa4-334d-4511-a2d5-64dd635af558,853a7f44-64ed-4e31-8a47-80cb2c366ede,5,10,50,no
45211aa4-334d-4511-a2d5-64dd635af558,853a7f44-64ed-4e31-8a47-80cb2c366ede,6,10,50,no
45211aa4-334d-4511-a2d5-64dd635af558,853a7f44-64ed-4e31-8a47-80cb2c366ede,7,10,50,yes
45211aa4-334d-4511-a2d5-64dd635af558,853a7f44-64ed-4e31-8a47-80cb2c366ede,8,10,50,yes
45211aa4-334d-4511-a2d5-64dd635af558,853a7f44-64ed-4e31-8a47-80cb2c366ede,9,10,50,no
45211aa4-334d-4511-a2d5-64dd635af558,853a7f44-64ed-4e31-8a47-80cb2c366ede,0,10,100,yes
45211aa4-334d-4511-a2d5-64dd635af558,853a7f44-64ed-4e31-8a47-80cb2c366ede,1,10,100,no
45211aa4-334d-4511-a2d5-64dd635af558,853a7f44-64ed-4e31-8a47-80cb2c366ede,2,10,100,no
45211aa4-334d-4511-a2d5-64dd635af558,853a7f44-64ed-4e31-8a47-80cb2c366ede,3,10,100,no
45211aa4-334d-4511-a2d5-64dd635af558,853a7f44-64ed-4e31-8a47-80cb2c366ede,4,10,100,no
45211aa4-334d-4511-a2d5-64dd635af558,853a7f44-64ed-4e31-8a47-80cb2c366ede,5,10,100,no
45211aa4-334d-4511-a2d5-64dd635af558,853a7f44-64ed-4e31-8a47-80cb2c366ede,6,10,100,no
45211aa4-334d-4511-a2d5-64dd635af558,853a7f44-64ed-4e31-8a47-80cb2c366ede,7,10,100,no
45211aa4-334d-4511-a2d5-64dd635af558,853a7f44-64ed-4e31-8a47-80cb2c366ede,8,10,100,no
45211aa4-334d-4511-a2d5-64dd635af558,853a7f44-64ed-4e31-8a47-80cb2c366ede,9,10,100,no
45211aa4-334d-4511-a2d5-64dd635af558,853a7f44-64ed-4e31-8a47-80cb2c366ede,0,10,full,yes
45211aa4-334d-4511-a2d5-64dd635af558,853a7f44-64ed-4e31-8a47-80cb2c366ede,1,10,full,no
45211aa4-334d-4511-a2d5-64dd635af558,853a7f44-64ed-4e31-8a47-80cb2c366ede,2,10,full,no
45211aa4-334d-4511-a2d5-64dd635af558,853a7f44-64ed-4e31-8a47-80cb2c366ede,3,10,full,no
45211aa4-334d-4511-a2d5-64dd635af558,853a7f44-64ed-4e31-8a47-80cb2c366ede,4,10,full,no
45211aa4-334d-4511-a2d5-64dd635af558,853a7f44-64ed-4e31-8a47-80cb2c366ede,5,10,full,no
45211aa4-334d-4511-a2d5-64dd635af558,853a7f44-64ed-4e31-8a47-80cb2c366ede,6,10,full,no
45211aa4-334d-4511-a2d5-64dd635af558,853a7f44-64ed-4e31-8a47-80cb2c366ede,7,10,full,no
45211aa4-334d-4511-a2d5-64dd635af558,853a7f44-64ed-4e31-8a47-80cb2c366ede,8,10,full,no
45211aa4-334d-4511-a2d5-64dd635af558,853a7f44-64ed-4e31-8a47-80cb2c366ede,9,10,full,no
4ebc1977-6ca6-4ca8-9f75-ed2c0c39c5e4,a192ef38-c4d5-4603-a760-4fe8e91ed922,0,1,10,no
4ebc1977-6ca6-4ca8-9f75-ed2c0c39c5e4,a192ef38-c4d5-4603-a760-4fe8e91ed922,0,1,50,yes
4ebc1977-6ca6-4ca8-9f75-ed2c0c39c5e4,a192ef38-c4d5-4603-a760-4fe8e91ed922,0,1,100,no
4ebc1977-6ca6-4ca8-9f75-ed2c0c39c5e4,a192ef38-c4d5-4603-a760-4fe8e91ed922,0,1,full,no
4ebc1977-6ca6-4ca8-9f75-ed2c0c39c5e4,12b6557c-e473-40d7-ade5-d3367a0aa177,0,8,10,yes
4ebc1977-6ca6-4ca8-9f75-ed2c0c39c5e4,12b6557c-e473-40d7-ade5-d3367a0aa177,1,8,10,yes
4ebc1977-6ca6-4ca8-9f75-ed2c0c39c5e4,12b6557c-e473-40d7-ade5-d3367a0aa177,2,8,10,no
4ebc1977-6ca6-4ca8-9f75-ed2c0c39c5e4,12b6557c-e473-40d7-ade5-d3367a0aa177,3,8,10,no
4ebc1977-6ca6-4ca8-9f75-ed2c0c39c5e4,12b6557c-e473-40d7-ade5-d3367a0aa177,4,8,10,no
4ebc1977-6ca6-4ca8-9f75-ed2c0c39c5e4,12b6557c-e473-40d7-ade5-d3367a0aa177,5,8,10,yes
4ebc1977-6ca6-4ca8-9f75-ed2c0c39c5e4,12b6557c-e473-40d7-ade5-d3367a0aa177,6,8,10,yes
4ebc1977-6ca6-4ca8-9f75-ed2c0c39c5e4,12b6557c-e473-40d7-ade5-d3367a0aa177,7,8,10,no
4ebc1977-6ca6-4ca8-9f75-ed2c0c39c5e4,12b6557c-e473-40d7-ade5-d3367a0aa177,0,8,50,no
4ebc1977-6ca6-4ca8-9f75-ed2c0c39c5e4,12b6557c-e473-40d7-ade5-d3367a0aa177,1,8,50,no
4ebc1977-6ca6-4ca8-9f75-ed2c0c39c5e4,12b6557c-e473-40d7-ade5-d3367a0aa177,2,8,50,no
4ebc1977-6ca6-4ca8-9f75-ed2c0c39c5e4,12b6557c-e473-40d7-ade5-d3367a0aa177,3,8,50,yes
4ebc1977-6ca6-4ca8-9f75-ed2c0c39c5e4,12b6557c-e473-40d7-ade5-d3367a0aa177,4,8,50,no
4ebc1977-6ca6-4ca8-9f75-ed2c0c39c5e4,12b6557c-e473-40d7-ade5-d3367a0aa177,5,8,50,yes
4ebc1977-6ca6-4ca8-9f75-ed2c0c39c5e4,12b6557c-e473-40d7-ade5-d3367a0aa177,6,8,50,no
4ebc1977-6ca6-4ca8-9f75-ed2c0c39c5e4,12b6557c-e473-40d7-ade5-d3367a0aa177,7,8,50,no
4ebc1977-6ca6-4ca8-9f75-ed2c0c39c5e4,12b6557c-e473-40d7-ade5-d3367a0aa177,0,8,100,no
4ebc1977-6ca6-4ca8-9f75-ed2c0c39c5e4,12b6557c-e473-40d7-ade5-d3367a0aa177,1,8,100,no
4ebc1977-6ca6-4ca8-9f75-ed2c0c39c5e4,12b6557c-e473-40d7-ade5-d3367a0aa177,2,8,100,no
4ebc1977-6ca6-4ca8-9f75-ed2c0c39c5e4,12b6557c-e473-40d7-ade5-d3367a0aa177,3,8,100,yes
4ebc1977-6ca6-4ca8-9f75-ed2c0c39c5e4,12b6557c-e473-40d7-ade5-d3367a0aa177,4,8,100,no
4ebc1977-6ca6-4ca8-9f75-ed2c0c39c5e4,12b6557c-e473-40d7-ade5-d3367a0aa177,5,8,100,no
4ebc1977-6ca6-4ca8-9f75-ed2c0c39c5e4,12b6557c-e473-40d7-ade5-d3367a0aa177,6,8,100,no
4ebc1977-6ca6-4ca8-9f75-ed2c0c39c5e4,12b6557c-e473-40d7-ade5-d3367a0aa177,7,8,100,no
4ebc1977-6ca6-4ca8-9f75-ed2c0c39c5e4,12b6557c-e473-40d7-ade5-d3367a0aa177,0,8,full,no
4ebc1977-6ca6-4ca8-9f75-ed2c0c39c5e4,12b6557c-e473-40d7-ade5-d3367a0aa177,1,8,full,no
4ebc1977-6ca6-4ca8-9f75-ed2c0c39c5e4,12b6557c-e473-40d7-ade5-d3367a0aa177,2,8,full,no
4ebc1977-6ca6-4ca8-9f75-ed2c0c39c5e4,12b6557c-e473-40d7-ade5-d3367a0aa177,3,8,full,no
4ebc1977-6ca6-4ca8-9f75-ed2c0c39c5e4,12b6557c-e473-40d7-ade5-d3367a0aa177,4,8,full,no
4ebc1977-6ca6-4ca8-9f75-ed2c0c39c5e4,12b6557c-e473-40d7-ade5-d3367a0aa177,5,8,full,no
4ebc1977-6ca6-4ca8-9f75-ed2c0c39c5e4,12b6557c-e473-40d7-ade5-d3367a0aa177,6,8,full,no
4ebc1977-6ca6-4ca8-9f75-ed2c0c39c5e4,12b6557c-e473-40d7-ade5-d3367a0aa177,7,8,full,no
4ebc1977-6ca6-4ca8-9f75-ed2c0c39c5e4,47e9c760-e666-4bc5-af42-1738748f8da5,0,10,10,no
4ebc1977-6ca6-4ca8-9f75-ed2c0c39c5e4,47e9c760-e666-4bc5-af42-1738748f8da5,1,10,10,no
4ebc1977-6ca6-4ca8-9f75-ed2c0c39c5e4,47e9c760-e666-4bc5-af42-1738748f8da5,2,10,10,yes
4ebc1977-6ca6-4ca8-9f75-ed2c0c39c5e4,47e9c760-e666-4bc5-af42-1738748f8da5,3,10,10,no
4ebc1977-6ca6-4ca8-9f75-ed2c0c39c5e4,47e9c760-e666-4bc5-af42-1738748f8da5,4,10,10,no
4ebc1977-6ca6-4ca8-9f75-ed2c0c39c5e4,47e9c760-e666-4bc5-af42-1738748f8da5,5,10,10,yes
4ebc1977-6ca6-4ca8-9f75-ed2c0c39c5e4,47e9c760-e666-4bc5-af42-1738748f8da5,6,10,10,no
4ebc1977-6ca6-4ca8-9f75-ed2c0c39c5e4,47e9c760-e666-4bc5-af42-1738748f8da5,7,10,10,yes
4ebc1977-6ca6-4ca8-9f75-ed2c0c39c5e4,47e9c760-e666-4bc5-af42-1738748f8da5,8,10,10,no
4ebc1977-6ca6-4ca8-9f75-ed2c0c39c5e4,47e9c760-e666-4bc5-af42-1738748f8da5,9,10,10,no
4ebc1977-6ca6-4ca8-9f75-ed2c0c39c5e4,47e9c760-e666-4bc5-af42-1738748f8da5,0,10,50,yes
4ebc1977-6ca6-4ca8-9f75-ed2c0c39c5e4,47e9c760-e666-4bc5-af42-1738748f8da5,1,10,50,no
4ebc1977-6ca6-4ca8-9f75-ed2c0c39c5e4,47e9c760-e666-4bc5-af42-1738748f8da5,2,10,50,no
4ebc1977-6ca6-4ca8-9f75-ed2c0c39c5e4,47e9c760-e666-4bc5-af42-1738748f8da5,3,10,50,no
4ebc1977-6ca6-4ca8-9f75-ed2c0c39c5e4,47e9c760-e666-4bc5-af42-1738748f8da5,4,10,50,no
4ebc1977-6ca6-4ca8-9f75-ed2c0c39c5e4,47e9c760-e666-4bc5-af42-1738748f8da5,5,10,50,no
4ebc1977-6ca6-4ca8-9f75-ed2c0c39c5e4,47e9c760-e666-4bc5-af42-1738748f8da5,6,10,50,no
4ebc1977-6ca6-4ca8-9f75-ed2c0c39c5e4,47e9c760-e666-4bc5-af42-1738748f8da5,7,10,50,no
4ebc1977-6ca6-4ca8-9f75-ed2c0c39c5e4,47e9c760-e666-4bc5-af42-1738748f8da5,8,10,50,no
4ebc1977-6ca6-4ca8-9f75-ed2c0c39c5e4,47e9c760-e666-4bc5-af42-1738748f8da5,9,10,50,no
4ebc1977-6ca6-4ca8-9f75-ed2c0c39c5e4,47e9c760-e666-4bc5-af42-1738748f8da5,0,10,100,yes
4ebc1977-6ca6-4ca8-9f75-ed2c0c39c5e4,47e9c760-e666-4bc5-af42-1738748f8da5,1,10,100,no
4ebc1977-6ca6-4ca8-9f75-ed2c0c39c5e4,47e9c760-e666-4bc5-af42-1738748f8da5,2,10,100,no
4ebc1977-6ca6-4ca8-9f75-ed2c0c39c5e4,47e9c760-e666-4bc5-af42-1738748f8da5,3,10,100,yes
4ebc1977-6ca6-4ca8-9f75-ed2c0c39c5e4,47e9c760-e666-4bc5-af42-1738748f8da5,4,10,100,no
4ebc1977-6ca6-4ca8-9f75-ed2c0c39c5e4,47e9c760-e666-4bc5-af42-1738748f8da5,5,10,100,no
4ebc1977-6ca6-4ca8-9f75-ed2c0c39c5e4,47e9c760-e666-4bc5-af42-1738748f8da5,6,10,100,no
4ebc1977-6ca6-4ca8-9f75-ed2c0c39c5e4,47e9c760-e666-4bc5-af42-1738748f8da5,7,10,100,no
4ebc1977-6ca6-4ca8-9f75-ed2c0c39c5e4,47e9c760-e666-4bc5-af42-1738748f8da5,8,10,100,no
4ebc1977-6ca6-4ca8-9f75-ed2c0c39c5e4,47e9c760-e666-4bc5-af42-1738748f8da5,9,10,100,no
4ebc1977-6ca6-4ca8-9f75-ed2c0c39c5e4,47e9c760-e666-4bc5-af42-1738748f8da5,0,10,full,yes
4ebc1977-6ca6-4ca8-9f75-ed2c0c39c5e4,47e9c760-e666-4bc5-af42-1738748f8da5,1,10,full,no
4ebc1977-6ca6-4ca8-9f75-ed2c0c39c5e4,47e9c760-e666-4bc5-af42-1738748f8da5,2,10,full,no
4ebc1977-6ca6-4ca8-9f75-ed2c0c39c5e4,47e9c760-e666-4bc5-af42-1738748f8da5,3,10,full,yes
4ebc1977-6ca6-4ca8-9f75-ed2c0c39c5e4,47e9c760-e666-4bc5-af42-1738748f8da5,4,10,full,no
4ebc1977-6ca6-4ca8-9f75-ed2c0c39c5e4,47e9c760-e666-4bc5-af42-1738748f8da5,5,10,full,no
4ebc1977-6ca6-4ca8-9f75-ed2c0c39c5e4,47e9c760-e666-4bc5-af42-1738748f8da5,6,10,full,no
4ebc1977-6ca6-4ca8-9f75-ed2c0c39c5e4,47e9c760-e666-4bc5-af42-1738748f8da5,7,10,full,no
4ebc1977-6ca6-4ca8-9f75-ed2c0c39c5e4,47e9c760-e666-4bc5-af42-1738748f8da5,8,10,full,no
4ebc1977-6ca6-4ca8-9f75-ed2c0c39c5e4,47e9c760-e666-4bc5-af42-1738748f8da5,9,10,full,no
489bc355-c5fa-4b1a-9b68-9192073d4a73,95c4cf1e-bcef-4741-975e-695f98ee60d1,0,1,10,no
489bc355-c5fa-4b1a-9b68-9192073d4a73,95c4cf1e-bcef-4741-975e-695f98ee60d1,0,1,50,no
489bc355-c5fa-4b1a-9b68-9192073d4a73,95c4cf1e-bcef-4741-975e-695f98ee60d1,0,1,100,no
489bc355-c5fa-4b1a-9b68-9192073d4a73,95c4cf1e-bcef-4741-975e-695f98ee60d1,0,1,full,no
489bc355-c5fa-4b1a-9b68-9192073d4a73,3080b738-1c85-4c6c-809b-be45244f8ba5,0,8,10,no
489bc355-c5fa-4b1a-9b68-9192073d4a73,3080b738-1c85-4c6c-809b-be45244f8ba5,1,8,10,no
489bc355-c5fa-4b1a-9b68-9192073d4a73,3080b738-1c85-4c6c-809b-be45244f8ba5,2,8,10,no
489bc355-c5fa-4b1a-9b68-9192073d4a73,3080b738-1c85-4c6c-809b-be45244f8ba5,3,8,10,no
489bc355-c5fa-4b1a-9b68-9192073d4a73,3080b738-1c85-4c6c-809b-be45244f8ba5,4,8,10,no
489bc355-c5fa-4b1a-9b68-9192073d4a73,3080b738-1c85-4c6c-809b-be45244f8ba5,5,8,10,yes
489bc355-c5fa-4b1a-9b68-9192073d4a73,3080b738-1c85-4c6c-809b-be45244f8ba5,6,8,10,no
489bc355-c5fa-4b1a-9b68-9192073d4a73,3080b738-1c85-4c6c-809b-be45244f8ba5,7,8,10,no
489bc355-c5fa-4b1a-9b68-9192073d4a73,3080b738-1c85-4c6c-809b-be45244f8ba5,0,8,50,yes
489bc355-c5fa-4b1a-9b68-9192073d4a73,3080b738-1c85-4c6c-809b-be45244f8ba5,1,8,50,no
489bc355-c5fa-4b1a-9b68-9192073d4a73,3080b738-1c85-4c6c-809b-be45244f8ba5,2,8,50,no
489bc355-c5fa-4b1a-9b68-9192073d4a73,3080b738-1c85-4c6c-809b-be45244f8ba5,3,8,50,no
489bc355-c5fa-4b1a-9b68-9192073d4a73,3080b738-1c85-4c6c-809b-be45244f8ba5,4,8,50,no
489bc355-c5fa-4b1a-9b68-9192073d4a73,3080b738-1c85-4c6c-809b-be45244f8ba5,5,8,50,no
489bc355-c5fa-4b1a-9b68-9192073d4a73,3080b738-1c85-4c6c-809b-be45244f8ba5,6,8,50,no
489bc355-c5fa-4b1a-9b68-9192073d4a73,3080b738-1c85-4c6c-809b-be45244f8ba5,7,8,50,no
489bc355-c5fa-4b1a-9b68-9192073d4a73,3080b738-1c85-4c6c-809b-be45244f8ba5,0,8,100,no
489bc355-c5fa-4b1a-9b68-9192073d4a73,3080b738-1c85-4c6c-809b-be45244f8ba5,1,8,100,yes
489bc355-c5fa-4b1a-9b68-9192073d4a73,3080b738-1c85-4c6c-809b-be45244f8ba5,2,8,100,no
489bc355-c5fa-4b1a-9b68-9192073d4a73,3080b738-1c85-4c6c-809b-be45244f8ba5,3,8,100,yes
489bc355-c5fa-4b1a-9b68-9192073d4a73,3080b738-1c85-4c6c-809b-be45244f8ba5,4,8,100,no
489bc355-c5fa-4b1a-9b68-9192073d4a73,3080b738-1c85-4c6c-809b-be45244f8ba5,5,8,100,no
489bc355-c5fa-4b1a-9b68-9192073d4a73,3080b738-1c85-4c6c-809b-be45244f8ba5,6,8,100,no
489bc355-c5fa-4b1a-9b68-9192073d4a73,3080b738-1c85-4c6c-809b-be45244f8ba5,7,8,100,no
489bc355-c5fa-4b1a-9b68-9192073d4a73,3080b738-1c85-4c6c-809b-be45244f8ba5,0,8,full,no
489bc355-c5fa-4b1a-9b68-9192073d4a73,3080b738-1c85-4c6c-809b-be45244f8ba5,1,8,full,yes
489bc355-c5fa-4b1a-9b68-9192073d4a73,3080b738-1c85-4c6c-809b-be45244f8ba5,2,8,full,no
489bc355-c5fa-4b1a-9b68-9192073d4a73,3080b738-1c85-4c6c-809b-be45244f8ba5,3,8,full,yes
489bc355-c5fa-4b1a-9b68-9192073d4a73,3080b738-1c85-4c6c-809b-be45244f8ba5,4,8,full,no
489bc355-c5fa-4b1a-9b68-9192073d4a73,3080b738-1c85-4c6c-809b-be45244f8ba5,5,8,full,no
489bc355-c5fa-4b1a-9b68-9192073d4a73,3080b738-1c85-4c6c-809b-be45244f8ba5,6,8,full,no
489bc355-c5fa-4b1a-9b68-9192073d4a73,3080b738-1c85-4c6c-809b-be45244f8ba5,7,8,full,no
489bc355-c5fa-4b1a-9b68-9192073d4a73,0296a273-bc4e-4992-8ad1-1fdc086001e3,0,10,10,no
489bc355-c5fa-4b1a-9b68-9192073d4a73,0296a273-bc4e-4992-8ad1-1fdc086001e3,1,10,10,no
489bc355-c5fa-4b1a-9b68-9192073d4a73,0296a273-bc4e-4992-8ad1-1fdc086001e3,2,10,10,no
489bc355-c5fa-4b1a-9b68-9192073d4a73,0296a273-bc4e-4992-8ad1-1fdc086001e3,3,10,10,no
489bc355-c5fa-4b1a-9b68-9192073d4a73,0296a273-bc4e-4992-8ad1-1fdc086001e3,4,10,10,no
489bc355-c5fa-4b1a-9b68-9192073d4a73,0296a273-bc4e-4992-8ad1-1fdc086001e3,5,10,10,no
489bc355-c5fa-4b1a-9b68-9192073d4a73,0296a273-bc4e-4992-8ad1-1fdc086001e3,6,10,10,yes
489bc355-c5fa-4b1a-9b68-9192073d4a73,0296a273-bc4e-4992-8ad1-1fdc086001e3,7,10,10,no
489bc355-c5fa-4b1a-9b68-9192073d4a73,0296a273-bc4e-4992-8ad1-1fdc086001e3,8,10,10,no
489bc355-c5fa-4b1a-9b68-9192073d4a73,0296a273-bc4e-4992-8ad1-1fdc086001e3,9,10,10,no
489bc355-c5fa-4b1a-9b68-9192073d4a73,0296a273-bc4e-4992-8ad1-1fdc086001e3,0,10,50,yes
489bc355-c5fa-4b1a-9b68-9192073d4a73,0296a273-bc4e-4992-8ad1-1fdc086001e3,1,10,50,no
489bc355-c5fa-4b1a-9b68-9192073d4a73,0296a273-bc4e-4992-8ad1-1fdc086001e3,2,10,50,no
489bc355-c5fa-4b1a-9b68-9192073d4a73,0296a273-bc4e-4992-8ad1-1fdc086001e3,3,10,50,no
489bc355-c5fa-4b1a-9b68-9192073d4a73,0296a273-bc4e-4992-8ad1-1fdc086001e3,4,10,50,no
489bc355-c5fa-4b1a-9b68-9192073d4a73,0296a273-bc4e-4992-8ad1-1fdc086001e3,5,10,50,no
489bc355-c5fa-4b1a-9b68-9192073d4a73,0296a273-bc4e-4992-8ad1-1fdc086001e3,6,10,50,yes
489bc355-c5fa-4b1a-9b68-9192073d4a73,0296a273-bc4e-4992-8ad1-1fdc086001e3,7,10,50,no
489bc355-c5fa-4b1a-9b68-9192073d4a73,0296a273-bc4e-4992-8ad1-1fdc086001e3,8,10,50,no
489bc355-c5fa-4b1a-9b68-9192073d4a73,0296a273-bc4e-4992-8ad1-1fdc086001e3,9,10,50,no
489bc355-c5fa-4b1a-9b68-9192073d4a73,0296a273-bc4e-4992-8ad1-1fdc086001e3,0,10,100,yes
489bc355-c5fa-4b1a-9b68-9192073d4a73,0296a273-bc4e-4992-8ad1-1fdc086001e3,1,10,100,no
489bc355-c5fa-4b1a-9b68-9192073d4a73,0296a273-bc4e-4992-8ad1-1fdc086001e3,2,10,100,no
489bc355-c5fa-4b1a-9b68-9192073d4a73,0296a273-bc4e-4992-8ad1-1fdc086001e3,3,10,100,no
489bc355-c5fa-4b1a-9b68-9192073d4a73,0296a273-bc4e-4992-8ad1-1fdc086001e3,4,10,100,no
489bc355-c5fa-4b1a-9b68-9192073d4a73,0296a273-bc4e-4992-8ad1-1fdc086001e3,5,10,100,no
489bc355-c5fa-4b1a-9b68-9192073d4a73,0296a273-bc4e-4992-8ad1-1fdc086001e3,6,10,100,no
489bc355-c5fa-4b1a-9b68-9192073d4a73,0296a273-bc4e-4992-8ad1-1fdc086001e3,7,10,100,no
489bc355-c5fa-4b1a-9b68-9192073d4a73,0296a273-bc4e-4992-8ad1-1fdc086001e3,8,10,100,no
489bc355-c5fa-4b1a-9b68-9192073d4a73,0296a273-bc4e-4992-8ad1-1fdc086001e3,9,10,100,no
489bc355-c5fa-4b1a-9b68-9192073d4a73,0296a273-bc4e-4992-8ad1-1fdc086001e3,0,10,full,no
489bc355-c5fa-4b1a-9b68-9192073d4a73,0296a273-bc4e-4992-8ad1-1fdc086001e3,1,10,full,no
489bc355-c5fa-4b1a-9b68-9192073d4a73,0296a273-bc4e-4992-8ad1-1fdc086001e3,2,10,full,no
489bc355-c5fa-4b1a-9b68-9192073d4a73,0296a273-bc4e-4992-8ad1-1fdc086001e3,3,10,full,no
489bc355-c5fa-4b1a-9b68-9192073d4a73,0296a273-bc4e-4992-8ad1-1fdc086001e3,4,10,full,no
489bc355-c5fa-4b1a-9b68-9192073d4a73,0296a273-bc4e-4992-8ad1-1fdc086001e3,5,10,full,no
489bc355-c5fa-4b1a-9b68-9192073d4a73,0296a273-bc4e-4992-8ad1-1fdc086001e3,6,10,full,no
489bc355-c5fa-4b1a-9b68-9192073d4a73,0296a273-bc4e-4992-8ad1-1fdc086001e3,7,10,full,no
489bc355-c5fa-4b1a-9b68-9192073d4a73,0296a273-bc4e-4992-8ad1-1fdc086001e3,8,10,full,no
489bc355-c5fa-4b1a-9b68-9192073d4a73,0296a273-bc4e-4992-8ad1-1fdc086001e3,9,10,full,no
ec0779ba-08d3-4e1d-91df-237d310273c6,afed5747-f08f-4eac-ad96-6b077ed5d7dc,0,1,10,yes
ec0779ba-08d3-4e1d-91df-237d310273c6,afed5747-f08f-4eac-ad96-6b077ed5d7dc,0,1,50,no
ec0779ba-08d3-4e1d-91df-237d310273c6,afed5747-f08f-4eac-ad96-6b077ed5d7dc,0,1,100,no
ec0779ba-08d3-4e1d-91df-237d310273c6,afed5747-f08f-4eac-ad96-6b077ed5d7dc,0,1,full,no
ec0779ba-08d3-4e1d-91df-237d310273c6,8cddc791-66ca-4ef9-83b2-a3893496efdd,0,8,10,no
ec0779ba-08d3-4e1d-91df-237d310273c6,8cddc791-66ca-4ef9-83b2-a3893496efdd,1,8,10,no
ec0779ba-08d3-4e1d-91df-237d310273c6,8cddc791-66ca-4ef9-83b2-a3893496efdd,2,8,10,no
ec0779ba-08d3-4e1d-91df-237d310273c6,8cddc791-66ca-4ef9-83b2-a3893496efdd,3,8,10,yes
ec0779ba-08d3-4e1d-91df-237d310273c6,8cddc791-66ca-4ef9-83b2-a3893496efdd,4,8,10,no
ec0779ba-08d3-4e1d-91df-237d310273c6,8cddc791-66ca-4ef9-83b2-a3893496efdd,5,8,10,no
ec0779ba-08d3-4e1d-91df-237d310273c6,8cddc791-66ca-4ef9-83b2-a3893496efdd,6,8,10,yes
ec0779ba-08d3-4e1d-91df-237d310273c6,8cddc791-66ca-4ef9-83b2-a3893496efdd,7,8,10,no
ec0779ba-08d3-4e1d-91df-237d310273c6,8cddc791-66ca-4ef9-83b2-a3893496efdd,0,8,50,yes
ec0779ba-08d3-4e1d-91df-237d310273c6,8cddc791-66ca-4ef9-83b2-a3893496efdd,1,8,50,no
ec0779ba-08d3-4e1d-91df-237d310273c6,8cddc791-66ca-4ef9-83b2-a3893496efdd,2,8,50,no
ec0779ba-08d3-4e1d-91df-237d310273c6,8cddc791-66ca-4ef9-83b2-a3893496efdd,3,8,50,no
ec0779ba-08d3-4e1d-91df-237d310273c6,8cddc791-66ca-4ef9-83b2-a3893496efdd,4,8,50,no
ec0779ba-08d3-4e1d-91df-237d310273c6,8cddc791-66ca-4ef9-83b2-a3893496efdd,5,8,50,no
ec0779ba-08d3-4e1d-91df-237d310273c6,8cddc791-66ca-4ef9-83b2-a3893496efdd,6,8,50,yes
ec0779ba-08d3-4e1d-91df-237d310273c6,8cddc791-66ca-4ef9-83b2-a3893496efdd,7,8,50,no
ec0779ba-08d3-4e1d-91df-237d310273c6,8cddc791-66ca-4ef9-83b2-a3893496efdd,0,8,100,no
ec0779ba-08d3-4e1d-91df-237d310273c6,8cddc791-66ca-4ef9-83b2-a3893496efdd,1,8,100,no
ec0779ba-08d3-4e1d-91df-237d310273c6,8cddc791-66ca-4ef9-83b2-a3893496efdd,2,8,100,no
ec0779ba-08d3-4e1d-91df-237d310273c6,8cddc791-66ca-4ef9-83b2-a3893496efdd,3,8,100,no
ec0779ba-08d3-4e1d-91df-237d310273c6,8cddc791-66ca-4ef9-83b2-a3893496efdd,4,8,100,no
ec0779ba-08d3-4e1d-91df-237d310273c6,8cddc791-66ca-4ef9-83b2-a3893496efdd,5,8,100,no
ec0779ba-08d3-4e1d-91df-237d310273c6,8cddc791-66ca-4ef9-83b2-a3893496efdd,6,8,100,no
ec0779ba-08d3-4e1d-91df-237d310273c6,8cddc791-66ca-4ef9-83b2-a3893496efdd,7,8,100,no
ec0779ba-08d3-4e1d-91df-237d310273c6,8cddc791-66ca-4ef9-83b2-a3893496efdd,0,8,full,no
ec0779ba-08d3-4e1d-91df-237d310273c6,8cddc791-66ca-4ef9-83b2-a3893496efdd,1,8,full,no
ec0779ba-08d3-4e1d-91df-237d310273c6,8cddc791-66ca-4ef9-83b2-a3893496efdd,2,8,full,no
ec0779ba-08d3-4e1d-91df-237d310273c6,8cddc791-66ca-4ef9-83b2-a3893496efdd,3,8,full,no
ec0779ba-08d3-4e1d-91df-237d310273c6,8cddc791-66ca-4ef9-83b2-a3893496efdd,4,8,full,no
ec0779ba-08d3-4e1d-91df-237d310273c6,8cddc791-66ca-4ef9-83b2-a3893496efdd,5,8,full,no
ec0779ba-08d3-4e1d-91df-237d310273c6,8cddc791-66ca-4ef9-83b2-a3893496efdd,6,8,full,no
ec0779ba-08d3-4e1d-91df-237d310273c6,8cddc791-66ca-4ef9-83b2-a3893496efdd,7,8,full,no
ec0779ba-08d3-4e1d-91df-237d310273c6,2bcc34d1-4ce0-42b4-ba37-a93ba7b1f881,0,10,10,no
ec0779ba-08d3-4e1d-91df-237d310273c6,2bcc34d1-4ce0-42b4-ba37-a93ba7b1f881,1,10,10,yes
ec0779ba-08d3-4e1d-91df-237d310273c6,2bcc34d1-4ce0-42b4-ba37-a93ba7b1f881,2,10,10,yes
ec0779ba-08d3-4e1d-91df-237d310273c6,2bcc34d1-4ce0-42b4-ba37-a93ba7b1f881,3,10,10,no
ec0779ba-08d3-4e1d-91df-237d310273c6,2bcc34d1-4ce0-42b4-ba37-a93ba7b1f881,4,10,10,yes
ec0779ba-08d3-4e1d-91df-237d310273c6,2bcc34d1-4ce0-42b4-ba37-a93ba7b1f881,5,10,10,no
ec0779ba-08d3-4e1d-91df-237d310273c6,2bcc34d1-4ce0-42b4-ba37-a93ba7b1f881,6,10,10,yes
ec0779ba-08d3-4e1d-91df-237d310273c6,2bcc34d1-4ce0-42b4-ba37-a93ba7b1f881,7,10,10,no
ec0779ba-08d3-4e1d-91df-237d310273c6,2bcc34d1-4ce0-42b4-ba37-a93ba7b1f881,8,10,10,yes
ec0779ba-08d3-4e1d-91df-237d310273c6,2bcc34d1-4ce0-42b4-ba37-a93ba7b1f881,9,10,10,no
ec0779ba-08d3-4e1d-91df-237d310273c6,2bcc34d1-4ce0-42b4-ba37-a93ba7b1f881,0,10,50,no
ec0779ba-08d3-4e1d-91df-237d310273c6,2bcc34d1-4ce0-42b4-ba37-a93ba7b1f881,1,10,50,yes
ec0779ba-08d3-4e1d-91df-237d310273c6,2bcc34d1-4ce0-42b4-ba37-a93ba7b1f881,2,10,50,no
ec0779ba-08d3-4e1d-91df-237d310273c6,2bcc34d1-4ce0-42b4-ba37-a93ba7b1f881,3,10,50,no
ec0779ba-08d3-4e1d-91df-237d310273c6,2bcc34d1-4ce0-42b4-ba37-a93ba7b1f881,4,10,50,no
ec0779ba-08d3-4e1d-91df-237d310273c6,2bcc34d1-4ce0-42b4-ba37-a93ba7b1f881,5,10,50,no
ec0779ba-08d3-4e1d-91df-237d310273c6,2bcc34d1-4ce0-42b4-ba37-a93ba7b1f881,6,10,50,no
ec0779ba-08d3-4e1d-91df-237d310273c6,2bcc34d1-4ce0-42b4-ba37-a93ba7b1f881,7,10,50,yes
ec0779ba-08d3-4e1d-91df-237d310273c6,2bcc34d1-4ce0-42b4-ba37-a93ba7b1f881,8,10,50,no
ec0779ba-08d3-4e1d-91df-237d310273c6,2bcc34d1-4ce0-42b4-ba37-a93ba7b1f881,9,10,50,no
ec0779ba-08d3-4e1d-91df-237d310273c6,2bcc34d1-4ce0-42b4-ba37-a93ba7b1f881,0,10,100,no
ec0779ba-08d3-4e1d-91df-237d310273c6,2bcc34d1-4ce0-42b4-ba37-a93ba7b1f881,1,10,100,no
ec0779ba-08d3-4e1d-91df-237d310273c6,2bcc34d1-4ce0-42b4-ba37-a93ba7b1f881,2,10,100,no
ec0779ba-08d3-4e1d-91df-237d310273c6,2bcc34d1-4ce0-42b4-ba37-a93ba7b1f881,3,10,100,no
ec0779ba-08d3-4e1d-91df-237d310273c6,2bcc34d1-4ce0-42b4-ba37-a93ba7b1f881,4,10,100,no
ec0779ba-08d3-4e1d-91df-237d310273c6,2bcc34d1-4ce0-42b4-ba37-a93ba7b1f881,5,10,100,no
ec0779ba-08d3-4e1d-91df-237d310273c6,2bcc34d1-4ce0-42b4-ba37-a93ba7b1f881,6,10,100,no
ec0779ba-08d3-4e1d-91df-237d310273c6,2bcc34d1-4ce0-42b4-ba37-a93ba7b1f881,7,10,100,no
ec0779ba-08d3-4e1d-91df-237d310273c6,2bcc34d1-4ce0-42b4-ba37-a93ba7b1f881,8,10,100,no
ec0779ba-08d3-4e1d-91df-237d310273c6,2bcc34d1-4ce0-42b4-ba37-a93ba7b1f881,9,10,100,no
ec0779ba-08d3-4e1d-91df-237d310273c6,2bcc34d1-4ce0-42b4-ba37-a93ba7b1f881,0,10,full,no
ec0779ba-08d3-4e1d-91df-237d310273c6,2bcc34d1-4ce0-42b4-ba37-a93ba7b1f881,1,10,full,no
ec0779ba-08d3-4e1d-91df-237d310273c6,2bcc34d1-4ce0-42b4-ba37-a93ba7b1f881,2,10,full,no
ec0779ba-08d3-4e1d-91df-237d310273c6,2bcc34d1-4ce0-42b4-ba37-a93ba7b1f881,3,10,full,yes
ec0779ba-08d3-4e1d-91df-237d310273c6,2bcc34d1-4ce0-42b4-ba37-a93ba7b1f881,4,10,full,no
ec0779ba-08d3-4e1d-91df-237d310273c6,2bcc34d1-4ce0-42b4-ba37-a93ba7b1f881,5,10,full,no
ec0779ba-08d3-4e1d-91df-237d310273c6,2bcc34d1-4ce0-42b4-ba37-a93ba7b1f881,6,10,full,no
ec0779ba-08d3-4e1d-91df-237d310273c6,2bcc34d1-4ce0-42b4-ba37-a93ba7b1f881,7,10,full,no
ec0779ba-08d3-4e1d-91df-237d310273c6,2bcc34d1-4ce0-42b4-ba37-a93ba7b1f881,8,10,full,no
ec0779ba-08d3-4e1d-91df-237d310273c6,2bcc34d1-4ce0-42b4-ba37-a93ba7b1f881,9,10,full,no
852e3844-8682-4864-8743-eb6cae0cbf31,4332d13b-86ad-4d68-9460-3d2498a766ad,0,1,10,no
852e3844-8682-4864-8743-eb6cae0cbf31,4332d13b-86ad-4d68-9460-3d2498a766ad,0,1,50,no
852e3844-8682-4864-8743-eb6cae0cbf31,4332d13b-86ad-4d68-9460-3d2498a766ad,0,1,100,no
852e3844-8682-4864-8743-eb6cae0cbf31,4332d13b-86ad-4d68-9460-3d2498a766ad,0,1,full,no
852e3844-8682-4864-8743-eb6cae0cbf31,61961d34-5b1d-417d-bc3a-d2f9f5cf45d9,0,8,10,no
852e3844-8682-4864-8743-eb6cae0cbf31,61961d34-5b1d-417d-bc3a-d2f9f5cf45d9,1,8,10,no
852e3844-8682-4864-8743-eb6cae0cbf31,61961d34-5b1d-417d-bc3a-d2f9f5cf45d9,2,8,10,no
852e3844-8682-4864-8743-eb6cae0cbf31,61961d34-5b1d-417d-bc3a-d2f9f5cf45d9,3,8,10,yes
852e3844-8682-4864-8743-eb6cae0cbf31,61961d34-5b1d-417d-bc3a-d2f9f5cf45d9,4,8,10,no
852e3844-8682-4864-8743-eb6cae0cbf31,61961d34-5b1d-417d-bc3a-d2f9f5cf45d9,5,8,10,no
852e3844-8682-4864-8743-eb6cae0cbf31,61961d34-5b1d-417d-bc3a-d2f9f5cf45d9,6,8,10,no
852e3844-8682-4864-8743-eb6cae0cbf31,61961d34-5b1d-417d-bc3a-d2f9f5cf45d9,7,8,10,no
852e3844-8682-4864-8743-eb6cae0cbf31,61961d34-5b1d-417d-bc3a-d2f9f5cf45d9,0,8,50,no
852e3844-8682-4864-8743-eb6cae0cbf31,61961d34-5b1d-417d-bc3a-d2f9f5cf45d9,1,8,50,no
852e3844-8682-4864-8743-eb6cae0cbf31,61961d34-5b1d-417d-bc3a-d2f9f5cf45d9,2,8,50,no
852e3844-8682-4864-8743-eb6cae0cbf31,61961d34-5b1d-417d-bc3a-d2f9f5cf45d9,3,8,50,no
852e3844-8682-4864-8743-eb6cae0cbf31,61961d34-5b1d-417d-bc3a-d2f9f5cf45d9,4,8,50,no
852e3844-8682-4864-8743-eb6cae0cbf31,61961d34-5b1d-417d-bc3a-d2f9f5cf45d9,5,8,50,no
852e3844-8682-4864-8743-eb6cae0cbf31,61961d34-5b1d-417d-bc3a-d2f9f5cf45d9,6,8,50,no
852e3844-8682-4864-8743-eb6cae0cbf31,61961d34-5b1d-417d-bc3a-d2f9f5cf45d9,7,8,50,no
852e3844-8682-4864-8743-eb6cae0cbf31,61961d34-5b1d-417d-bc3a-d2f9f5cf45d9,0,8,100,no
852e3844-8682-4864-8743-eb6cae0cbf31,61961d34-5b1d-417d-bc3a-d2f9f5cf45d9,1,8,100,no
852e3844-8682-4864-8743-eb6cae0cbf31,61961d34-5b1d-417d-bc3a-d2f9f5cf45d9,2,8,100,no
852e3844-8682-4864-8743-eb6cae0cbf31,61961d34-5b1d-417d-bc3a-d2f9f5cf45d9,3,8,100,no
852e3844-8682-4864-8743-eb6cae0cbf31,61961d34-5b1d-417d-bc3a-d2f9f5cf45d9,4,8,100,no
852e3844-8682-4864-8743-eb6cae0cbf31,61961d34-5b1d-417d-bc3a-d2f9f5cf45d9,5,8,100,no
852e3844-8682-4864-8743-eb6cae0cbf31,61961d34-5b1d-417d-bc3a-d2f9f5cf45d9,6,8,100,no
852e3844-8682-4864-8743-eb6cae0cbf31,61961d34-5b1d-417d-bc3a-d2f9f5cf45d9,7,8,100,no
852e3844-8682-4864-8743-eb6cae0cbf31,61961d34-5b1d-417d-bc3a-d2f9f5cf45d9,0,8,full,no
852e3844-8682-4864-8743-eb6cae0cbf31,61961d34-5b1d-417d-bc3a-d2f9f5cf45d9,1,8,full,no
852e3844-8682-4864-8743-eb6cae0cbf31,61961d34-5b1d-417d-bc3a-d2f9f5cf45d9,2,8,full,no
852e3844-8682-4864-8743-eb6cae0cbf31,61961d34-5b1d-417d-bc3a-d2f9f5cf45d9,3,8,full,no
852e3844-8682-4864-8743-eb6cae0cbf31,61961d34-5b1d-417d-bc3a-d2f9f5cf45d9,4,8,full,no
852e3844-8682-4864-8743-eb6cae0cbf31,61961d34-5b1d-417d-bc3a-d2f9f5cf45d9,5,8,full,no
852e3844-8682-4864-8743-eb6cae0cbf31,61961d34-5b1d-417d-bc3a-d2f9f5cf45d9,6,8,full,no
852e3844-8682-4864-8743-eb6cae0cbf31,61961d34-5b1d-417d-bc3a-d2f9f5cf45d9,7,8,full,no
852e3844-8682-4864-8743-eb6cae0cbf31,20974f9e-030d-402b-9e9f-49753a82ed3b,0,10,10,no
852e3844-8682-4864-8743-eb6cae0cbf31,20974f9e-030d-402b-9e9f-49753a82ed3b,1,10,10,no
852e3844-8682-4864-8743-eb6cae0cbf31,20974f9e-030d-402b-9e9f-49753a82ed3b,2,10,10,yes
852e3844-8682-4864-8743-eb6cae0cbf31,20974f9e-030d-402b-9e9f-49753a82ed3b,3,10,10,no
852e3844-8682-4864-8743-eb6cae0cbf31,20974f9e-030d-402b-9e9f-49753a82ed3b,4,10,10,no
852e3844-8682-4864-8743-eb6cae0cbf31,20974f9e-030d-402b-9e9f-49753a82ed3b,5,10,10,no
852e3844-8682-4864-8743-eb6cae0cbf31,20974f9e-030d-402b-9e9f-49753a82ed3b,6,10,10,no
852e3844-8682-4864-8743-eb6cae0cbf31,20974f9e-030d-402b-9e9f-49753a82ed3b,7,10,10,no
852e3844-8682-4864-8743-eb6cae0cbf31,20974f9e-030d-402b-9e9f-49753a82ed3b,8,10,10,no
852e3844-8682-4864-8743-eb6cae0cbf31,20974f9e-030d-402b-9e9f-49753a82ed3b,9,10,10,no
852e3844-8682-4864-8743-eb6cae0cbf31,20974f9e-030d-402b-9e9f-49753a82ed3b,0,10,50,no
852e3844-8682-4864-8743-eb6cae0cbf31,20974f9e-030d-402b-9e9f-49753a82ed3b,1,10,50,no
852e3844-8682-4864-8743-eb6cae0cbf31,20974f9e-030d-402b-9e9f-49753a82ed3b,2,10,50,no
852e3844-8682-4864-8743-eb6cae0cbf31,20974f9e-030d-402b-9e9f-49753a82ed3b,3,10,50,no
852e3844-8682-4864-8743-eb6cae0cbf31,20974f9e-030d-402b-9e9f-49753a82ed3b,4,10,50,no
852e3844-8682-4864-8743-eb6cae0cbf31,20974f9e-030d-402b-9e9f-49753a82ed3b,5,10,50,no
852e3844-8682-4864-8743-eb6cae0cbf31,20974f9e-030d-402b-9e9f-49753a82ed3b,6,10,50,no
852e3844-8682-4864-8743-eb6cae0cbf31,20974f9e-030d-402b-9e9f-49753a82ed3b,7,10,50,no
852e3844-8682-4864-8743-eb6cae0cbf31,20974f9e-030d-402b-9e9f-49753a82ed3b,8,10,50,no
852e3844-8682-4864-8743-eb6cae0cbf31,20974f9e-030d-402b-9e9f-49753a82ed3b,9,10,50,no
852e3844-8682-4864-8743-eb6cae0cbf31,20974f9e-030d-402b-9e9f-49753a82ed3b,0,10,100,no
852e3844-8682-4864-8743-eb6cae0cbf31,20974f9e-030d-402b-9e9f-49753a82ed3b,1,10,100,no
852e3844-8682-4864-8743-eb6cae0cbf31,20974f9e-030d-402b-9e9f-49753a82ed3b,2,10,100,no
852e3844-8682-4864-8743-eb6cae0cbf31,20974f9e-030d-402b-9e9f-49753a82ed3b,3,10,100,no
852e3844-8682-4864-8743-eb6cae0cbf31,20974f9e-030d-402b-9e9f-49753a82ed3b,4,10,100,no
852e3844-8682-4864-8743-eb6cae0cbf31,20974f9e-030d-402b-9e9f-49753a82ed3b,5,10,100,no
852e3844-8682-4864-8743-eb6cae0cbf31,20974f9e-030d-402b-9e9f-49753a82ed3b,6,10,100,no
852e3844-8682-4864-8743-eb6cae0cbf31,20974f9e-030d-402b-9e9f-49753a82ed3b,7,10,100,no
852e3844-8682-4864-8743-eb6cae0cbf31,20974f9e-030d-402b-9e9f-49753a82ed3b,8,10,100,no
852e3844-8682-4864-8743-eb6cae0cbf31,20974f9e-030d-402b-9e9f-49753a82ed3b,9,10,100,no
852e3844-8682-4864-8743-eb6cae0cbf31,20974f9e-030d-402b-9e9f-49753a82ed3b,0,10,full,no
852e3844-8682-4864-8743-eb6cae0cbf31,20974f9e-030d-402b-9e9f-49753a82ed3b,1,10,full,no
852e3844-8682-4864-8743-eb6cae0cbf31,20974f9e-030d-402b-9e9f-49753a82ed3b,2,10,full,no
852e3844-8682-4864-8743-eb6cae0cbf31,20974f9e-030d-402b-9e9f-49753a82ed3b,3,10,full,no
852e3844-8682-4864-8743-eb6cae0cbf31,20974f9e-030d-402b-9e9f-49753a82ed3b,4,10,full,no
852e3844-8682-4864-8743-eb6cae0cbf31,20974f9e-030d-402b-9e9f-49753a82ed3b,5,10,full,no
852e3844-8682-4864-8743-eb6cae0cbf31,20974f9e-030d-402b-9e9f-49753a82ed3b,6,10,full,no
852e3844-8682-4864-8743-eb6cae0cbf31,20974f9e-030d-402b-9e9f-49753a82ed3b,7,10,full,no
852e3844-8682-4864-8743-eb6cae0cbf31,20974f9e-030d-402b-9e9f-49753a82ed3b,8,10,full,no
852e3844-8682-4864-8743-eb6cae0cbf31,20974f9e-030d-402b-9e9f-49753a82ed3b,9,10,full,no
c204528f-31a3-4f5c-a142-30632e18affc,9aedf7f8-e0be-4459-b2ae-5acd414696b8,0,1,10,no
c204528f-31a3-4f5c-a142-30632e18affc,9aedf7f8-e0be-4459-b2ae-5acd414696b8,0,1,50,no
c204528f-31a3-4f5c-a142-30632e18affc,9aedf7f8-e0be-4459-b2ae-5acd414696b8,0,1,100,yes
c204528f-31a3-4f5c-a142-30632e18affc,9aedf7f8-e0be-4459-b2ae-5acd414696b8,0,1,full,yes
c204528f-31a3-4f5c-a142-30632e18affc,517f317f-7108-48be-99a6-78118eb16adb,0,8,10,no
c204528f-31a3-4f5c-a142-30632e18affc,517f317f-7108-48be-99a6-78118eb16adb,1,8,10,yes
c204528f-31a3-4f5c-a142-30632e18affc,517f317f-7108-48be-99a6-78118eb16adb,2,8,10,yes
c204528f-31a3-4f5c-a142-30632e18affc,517f317f-7108-48be-99a6-78118eb16adb,3,8,10,no
c204528f-31a3-4f5c-a142-30632e18affc,517f317f-7108-48be-99a6-78118eb16adb,4,8,10,yes
c204528f-31a3-4f5c-a142-30632e18affc,517f317f-7108-48be-99a6-78118eb16adb,5,8,10,no
c204528f-31a3-4f5c-a142-30632e18affc,517f317f-7108-48be-99a6-78118eb16adb,6,8,10,no
c204528f-31a3-4f5c-a142-30632e18affc,517f317f-7108-48be-99a6-78118eb16adb,7,8,10,yes
c204528f-31a3-4f5c-a142-30632e18affc,517f317f-7108-48be-99a6-78118eb16adb,0,8,50,no
c204528f-31a3-4f5c-a142-30632e18affc,517f317f-7108-48be-99a6-78118eb16adb,1,8,50,no
c204528f-31a3-4f5c-a142-30632e18affc,517f317f-7108-48be-99a6-78118eb16adb,2,8,50,no
c204528f-31a3-4f5c-a142-30632e18affc,517f317f-7108-48be-99a6-78118eb16adb,3,8,50,no
c204528f-31a3-4f5c-a142-30632e18affc,517f317f-7108-48be-99a6-78118eb16adb,4,8,50,no
c204528f-31a3-4f5c-a142-30632e18affc,517f317f-7108-48be-99a6-78118eb16adb,5,8,50,no
c204528f-31a3-4f5c-a142-30632e18affc,517f317f-7108-48be-99a6-78118eb16adb,6,8,50,no
c204528f-31a3-4f5c-a142-30632e18affc,517f317f-7108-48be-99a6-78118eb16adb,7,8,50,no
c204528f-31a3-4f5c-a142-30632e18affc,517f317f-7108-48be-99a6-78118eb16adb,0,8,100,no
c204528f-31a3-4f5c-a142-30632e18affc,517f317f-7108-48be-99a6-78118eb16adb,1,8,100,no
c204528f-31a3-4f5c-a142-30632e18affc,517f317f-7108-48be-99a6-78118eb16adb,2,8,100,no
c204528f-31a3-4f5c-a142-30632e18affc,517f317f-7108-48be-99a6-78118eb16adb,3,8,100,no
c204528f-31a3-4f5c-a142-30632e18affc,517f317f-7108-48be-99a6-78118eb16adb,4,8,100,no
c204528f-31a3-4f5c-a142-30632e18affc,517f317f-7108-48be-99a6-78118eb16adb,5,8,100,no
c204528f-31a3-4f5c-a142-30632e18affc,517f317f-7108-48be-99a6-78118eb16adb,6,8,100,no
c204528f-31a3-4f5c-a142-30632e18affc,517f317f-7108-48be-99a6-78118eb16adb,7,8,100,no
c204528f-31a3-4f5c-a142-30632e18affc,517f317f-7108-48be-99a6-78118eb16adb,0,8,full,no
c204528f-31a3-4f5c-a142-30632e18affc,517f317f-7108-48be-99a6-78118eb16adb,1,8,full,no
c204528f-31a3-4f5c-a142-30632e18affc,517f317f-7108-48be-99a6-78118eb16adb,2,8,full,no
c204528f-31a3-4f5c-a142-30632e18affc,517f317f-7108-48be-99a6-78118eb16adb,3,8,full,no
c204528f-31a3-4f5c-a142-30632e18affc,517f317f-7108-48be-99a6-78118eb16adb,4,8,full,no
c204528f-31a3-4f5c-a142-30632e18affc,517f317f-7108-48be-99a6-78118eb16adb,5,8,full,no
c204528f-31a3-4f5c-a142-30632e18affc,517f317f-7108-48be-99a6-78118eb16adb,6,8,full,no
c204528f-31a3-4f5c-a142-30632e18affc,517f317f-7108-48be-99a6-78118eb16adb,7,8,full,no
c204528f-31a3-4f5c-a142-30632e18affc,34820c9a-83fe-41b1-9498-00c0e5958382,0,10,10,no
c204528f-31a3-4f5c-a142-30632e18affc,34820c9a-83fe-41b1-9498-00c0e5958382,1,10,10,no
c204528f-31a3-4f5c-a142-30632e18affc,34820c9a-83fe-41b1-9498-00c0e5958382,2,10,10,yes
c204528f-31a3-4f5c-a142-30632e18affc,34820c9a-83fe-41b1-9498-00c0e5958382,3,10,10,yes
c204528f-31a3-4f5c-a142-30632e18affc,34820c9a-83fe-41b1-9498-00c0e5958382,4,10,10,no
c204528f-31a3-4f5c-a142-30632e18affc,34820c9a-83fe-41b1-9498-00c0e5958382,5,10,10,no
c204528f-31a3-4f5c-a142-30632e18affc,34820c9a-83fe-41b1-9498-00c0e5958382,6,10,10,no
c204528f-31a3-4f5c-a142-30632e18affc,34820c9a-83fe-41b1-9498-00c0e5958382,7,10,10,no
c204528f-31a3-4f5c-a142-30632e18affc,34820c9a-83fe-41b1-9498-00c0e5958382,8,10,10,no
c204528f-31a3-4f5c-a142-30632e18affc,34820c9a-83fe-41b1-9498-00c0e5958382,9,10,10,yes
c204528f-31a3-4f5c-a142-30632e18affc,34820c9a-83fe-41b1-9498-00c0e5958382,0,10,50,no
c204528f-31a3-4f5c-a142-30632e18affc,34820c9a-83fe-41b1-9498-00c0e5958382,1,10,50,no
c204528f-31a3-4f5c-a142-30632e18affc,34820c9a-83fe-41b1-9498-00c0e5958382,2,10,50,no
c204528f-31a3-4f5c-a142-30632e18affc,34820c9a-83fe-41b1-9498-00c0e5958382,3,10,50,no
c204528f-31a3-4f5c-a142-30632e18affc,34820c9a-83fe-41b1-9498-00c0e5958382,4,10,50,no
c204528f-31a3-4f5c-a142-30632e18affc,34820c9a-83fe-41b1-9498-00c0e5958382,5,10,50,no
c204528f-31a3-4f5c-a142-30632e18affc,34820c9a-83fe-41b1-9498-00c0e5958382,6,10,50,no
c204528f-31a3-4f5c-a142-30632e18affc,34820c9a-83fe-41b1-9498-00c0e5958382,7,10,50,no
c204528f-31a3-4f5c-a142-30632e18affc,34820c9a-83fe-41b1-9498-00c0e5958382,8,10,50,no
c204528f-31a3-4f5c-a142-30632e18affc,34820c9a-83fe-41b1-9498-00c0e5958382,9,10,50,no
c204528f-31a3-4f5c-a142-30632e18affc,34820c9a-83fe-41b1-9498-00c0e5958382,0,10,100,no
c204528f-31a3-4f5c-a142-30632e18affc,34820c9a-83fe-41b1-9498-00c0e5958382,1,10,100,no
c204528f-31a3-4f5c-a142-30632e18affc,34820c9a-83fe-41b1-9498-00c0e5958382,2,10,100,no
c204528f-31a3-4f5c-a142-30632e18affc,34820c9a-83fe-41b1-9498-00c0e5958382,3,10,100,no
c204528f-31a3-4f5c-a142-30632e18affc,34820c9a-83fe-41b1-9498-00c0e5958382,4,10,100,no
c204528f-31a3-4f5c-a142-30632e18affc,34820c9a-83fe-41b1-9498-00c0e5958382,5,10,100,no
c204528f-31a3-4f5c-a142-30632e18affc,34820c9a-83fe-41b1-9498-00c0e5958382,6,10,100,no
c204528f-31a3-4f5c-a142-30632e18affc,34820c9a-83fe-41b1-9498-00c0e5958382,7,10,100,no
c204528f-31a3-4f5c-a142-30632e18affc,34820c9a-83fe-41b1-9498-00c0e5958382,8,10,100,no
c204528f-31a3-4f5c-a142-30632e18affc,34820c9a-83fe-41b1-9498-00c0e5958382,9,10,100,no
c204528f-31a3-4f5c-a142-30632e18affc,34820c9a-83fe-41b1-9498-00c0e5958382,0,10,full,no
c204528f-31a3-4f5c-a142-30632e18affc,34820c9a-83fe-41b1-9498-00c0e5958382,1,10,full,no
c204528f-31a3-4f5c-a142-30632e18affc,34820c9a-83fe-41b1-9498-00c0e5958382,2,10,full,no
c204528f-31a3-4f5c-a142-30632e18affc,34820c9a-83fe-41b1-9498-00c0e5958382,3,10,full,no
c204528f-31a3-4f5c-a142-30632e18affc,34820c9a-83fe-41b1-9498-00c0e5958382,4,10,full,no
c204528f-31a3-4f5c-a142-30632e18affc,34820c9a-83fe-41b1-9498-00c0e5958382,5,10,full,no
c204528f-31a3-4f5c-a142-30632e18affc,34820c9a-83fe-41b1-9498-00c0e5958382,6,10,full,no
c204528f-31a3-4f5c-a142-30632e18affc,34820c9a-83fe-41b1-9498-00c0e5958382,7,10,full,no
c204528f-31a3-4f5c-a142-30632e18affc,34820c9a-83fe-41b1-9498-00c0e5958382,8,10,full,no
c204528f-31a3-4f5c-a142-30632e18affc,34820c9a-83fe-41b1-9498-00c0e5958382,9,10,full,no
29794b4c-5d60-46aa-a491-2edfb1c23ead,dee3e350-1c08-4150-b67a-062a1a19462c,0,1,10,no
29794b4c-5d60-46aa-a491-2edfb1c23ead,dee3e350-1c08-4150-b67a-062a1a19462c,0,1,50,no
29794b4c-5d60-46aa-a491-2edfb1c23ead,dee3e350-1c08-4150-b67a-062a1a19462c,0,1,100,no
29794b4c-5d60-46aa-a491-2edfb1c23ead,dee3e350-1c08-4150-b67a-062a1a19462c,0,1,full,no
29794b4c-5d60-46aa-a491-2edfb1c23ead,160543cb-51ef-4ac9-b61a-754451a72ad7,0,8,10,no
29794b4c-5d60-46aa-a491-2edfb1c23ead,160543cb-51ef-4ac9-b61a-754451a72ad7,1,8,10,no
29794b4c-5d60-46aa-a491-2edfb1c23ead,160543cb-51ef-4ac9-b61a-754451a72ad7,2,8,10,no
29794b4c-5d60-46aa-a491-2edfb1c23ead,160543cb-51ef-4ac9-b61a-754451a72ad7,3,8,10,no
29794b4c-5d60-46aa-a491-2edfb1c23ead,160543cb-51ef-4ac9-b61a-754451a72ad7,4,8,10,no
29794b4c-5d60-46aa-a491-2edfb1c23ead,160543cb-51ef-4ac9-b61a-754451a72ad7,5,8,10,yes
29794b4c-5d60-46aa-a491-2edfb1c23ead,160543cb-51ef-4ac9-b61a-754451a72ad7,6,8,10,no
29794b4c-5d60-46aa-a491-2edfb1c23ead,160543cb-51ef-4ac9-b61a-754451a72ad7,7,8,10,yes
29794b4c-5d60-46aa-a491-2edfb1c23ead,160543cb-51ef-4ac9-b61a-754451a72ad7,0,8,50,no
29794b4c-5d60-46aa-a491-2edfb1c23ead,160543cb-51ef-4ac9-b61a-754451a72ad7,1,8,50,no
29794b4c-5d60-46aa-a491-2edfb1c23ead,160543cb-51ef-4ac9-b61a-754451a72ad7,2,8,50,no
29794b4c-5d60-46aa-a491-2edfb1c23ead,160543cb-51ef-4ac9-b61a-754451a72ad7,3,8,50,no
29794b4c-5d60-46aa-a491-2edfb1c23ead,160543cb-51ef-4ac9-b61a-754451a72ad7,4,8,50,no
29794b4c-5d60-46aa-a491-2edfb1c23ead,160543cb-51ef-4ac9-b61a-754451a72ad7,5,8,50,no
29794b4c-5d60-46aa-a491-2edfb1c23ead,160543cb-51ef-4ac9-b61a-754451a72ad7,6,8,50,no
29794b4c-5d60-46aa-a491-2edfb1c23ead,160543cb-51ef-4ac9-b61a-754451a72ad7,7,8,50,no
29794b4c-5d60-46aa-a491-2edfb1c23ead,160543cb-51ef-4ac9-b61a-754451a72ad7,0,8,100,no
29794b4c-5d60-46aa-a491-2edfb1c23ead,160543cb-51ef-4ac9-b61a-754451a72ad7,1,8,100,no
29794b4c-5d60-46aa-a491-2edfb1c23ead,160543cb-51ef-4ac9-b61a-754451a72ad7,2,8,100,no
29794b4c-5d60-46aa-a491-2edfb1c23ead,160543cb-51ef-4ac9-b61a-754451a72ad7,3,8,100,no
29794b4c-5d60-46aa-a491-2edfb1c23ead,160543cb-51ef-4ac9-b61a-754451a72ad7,4,8,100,no
29794b4c-5d60-46aa-a491-2edfb1c23ead,160543cb-51ef-4ac9-b61a-754451a72ad7,5,8,100,no
29794b4c-5d60-46aa-a491-2edfb1c23ead,160543cb-51ef-4ac9-b61a-754451a72ad7,6,8,100,no
29794b4c-5d60-46aa-a491-2edfb1c23ead,160543cb-51ef-4ac9-b61a-754451a72ad7,7,8,100,no
29794b4c-5d60-46aa-a491-2edfb1c23ead,160543cb-51ef-4ac9-b61a-754451a72ad7,0,8,full,no
29794b4c-5d60-46aa-a491-2edfb1c23ead,160543cb-51ef-4ac9-b61a-754451a72ad7,1,8,full,no
29794b4c-5d60-46aa-a491-2edfb1c23ead,160543cb-51ef-4ac9-b61a-754451a72ad7,2,8,full,no
29794b4c-5d60-46aa-a491-2edfb1c23ead,160543cb-51ef-4ac9-b61a-754451a72ad7,3,8,full,no
29794b4c-5d60-46aa-a491-2edfb1c23ead,160543cb-51ef-4ac9-b61a-754451a72ad7,4,8,full,no
29794b4c-5d60-46aa-a491-2edfb1c23ead,160543cb-51ef-4ac9-b61a-754451a72ad7,5,8,full,no
29794b4c-5d60-46aa-a491-2edfb1c23ead,160543cb-51ef-4ac9-b61a-754451a72ad7,6,8,full,no
29794b4c-5d60-46aa-a491-2edfb1c23ead,160543cb-51ef-4ac9-b61a-754451a72ad7,7,8,full,no
29794b4c-5d60-46aa-a491-2edfb1c23ead,f29e8aee-381f-4744-a0a1-39014c6c5e66,0,10,10,no
29794b4c-5d60-46aa-a491-2edfb1c23ead,f29e8aee-381f-4744-a0a1-39014c6c5e66,1,10,10,no
29794b4c-5d60-46aa-a491-2edfb1c23ead,f29e8aee-381f-4744-a0a1-39014c6c5e66,2,10,10,no
29794b4c-5d60-46aa-a491-2edfb1c23ead,f29e8aee-381f-4744-a0a1-39014c6c5e66,3,10,10,no
29794b4c-5d60-46aa-a491-2edfb1c23ead,f29e8aee-381f-4744-a0a1-39014c6c5e66,4,10,10,yes
29794b4c-5d60-46aa-a491-2edfb1c23ead,f29e8aee-381f-4744-a0a1-39014c6c5e66,5,10,10,no
29794b4c-5d60-46aa-a491-2edfb1c23ead,f29e8aee-381f-4744-a0a1-39014c6c5e66,6,10,10,no
29794b4c-5d60-46aa-a491-2edfb1c23ead,f29e8aee-381f-4744-a0a1-39014c6c5e66,7,10,10,yes
29794b4c-5d60-46aa-a491-2edfb1c23ead,f29e8aee-381f-4744-a0a1-39014c6c5e66,8,10,10,no
29794b4c-5d60-46aa-a491-2edfb1c23ead,f29e8aee-381f-4744-a0a1-39014c6c5e66,9,10,10,no
29794b4c-5d60-46aa-a491-2edfb1c23ead,f29e8aee-381f-4744-a0a1-39014c6c5e66,0,10,50,no
29794b4c-5d60-46aa-a491-2edfb1c23ead,f29e8aee-381f-4744-a0a1-39014c6c5e66,1,10,50,no
29794b4c-5d60-46aa-a491-2edfb1c23ead,f29e8aee-381f-4744-a0a1-39014c6c5e66,2,10,50,no
29794b4c-5d60-46aa-a491-2edfb1c23ead,f29e8aee-381f-4744-a0a1-39014c6c5e66,3,10,50,no
29794b4c-5d60-46aa-a491-2edfb1c23ead,f29e8aee-381f-4744-a0a1-39014c6c5e66,4,10,50,no
29794b4c-5d60-46aa-a491-2edfb1c23ead,f29e8aee-381f-4744-a0a1-39014c6c5e66,5,10,50,no
29794b4c-5d60-46aa-a491-2edfb1c23ead,f29e8aee-381f-4744-a0a1-39014c6c5e66,6,10,50,no
29794b4c-5d60-46aa-a491-2edfb1c23ead,f29e8aee-381f-4744-a0a1-39014c6c5e66,7,10,50,no
29794b4c-5d60-46aa-a491-2edfb1c23ead,f29e8aee-381f-4744-a0a1-39014c6c5e66,8,10,50,no
29794b4c-5d60-46aa-a491-2edfb1c23ead,f29e8aee-381f-4744-a0a1-39014c6c5e66,9,10,50,no
29794b4c-5d60-46aa-a491-2edfb1c23ead,f29e8aee-381f-4744-a0a1-39014c6c5e66,0,10,100,no
29794b4c-5d60-46aa-a491-2edfb1c23ead,f29e8aee-381f-4744-a0a1-39014c6c5e66,1,10,100,no
29794b4c-5d60-46aa-a491-2edfb1c23ead,f29e8aee-381f-4744-a0a1-39014c6c5e66,2,10,100,no
29794b4c-5d60-46aa-a491-2edfb1c23ead,f29e8aee-381f-4744-a0a1-39014c6c5e66,3,10,100,no
29794b4c-5d60-46aa-a491-2edfb1c23ead,f29e8aee-381f-4744-a0a1-39014c6c5e66,4,10,100,no
29794b4c-5d60-46aa-a491-2edfb1c23ead,f29e8aee-381f-4744-a0a1-39014c6c5e66,5,10,100,no
29794b4c-5d60-46aa-a491-2edfb1c23ead,f29e8aee-381f-4744-a0a1-39014c6c5e66,6,10,100,no
29794b4c-5d60-46aa-a491-2edfb1c23ead,f29e8aee-381f-4744-a0a1-39014c6c5e66,7,10,100,no
29794b4c-5d60-46aa-a491-2edfb1c23ead,f29e8aee-381f-4744-a0a1-39014c6c5e66,8,10,100,no
29794b4c-5d60-46aa-a491-2edfb1c23ead,f29e8aee-381f-4744-a0a1-39014c6c5e66,9,10,100,no
29794b4c-5d60-46aa-a491-2edfb1c23ead,f29e8aee-381f-4744-a0a1-39014c6c5e66,0,10,full,no
29794b4c-5d60-46aa-a491-2edfb1c23ead,f29e8aee-381f-4744-a0a1-39014c6c5e66,1,10,full,no
29794b4c-5d60-46aa-a491-2edfb1c23ead,f29e8aee-381f-4744-a0a1-39014c6c5e66,2,10,full,no
29794b4c-5d60-46aa-a491-2edfb1c23ead,f29e8aee-381f-4744-a0a1-39014c6c5e66,3,10,full,no
29794b4c-5d60-46aa-a491-2edfb1c23ead,f29e8aee-381f-4744-a0a1-39014c6c5e66,4,10,full,no
29794b4c-5d60-46aa-a491-2edfb1c23ead,f29e8aee-381f-4744-a0a1-39014c6c5e66,5,10,full,no
29794b4c-5d60-46aa-a491-2edfb1c23ead,f29e8aee-381f-4744-a0a1-39014c6c5e66,6,10,full,no
29794b4c-5d60-46aa-a491-2edfb1c23ead,f29e8aee-381f-4744-a0a1-39014c6c5e66,7,10,full,no
29794b4c-5d60-46aa-a491-2edfb1c23ead,f29e8aee-381f-4744-a0a1-39014c6c5e66,8,10,full,no
29794b4c-5d60-46aa-a491-2edfb1c23ead,f29e8aee-381f-4744-a0a1-39014c6c5e66,9,10,full,no
63ca3798-7166-4b9c-8859-ae752135a259,20df1720-4440-400e-8515-22ad2d239b43,0,1,10,no
63ca3798-7166-4b9c-8859-ae752135a259,20df1720-4440-400e-8515-22ad2d239b43,0,1,50,yes
63ca3798-7166-4b9c-8859-ae752135a259,20df1720-4440-400e-8515-22ad2d239b43,0,1,100,no
63ca3798-7166-4b9c-8859-ae752135a259,20df1720-4440-400e-8515-22ad2d239b43,0,1,full,no
63ca3798-7166-4b9c-8859-ae752135a259,7d081531-e10c-4046-887b-c16f904fa491,0,8,10,yes
63ca3798-7166-4b9c-8859-ae752135a259,7d081531-e10c-4046-887b-c16f904fa491,1,8,10,no
63ca3798-7166-4b9c-8859-ae752135a259,7d081531-e10c-4046-887b-c16f904fa491,2,8,10,yes
63ca3798-7166-4b9c-8859-ae752135a259,7d081531-e10c-4046-887b-c16f904fa491,3,8,10,yes
63ca3798-7166-4b9c-8859-ae752135a259,7d081531-e10c-4046-887b-c16f904fa491,4,8,10,yes
63ca3798-7166-4b9c-8859-ae752135a259,7d081531-e10c-4046-887b-c16f904fa491,5,8,10,no
63ca3798-7166-4b9c-8859-ae752135a259,7d081531-e10c-4046-887b-c16f904fa491,6,8,10,no
63ca3798-7166-4b9c-8859-ae752135a259,7d081531-e10c-4046-887b-c16f904fa491,7,8,10,yes
63ca3798-7166-4b9c-8859-ae752135a259,7d081531-e10c-4046-887b-c16f904fa491,0,8,50,no
63ca3798-7166-4b9c-8859-ae752135a259,7d081531-e10c-4046-887b-c16f904fa491,1,8,50,no
63ca3798-7166-4b9c-8859-ae752135a259,7d081531-e10c-4046-887b-c16f904fa491,2,8,50,no
63ca3798-7166-4b9c-8859-ae752135a259,7d081531-e10c-4046-887b-c16f904fa491,3,8,50,no
63ca3798-7166-4b9c-8859-ae752135a259,7d081531-e10c-4046-887b-c16f904fa491,4,8,50,yes
63ca3798-7166-4b9c-8859-ae752135a259,7d081531-e10c-4046-887b-c16f904fa491,5,8,50,no
63ca3798-7166-4b9c-8859-ae752135a259,7d081531-e10c-4046-887b-c16f904fa491,6,8,50,no
63ca3798-7166-4b9c-8859-ae752135a259,7d081531-e10c-4046-887b-c16f904fa491,7,8,50,no
63ca3798-7166-4b9c-8859-ae752135a259,7d081531-e10c-4046-887b-c16f904fa491,0,8,100,no
63ca3798-7166-4b9c-8859-ae752135a259,7d081531-e10c-4046-887b-c16f904fa491,1,8,100,no
63ca3798-7166-4b9c-8859-ae752135a259,7d081531-e10c-4046-887b-c16f904fa491,2,8,100,no
63ca3798-7166-4b9c-8859-ae752135a259,7d081531-e10c-4046-887b-c16f904fa491,3,8,100,no
63ca3798-7166-4b9c-8859-ae752135a259,7d081531-e10c-4046-887b-c16f904fa491,4,8,100,no
63ca3798-7166-4b9c-8859-ae752135a259,7d081531-e10c-4046-887b-c16f904fa491,5,8,100,no
63ca3798-7166-4b9c-8859-ae752135a259,7d081531-e10c-4046-887b-c16f904fa491,6,8,100,no
63ca3798-7166-4b9c-8859-ae752135a259,7d081531-e10c-4046-887b-c16f904fa491,7,8,100,no
63ca3798-7166-4b9c-8859-ae752135a259,7d081531-e10c-4046-887b-c16f904fa491,0,8,full,no
63ca3798-7166-4b9c-8859-ae752135a259,7d081531-e10c-4046-887b-c16f904fa491,1,8,full,no
63ca3798-7166-4b9c-8859-ae752135a259,7d081531-e10c-4046-887b-c16f904fa491,2,8,full,no
63ca3798-7166-4b9c-8859-ae752135a259,7d081531-e10c-4046-887b-c16f904fa491,3,8,full,no
63ca3798-7166-4b9c-8859-ae752135a259,7d081531-e10c-4046-887b-c16f904fa491,4,8,full,no
63ca3798-7166-4b9c-8859-ae752135a259,7d081531-e10c-4046-887b-c16f904fa491,5,8,full,no
63ca3798-7166-4b9c-8859-ae752135a259,7d081531-e10c-4046-887b-c16f904fa491,6,8,full,no
63ca3798-7166-4b9c-8859-ae752135a259,7d081531-e10c-4046-887b-c16f904fa491,7,8,full,no
63ca3798-7166-4b9c-8859-ae752135a259,2be9eb4c-88c6-4127-86d1-d236b75d106b,0,10,10,no
63ca3798-7166-4b9c-8859-ae752135a259,2be9eb4c-88c6-4127-86d1-d236b75d106b,1,10,10,no
63ca3798-7166-4b9c-8859-ae752135a259,2be9eb4c-88c6-4127-86d1-d236b75d106b,2,10,10,no
63ca3798-7166-4b9c-8859-ae752135a259,2be9eb4c-88c6-4127-86d1-d236b75d106b,3,10,10,yes
63ca3798-7166-4b9c-8859-ae752135a259,2be9eb4c-88c6-4127-86d1-d236b75d106b,4,10,10,no
63ca3798-7166-4b9c-8859-ae752135a259,2be9eb4c-88c6-4127-86d1-d236b75d106b,5,10,10,no
63ca3798-7166-4b9c-8859-ae752135a259,2be9eb4c-88c6-4127-86d1-d236b75d106b,6,10,10,yes
63ca3798-7166-4b9c-8859-ae752135a259,2be9eb4c-88c6-4127-86d1-d236b75d106b,7,10,10,yes
63ca3798-7166-4b9c-8859-ae752135a259,2be9eb4c-88c6-4127-86d1-d236b75d106b,8,10,10,no
63ca3798-7166-4b9c-8859-ae752135a259,2be9eb4c-88c6-4127-86d1-d236b75d106b,9,10,10,yes
63ca3798-7166-4b9c-8859-ae752135a259,2be9eb4c-88c6-4127-86d1-d236b75d106b,0,10,50,no
63ca3798-7166-4b9c-8859-ae752135a259,2be9eb4c-88c6-4127-86d1-d236b75d106b,1,10,50,no
63ca3798-7166-4b9c-8859-ae752135a259,2be9eb4c-88c6-4127-86d1-d236b75d106b,2,10,50,no
63ca3798-7166-4b9c-8859-ae752135a259,2be9eb4c-88c6-4127-86d1-d236b75d106b,3,10,50,no
63ca3798-7166-4b9c-8859-ae752135a259,2be9eb4c-88c6-4127-86d1-d236b75d106b,4,10,50,no
63ca3798-7166-4b9c-8859-ae752135a259,2be9eb4c-88c6-4127-86d1-d236b75d106b,5,10,50,no
63ca3798-7166-4b9c-8859-ae752135a259,2be9eb4c-88c6-4127-86d1-d236b75d106b,6,10,50,no
63ca3798-7166-4b9c-8859-ae752135a259,2be9eb4c-88c6-4127-86d1-d236b75d106b,7,10,50,no
63ca3798-7166-4b9c-8859-ae752135a259,2be9eb4c-88c6-4127-86d1-d236b75d106b,8,10,50,no
63ca3798-7166-4b9c-8859-ae752135a259,2be9eb4c-88c6-4127-86d1-d236b75d106b,9,10,50,no
63ca3798-7166-4b9c-8859-ae752135a259,2be9eb4c-88c6-4127-86d1-d236b75d106b,0,10,100,no
63ca3798-7166-4b9c-8859-ae752135a259,2be9eb4c-88c6-4127-86d1-d236b75d106b,1,10,100,no
63ca3798-7166-4b9c-8859-ae752135a259,2be9eb4c-88c6-4127-86d1-d236b75d106b,2,10,100,no
63ca3798-7166-4b9c-8859-ae752135a259,2be9eb4c-88c6-4127-86d1-d236b75d106b,3,10,100,no
63ca3798-7166-4b9c-8859-ae752135a259,2be9eb4c-88c6-4127-86d1-d236b75d106b,4,10,100,no
63ca3798-7166-4b9c-8859-ae752135a259,2be9eb4c-88c6-4127-86d1-d236b75d106b,5,10,100,no
63ca3798-7166-4b9c-8859-ae752135a259,2be9eb4c-88c6-4127-86d1-d236b75d106b,6,10,100,no
63ca3798-7166-4b9c-8859-ae752135a259,2be9eb4c-88c6-4127-86d1-d236b75d106b,7,10,100,no
63ca3798-7166-4b9c-8859-ae752135a259,2be9eb4c-88c6-4127-86d1-d236b75d106b,8,10,100,no
63ca3798-7166-4b9c-8859-ae752135a259,2be9eb4c-88c6-4127-86d1-d236b75d106b,9,10,100,no
63ca3798-7166-4b9c-8859-ae752135a259,2be9eb4c-88c6-4127-86d1-d236b75d106b,0,10,full,no
63ca3798-7166-4b9c-8859-ae752135a259,2be9eb4c-88c6-4127-86d1-d236b75d106b,1,10,full,no
63ca3798-7166-4b9c-8859-ae752135a259,2be9eb4c-88c6-4127-86d1-d236b75d106b,2,10,full,no
63ca3798-7166-4b9c-8859-ae752135a259,2be9eb4c-88c6-4127-86d1-d236b75d106b,3,10,full,no
63ca3798-7166-4b9c-8859-ae752135a259,2be9eb4c-88c6-4127-86d1-d236b75d106b,4,10,full,no
63ca3798-7166-4b9c-8859-ae752135a259,2be9eb4c-88c6-4127-86d1-d236b75d106b,5,10,full,no
63ca3798-7166-4b9c-8859-ae752135a259,2be9eb4c-88c6-4127-86d1-d236b75d106b,6,10,full,no
63ca3798-7166-4b9c-8859-ae752135a259,2be9eb4c-88c6-4127-86d1-d236b75d106b,7,10,full,no
63ca3798-7166-4b9c-8859-ae752135a259,2be9eb4c-88c6-4127-86d1-d236b75d106b,8,10,full,no
63ca3798-7166-4b9c-8859-ae752135a259,2be9eb4c-88c6-4127-86d1-d236b75d106b,9,10,full,no
9a7d8296-9d9d-48c5-86af-21460bc4ba69,ae7c1df7-4ccd-4990-81e7-27102ae80c58,0,1,10,yes
9a7d8296-9d9d-48c5-86af-21460bc4ba69,ae7c1df7-4ccd-4990-81e7-27102ae80c58,0,1,50,no
9a7d8296-9d9d-48c5-86af-21460bc4ba69,ae7c1df7-4ccd-4990-81e7-27102ae80c58,0,1,100,no
9a7d8296-9d9d-48c5-86af-21460bc4ba69,ae7c1df7-4ccd-4990-81e7-27102ae80c58,0,1,full,no
9a7d8296-9d9d-48c5-86af-21460bc4ba69,ba90e1fc-bade-4c4f-bdf9-1980da6ab1ec,0,8,10,no
9a7d8296-9d9d-48c5-86af-21460bc4ba69,ba90e1fc-bade-4c4f-bdf9-1980da6ab1ec,1,8,10,yes
9a7d8296-9d9d-48c5-86af-21460bc4ba69,ba90e1fc-bade-4c4f-bdf9-1980da6ab1ec,2,8,10,no
9a7d8296-9d9d-48c5-86af-21460bc4ba69,ba90e1fc-bade-4c4f-bdf9-1980da6ab1ec,3,8,10,no
9a7d8296-9d9d-48c5-86af-21460bc4ba69,ba90e1fc-bade-4c4f-bdf9-1980da6ab1ec,4,8,10,yes
9a7d8296-9d9d-48c5-86af-21460bc4ba69,ba90e1fc-bade-4c4f-bdf9-1980da6ab1ec,5,8,10,no
9a7d8296-9d9d-48c5-86af-21460bc4ba69,ba90e1fc-bade-4c4f-bdf9-1980da6ab1ec,6,8,10,yes
9a7d8296-9d9d-48c5-86af-21460bc4ba69,ba90e1fc-bade-4c4f-bdf9-1980da6ab1ec,7,8,10,no
9a7d8296-9d9d-48c5-86af-21460bc4ba69,ba90e1fc-bade-4c4f-bdf9-1980da6ab1ec,0,8,50,no
9a7d8296-9d9d-48c5-86af-21460bc4ba69,ba90e1fc-bade-4c4f-bdf9-1980da6ab1ec,1,8,50,no
9a7d8296-9d9d-48c5-86af-21460bc4ba69,ba90e1fc-bade-4c4f-bdf9-1980da6ab1ec,2,8,50,no
9a7d8296-9d9d-48c5-86af-21460bc4ba69,ba90e1fc-bade-4c4f-bdf9-1980da6ab1ec,3,8,50,no
9a7d8296-9d9d-48c5-86af-21460bc4ba69,ba90e1fc-bade-4c4f-bdf9-1980da6ab1ec,4,8,50,yes
9a7d8296-9d9d-48c5-86af-21460bc4ba69,ba90e1fc-bade-4c4f-bdf9-1980da6ab1ec,5,8,50,no
9a7d8296-9d9d-48c5-86af-21460bc4ba69,ba90e1fc-bade-4c4f-bdf9-1980da6ab1ec,6,8,50,no
9a7d8296-9d9d-48c5-86af-21460bc4ba69,ba90e1fc-bade-4c4f-bdf9-1980da6ab1ec,7,8,50,no
9a7d8296-9d9d-48c5-86af-21460bc4ba69,ba90e1fc-bade-4c4f-bdf9-1980da6ab1ec,0,8,100,no
9a7d8296-9d9d-48c5-86af-21460bc4ba69,ba90e1fc-bade-4c4f-bdf9-1980da6ab1ec,1,8,100,no
9a7d8296-9d9d-48c5-86af-21460bc4ba69,ba90e1fc-bade-4c4f-bdf9-1980da6ab1ec,2,8,100,no
9a7d8296-9d9d-48c5-86af-21460bc4ba69,ba90e1fc-bade-4c4f-bdf9-1980da6ab1ec,3,8,100,no
9a7d8296-9d9d-48c5-86af-21460bc4ba69,ba90e1fc-bade-4c4f-bdf9-1980da6ab1ec,4,8,100,no
9a7d8296-9d9d-48c5-86af-21460bc4ba69,ba90e1fc-bade-4c4f-bdf9-1980da6ab1ec,5,8,100,no
9a7d8296-9d9d-48c5-86af-21460bc4ba69,ba90e1fc-bade-4c4f-bdf9-1980da6ab1ec,6,8,100,no
9a7d8296-9d9d-48c5-86af-21460bc4ba69,ba90e1fc-bade-4c4f-bdf9-1980da6ab1ec,7,8,100,no
9a7d8296-9d9d-48c5-86af-21460bc4ba69,ba90e1fc-bade-4c4f-bdf9-1980da6ab1ec,0,8,full,no
9a7d8296-9d9d-48c5-86af-21460bc4ba69,ba90e1fc-bade-4c4f-bdf9-1980da6ab1ec,1,8,full,no
9a7d8296-9d9d-48c5-86af-21460bc4ba69,ba90e1fc-bade-4c4f-bdf9-1980da6ab1ec,2,8,full,no
9a7d8296-9d9d-48c5-86af-21460bc4ba69,ba90e1fc-bade-4c4f-bdf9-1980da6ab1ec,3,8,full,no
9a7d8296-9d9d-48c5-86af-21460bc4ba69,ba90e1fc-bade-4c4f-bdf9-1980da6ab1ec,4,8,full,no
9a7d8296-9d9d-48c5-86af-21460bc4ba69,ba90e1fc-bade-4c4f-bdf9-1980da6ab1ec,5,8,full,no
9a7d8296-9d9d-48c5-86af-21460bc4ba69,ba90e1fc-bade-4c4f-bdf9-1980da6ab1ec,6,8,full,no
9a7d8296-9d9d-48c5-86af-21460bc4ba69,ba90e1fc-bade-4c4f-bdf9-1980da6ab1ec,7,8,full,no
9a7d8296-9d9d-48c5-86af-21460bc4ba69,a8e99a2b-f45a-475f-8226-c23139d72606,0,10,10,no
9a7d8296-9d9d-48c5-86af-21460bc4ba69,a8e99a2b-f45a-475f-8226-c23139d72606,1,10,10,yes
9a7d8296-9d9d-48c5-86af-21460bc4ba69,a8e99a2b-f45a-475f-8226-c23139d72606,2,10,10,yes
9a7d8296-9d9d-48c5-86af-21460bc4ba69,a8e99a2b-f45a-475f-8226-c23139d72606,3,10,10,no
9a7d8296-9d9d-48c5-86af-21460bc4ba69,a8e99a2b-f45a-475f-8226-c23139d72606,4,10,10,no
9a7d8296-9d9d-48c5-86af-21460bc4ba69,a8e99a2b-f45a-475f-8226-c23139d72606,5,10,10,no
9a7d8296-9d9d-48c5-86af-21460bc4ba69,a8e99a2b-f45a-475f-8226-c23139d72606,6,10,10,yes
9a7d8296-9d9d-48c5-86af-21460bc4ba69,a8e99a2b-f45a-475f-8226-c23139d72606,7,10,10,no
9a7d8296-9d9d-48c5-86af-21460bc4ba69,a8e99a2b-f45a-475f-8226-c23139d72606,8,10,10,yes
9a7d8296-9d9d-48c5-86af-21460bc4ba69,a8e99a2b-f45a-475f-8226-c23139d72606,0,10,50,yes
9a7d8296-9d9d-48c5-86af-21460bc4ba69,a8e99a2b-f45a-475f-8226-c23139d72606,1,10,50,no
9a7d8296-9d9d-48c5-86af-21460bc4ba69,a8e99a2b-f45a-475f-8226-c23139d72606,2,10,50,no
9a7d8296-9d9d-48c5-86af-21460bc4ba69,a8e99a2b-f45a-475f-8226-c23139d72606,3,10,50,no
9a7d8296-9d9d-48c5-86af-21460bc4ba69,a8e99a2b-f45a-475f-8226-c23139d72606,4,10,50,no
9a7d8296-9d9d-48c5-86af-21460bc4ba69,a8e99a2b-f45a-475f-8226-c23139d72606,5,10,50,no
9a7d8296-9d9d-48c5-86af-21460bc4ba69,a8e99a2b-f45a-475f-8226-c23139d72606,6,10,50,no
9a7d8296-9d9d-48c5-86af-21460bc4ba69,a8e99a2b-f45a-475f-8226-c23139d72606,7,10,50,no
9a7d8296-9d9d-48c5-86af-21460bc4ba69,a8e99a2b-f45a-475f-8226-c23139d72606,8,10,50,no
9a7d8296-9d9d-48c5-86af-21460bc4ba69,a8e99a2b-f45a-475f-8226-c23139d72606,0,10,100,no
9a7d8296-9d9d-48c5-86af-21460bc4ba69,a8e99a2b-f45a-475f-8226-c23139d72606,1,10,100,no
9a7d8296-9d9d-48c5-86af-21460bc4ba69,a8e99a2b-f45a-475f-8226-c23139d72606,2,10,100,no
9a7d8296-9d9d-48c5-86af-21460bc4ba69,a8e99a2b-f45a-475f-8226-c23139d72606,3,10,100,no
9a7d8296-9d9d-48c5-86af-21460bc4ba69,a8e99a2b-f45a-475f-8226-c23139d72606,4,10,100,no
9a7d8296-9d9d-48c5-86af-21460bc4ba69,a8e99a2b-f45a-475f-8226-c23139d72606,5,10,100,no
9a7d8296-9d9d-48c5-86af-21460bc4ba69,a8e99a2b-f45a-475f-8226-c23139d72606,6,10,100,no
9a7d8296-9d9d-48c5-86af-21460bc4ba69,a8e99a2b-f45a-475f-8226-c23139d72606,7,10,100,no
9a7d8296-9d9d-48c5-86af-21460bc4ba69,a8e99a2b-f45a-475f-8226-c23139d72606,8,10,100,no
9a7d8296-9d9d-48c5-86af-21460bc4ba69,a8e99a2b-f45a-475f-8226-c23139d72606,0,10,full,no
9a7d8296-9d9d-48c5-86af-21460bc4ba69,a8e99a2b-f45a-475f-8226-c23139d72606,1,10,full,no
9a7d8296-9d9d-48c5-86af-21460bc4ba69,a8e99a2b-f45a-475f-8226-c23139d72606,2,10,full,no
9a7d8296-9d9d-48c5-86af-21460bc4ba69,a8e99a2b-f45a-475f-8226-c23139d72606,3,10,full,no
9a7d8296-9d9d-48c5-86af-21460bc4ba69,a8e99a2b-f45a-475f-8226-c23139d72606,4,10,full,no
9a7d8296-9d9d-48c5-86af-21460bc4ba69,a8e99a2b-f45a-475f-8226-c23139d72606,5,10,full,no
9a7d8296-9d9d-48c5-86af-21460bc4ba69,a8e99a2b-f45a-475f-8226-c23139d72606,6,10,full,no
9a7d8296-9d9d-48c5-86af-21460bc4ba69,a8e99a2b-f45a-475f-8226-c23139d72606,7,10,full,no
9a7d8296-9d9d-48c5-86af-21460bc4ba69,a8e99a2b-f45a-475f-8226-c23139d72606,8,10,full,no
11603013-d76a-4ee8-a557-3531e27b0df1,7d6c4ee6-befa-49d5-a4f8-8ace85af09b4,0,1,10,no
11603013-d76a-4ee8-a557-3531e27b0df1,7d6c4ee6-befa-49d5-a4f8-8ace85af09b4,0,1,50,no
11603013-d76a-4ee8-a557-3531e27b0df1,7d6c4ee6-befa-49d5-a4f8-8ace85af09b4,0,1,100,no
11603013-d76a-4ee8-a557-3531e27b0df1,7d6c4ee6-befa-49d5-a4f8-8ace85af09b4,0,1,full,no
11603013-d76a-4ee8-a557-3531e27b0df1,0d39341d-f7d8-42cb-ae20-aecb1c183be6,0,8,10,no
11603013-d76a-4ee8-a557-3531e27b0df1,0d39341d-f7d8-42cb-ae20-aecb1c183be6,1,8,10,no
11603013-d76a-4ee8-a557-3531e27b0df1,0d39341d-f7d8-42cb-ae20-aecb1c183be6,2,8,10,yes
11603013-d76a-4ee8-a557-3531e27b0df1,0d39341d-f7d8-42cb-ae20-aecb1c183be6,3,8,10,no
11603013-d76a-4ee8-a557-3531e27b0df1,0d39341d-f7d8-42cb-ae20-aecb1c183be6,4,8,10,no
11603013-d76a-4ee8-a557-3531e27b0df1,0d39341d-f7d8-42cb-ae20-aecb1c183be6,5,8,10,no
11603013-d76a-4ee8-a557-3531e27b0df1,0d39341d-f7d8-42cb-ae20-aecb1c183be6,6,8,10,no
11603013-d76a-4ee8-a557-3531e27b0df1,0d39341d-f7d8-42cb-ae20-aecb1c183be6,7,8,10,no
11603013-d76a-4ee8-a557-3531e27b0df1,0d39341d-f7d8-42cb-ae20-aecb1c183be6,0,8,50,no
11603013-d76a-4ee8-a557-3531e27b0df1,0d39341d-f7d8-42cb-ae20-aecb1c183be6,1,8,50,no
11603013-d76a-4ee8-a557-3531e27b0df1,0d39341d-f7d8-42cb-ae20-aecb1c183be6,2,8,50,no
11603013-d76a-4ee8-a557-3531e27b0df1,0d39341d-f7d8-42cb-ae20-aecb1c183be6,3,8,50,no
11603013-d76a-4ee8-a557-3531e27b0df1,0d39341d-f7d8-42cb-ae20-aecb1c183be6,4,8,50,no
11603013-d76a-4ee8-a557-3531e27b0df1,0d39341d-f7d8-42cb-ae20-aecb1c183be6,5,8,50,no
11603013-d76a-4ee8-a557-3531e27b0df1,0d39341d-f7d8-42cb-ae20-aecb1c183be6,6,8,50,no
11603013-d76a-4ee8-a557-3531e27b0df1,0d39341d-f7d8-42cb-ae20-aecb1c183be6,7,8,50,no
11603013-d76a-4ee8-a557-3531e27b0df1,0d39341d-f7d8-42cb-ae20-aecb1c183be6,0,8,100,no
11603013-d76a-4ee8-a557-3531e27b0df1,0d39341d-f7d8-42cb-ae20-aecb1c183be6,1,8,100,no
11603013-d76a-4ee8-a557-3531e27b0df1,0d39341d-f7d8-42cb-ae20-aecb1c183be6,2,8,100,no
11603013-d76a-4ee8-a557-3531e27b0df1,0d39341d-f7d8-42cb-ae20-aecb1c183be6,3,8,100,no
11603013-d76a-4ee8-a557-3531e27b0df1,0d39341d-f7d8-42cb-ae20-aecb1c183be6,4,8,100,no
11603013-d76a-4ee8-a557-3531e27b0df1,0d39341d-f7d8-42cb-ae20-aecb1c183be6,5,8,100,no
11603013-d76a-4ee8-a557-3531e27b0df1,0d39341d-f7d8-42cb-ae20-aecb1c183be6,6,8,100,no
11603013-d76a-4ee8-a557-3531e27b0df1,0d39341d-f7d8-42cb-ae20-aecb1c183be6,7,8,100,no
11603013-d76a-4ee8-a557-3531e27b0df1,0d39341d-f7d8-42cb-ae20-aecb1c183be6,0,8,full,no
11603013-d76a-4ee8-a557-3531e27b0df1,0d39341d-f7d8-42cb-ae20-aecb1c183be6,1,8,full,no
11603013-d76a-4ee8-a557-3531e27b0df1,0d39341d-f7d8-42cb-ae20-aecb1c183be6,2,8,full,no
11603013-d76a-4ee8-a557-3531e27b0df1,0d39341d-f7d8-42cb-ae20-aecb1c183be6,3,8,full,no
11603013-d76a-4ee8-a557-3531e27b0df1,0d39341d-f7d8-42cb-ae20-aecb1c183be6,4,8,full,no
11603013-d76a-4ee8-a557-3531e27b0df1,0d39341d-f7d8-42cb-ae20-aecb1c183be6,5,8,full,no
11603013-d76a-4ee8-a557-3531e27b0df1,0d39341d-f7d8-42cb-ae20-aecb1c183be6,6,8,full,no
11603013-d76a-4ee8-a557-3531e27b0df1,0d39341d-f7d8-42cb-ae20-aecb1c183be6,7,8,full,no
11603013-d76a-4ee8-a557-3531e27b0df1,18ed96cd-946f-4f44-b0b1-161ca3398a12,0,10,10,no
11603013-d76a-4ee8-a557-3531e27b0df1,18ed96cd-946f-4f44-b0b1-161ca3398a12,1,10,10,no
11603013-d76a-4ee8-a557-3531e27b0df1,18ed96cd-946f-4f44-b0b1-161ca3398a12,2,10,10,no
11603013-d76a-4ee8-a557-3531e27b0df1,18ed96cd-946f-4f44-b0b1-161ca3398a12,3,10,10,no
11603013-d76a-4ee8-a557-3531e27b0df1,18ed96cd-946f-4f44-b0b1-161ca3398a12,4,10,10,no
11603013-d76a-4ee8-a557-3531e27b0df1,18ed96cd-946f-4f44-b0b1-161ca3398a12,5,10,10,yes
11603013-d76a-4ee8-a557-3531e27b0df1,18ed96cd-946f-4f44-b0b1-161ca3398a12,6,10,10,no
11603013-d76a-4ee8-a557-3531e27b0df1,18ed96cd-946f-4f44-b0b1-161ca3398a12,7,10,10,no
11603013-d76a-4ee8-a557-3531e27b0df1,18ed96cd-946f-4f44-b0b1-161ca3398a12,8,10,10,no
11603013-d76a-4ee8-a557-3531e27b0df1,18ed96cd-946f-4f44-b0b1-161ca3398a12,9,10,10,no
11603013-d76a-4ee8-a557-3531e27b0df1,18ed96cd-946f-4f44-b0b1-161ca3398a12,0,10,50,no
11603013-d76a-4ee8-a557-3531e27b0df1,18ed96cd-946f-4f44-b0b1-161ca3398a12,1,10,50,no
11603013-d76a-4ee8-a557-3531e27b0df1,18ed96cd-946f-4f44-b0b1-161ca3398a12,2,10,50,no
11603013-d76a-4ee8-a557-3531e27b0df1,18ed96cd-946f-4f44-b0b1-161ca3398a12,3,10,50,no
11603013-d76a-4ee8-a557-3531e27b0df1,18ed96cd-946f-4f44-b0b1-161ca3398a12,4,10,50,no
11603013-d76a-4ee8-a557-3531e27b0df1,18ed96cd-946f-4f44-b0b1-161ca3398a12,5,10,50,no
11603013-d76a-4ee8-a557-3531e27b0df1,18ed96cd-946f-4f44-b0b1-161ca3398a12,6,10,50,no
11603013-d76a-4ee8-a557-3531e27b0df1,18ed96cd-946f-4f44-b0b1-161ca3398a12,7,10,50,no
11603013-d76a-4ee8-a557-3531e27b0df1,18ed96cd-946f-4f44-b0b1-161ca3398a12,8,10,50,no
11603013-d76a-4ee8-a557-3531e27b0df1,18ed96cd-946f-4f44-b0b1-161ca3398a12,9,10,50,no
11603013-d76a-4ee8-a557-3531e27b0df1,18ed96cd-946f-4f44-b0b1-161ca3398a12,0,10,100,no
11603013-d76a-4ee8-a557-3531e27b0df1,18ed96cd-946f-4f44-b0b1-161ca3398a12,1,10,100,no
11603013-d76a-4ee8-a557-3531e27b0df1,18ed96cd-946f-4f44-b0b1-161ca3398a12,2,10,100,no
11603013-d76a-4ee8-a557-3531e27b0df1,18ed96cd-946f-4f44-b0b1-161ca3398a12,3,10,100,no
11603013-d76a-4ee8-a557-3531e27b0df1,18ed96cd-946f-4f44-b0b1-161ca3398a12,4,10,100,no
11603013-d76a-4ee8-a557-3531e27b0df1,18ed96cd-946f-4f44-b0b1-161ca3398a12,5,10,100,no
11603013-d76a-4ee8-a557-3531e27b0df1,18ed96cd-946f-4f44-b0b1-161ca3398a12,6,10,100,no
11603013-d76a-4ee8-a557-3531e27b0df1,18ed96cd-946f-4f44-b0b1-161ca3398a12,7,10,100,no
11603013-d76a-4ee8-a557-3531e27b0df1,18ed96cd-946f-4f44-b0b1-161ca3398a12,8,10,100,no
11603013-d76a-4ee8-a557-3531e27b0df1,18ed96cd-946f-4f44-b0b1-161ca3398a12,9,10,100,no
11603013-d76a-4ee8-a557-3531e27b0df1,18ed96cd-946f-4f44-b0b1-161ca3398a12,0,10,full,no
11603013-d76a-4ee8-a557-3531e27b0df1,18ed96cd-946f-4f44-b0b1-161ca3398a12,1,10,full,no
11603013-d76a-4ee8-a557-3531e27b0df1,18ed96cd-946f-4f44-b0b1-161ca3398a12,2,10,full,no
11603013-d76a-4ee8-a557-3531e27b0df1,18ed96cd-946f-4f44-b0b1-161ca3398a12,3,10,full,no
11603013-d76a-4ee8-a557-3531e27b0df1,18ed96cd-946f-4f44-b0b1-161ca3398a12,4,10,full,no
11603013-d76a-4ee8-a557-3531e27b0df1,18ed96cd-946f-4f44-b0b1-161ca3398a12,5,10,full,no
11603013-d76a-4ee8-a557-3531e27b0df1,18ed96cd-946f-4f44-b0b1-161ca3398a12,6,10,full,no
11603013-d76a-4ee8-a557-3531e27b0df1,18ed96cd-946f-4f44-b0b1-161ca3398a12,7,10,full,no
11603013-d76a-4ee8-a557-3531e27b0df1,18ed96cd-946f-4f44-b0b1-161ca3398a12,8,10,full,no
11603013-d76a-4ee8-a557-3531e27b0df1,18ed96cd-946f-4f44-b0b1-161ca3398a12,9,10,full,no
e7cfd0e0-cb64-4cb6-be33-e736988fd089,835c57d6-bce6-4c93-8498-a9779133aa97,0,1,10,no
e7cfd0e0-cb64-4cb6-be33-e736988fd089,835c57d6-bce6-4c93-8498-a9779133aa97,0,1,50,no
e7cfd0e0-cb64-4cb6-be33-e736988fd089,835c57d6-bce6-4c93-8498-a9779133aa97,0,1,100,no
e7cfd0e0-cb64-4cb6-be33-e736988fd089,835c57d6-bce6-4c93-8498-a9779133aa97,0,1,full,no
e7cfd0e0-cb64-4cb6-be33-e736988fd089,d2e19aa5-8593-46b0-8733-e6cade2d302e,0,8,10,no
e7cfd0e0-cb64-4cb6-be33-e736988fd089,d2e19aa5-8593-46b0-8733-e6cade2d302e,1,8,10,no
e7cfd0e0-cb64-4cb6-be33-e736988fd089,d2e19aa5-8593-46b0-8733-e6cade2d302e,2,8,10,no
e7cfd0e0-cb64-4cb6-be33-e736988fd089,d2e19aa5-8593-46b0-8733-e6cade2d302e,3,8,10,no
e7cfd0e0-cb64-4cb6-be33-e736988fd089,d2e19aa5-8593-46b0-8733-e6cade2d302e,4,8,10,no
e7cfd0e0-cb64-4cb6-be33-e736988fd089,d2e19aa5-8593-46b0-8733-e6cade2d302e,5,8,10,no
e7cfd0e0-cb64-4cb6-be33-e736988fd089,d2e19aa5-8593-46b0-8733-e6cade2d302e,6,8,10,no
e7cfd0e0-cb64-4cb6-be33-e736988fd089,d2e19aa5-8593-46b0-8733-e6cade2d302e,7,8,10,no
e7cfd0e0-cb64-4cb6-be33-e736988fd089,d2e19aa5-8593-46b0-8733-e6cade2d302e,0,8,50,no
e7cfd0e0-cb64-4cb6-be33-e736988fd089,d2e19aa5-8593-46b0-8733-e6cade2d302e,1,8,50,no
e7cfd0e0-cb64-4cb6-be33-e736988fd089,d2e19aa5-8593-46b0-8733-e6cade2d302e,2,8,50,no
e7cfd0e0-cb64-4cb6-be33-e736988fd089,d2e19aa5-8593-46b0-8733-e6cade2d302e,3,8,50,no
e7cfd0e0-cb64-4cb6-be33-e736988fd089,d2e19aa5-8593-46b0-8733-e6cade2d302e,4,8,50,no
e7cfd0e0-cb64-4cb6-be33-e736988fd089,d2e19aa5-8593-46b0-8733-e6cade2d302e,5,8,50,no
e7cfd0e0-cb64-4cb6-be33-e736988fd089,d2e19aa5-8593-46b0-8733-e6cade2d302e,6,8,50,no
e7cfd0e0-cb64-4cb6-be33-e736988fd089,d2e19aa5-8593-46b0-8733-e6cade2d302e,7,8,50,no
e7cfd0e0-cb64-4cb6-be33-e736988fd089,d2e19aa5-8593-46b0-8733-e6cade2d302e,0,8,100,no
e7cfd0e0-cb64-4cb6-be33-e736988fd089,d2e19aa5-8593-46b0-8733-e6cade2d302e,1,8,100,no
e7cfd0e0-cb64-4cb6-be33-e736988fd089,d2e19aa5-8593-46b0-8733-e6cade2d302e,2,8,100,no
e7cfd0e0-cb64-4cb6-be33-e736988fd089,d2e19aa5-8593-46b0-8733-e6cade2d302e,3,8,100,no
e7cfd0e0-cb64-4cb6-be33-e736988fd089,d2e19aa5-8593-46b0-8733-e6cade2d302e,4,8,100,no
e7cfd0e0-cb64-4cb6-be33-e736988fd089,d2e19aa5-8593-46b0-8733-e6cade2d302e,5,8,100,no
e7cfd0e0-cb64-4cb6-be33-e736988fd089,d2e19aa5-8593-46b0-8733-e6cade2d302e,6,8,100,no
e7cfd0e0-cb64-4cb6-be33-e736988fd089,d2e19aa5-8593-46b0-8733-e6cade2d302e,7,8,100,no
e7cfd0e0-cb64-4cb6-be33-e736988fd089,d2e19aa5-8593-46b0-8733-e6cade2d302e,0,8,full,no
e7cfd0e0-cb64-4cb6-be33-e736988fd089,d2e19aa5-8593-46b0-8733-e6cade2d302e,1,8,full,no
e7cfd0e0-cb64-4cb6-be33-e736988fd089,d2e19aa5-8593-46b0-8733-e6cade2d302e,2,8,full,no
e7cfd0e0-cb64-4cb6-be33-e736988fd089,d2e19aa5-8593-46b0-8733-e6cade2d302e,3,8,full,no
e7cfd0e0-cb64-4cb6-be33-e736988fd089,d2e19aa5-8593-46b0-8733-e6cade2d302e,4,8,full,no
e7cfd0e0-cb64-4cb6-be33-e736988fd089,d2e19aa5-8593-46b0-8733-e6cade2d302e,5,8,full,no
e7cfd0e0-cb64-4cb6-be33-e736988fd089,d2e19aa5-8593-46b0-8733-e6cade2d302e,6,8,full,no
e7cfd0e0-cb64-4cb6-be33-e736988fd089,d2e19aa5-8593-46b0-8733-e6cade2d302e,7,8,full,no
e7cfd0e0-cb64-4cb6-be33-e736988fd089,86f7ed84-9097-437c-90a8-2095ca85cb26,0,10,10,no
e7cfd0e0-cb64-4cb6-be33-e736988fd089,86f7ed84-9097-437c-90a8-2095ca85cb26,1,10,10,no
e7cfd0e0-cb64-4cb6-be33-e736988fd089,86f7ed84-9097-437c-90a8-2095ca85cb26,2,10,10,no
e7cfd0e0-cb64-4cb6-be33-e736988fd089,86f7ed84-9097-437c-90a8-2095ca85cb26,3,10,10,no
e7cfd0e0-cb64-4cb6-be33-e736988fd089,86f7ed84-9097-437c-90a8-2095ca85cb26,4,10,10,no
e7cfd0e0-cb64-4cb6-be33-e736988fd089,86f7ed84-9097-437c-90a8-2095ca85cb26,5,10,10,no
e7cfd0e0-cb64-4cb6-be33-e736988fd089,86f7ed84-9097-437c-90a8-2095ca85cb26,6,10,10,no
e7cfd0e0-cb64-4cb6-be33-e736988fd089,86f7ed84-9097-437c-90a8-2095ca85cb26,7,10,10,no
e7cfd0e0-cb64-4cb6-be33-e736988fd089,86f7ed84-9097-437c-90a8-2095ca85cb26,8,10,10,no
e7cfd0e0-cb64-4cb6-be33-e736988fd089,86f7ed84-9097-437c-90a8-2095ca85cb26,9,10,10,no
e7cfd0e0-cb64-4cb6-be33-e736988fd089,86f7ed84-9097-437c-90a8-2095ca85cb26,0,10,50,no
e7cfd0e0-cb64-4cb6-be33-e736988fd089,86f7ed84-9097-437c-90a8-2095ca85cb26,1,10,50,no
e7cfd0e0-cb64-4cb6-be33-e736988fd089,86f7ed84-9097-437c-90a8-2095ca85cb26,2,10,50,no
e7cfd0e0-cb64-4cb6-be33-e736988fd089,86f7ed84-9097-437c-90a8-2095ca85cb26,3,10,50,no
e7cfd0e0-cb64-4cb6-be33-e736988fd089,86f7ed84-9097-437c-90a8-2095ca85cb26,4,10,50,no
e7cfd0e0-cb64-4cb6-be33-e736988fd089,86f7ed84-9097-437c-90a8-2095ca85cb26,5,10,50,no
e7cfd0e0-cb64-4cb6-be33-e736988fd089,86f7ed84-9097-437c-90a8-2095ca85cb26,6,10,50,no
e7cfd0e0-cb64-4cb6-be33-e736988fd089,86f7ed84-9097-437c-90a8-2095ca85cb26,7,10,50,no
e7cfd0e0-cb64-4cb6-be33-e736988fd089,86f7ed84-9097-437c-90a8-2095ca85cb26,8,10,50,no
e7cfd0e0-cb64-4cb6-be33-e736988fd089,86f7ed84-9097-437c-90a8-2095ca85cb26,9,10,50,no
e7cfd0e0-cb64-4cb6-be33-e736988fd089,86f7ed84-9097-437c-90a8-2095ca85cb26,0,10,100,no
e7cfd0e0-cb64-4cb6-be33-e736988fd089,86f7ed84-9097-437c-90a8-2095ca85cb26,1,10,100,no
e7cfd0e0-cb64-4cb6-be33-e736988fd089,86f7ed84-9097-437c-90a8-2095ca85cb26,2,10,100,no
e7cfd0e0-cb64-4cb6-be33-e736988fd089,86f7ed84-9097-437c-90a8-2095ca85cb26,3,10,100,no
e7cfd0e0-cb64-4cb6-be33-e736988fd089,86f7ed84-9097-437c-90a8-2095ca85cb26,4,10,100,no
e7cfd0e0-cb64-4cb6-be33-e736988fd089,86f7ed84-9097-437c-90a8-2095ca85cb26,5,10,100,no
e7cfd0e0-cb64-4cb6-be33-e736988fd089,86f7ed84-9097-437c-90a8-2095ca85cb26,6,10,100,no
e7cfd0e0-cb64-4cb6-be33-e736988fd089,86f7ed84-9097-437c-90a8-2095ca85cb26,7,10,100,no
e7cfd0e0-cb64-4cb6-be33-e736988fd089,86f7ed84-9097-437c-90a8-2095ca85cb26,8,10,100,no
e7cfd0e0-cb64-4cb6-be33-e736988fd089,86f7ed84-9097-437c-90a8-2095ca85cb26,9,10,100,no
e7cfd0e0-cb64-4cb6-be33-e736988fd089,86f7ed84-9097-437c-90a8-2095ca85cb26,0,10,full,no
e7cfd0e0-cb64-4cb6-be33-e736988fd089,86f7ed84-9097-437c-90a8-2095ca85cb26,1,10,full,no
e7cfd0e0-cb64-4cb6-be33-e736988fd089,86f7ed84-9097-437c-90a8-2095ca85cb26,2,10,full,no
e7cfd0e0-cb64-4cb6-be33-e736988fd089,86f7ed84-9097-437c-90a8-2095ca85cb26,3,10,full,no
e7cfd0e0-cb64-4cb6-be33-e736988fd089,86f7ed84-9097-437c-90a8-2095ca85cb26,4,10,full,no
e7cfd0e0-cb64-4cb6-be33-e736988fd089,86f7ed84-9097-437c-90a8-2095ca85cb26,5,10,full,no
e7cfd0e0-cb64-4cb6-be33-e736988fd089,86f7ed84-9097-437c-90a8-2095ca85cb26,6,10,full,no
e7cfd0e0-cb64-4cb6-be33-e736988fd089,86f7ed84-9097-437c-90a8-2095ca85cb26,7,10,full,no
e7cfd0e0-cb64-4cb6-be33-e736988fd089,86f7ed84-9097-437c-90a8-2095ca85cb26,8,10,full,no
e7cfd0e0-cb64-4cb6-be33-e736988fd089,86f7ed84-9097-437c-90a8-2095ca85cb26,9,10,full,no
5ab38e34-c1a6-478e-ae9b-b502608205e5,7174ea45-8644-481c-b767-b7f12c25fd68,0,1,10,no
5ab38e34-c1a6-478e-ae9b-b502608205e5,7174ea45-8644-481c-b767-b7f12c25fd68,0,1,50,no
5ab38e34-c1a6-478e-ae9b-b502608205e5,7174ea45-8644-481c-b767-b7f12c25fd68,0,1,100,no
5ab38e34-c1a6-478e-ae9b-b502608205e5,7174ea45-8644-481c-b767-b7f12c25fd68,0,1,full,no
5ab38e34-c1a6-478e-ae9b-b502608205e5,a057e966-83a9-47e6-bf0f-b84c65994c34,0,8,10,no
5ab38e34-c1a6-478e-ae9b-b502608205e5,a057e966-83a9-47e6-bf0f-b84c65994c34,1,8,10,no
5ab38e34-c1a6-478e-ae9b-b502608205e5,a057e966-83a9-47e6-bf0f-b84c65994c34,2,8,10,no
5ab38e34-c1a6-478e-ae9b-b502608205e5,a057e966-83a9-47e6-bf0f-b84c65994c34,3,8,10,no
5ab38e34-c1a6-478e-ae9b-b502608205e5,a057e966-83a9-47e6-bf0f-b84c65994c34,4,8,10,no
5ab38e34-c1a6-478e-ae9b-b502608205e5,a057e966-83a9-47e6-bf0f-b84c65994c34,5,8,10,no
5ab38e34-c1a6-478e-ae9b-b502608205e5,a057e966-83a9-47e6-bf0f-b84c65994c34,6,8,10,no
5ab38e34-c1a6-478e-ae9b-b502608205e5,a057e966-83a9-47e6-bf0f-b84c65994c34,7,8,10,no
5ab38e34-c1a6-478e-ae9b-b502608205e5,a057e966-83a9-47e6-bf0f-b84c65994c34,0,8,50,no
5ab38e34-c1a6-478e-ae9b-b502608205e5,a057e966-83a9-47e6-bf0f-b84c65994c34,1,8,50,no
5ab38e34-c1a6-478e-ae9b-b502608205e5,a057e966-83a9-47e6-bf0f-b84c65994c34,2,8,50,no
5ab38e34-c1a6-478e-ae9b-b502608205e5,a057e966-83a9-47e6-bf0f-b84c65994c34,3,8,50,no
5ab38e34-c1a6-478e-ae9b-b502608205e5,a057e966-83a9-47e6-bf0f-b84c65994c34,4,8,50,no
5ab38e34-c1a6-478e-ae9b-b502608205e5,a057e966-83a9-47e6-bf0f-b84c65994c34,5,8,50,no
5ab38e34-c1a6-478e-ae9b-b502608205e5,a057e966-83a9-47e6-bf0f-b84c65994c34,6,8,50,no
5ab38e34-c1a6-478e-ae9b-b502608205e5,a057e966-83a9-47e6-bf0f-b84c65994c34,7,8,50,no
5ab38e34-c1a6-478e-ae9b-b502608205e5,a057e966-83a9-47e6-bf0f-b84c65994c34,0,8,100,no
5ab38e34-c1a6-478e-ae9b-b502608205e5,a057e966-83a9-47e6-bf0f-b84c65994c34,1,8,100,no
5ab38e34-c1a6-478e-ae9b-b502608205e5,a057e966-83a9-47e6-bf0f-b84c65994c34,2,8,100,no
5ab38e34-c1a6-478e-ae9b-b502608205e5,a057e966-83a9-47e6-bf0f-b84c65994c34,3,8,100,no
5ab38e34-c1a6-478e-ae9b-b502608205e5,a057e966-83a9-47e6-bf0f-b84c65994c34,4,8,100,no
5ab38e34-c1a6-478e-ae9b-b502608205e5,a057e966-83a9-47e6-bf0f-b84c65994c34,5,8,100,no
5ab38e34-c1a6-478e-ae9b-b502608205e5,a057e966-83a9-47e6-bf0f-b84c65994c34,6,8,100,no
5ab38e34-c1a6-478e-ae9b-b502608205e5,a057e966-83a9-47e6-bf0f-b84c65994c34,7,8,100,no
5ab38e34-c1a6-478e-ae9b-b502608205e5,a057e966-83a9-47e6-bf0f-b84c65994c34,0,8,full,no
5ab38e34-c1a6-478e-ae9b-b502608205e5,a057e966-83a9-47e6-bf0f-b84c65994c34,1,8,full,no
5ab38e34-c1a6-478e-ae9b-b502608205e5,a057e966-83a9-47e6-bf0f-b84c65994c34,2,8,full,no
5ab38e34-c1a6-478e-ae9b-b502608205e5,a057e966-83a9-47e6-bf0f-b84c65994c34,3,8,full,no
5ab38e34-c1a6-478e-ae9b-b502608205e5,a057e966-83a9-47e6-bf0f-b84c65994c34,4,8,full,no
5ab38e34-c1a6-478e-ae9b-b502608205e5,a057e966-83a9-47e6-bf0f-b84c65994c34,5,8,full,no
5ab38e34-c1a6-478e-ae9b-b502608205e5,a057e966-83a9-47e6-bf0f-b84c65994c34,6,8,full,no
5ab38e34-c1a6-478e-ae9b-b502608205e5,a057e966-83a9-47e6-bf0f-b84c65994c34,7,8,full,no
5ab38e34-c1a6-478e-ae9b-b502608205e5,bc325a7a-45c7-43f5-8b0f-0dcaf64a9e57,0,10,10,no
5ab38e34-c1a6-478e-ae9b-b502608205e5,bc325a7a-45c7-43f5-8b0f-0dcaf64a9e57,1,10,10,no
5ab38e34-c1a6-478e-ae9b-b502608205e5,bc325a7a-45c7-43f5-8b0f-0dcaf64a9e57,2,10,10,no
5ab38e34-c1a6-478e-ae9b-b502608205e5,bc325a7a-45c7-43f5-8b0f-0dcaf64a9e57,3,10,10,no
5ab38e34-c1a6-478e-ae9b-b502608205e5,bc325a7a-45c7-43f5-8b0f-0dcaf64a9e57,4,10,10,no
5ab38e34-c1a6-478e-ae9b-b502608205e5,bc325a7a-45c7-43f5-8b0f-0dcaf64a9e57,5,10,10,no
5ab38e34-c1a6-478e-ae9b-b502608205e5,bc325a7a-45c7-43f5-8b0f-0dcaf64a9e57,6,10,10,no
5ab38e34-c1a6-478e-ae9b-b502608205e5,bc325a7a-45c7-43f5-8b0f-0dcaf64a9e57,7,10,10,no
5ab38e34-c1a6-478e-ae9b-b502608205e5,bc325a7a-45c7-43f5-8b0f-0dcaf64a9e57,8,10,10,no
5ab38e34-c1a6-478e-ae9b-b502608205e5,bc325a7a-45c7-43f5-8b0f-0dcaf64a9e57,9,10,10,no
5ab38e34-c1a6-478e-ae9b-b502608205e5,bc325a7a-45c7-43f5-8b0f-0dcaf64a9e57,0,10,50,no
5ab38e34-c1a6-478e-ae9b-b502608205e5,bc325a7a-45c7-43f5-8b0f-0dcaf64a9e57,1,10,50,no
5ab38e34-c1a6-478e-ae9b-b502608205e5,bc325a7a-45c7-43f5-8b0f-0dcaf64a9e57,2,10,50,no
5ab38e34-c1a6-478e-ae9b-b502608205e5,bc325a7a-45c7-43f5-8b0f-0dcaf64a9e57,3,10,50,no
5ab38e34-c1a6-478e-ae9b-b502608205e5,bc325a7a-45c7-43f5-8b0f-0dcaf64a9e57,4,10,50,no
5ab38e34-c1a6-478e-ae9b-b502608205e5,bc325a7a-45c7-43f5-8b0f-0dcaf64a9e57,5,10,50,no
5ab38e34-c1a6-478e-ae9b-b502608205e5,bc325a7a-45c7-43f5-8b0f-0dcaf64a9e57,6,10,50,no
5ab38e34-c1a6-478e-ae9b-b502608205e5,bc325a7a-45c7-43f5-8b0f-0dcaf64a9e57,7,10,50,no
5ab38e34-c1a6-478e-ae9b-b502608205e5,bc325a7a-45c7-43f5-8b0f-0dcaf64a9e57,8,10,50,no
5ab38e34-c1a6-478e-ae9b-b502608205e5,bc325a7a-45c7-43f5-8b0f-0dcaf64a9e57,9,10,50,no
5ab38e34-c1a6-478e-ae9b-b502608205e5,bc325a7a-45c7-43f5-8b0f-0dcaf64a9e57,0,10,100,no
5ab38e34-c1a6-478e-ae9b-b502608205e5,bc325a7a-45c7-43f5-8b0f-0dcaf64a9e57,1,10,100,no
5ab38e34-c1a6-478e-ae9b-b502608205e5,bc325a7a-45c7-43f5-8b0f-0dcaf64a9e57,2,10,100,no
5ab38e34-c1a6-478e-ae9b-b502608205e5,bc325a7a-45c7-43f5-8b0f-0dcaf64a9e57,3,10,100,no
5ab38e34-c1a6-478e-ae9b-b502608205e5,bc325a7a-45c7-43f5-8b0f-0dcaf64a9e57,4,10,100,no
5ab38e34-c1a6-478e-ae9b-b502608205e5,bc325a7a-45c7-43f5-8b0f-0dcaf64a9e57,5,10,100,no
5ab38e34-c1a6-478e-ae9b-b502608205e5,bc325a7a-45c7-43f5-8b0f-0dcaf64a9e57,6,10,100,no
5ab38e34-c1a6-478e-ae9b-b502608205e5,bc325a7a-45c7-43f5-8b0f-0dcaf64a9e57,7,10,100,no
5ab38e34-c1a6-478e-ae9b-b502608205e5,bc325a7a-45c7-43f5-8b0f-0dcaf64a9e57,8,10,100,no
5ab38e34-c1a6-478e-ae9b-b502608205e5,bc325a7a-45c7-43f5-8b0f-0dcaf64a9e57,9,10,100,no
5ab38e34-c1a6-478e-ae9b-b502608205e5,bc325a7a-45c7-43f5-8b0f-0dcaf64a9e57,0,10,full,no
5ab38e34-c1a6-478e-ae9b-b502608205e5,bc325a7a-45c7-43f5-8b0f-0dcaf64a9e57,1,10,full,no
5ab38e34-c1a6-478e-ae9b-b502608205e5,bc325a7a-45c7-43f5-8b0f-0dcaf64a9e57,2,10,full,no
5ab38e34-c1a6-478e-ae9b-b502608205e5,bc325a7a-45c7-43f5-8b0f-0dcaf64a9e57,3,10,full,no
5ab38e34-c1a6-478e-ae9b-b502608205e5,bc325a7a-45c7-43f5-8b0f-0dcaf64a9e57,4,10,full,no
5ab38e34-c1a6-478e-ae9b-b502608205e5,bc325a7a-45c7-43f5-8b0f-0dcaf64a9e57,5,10,full,no
5ab38e34-c1a6-478e-ae9b-b502608205e5,bc325a7a-45c7-43f5-8b0f-0dcaf64a9e57,6,10,full,no
5ab38e34-c1a6-478e-ae9b-b502608205e5,bc325a7a-45c7-43f5-8b0f-0dcaf64a9e57,7,10,full,no
5ab38e34-c1a6-478e-ae9b-b502608205e5,bc325a7a-45c7-43f5-8b0f-0dcaf64a9e57,8,10,full,no
5ab38e34-c1a6-478e-ae9b-b502608205e5,bc325a7a-45c7-43f5-8b0f-0dcaf64a9e57,9,10,full,no
61e021aa-be64-478c-b629-2b765c056351,af91b855-9c07-4341-8426-f844a39ad14c,0,1,10,no
61e021aa-be64-478c-b629-2b765c056351,af91b855-9c07-4341-8426-f844a39ad14c,0,1,50,no
61e021aa-be64-478c-b629-2b765c056351,af91b855-9c07-4341-8426-f844a39ad14c,0,1,100,no
61e021aa-be64-478c-b629-2b765c056351,af91b855-9c07-4341-8426-f844a39ad14c,0,1,full,no
61e021aa-be64-478c-b629-2b765c056351,9401c51e-bd64-45ce-88a0-f9a5ecc224fc,0,8,10,no
61e021aa-be64-478c-b629-2b765c056351,9401c51e-bd64-45ce-88a0-f9a5ecc224fc,1,8,10,no
61e021aa-be64-478c-b629-2b765c056351,9401c51e-bd64-45ce-88a0-f9a5ecc224fc,2,8,10,no
61e021aa-be64-478c-b629-2b765c056351,9401c51e-bd64-45ce-88a0-f9a5ecc224fc,3,8,10,no
61e021aa-be64-478c-b629-2b765c056351,9401c51e-bd64-45ce-88a0-f9a5ecc224fc,4,8,10,no
61e021aa-be64-478c-b629-2b765c056351,9401c51e-bd64-45ce-88a0-f9a5ecc224fc,5,8,10,no
61e021aa-be64-478c-b629-2b765c056351,9401c51e-bd64-45ce-88a0-f9a5ecc224fc,6,8,10,no
61e021aa-be64-478c-b629-2b765c056351,9401c51e-bd64-45ce-88a0-f9a5ecc224fc,7,8,10,no
61e021aa-be64-478c-b629-2b765c056351,9401c51e-bd64-45ce-88a0-f9a5ecc224fc,0,8,50,no
61e021aa-be64-478c-b629-2b765c056351,9401c51e-bd64-45ce-88a0-f9a5ecc224fc,1,8,50,no
61e021aa-be64-478c-b629-2b765c056351,9401c51e-bd64-45ce-88a0-f9a5ecc224fc,2,8,50,no
61e021aa-be64-478c-b629-2b765c056351,9401c51e-bd64-45ce-88a0-f9a5ecc224fc,3,8,50,no
61e021aa-be64-478c-b629-2b765c056351,9401c51e-bd64-45ce-88a0-f9a5ecc224fc,4,8,50,no
61e021aa-be64-478c-b629-2b765c056351,9401c51e-bd64-45ce-88a0-f9a5ecc224fc,5,8,50,no
61e021aa-be64-478c-b629-2b765c056351,9401c51e-bd64-45ce-88a0-f9a5ecc224fc,6,8,50,no
61e021aa-be64-478c-b629-2b765c056351,9401c51e-bd64-45ce-88a0-f9a5ecc224fc,7,8,50,no
61e021aa-be64-478c-b629-2b765c056351,9401c51e-bd64-45ce-88a0-f9a5ecc224fc,0,8,100,no
61e021aa-be64-478c-b629-2b765c056351,9401c51e-bd64-45ce-88a0-f9a5ecc224fc,1,8,100,no
61e021aa-be64-478c-b629-2b765c056351,9401c51e-bd64-45ce-88a0-f9a5ecc224fc,2,8,100,no
61e021aa-be64-478c-b629-2b765c056351,9401c51e-bd64-45ce-88a0-f9a5ecc224fc,3,8,100,no
61e021aa-be64-478c-b629-2b765c056351,9401c51e-bd64-45ce-88a0-f9a5ecc224fc,4,8,100,no
61e021aa-be64-478c-b629-2b765c056351,9401c51e-bd64-45ce-88a0-f9a5ecc224fc,5,8,100,no
61e021aa-be64-478c-b629-2b765c056351,9401c51e-bd64-45ce-88a0-f9a5ecc224fc,6,8,100,no
61e021aa-be64-478c-b629-2b765c056351,9401c51e-bd64-45ce-88a0-f9a5ecc224fc,7,8,100,no
61e021aa-be64-478c-b629-2b765c056351,9401c51e-bd64-45ce-88a0-f9a5ecc224fc,0,8,full,no
61e021aa-be64-478c-b629-2b765c056351,9401c51e-bd64-45ce-88a0-f9a5ecc224fc,1,8,full,no
61e021aa-be64-478c-b629-2b765c056351,9401c51e-bd64-45ce-88a0-f9a5ecc224fc,2,8,full,no
61e021aa-be64-478c-b629-2b765c056351,9401c51e-bd64-45ce-88a0-f9a5ecc224fc,3,8,full,no
61e021aa-be64-478c-b629-2b765c056351,9401c51e-bd64-45ce-88a0-f9a5ecc224fc,4,8,full,no
61e021aa-be64-478c-b629-2b765c056351,9401c51e-bd64-45ce-88a0-f9a5ecc224fc,5,8,full,no
61e021aa-be64-478c-b629-2b765c056351,9401c51e-bd64-45ce-88a0-f9a5ecc224fc,6,8,full,no
61e021aa-be64-478c-b629-2b765c056351,9401c51e-bd64-45ce-88a0-f9a5ecc224fc,7,8,full,no
61e021aa-be64-478c-b629-2b765c056351,af07d920-533f-4b8f-bc72-bde5e1d6c61b,0,10,10,no
61e021aa-be64-478c-b629-2b765c056351,af07d920-533f-4b8f-bc72-bde5e1d6c61b,1,10,10,no
61e021aa-be64-478c-b629-2b765c056351,af07d920-533f-4b8f-bc72-bde5e1d6c61b,2,10,10,no
61e021aa-be64-478c-b629-2b765c056351,af07d920-533f-4b8f-bc72-bde5e1d6c61b,3,10,10,no
61e021aa-be64-478c-b629-2b765c056351,af07d920-533f-4b8f-bc72-bde5e1d6c61b,4,10,10,no
61e021aa-be64-478c-b629-2b765c056351,af07d920-533f-4b8f-bc72-bde5e1d6c61b,5,10,10,no
61e021aa-be64-478c-b629-2b765c056351,af07d920-533f-4b8f-bc72-bde5e1d6c61b,6,10,10,no
61e021aa-be64-478c-b629-2b765c056351,af07d920-533f-4b8f-bc72-bde5e1d6c61b,7,10,10,no
61e021aa-be64-478c-b629-2b765c056351,af07d920-533f-4b8f-bc72-bde5e1d6c61b,8,10,10,no
61e021aa-be64-478c-b629-2b765c056351,af07d920-533f-4b8f-bc72-bde5e1d6c61b,9,10,10,no
61e021aa-be64-478c-b629-2b765c056351,af07d920-533f-4b8f-bc72-bde5e1d6c61b,0,10,50,no
61e021aa-be64-478c-b629-2b765c056351,af07d920-533f-4b8f-bc72-bde5e1d6c61b,1,10,50,no
61e021aa-be64-478c-b629-2b765c056351,af07d920-533f-4b8f-bc72-bde5e1d6c61b,2,10,50,no
61e021aa-be64-478c-b629-2b765c056351,af07d920-533f-4b8f-bc72-bde5e1d6c61b,3,10,50,no
61e021aa-be64-478c-b629-2b765c056351,af07d920-533f-4b8f-bc72-bde5e1d6c61b,4,10,50,no
61e021aa-be64-478c-b629-2b765c056351,af07d920-533f-4b8f-bc72-bde5e1d6c61b,5,10,50,no
61e021aa-be64-478c-b629-2b765c056351,af07d920-533f-4b8f-bc72-bde5e1d6c61b,6,10,50,no
61e021aa-be64-478c-b629-2b765c056351,af07d920-533f-4b8f-bc72-bde5e1d6c61b,7,10,50,no
61e021aa-be64-478c-b629-2b765c056351,af07d920-533f-4b8f-bc72-bde5e1d6c61b,8,10,50,no
61e021aa-be64-478c-b629-2b765c056351,af07d920-533f-4b8f-bc72-bde5e1d6c61b,9,10,50,no
61e021aa-be64-478c-b629-2b765c056351,af07d920-533f-4b8f-bc72-bde5e1d6c61b,0,10,100,no
61e021aa-be64-478c-b629-2b765c056351,af07d920-533f-4b8f-bc72-bde5e1d6c61b,1,10,100,no
61e021aa-be64-478c-b629-2b765c056351,af07d920-533f-4b8f-bc72-bde5e1d6c61b,2,10,100,no
61e021aa-be64-478c-b629-2b765c056351,af07d920-533f-4b8f-bc72-bde5e1d6c61b,3,10,100,no
61e021aa-be64-478c-b629-2b765c056351,af07d920-533f-4b8f-bc72-bde5e1d6c61b,4,10,100,no
61e021aa-be64-478c-b629-2b765c056351,af07d920-533f-4b8f-bc72-bde5e1d6c61b,5,10,100,no
61e021aa-be64-478c-b629-2b765c056351,af07d920-533f-4b8f-bc72-bde5e1d6c61b,6,10,100,no
61e021aa-be64-478c-b629-2b765c056351,af07d920-533f-4b8f-bc72-bde5e1d6c61b,7,10,100,no
61e021aa-be64-478c-b629-2b765c056351,af07d920-533f-4b8f-bc72-bde5e1d6c61b,8,10,100,no
61e021aa-be64-478c-b629-2b765c056351,af07d920-533f-4b8f-bc72-bde5e1d6c61b,9,10,100,no
61e021aa-be64-478c-b629-2b765c056351,af07d920-533f-4b8f-bc72-bde5e1d6c61b,0,10,full,no
61e021aa-be64-478c-b629-2b765c056351,af07d920-533f-4b8f-bc72-bde5e1d6c61b,1,10,full,no
61e021aa-be64-478c-b629-2b765c056351,af07d920-533f-4b8f-bc72-bde5e1d6c61b,2,10,full,no
61e021aa-be64-478c-b629-2b765c056351,af07d920-533f-4b8f-bc72-bde5e1d6c61b,3,10,full,no
61e021aa-be64-478c-b629-2b765c056351,af07d920-533f-4b8f-bc72-bde5e1d6c61b,4,10,full,no
61e021aa-be64-478c-b629-2b765c056351,af07d920-533f-4b8f-bc72-bde5e1d6c61b,5,10,full,no
61e021aa-be64-478c-b629-2b765c056351,af07d920-533f-4b8f-bc72-bde5e1d6c61b,6,10,full,no
61e021aa-be64-478c-b629-2b765c056351,af07d920-533f-4b8f-bc72-bde5e1d6c61b,7,10,full,no
61e021aa-be64-478c-b629-2b765c056351,af07d920-533f-4b8f-bc72-bde5e1d6c61b,8,10,full,no
61e021aa-be64-478c-b629-2b765c056351,af07d920-533f-4b8f-bc72-bde5e1d6c61b,9,10,full,no
02d466c5-ba4f-4bed-8651-7efbbed94d54,f2257478-2a8e-436b-b3cf-97038db9a212,0,1,10,no
02d466c5-ba4f-4bed-8651-7efbbed94d54,f2257478-2a8e-436b-b3cf-97038db9a212,0,1,50,no
02d466c5-ba4f-4bed-8651-7efbbed94d54,f2257478-2a8e-436b-b3cf-97038db9a212,0,1,100,yes
02d466c5-ba4f-4bed-8651-7efbbed94d54,f2257478-2a8e-436b-b3cf-97038db9a212,0,1,full,yes
02d466c5-ba4f-4bed-8651-7efbbed94d54,98f952e1-5d2b-493c-88e7-4b555578b430,0,8,10,no
02d466c5-ba4f-4bed-8651-7efbbed94d54,98f952e1-5d2b-493c-88e7-4b555578b430,1,8,10,no
02d466c5-ba4f-4bed-8651-7efbbed94d54,98f952e1-5d2b-493c-88e7-4b555578b430,2,8,10,no
02d466c5-ba4f-4bed-8651-7efbbed94d54,98f952e1-5d2b-493c-88e7-4b555578b430,3,8,10,no
02d466c5-ba4f-4bed-8651-7efbbed94d54,98f952e1-5d2b-493c-88e7-4b555578b430,4,8,10,no
02d466c5-ba4f-4bed-8651-7efbbed94d54,98f952e1-5d2b-493c-88e7-4b555578b430,5,8,10,no
02d466c5-ba4f-4bed-8651-7efbbed94d54,98f952e1-5d2b-493c-88e7-4b555578b430,6,8,10,no
02d466c5-ba4f-4bed-8651-7efbbed94d54,98f952e1-5d2b-493c-88e7-4b555578b430,7,8,10,no
02d466c5-ba4f-4bed-8651-7efbbed94d54,98f952e1-5d2b-493c-88e7-4b555578b430,0,8,50,yes
02d466c5-ba4f-4bed-8651-7efbbed94d54,98f952e1-5d2b-493c-88e7-4b555578b430,1,8,50,yes
02d466c5-ba4f-4bed-8651-7efbbed94d54,98f952e1-5d2b-493c-88e7-4b555578b430,2,8,50,yes
02d466c5-ba4f-4bed-8651-7efbbed94d54,98f952e1-5d2b-493c-88e7-4b555578b430,3,8,50,no
02d466c5-ba4f-4bed-8651-7efbbed94d54,98f952e1-5d2b-493c-88e7-4b555578b430,4,8,50,no
02d466c5-ba4f-4bed-8651-7efbbed94d54,98f952e1-5d2b-493c-88e7-4b555578b430,5,8,50,no
02d466c5-ba4f-4bed-8651-7efbbed94d54,98f952e1-5d2b-493c-88e7-4b555578b430,6,8,50,no
02d466c5-ba4f-4bed-8651-7efbbed94d54,98f952e1-5d2b-493c-88e7-4b555578b430,7,8,50,no
02d466c5-ba4f-4bed-8651-7efbbed94d54,98f952e1-5d2b-493c-88e7-4b555578b430,0,8,100,yes
02d466c5-ba4f-4bed-8651-7efbbed94d54,98f952e1-5d2b-493c-88e7-4b555578b430,1,8,100,yes
02d466c5-ba4f-4bed-8651-7efbbed94d54,98f952e1-5d2b-493c-88e7-4b555578b430,2,8,100,no
02d466c5-ba4f-4bed-8651-7efbbed94d54,98f952e1-5d2b-493c-88e7-4b555578b430,3,8,100,no
02d466c5-ba4f-4bed-8651-7efbbed94d54,98f952e1-5d2b-493c-88e7-4b555578b430,4,8,100,no
02d466c5-ba4f-4bed-8651-7efbbed94d54,98f952e1-5d2b-493c-88e7-4b555578b430,5,8,100,no
02d466c5-ba4f-4bed-8651-7efbbed94d54,98f952e1-5d2b-493c-88e7-4b555578b430,6,8,100,no
02d466c5-ba4f-4bed-8651-7efbbed94d54,98f952e1-5d2b-493c-88e7-4b555578b430,7,8,100,no
02d466c5-ba4f-4bed-8651-7efbbed94d54,98f952e1-5d2b-493c-88e7-4b555578b430,0,8,full,yes
02d466c5-ba4f-4bed-8651-7efbbed94d54,98f952e1-5d2b-493c-88e7-4b555578b430,1,8,full,yes
02d466c5-ba4f-4bed-8651-7efbbed94d54,98f952e1-5d2b-493c-88e7-4b555578b430,2,8,full,no
02d466c5-ba4f-4bed-8651-7efbbed94d54,98f952e1-5d2b-493c-88e7-4b555578b430,3,8,full,no
02d466c5-ba4f-4bed-8651-7efbbed94d54,98f952e1-5d2b-493c-88e7-4b555578b430,4,8,full,no
02d466c5-ba4f-4bed-8651-7efbbed94d54,98f952e1-5d2b-493c-88e7-4b555578b430,5,8,full,no
02d466c5-ba4f-4bed-8651-7efbbed94d54,98f952e1-5d2b-493c-88e7-4b555578b430,6,8,full,no
02d466c5-ba4f-4bed-8651-7efbbed94d54,98f952e1-5d2b-493c-88e7-4b555578b430,7,8,full,no
02d466c5-ba4f-4bed-8651-7efbbed94d54,8ef4a069-c736-447d-bf20-d4f1dcb380fd,0,10,10,no
02d466c5-ba4f-4bed-8651-7efbbed94d54,8ef4a069-c736-447d-bf20-d4f1dcb380fd,1,10,10,no
02d466c5-ba4f-4bed-8651-7efbbed94d54,8ef4a069-c736-447d-bf20-d4f1dcb380fd,2,10,10,no
02d466c5-ba4f-4bed-8651-7efbbed94d54,8ef4a069-c736-447d-bf20-d4f1dcb380fd,3,10,10,no
02d466c5-ba4f-4bed-8651-7efbbed94d54,8ef4a069-c736-447d-bf20-d4f1dcb380fd,4,10,10,no
02d466c5-ba4f-4bed-8651-7efbbed94d54,8ef4a069-c736-447d-bf20-d4f1dcb380fd,5,10,10,no
02d466c5-ba4f-4bed-8651-7efbbed94d54,8ef4a069-c736-447d-bf20-d4f1dcb380fd,6,10,10,yes
02d466c5-ba4f-4bed-8651-7efbbed94d54,8ef4a069-c736-447d-bf20-d4f1dcb380fd,7,10,10,no
02d466c5-ba4f-4bed-8651-7efbbed94d54,8ef4a069-c736-447d-bf20-d4f1dcb380fd,8,10,10,no
02d466c5-ba4f-4bed-8651-7efbbed94d54,8ef4a069-c736-447d-bf20-d4f1dcb380fd,9,10,10,yes
02d466c5-ba4f-4bed-8651-7efbbed94d54,8ef4a069-c736-447d-bf20-d4f1dcb380fd,0,10,50,yes
02d466c5-ba4f-4bed-8651-7efbbed94d54,8ef4a069-c736-447d-bf20-d4f1dcb380fd,1,10,50,yes
02d466c5-ba4f-4bed-8651-7efbbed94d54,8ef4a069-c736-447d-bf20-d4f1dcb380fd,2,10,50,no
02d466c5-ba4f-4bed-8651-7efbbed94d54,8ef4a069-c736-447d-bf20-d4f1dcb380fd,3,10,50,yes
02d466c5-ba4f-4bed-8651-7efbbed94d54,8ef4a069-c736-447d-bf20-d4f1dcb380fd,4,10,50,yes
02d466c5-ba4f-4bed-8651-7efbbed94d54,8ef4a069-c736-447d-bf20-d4f1dcb380fd,5,10,50,no
02d466c5-ba4f-4bed-8651-7efbbed94d54,8ef4a069-c736-447d-bf20-d4f1dcb380fd,6,10,50,no
02d466c5-ba4f-4bed-8651-7efbbed94d54,8ef4a069-c736-447d-bf20-d4f1dcb380fd,7,10,50,no
02d466c5-ba4f-4bed-8651-7efbbed94d54,8ef4a069-c736-447d-bf20-d4f1dcb380fd,8,10,50,no
02d466c5-ba4f-4bed-8651-7efbbed94d54,8ef4a069-c736-447d-bf20-d4f1dcb380fd,9,10,50,no
02d466c5-ba4f-4bed-8651-7efbbed94d54,8ef4a069-c736-447d-bf20-d4f1dcb380fd,0,10,100,yes
02d466c5-ba4f-4bed-8651-7efbbed94d54,8ef4a069-c736-447d-bf20-d4f1dcb380fd,1,10,100,yes
02d466c5-ba4f-4bed-8651-7efbbed94d54,8ef4a069-c736-447d-bf20-d4f1dcb380fd,2,10,100,no
02d466c5-ba4f-4bed-8651-7efbbed94d54,8ef4a069-c736-447d-bf20-d4f1dcb380fd,3,10,100,no
02d466c5-ba4f-4bed-8651-7efbbed94d54,8ef4a069-c736-447d-bf20-d4f1dcb380fd,4,10,100,no
02d466c5-ba4f-4bed-8651-7efbbed94d54,8ef4a069-c736-447d-bf20-d4f1dcb380fd,5,10,100,no
02d466c5-ba4f-4bed-8651-7efbbed94d54,8ef4a069-c736-447d-bf20-d4f1dcb380fd,6,10,100,no
02d466c5-ba4f-4bed-8651-7efbbed94d54,8ef4a069-c736-447d-bf20-d4f1dcb380fd,7,10,100,no
02d466c5-ba4f-4bed-8651-7efbbed94d54,8ef4a069-c736-447d-bf20-d4f1dcb380fd,8,10,100,no
02d466c5-ba4f-4bed-8651-7efbbed94d54,8ef4a069-c736-447d-bf20-d4f1dcb380fd,9,10,100,no
02d466c5-ba4f-4bed-8651-7efbbed94d54,8ef4a069-c736-447d-bf20-d4f1dcb380fd,0,10,full,yes
02d466c5-ba4f-4bed-8651-7efbbed94d54,8ef4a069-c736-447d-bf20-d4f1dcb380fd,1,10,full,yes
02d466c5-ba4f-4bed-8651-7efbbed94d54,8ef4a069-c736-447d-bf20-d4f1dcb380fd,2,10,full,no
02d466c5-ba4f-4bed-8651-7efbbed94d54,8ef4a069-c736-447d-bf20-d4f1dcb380fd,3,10,full,no
02d466c5-ba4f-4bed-8651-7efbbed94d54,8ef4a069-c736-447d-bf20-d4f1dcb380fd,4,10,full,no
02d466c5-ba4f-4bed-8651-7efbbed94d54,8ef4a069-c736-447d-bf20-d4f1dcb380fd,5,10,full,no
02d466c5-ba4f-4bed-8651-7efbbed94d54,8ef4a069-c736-447d-bf20-d4f1dcb380fd,6,10,full,no
02d466c5-ba4f-4bed-8651-7efbbed94d54,8ef4a069-c736-447d-bf20-d4f1dcb380fd,7,10,full,no
02d466c5-ba4f-4bed-8651-7efbbed94d54,8ef4a069-c736-447d-bf20-d4f1dcb380fd,8,10,full,no
02d466c5-ba4f-4bed-8651-7efbbed94d54,8ef4a069-c736-447d-bf20-d4f1dcb380fd,9,10,full,no
8a3107e8-772e-41ac-8d90-550684e1c371,2f4843a9-099f-44b2-a8e9-8e62b17770a9,0,1,10,no
8a3107e8-772e-41ac-8d90-550684e1c371,2f4843a9-099f-44b2-a8e9-8e62b17770a9,0,1,50,yes
8a3107e8-772e-41ac-8d90-550684e1c371,2f4843a9-099f-44b2-a8e9-8e62b17770a9,0,1,100,yes
8a3107e8-772e-41ac-8d90-550684e1c371,2f4843a9-099f-44b2-a8e9-8e62b17770a9,0,1,full,yes
8a3107e8-772e-41ac-8d90-550684e1c371,76878b9a-35a4-44dd-9197-e13383ccbcad,0,8,10,no
8a3107e8-772e-41ac-8d90-550684e1c371,76878b9a-35a4-44dd-9197-e13383ccbcad,1,8,10,no
8a3107e8-772e-41ac-8d90-550684e1c371,76878b9a-35a4-44dd-9197-e13383ccbcad,2,8,10,no
8a3107e8-772e-41ac-8d90-550684e1c371,76878b9a-35a4-44dd-9197-e13383ccbcad,3,8,10,no
8a3107e8-772e-41ac-8d90-550684e1c371,76878b9a-35a4-44dd-9197-e13383ccbcad,4,8,10,no
8a3107e8-772e-41ac-8d90-550684e1c371,76878b9a-35a4-44dd-9197-e13383ccbcad,5,8,10,no
8a3107e8-772e-41ac-8d90-550684e1c371,76878b9a-35a4-44dd-9197-e13383ccbcad,6,8,10,no
8a3107e8-772e-41ac-8d90-550684e1c371,76878b9a-35a4-44dd-9197-e13383ccbcad,7,8,10,no
8a3107e8-772e-41ac-8d90-550684e1c371,76878b9a-35a4-44dd-9197-e13383ccbcad,0,8,50,no
8a3107e8-772e-41ac-8d90-550684e1c371,76878b9a-35a4-44dd-9197-e13383ccbcad,1,8,50,no
8a3107e8-772e-41ac-8d90-550684e1c371,76878b9a-35a4-44dd-9197-e13383ccbcad,2,8,50,no
8a3107e8-772e-41ac-8d90-550684e1c371,76878b9a-35a4-44dd-9197-e13383ccbcad,3,8,50,no
8a3107e8-772e-41ac-8d90-550684e1c371,76878b9a-35a4-44dd-9197-e13383ccbcad,4,8,50,no
8a3107e8-772e-41ac-8d90-550684e1c371,76878b9a-35a4-44dd-9197-e13383ccbcad,5,8,50,no
8a3107e8-772e-41ac-8d90-550684e1c371,76878b9a-35a4-44dd-9197-e13383ccbcad,6,8,50,no
8a3107e8-772e-41ac-8d90-550684e1c371,76878b9a-35a4-44dd-9197-e13383ccbcad,7,8,50,no
8a3107e8-772e-41ac-8d90-550684e1c371,76878b9a-35a4-44dd-9197-e13383ccbcad,0,8,100,no
8a3107e8-772e-41ac-8d90-550684e1c371,76878b9a-35a4-44dd-9197-e13383ccbcad,1,8,100,no
8a3107e8-772e-41ac-8d90-550684e1c371,76878b9a-35a4-44dd-9197-e13383ccbcad,2,8,100,no
8a3107e8-772e-41ac-8d90-550684e1c371,76878b9a-35a4-44dd-9197-e13383ccbcad,3,8,100,no
8a3107e8-772e-41ac-8d90-550684e1c371,76878b9a-35a4-44dd-9197-e13383ccbcad,4,8,100,no
8a3107e8-772e-41ac-8d90-550684e1c371,76878b9a-35a4-44dd-9197-e13383ccbcad,5,8,100,no
8a3107e8-772e-41ac-8d90-550684e1c371,76878b9a-35a4-44dd-9197-e13383ccbcad,6,8,100,no
8a3107e8-772e-41ac-8d90-550684e1c371,76878b9a-35a4-44dd-9197-e13383ccbcad,7,8,100,no
8a3107e8-772e-41ac-8d90-550684e1c371,76878b9a-35a4-44dd-9197-e13383ccbcad,0,8,full,no
8a3107e8-772e-41ac-8d90-550684e1c371,76878b9a-35a4-44dd-9197-e13383ccbcad,1,8,full,no
8a3107e8-772e-41ac-8d90-550684e1c371,76878b9a-35a4-44dd-9197-e13383ccbcad,2,8,full,no
8a3107e8-772e-41ac-8d90-550684e1c371,76878b9a-35a4-44dd-9197-e13383ccbcad,3,8,full,no
8a3107e8-772e-41ac-8d90-550684e1c371,76878b9a-35a4-44dd-9197-e13383ccbcad,4,8,full,no
8a3107e8-772e-41ac-8d90-550684e1c371,76878b9a-35a4-44dd-9197-e13383ccbcad,5,8,full,no
8a3107e8-772e-41ac-8d90-550684e1c371,76878b9a-35a4-44dd-9197-e13383ccbcad,6,8,full,no
8a3107e8-772e-41ac-8d90-550684e1c371,76878b9a-35a4-44dd-9197-e13383ccbcad,7,8,full,no
8a3107e8-772e-41ac-8d90-550684e1c371,4c35d901-992b-4e79-82c9-821ff63c79fc,0,10,10,no
8a3107e8-772e-41ac-8d90-550684e1c371,4c35d901-992b-4e79-82c9-821ff63c79fc,1,10,10,no
8a3107e8-772e-41ac-8d90-550684e1c371,4c35d901-992b-4e79-82c9-821ff63c79fc,2,10,10,no
8a3107e8-772e-41ac-8d90-550684e1c371,4c35d901-992b-4e79-82c9-821ff63c79fc,3,10,10,no
8a3107e8-772e-41ac-8d90-550684e1c371,4c35d901-992b-4e79-82c9-821ff63c79fc,4,10,10,no
8a3107e8-772e-41ac-8d90-550684e1c371,4c35d901-992b-4e79-82c9-821ff63c79fc,5,10,10,no
8a3107e8-772e-41ac-8d90-550684e1c371,4c35d901-992b-4e79-82c9-821ff63c79fc,6,10,10,yes
8a3107e8-772e-41ac-8d90-550684e1c371,4c35d901-992b-4e79-82c9-821ff63c79fc,7,10,10,yes
8a3107e8-772e-41ac-8d90-550684e1c371,4c35d901-992b-4e79-82c9-821ff63c79fc,8,10,10,yes
8a3107e8-772e-41ac-8d90-550684e1c371,4c35d901-992b-4e79-82c9-821ff63c79fc,9,10,10,yes
8a3107e8-772e-41ac-8d90-550684e1c371,4c35d901-992b-4e79-82c9-821ff63c79fc,0,10,50,yes
8a3107e8-772e-41ac-8d90-550684e1c371,4c35d901-992b-4e79-82c9-821ff63c79fc,1,10,50,yes
8a3107e8-772e-41ac-8d90-550684e1c371,4c35d901-992b-4e79-82c9-821ff63c79fc,2,10,50,yes
8a3107e8-772e-41ac-8d90-550684e1c371,4c35d901-992b-4e79-82c9-821ff63c79fc,3,10,50,yes
8a3107e8-772e-41ac-8d90-550684e1c371,4c35d901-992b-4e79-82c9-821ff63c79fc,4,10,50,yes
8a3107e8-772e-41ac-8d90-550684e1c371,4c35d901-992b-4e79-82c9-821ff63c79fc,5,10,50,yes
8a3107e8-772e-41ac-8d90-550684e1c371,4c35d901-992b-4e79-82c9-821ff63c79fc,6,10,50,yes
8a3107e8-772e-41ac-8d90-550684e1c371,4c35d901-992b-4e79-82c9-821ff63c79fc,7,10,50,yes
8a3107e8-772e-41ac-8d90-550684e1c371,4c35d901-992b-4e79-82c9-821ff63c79fc,8,10,50,no
8a3107e8-772e-41ac-8d90-550684e1c371,4c35d901-992b-4e79-82c9-821ff63c79fc,9,10,50,yes
8a3107e8-772e-41ac-8d90-550684e1c371,4c35d901-992b-4e79-82c9-821ff63c79fc,0,10,100,no
8a3107e8-772e-41ac-8d90-550684e1c371,4c35d901-992b-4e79-82c9-821ff63c79fc,1,10,100,yes
8a3107e8-772e-41ac-8d90-550684e1c371,4c35d901-992b-4e79-82c9-821ff63c79fc,2,10,100,no
8a3107e8-772e-41ac-8d90-550684e1c371,4c35d901-992b-4e79-82c9-821ff63c79fc,3,10,100,no
8a3107e8-772e-41ac-8d90-550684e1c371,4c35d901-992b-4e79-82c9-821ff63c79fc,4,10,100,no
8a3107e8-772e-41ac-8d90-550684e1c371,4c35d901-992b-4e79-82c9-821ff63c79fc,5,10,100,no
8a3107e8-772e-41ac-8d90-550684e1c371,4c35d901-992b-4e79-82c9-821ff63c79fc,6,10,100,no
8a3107e8-772e-41ac-8d90-550684e1c371,4c35d901-992b-4e79-82c9-821ff63c79fc,7,10,100,no
8a3107e8-772e-41ac-8d90-550684e1c371,4c35d901-992b-4e79-82c9-821ff63c79fc,8,10,100,no
8a3107e8-772e-41ac-8d90-550684e1c371,4c35d901-992b-4e79-82c9-821ff63c79fc,9,10,100,no
8a3107e8-772e-41ac-8d90-550684e1c371,4c35d901-992b-4e79-82c9-821ff63c79fc,0,10,full,no
8a3107e8-772e-41ac-8d90-550684e1c371,4c35d901-992b-4e79-82c9-821ff63c79fc,1,10,full,yes
8a3107e8-772e-41ac-8d90-550684e1c371,4c35d901-992b-4e79-82c9-821ff63c79fc,2,10,full,no
8a3107e8-772e-41ac-8d90-550684e1c371,4c35d901-992b-4e79-82c9-821ff63c79fc,3,10,full,no
8a3107e8-772e-41ac-8d90-550684e1c371,4c35d901-992b-4e79-82c9-821ff63c79fc,4,10,full,no
8a3107e8-772e-41ac-8d90-550684e1c371,4c35d901-992b-4e79-82c9-821ff63c79fc,5,10,full,no
8a3107e8-772e-41ac-8d90-550684e1c371,4c35d901-992b-4e79-82c9-821ff63c79fc,6,10,full,no
8a3107e8-772e-41ac-8d90-550684e1c371,4c35d901-992b-4e79-82c9-821ff63c79fc,7,10,full,no
8a3107e8-772e-41ac-8d90-550684e1c371,4c35d901-992b-4e79-82c9-821ff63c79fc,8,10,full,no
8a3107e8-772e-41ac-8d90-550684e1c371,4c35d901-992b-4e79-82c9-821ff63c79fc,9,10,full,no
0ed9699b-b898-458d-9e49-907e4c907d65,2f9a98c9-b209-45b7-a10e-dd29248c9782,0,1,10,no
0ed9699b-b898-458d-9e49-907e4c907d65,2f9a98c9-b209-45b7-a10e-dd29248c9782,0,1,50,no
0ed9699b-b898-458d-9e49-907e4c907d65,2f9a98c9-b209-45b7-a10e-dd29248c9782,0,1,100,no
0ed9699b-b898-458d-9e49-907e4c907d65,2f9a98c9-b209-45b7-a10e-dd29248c9782,0,1,full,no
0ed9699b-b898-458d-9e49-907e4c907d65,a560ddef-9b91-40f8-99c9-00c44216b8b9,0,8,10,no
0ed9699b-b898-458d-9e49-907e4c907d65,a560ddef-9b91-40f8-99c9-00c44216b8b9,1,8,10,no
0ed9699b-b898-458d-9e49-907e4c907d65,a560ddef-9b91-40f8-99c9-00c44216b8b9,2,8,10,no
0ed9699b-b898-458d-9e49-907e4c907d65,a560ddef-9b91-40f8-99c9-00c44216b8b9,3,8,10,no
0ed9699b-b898-458d-9e49-907e4c907d65,a560ddef-9b91-40f8-99c9-00c44216b8b9,4,8,10,no
0ed9699b-b898-458d-9e49-907e4c907d65,a560ddef-9b91-40f8-99c9-00c44216b8b9,5,8,10,no
0ed9699b-b898-458d-9e49-907e4c907d65,a560ddef-9b91-40f8-99c9-00c44216b8b9,6,8,10,no
0ed9699b-b898-458d-9e49-907e4c907d65,a560ddef-9b91-40f8-99c9-00c44216b8b9,7,8,10,no
0ed9699b-b898-458d-9e49-907e4c907d65,a560ddef-9b91-40f8-99c9-00c44216b8b9,0,8,50,no
0ed9699b-b898-458d-9e49-907e4c907d65,a560ddef-9b91-40f8-99c9-00c44216b8b9,1,8,50,no
0ed9699b-b898-458d-9e49-907e4c907d65,a560ddef-9b91-40f8-99c9-00c44216b8b9,2,8,50,no
0ed9699b-b898-458d-9e49-907e4c907d65,a560ddef-9b91-40f8-99c9-00c44216b8b9,3,8,50,yes
0ed9699b-b898-458d-9e49-907e4c907d65,a560ddef-9b91-40f8-99c9-00c44216b8b9,4,8,50,yes
0ed9699b-b898-458d-9e49-907e4c907d65,a560ddef-9b91-40f8-99c9-00c44216b8b9,5,8,50,no
0ed9699b-b898-458d-9e49-907e4c907d65,a560ddef-9b91-40f8-99c9-00c44216b8b9,6,8,50,no
0ed9699b-b898-458d-9e49-907e4c907d65,a560ddef-9b91-40f8-99c9-00c44216b8b9,7,8,50,yes
0ed9699b-b898-458d-9e49-907e4c907d65,a560ddef-9b91-40f8-99c9-00c44216b8b9,0,8,100,no
0ed9699b-b898-458d-9e49-907e4c907d65,a560ddef-9b91-40f8-99c9-00c44216b8b9,1,8,100,no
0ed9699b-b898-458d-9e49-907e4c907d65,a560ddef-9b91-40f8-99c9-00c44216b8b9,2,8,100,yes
0ed9699b-b898-458d-9e49-907e4c907d65,a560ddef-9b91-40f8-99c9-00c44216b8b9,3,8,100,yes
0ed9699b-b898-458d-9e49-907e4c907d65,a560ddef-9b91-40f8-99c9-00c44216b8b9,4,8,100,yes
0ed9699b-b898-458d-9e49-907e4c907d65,a560ddef-9b91-40f8-99c9-00c44216b8b9,5,8,100,yes
0ed9699b-b898-458d-9e49-907e4c907d65,a560ddef-9b91-40f8-99c9-00c44216b8b9,6,8,100,no
0ed9699b-b898-458d-9e49-907e4c907d65,a560ddef-9b91-40f8-99c9-00c44216b8b9,7,8,100,no
0ed9699b-b898-458d-9e49-907e4c907d65,a560ddef-9b91-40f8-99c9-00c44216b8b9,0,8,full,no
0ed9699b-b898-458d-9e49-907e4c907d65,a560ddef-9b91-40f8-99c9-00c44216b8b9,1,8,full,no
0ed9699b-b898-458d-9e49-907e4c907d65,a560ddef-9b91-40f8-99c9-00c44216b8b9,2,8,full,yes
0ed9699b-b898-458d-9e49-907e4c907d65,a560ddef-9b91-40f8-99c9-00c44216b8b9,3,8,full,yes
0ed9699b-b898-458d-9e49-907e4c907d65,a560ddef-9b91-40f8-99c9-00c44216b8b9,4,8,full,yes
0ed9699b-b898-458d-9e49-907e4c907d65,a560ddef-9b91-40f8-99c9-00c44216b8b9,5,8,full,yes
0ed9699b-b898-458d-9e49-907e4c907d65,a560ddef-9b91-40f8-99c9-00c44216b8b9,6,8,full,no
0ed9699b-b898-458d-9e49-907e4c907d65,a560ddef-9b91-40f8-99c9-00c44216b8b9,7,8,full,no
0ed9699b-b898-458d-9e49-907e4c907d65,a31d9578-11bc-40bb-a86d-aafcb8087458,0,10,10,no
0ed9699b-b898-458d-9e49-907e4c907d65,a31d9578-11bc-40bb-a86d-aafcb8087458,1,10,10,no
0ed9699b-b898-458d-9e49-907e4c907d65,a31d9578-11bc-40bb-a86d-aafcb8087458,2,10,10,no
0ed9699b-b898-458d-9e49-907e4c907d65,a31d9578-11bc-40bb-a86d-aafcb8087458,3,10,10,no
0ed9699b-b898-458d-9e49-907e4c907d65,a31d9578-11bc-40bb-a86d-aafcb8087458,4,10,10,no
0ed9699b-b898-458d-9e49-907e4c907d65,a31d9578-11bc-40bb-a86d-aafcb8087458,5,10,10,no
0ed9699b-b898-458d-9e49-907e4c907d65,a31d9578-11bc-40bb-a86d-aafcb8087458,6,10,10,no
0ed9699b-b898-458d-9e49-907e4c907d65,a31d9578-11bc-40bb-a86d-aafcb8087458,7,10,10,no
0ed9699b-b898-458d-9e49-907e4c907d65,a31d9578-11bc-40bb-a86d-aafcb8087458,8,10,10,no
0ed9699b-b898-458d-9e49-907e4c907d65,a31d9578-11bc-40bb-a86d-aafcb8087458,9,10,10,yes
0ed9699b-b898-458d-9e49-907e4c907d65,a31d9578-11bc-40bb-a86d-aafcb8087458,0,10,50,yes
0ed9699b-b898-458d-9e49-907e4c907d65,a31d9578-11bc-40bb-a86d-aafcb8087458,1,10,50,yes
0ed9699b-b898-458d-9e49-907e4c907d65,a31d9578-11bc-40bb-a86d-aafcb8087458,2,10,50,yes
0ed9699b-b898-458d-9e49-907e4c907d65,a31d9578-11bc-40bb-a86d-aafcb8087458,3,10,50,yes
0ed9699b-b898-458d-9e49-907e4c907d65,a31d9578-11bc-40bb-a86d-aafcb8087458,4,10,50,yes
0ed9699b-b898-458d-9e49-907e4c907d65,a31d9578-11bc-40bb-a86d-aafcb8087458,5,10,50,yes
0ed9699b-b898-458d-9e49-907e4c907d65,a31d9578-11bc-40bb-a86d-aafcb8087458,6,10,50,yes
0ed9699b-b898-458d-9e49-907e4c907d65,a31d9578-11bc-40bb-a86d-aafcb8087458,7,10,50,yes
0ed9699b-b898-458d-9e49-907e4c907d65,a31d9578-11bc-40bb-a86d-aafcb8087458,8,10,50,yes
0ed9699b-b898-458d-9e49-907e4c907d65,a31d9578-11bc-40bb-a86d-aafcb8087458,9,10,50,no
0ed9699b-b898-458d-9e49-907e4c907d65,a31d9578-11bc-40bb-a86d-aafcb8087458,0,10,100,yes
0ed9699b-b898-458d-9e49-907e4c907d65,a31d9578-11bc-40bb-a86d-aafcb8087458,1,10,100,yes
0ed9699b-b898-458d-9e49-907e4c907d65,a31d9578-11bc-40bb-a86d-aafcb8087458,2,10,100,yes
0ed9699b-b898-458d-9e49-907e4c907d65,a31d9578-11bc-40bb-a86d-aafcb8087458,3,10,100,yes
0ed9699b-b898-458d-9e49-907e4c907d65,a31d9578-11bc-40bb-a86d-aafcb8087458,4,10,100,yes
0ed9699b-b898-458d-9e49-907e4c907d65,a31d9578-11bc-40bb-a86d-aafcb8087458,5,10,100,yes
0ed9699b-b898-458d-9e49-907e4c907d65,a31d9578-11bc-40bb-a86d-aafcb8087458,6,10,100,no
0ed9699b-b898-458d-9e49-907e4c907d65,a31d9578-11bc-40bb-a86d-aafcb8087458,7,10,100,no
0ed9699b-b898-458d-9e49-907e4c907d65,a31d9578-11bc-40bb-a86d-aafcb8087458,8,10,100,no
0ed9699b-b898-458d-9e49-907e4c907d65,a31d9578-11bc-40bb-a86d-aafcb8087458,9,10,100,no
0ed9699b-b898-458d-9e49-907e4c907d65,a31d9578-11bc-40bb-a86d-aafcb8087458,0,10,full,yes
0ed9699b-b898-458d-9e49-907e4c907d65,a31d9578-11bc-40bb-a86d-aafcb8087458,1,10,full,yes
0ed9699b-b898-458d-9e49-907e4c907d65,a31d9578-11bc-40bb-a86d-aafcb8087458,2,10,full,yes
0ed9699b-b898-458d-9e49-907e4c907d65,a31d9578-11bc-40bb-a86d-aafcb8087458,3,10,full,yes
0ed9699b-b898-458d-9e49-907e4c907d65,a31d9578-11bc-40bb-a86d-aafcb8087458,4,10,full,yes
0ed9699b-b898-458d-9e49-907e4c907d65,a31d9578-11bc-40bb-a86d-aafcb8087458,5,10,full,yes
0ed9699b-b898-458d-9e49-907e4c907d65,a31d9578-11bc-40bb-a86d-aafcb8087458,6,10,full,no
0ed9699b-b898-458d-9e49-907e4c907d65,a31d9578-11bc-40bb-a86d-aafcb8087458,7,10,full,no
0ed9699b-b898-458d-9e49-907e4c907d65,a31d9578-11bc-40bb-a86d-aafcb8087458,8,10,full,no
0ed9699b-b898-458d-9e49-907e4c907d65,a31d9578-11bc-40bb-a86d-aafcb8087458,9,10,full,no
29ec95d8-cbee-4907-8444-3f12da6a7426,25518521-3908-4be7-b6e8-cbbb3db73b7d,0,8,10,no
29ec95d8-cbee-4907-8444-3f12da6a7426,25518521-3908-4be7-b6e8-cbbb3db73b7d,1,8,10,no
29ec95d8-cbee-4907-8444-3f12da6a7426,25518521-3908-4be7-b6e8-cbbb3db73b7d,2,8,10,no
29ec95d8-cbee-4907-8444-3f12da6a7426,25518521-3908-4be7-b6e8-cbbb3db73b7d,3,8,10,no
29ec95d8-cbee-4907-8444-3f12da6a7426,25518521-3908-4be7-b6e8-cbbb3db73b7d,4,8,10,no
29ec95d8-cbee-4907-8444-3f12da6a7426,25518521-3908-4be7-b6e8-cbbb3db73b7d,5,8,10,no
29ec95d8-cbee-4907-8444-3f12da6a7426,25518521-3908-4be7-b6e8-cbbb3db73b7d,6,8,10,no
29ec95d8-cbee-4907-8444-3f12da6a7426,25518521-3908-4be7-b6e8-cbbb3db73b7d,7,8,10,no
29ec95d8-cbee-4907-8444-3f12da6a7426,25518521-3908-4be7-b6e8-cbbb3db73b7d,0,8,50,no
29ec95d8-cbee-4907-8444-3f12da6a7426,25518521-3908-4be7-b6e8-cbbb3db73b7d,1,8,50,no
29ec95d8-cbee-4907-8444-3f12da6a7426,25518521-3908-4be7-b6e8-cbbb3db73b7d,2,8,50,no
29ec95d8-cbee-4907-8444-3f12da6a7426,25518521-3908-4be7-b6e8-cbbb3db73b7d,3,8,50,yes
29ec95d8-cbee-4907-8444-3f12da6a7426,25518521-3908-4be7-b6e8-cbbb3db73b7d,4,8,50,no
29ec95d8-cbee-4907-8444-3f12da6a7426,25518521-3908-4be7-b6e8-cbbb3db73b7d,5,8,50,yes
29ec95d8-cbee-4907-8444-3f12da6a7426,25518521-3908-4be7-b6e8-cbbb3db73b7d,6,8,50,yes
29ec95d8-cbee-4907-8444-3f12da6a7426,25518521-3908-4be7-b6e8-cbbb3db73b7d,7,8,50,no
29ec95d8-cbee-4907-8444-3f12da6a7426,25518521-3908-4be7-b6e8-cbbb3db73b7d,0,8,100,yes
29ec95d8-cbee-4907-8444-3f12da6a7426,25518521-3908-4be7-b6e8-cbbb3db73b7d,1,8,100,yes
29ec95d8-cbee-4907-8444-3f12da6a7426,25518521-3908-4be7-b6e8-cbbb3db73b7d,2,8,100,no
29ec95d8-cbee-4907-8444-3f12da6a7426,25518521-3908-4be7-b6e8-cbbb3db73b7d,3,8,100,yes
29ec95d8-cbee-4907-8444-3f12da6a7426,25518521-3908-4be7-b6e8-cbbb3db73b7d,4,8,100,no
29ec95d8-cbee-4907-8444-3f12da6a7426,25518521-3908-4be7-b6e8-cbbb3db73b7d,5,8,100,no
29ec95d8-cbee-4907-8444-3f12da6a7426,25518521-3908-4be7-b6e8-cbbb3db73b7d,6,8,100,no
29ec95d8-cbee-4907-8444-3f12da6a7426,25518521-3908-4be7-b6e8-cbbb3db73b7d,7,8,100,no
29ec95d8-cbee-4907-8444-3f12da6a7426,25518521-3908-4be7-b6e8-cbbb3db73b7d,0,8,full,yes
29ec95d8-cbee-4907-8444-3f12da6a7426,25518521-3908-4be7-b6e8-cbbb3db73b7d,1,8,full,yes
29ec95d8-cbee-4907-8444-3f12da6a7426,25518521-3908-4be7-b6e8-cbbb3db73b7d,2,8,full,no
29ec95d8-cbee-4907-8444-3f12da6a7426,25518521-3908-4be7-b6e8-cbbb3db73b7d,3,8,full,yes
29ec95d8-cbee-4907-8444-3f12da6a7426,25518521-3908-4be7-b6e8-cbbb3db73b7d,4,8,full,no
29ec95d8-cbee-4907-8444-3f12da6a7426,25518521-3908-4be7-b6e8-cbbb3db73b7d,5,8,full,no
29ec95d8-cbee-4907-8444-3f12da6a7426,25518521-3908-4be7-b6e8-cbbb3db73b7d,6,8,full,no
29ec95d8-cbee-4907-8444-3f12da6a7426,25518521-3908-4be7-b6e8-cbbb3db73b7d,7,8,full,no
29ec95d8-cbee-4907-8444-3f12da6a7426,b12d73b0-20be-4c8b-9f2e-bee48f0f36a4,0,10,10,no
29ec95d8-cbee-4907-8444-3f12da6a7426,b12d73b0-20be-4c8b-9f2e-bee48f0f36a4,1,10,10,no
29ec95d8-cbee-4907-8444-3f12da6a7426,b12d73b0-20be-4c8b-9f2e-bee48f0f36a4,2,10,10,no
29ec95d8-cbee-4907-8444-3f12da6a7426,b12d73b0-20be-4c8b-9f2e-bee48f0f36a4,3,10,10,no
29ec95d8-cbee-4907-8444-3f12da6a7426,b12d73b0-20be-4c8b-9f2e-bee48f0f36a4,4,10,10,no
29ec95d8-cbee-4907-8444-3f12da6a7426,b12d73b0-20be-4c8b-9f2e-bee48f0f36a4,5,10,10,no
29ec95d8-cbee-4907-8444-3f12da6a7426,b12d73b0-20be-4c8b-9f2e-bee48f0f36a4,6,10,10,no
29ec95d8-cbee-4907-8444-3f12da6a7426,b12d73b0-20be-4c8b-9f2e-bee48f0f36a4,7,10,10,no
29ec95d8-cbee-4907-8444-3f12da6a7426,b12d73b0-20be-4c8b-9f2e-bee48f0f36a4,8,10,10,no
29ec95d8-cbee-4907-8444-3f12da6a7426,b12d73b0-20be-4c8b-9f2e-bee48f0f36a4,9,10,10,no
29ec95d8-cbee-4907-8444-3f12da6a7426,b12d73b0-20be-4c8b-9f2e-bee48f0f36a4,0,10,50,no
29ec95d8-cbee-4907-8444-3f12da6a7426,b12d73b0-20be-4c8b-9f2e-bee48f0f36a4,1,10,50,no
29ec95d8-cbee-4907-8444-3f12da6a7426,b12d73b0-20be-4c8b-9f2e-bee48f0f36a4,2,10,50,yes
29ec95d8-cbee-4907-8444-3f12da6a7426,b12d73b0-20be-4c8b-9f2e-bee48f0f36a4,3,10,50,no
29ec95d8-cbee-4907-8444-3f12da6a7426,b12d73b0-20be-4c8b-9f2e-bee48f0f36a4,4,10,50,no
29ec95d8-cbee-4907-8444-3f12da6a7426,b12d73b0-20be-4c8b-9f2e-bee48f0f36a4,5,10,50,no
29ec95d8-cbee-4907-8444-3f12da6a7426,b12d73b0-20be-4c8b-9f2e-bee48f0f36a4,6,10,50,yes
29ec95d8-cbee-4907-8444-3f12da6a7426,b12d73b0-20be-4c8b-9f2e-bee48f0f36a4,7,10,50,yes
29ec95d8-cbee-4907-8444-3f12da6a7426,b12d73b0-20be-4c8b-9f2e-bee48f0f36a4,8,10,50,no
29ec95d8-cbee-4907-8444-3f12da6a7426,b12d73b0-20be-4c8b-9f2e-bee48f0f36a4,9,10,50,no
29ec95d8-cbee-4907-8444-3f12da6a7426,b12d73b0-20be-4c8b-9f2e-bee48f0f36a4,0,10,100,yes
29ec95d8-cbee-4907-8444-3f12da6a7426,b12d73b0-20be-4c8b-9f2e-bee48f0f36a4,1,10,100,no
29ec95d8-cbee-4907-8444-3f12da6a7426,b12d73b0-20be-4c8b-9f2e-bee48f0f36a4,2,10,100,yes
29ec95d8-cbee-4907-8444-3f12da6a7426,b12d73b0-20be-4c8b-9f2e-bee48f0f36a4,3,10,100,no
29ec95d8-cbee-4907-8444-3f12da6a7426,b12d73b0-20be-4c8b-9f2e-bee48f0f36a4,4,10,100,no
29ec95d8-cbee-4907-8444-3f12da6a7426,b12d73b0-20be-4c8b-9f2e-bee48f0f36a4,5,10,100,no
29ec95d8-cbee-4907-8444-3f12da6a7426,b12d73b0-20be-4c8b-9f2e-bee48f0f36a4,6,10,100,yes
29ec95d8-cbee-4907-8444-3f12da6a7426,b12d73b0-20be-4c8b-9f2e-bee48f0f36a4,7,10,100,no
29ec95d8-cbee-4907-8444-3f12da6a7426,b12d73b0-20be-4c8b-9f2e-bee48f0f36a4,8,10,100,no
29ec95d8-cbee-4907-8444-3f12da6a7426,b12d73b0-20be-4c8b-9f2e-bee48f0f36a4,9,10,100,no
29ec95d8-cbee-4907-8444-3f12da6a7426,b12d73b0-20be-4c8b-9f2e-bee48f0f36a4,0,10,full,yes
29ec95d8-cbee-4907-8444-3f12da6a7426,b12d73b0-20be-4c8b-9f2e-bee48f0f36a4,1,10,full,no
29ec95d8-cbee-4907-8444-3f12da6a7426,b12d73b0-20be-4c8b-9f2e-bee48f0f36a4,2,10,full,yes
29ec95d8-cbee-4907-8444-3f12da6a7426,b12d73b0-20be-4c8b-9f2e-bee48f0f36a4,3,10,full,no
29ec95d8-cbee-4907-8444-3f12da6a7426,b12d73b0-20be-4c8b-9f2e-bee48f0f36a4,4,10,full,no
29ec95d8-cbee-4907-8444-3f12da6a7426,b12d73b0-20be-4c8b-9f2e-bee48f0f36a4,5,10,full,no
29ec95d8-cbee-4907-8444-3f12da6a7426,b12d73b0-20be-4c8b-9f2e-bee48f0f36a4,6,10,full,yes
29ec95d8-cbee-4907-8444-3f12da6a7426,b12d73b0-20be-4c8b-9f2e-bee48f0f36a4,7,10,full,no
29ec95d8-cbee-4907-8444-3f12da6a7426,b12d73b0-20be-4c8b-9f2e-bee48f0f36a4,8,10,full,no
29ec95d8-cbee-4907-8444-3f12da6a7426,b12d73b0-20be-4c8b-9f2e-bee48f0f36a4,9,10,full,no
aef4f589-395e-4fed-b4a0-90e6ad20134a,f0e62280-8141-43f2-98d4-99a8f1c4066e,7,8,10,no
aef4f589-395e-4fed-b4a0-90e6ad20134a,f0e62280-8141-43f2-98d4-99a8f1c4066e,7,8,50,no
aef4f589-395e-4fed-b4a0-90e6ad20134a,f0e62280-8141-43f2-98d4-99a8f1c4066e,7,8,100,no
aef4f589-395e-4fed-b4a0-90e6ad20134a,f0e62280-8141-43f2-98d4-99a8f1c4066e,7,8,full,no
aef4f589-395e-4fed-b4a0-90e6ad20134a,05e81d10-ea99-46c5-9856-54482b14ddcf,9,10,10,no
aef4f589-395e-4fed-b4a0-90e6ad20134a,05e81d10-ea99-46c5-9856-54482b14ddcf,9,10,50,no
aef4f589-395e-4fed-b4a0-90e6ad20134a,05e81d10-ea99-46c5-9856-54482b14ddcf,9,10,100,no
aef4f589-395e-4fed-b4a0-90e6ad20134a,05e81d10-ea99-46c5-9856-54482b14ddcf,9,10,full,no
e21fde0b-243c-42c1-81c3-32b49651dbdd,423380c4-2a5a-43c5-9b36-7f47343f54a7,0,8,10,no
e21fde0b-243c-42c1-81c3-32b49651dbdd,423380c4-2a5a-43c5-9b36-7f47343f54a7,1,8,10,no
e21fde0b-243c-42c1-81c3-32b49651dbdd,423380c4-2a5a-43c5-9b36-7f47343f54a7,2,8,10,no
e21fde0b-243c-42c1-81c3-32b49651dbdd,423380c4-2a5a-43c5-9b36-7f47343f54a7,3,8,10,no
e21fde0b-243c-42c1-81c3-32b49651dbdd,423380c4-2a5a-43c5-9b36-7f47343f54a7,4,8,10,no
e21fde0b-243c-42c1-81c3-32b49651dbdd,423380c4-2a5a-43c5-9b36-7f47343f54a7,5,8,10,no
e21fde0b-243c-42c1-81c3-32b49651dbdd,423380c4-2a5a-43c5-9b36-7f47343f54a7,6,8,10,no
e21fde0b-243c-42c1-81c3-32b49651dbdd,423380c4-2a5a-43c5-9b36-7f47343f54a7,7,8,10,no
e21fde0b-243c-42c1-81c3-32b49651dbdd,423380c4-2a5a-43c5-9b36-7f47343f54a7,0,8,50,no
e21fde0b-243c-42c1-81c3-32b49651dbdd,423380c4-2a5a-43c5-9b36-7f47343f54a7,1,8,50,no
e21fde0b-243c-42c1-81c3-32b49651dbdd,423380c4-2a5a-43c5-9b36-7f47343f54a7,2,8,50,no
e21fde0b-243c-42c1-81c3-32b49651dbdd,423380c4-2a5a-43c5-9b36-7f47343f54a7,3,8,50,no
e21fde0b-243c-42c1-81c3-32b49651dbdd,423380c4-2a5a-43c5-9b36-7f47343f54a7,4,8,50,no
e21fde0b-243c-42c1-81c3-32b49651dbdd,423380c4-2a5a-43c5-9b36-7f47343f54a7,5,8,50,no
e21fde0b-243c-42c1-81c3-32b49651dbdd,423380c4-2a5a-43c5-9b36-7f47343f54a7,6,8,50,no
e21fde0b-243c-42c1-81c3-32b49651dbdd,423380c4-2a5a-43c5-9b36-7f47343f54a7,7,8,50,no
e21fde0b-243c-42c1-81c3-32b49651dbdd,423380c4-2a5a-43c5-9b36-7f47343f54a7,0,8,100,no
e21fde0b-243c-42c1-81c3-32b49651dbdd,423380c4-2a5a-43c5-9b36-7f47343f54a7,1,8,100,no
e21fde0b-243c-42c1-81c3-32b49651dbdd,423380c4-2a5a-43c5-9b36-7f47343f54a7,2,8,100,no
e21fde0b-243c-42c1-81c3-32b49651dbdd,423380c4-2a5a-43c5-9b36-7f47343f54a7,3,8,100,no
e21fde0b-243c-42c1-81c3-32b49651dbdd,423380c4-2a5a-43c5-9b36-7f47343f54a7,4,8,100,no
e21fde0b-243c-42c1-81c3-32b49651dbdd,423380c4-2a5a-43c5-9b36-7f47343f54a7,5,8,100,no
e21fde0b-243c-42c1-81c3-32b49651dbdd,423380c4-2a5a-43c5-9b36-7f47343f54a7,6,8,100,no
e21fde0b-243c-42c1-81c3-32b49651dbdd,423380c4-2a5a-43c5-9b36-7f47343f54a7,7,8,100,no
e21fde0b-243c-42c1-81c3-32b49651dbdd,423380c4-2a5a-43c5-9b36-7f47343f54a7,0,8,full,no
e21fde0b-243c-42c1-81c3-32b49651dbdd,423380c4-2a5a-43c5-9b36-7f47343f54a7,1,8,full,no
e21fde0b-243c-42c1-81c3-32b49651dbdd,423380c4-2a5a-43c5-9b36-7f47343f54a7,2,8,full,no
e21fde0b-243c-42c1-81c3-32b49651dbdd,423380c4-2a5a-43c5-9b36-7f47343f54a7,3,8,full,no
e21fde0b-243c-42c1-81c3-32b49651dbdd,423380c4-2a5a-43c5-9b36-7f47343f54a7,4,8,full,no
e21fde0b-243c-42c1-81c3-32b49651dbdd,423380c4-2a5a-43c5-9b36-7f47343f54a7,5,8,full,no
e21fde0b-243c-42c1-81c3-32b49651dbdd,423380c4-2a5a-43c5-9b36-7f47343f54a7,6,8,full,no
e21fde0b-243c-42c1-81c3-32b49651dbdd,423380c4-2a5a-43c5-9b36-7f47343f54a7,7,8,full,no
e21fde0b-243c-42c1-81c3-32b49651dbdd,9e454ee0-3f51-40c9-b209-cb04a813b102,0,10,10,no
e21fde0b-243c-42c1-81c3-32b49651dbdd,9e454ee0-3f51-40c9-b209-cb04a813b102,1,10,10,no
e21fde0b-243c-42c1-81c3-32b49651dbdd,9e454ee0-3f51-40c9-b209-cb04a813b102,2,10,10,no
e21fde0b-243c-42c1-81c3-32b49651dbdd,9e454ee0-3f51-40c9-b209-cb04a813b102,3,10,10,no
e21fde0b-243c-42c1-81c3-32b49651dbdd,9e454ee0-3f51-40c9-b209-cb04a813b102,4,10,10,no
e21fde0b-243c-42c1-81c3-32b49651dbdd,9e454ee0-3f51-40c9-b209-cb04a813b102,5,10,10,no
e21fde0b-243c-42c1-81c3-32b49651dbdd,9e454ee0-3f51-40c9-b209-cb04a813b102,6,10,10,no
e21fde0b-243c-42c1-81c3-32b49651dbdd,9e454ee0-3f51-40c9-b209-cb04a813b102,7,10,10,no
e21fde0b-243c-42c1-81c3-32b49651dbdd,9e454ee0-3f51-40c9-b209-cb04a813b102,8,10,10,no
e21fde0b-243c-42c1-81c3-32b49651dbdd,9e454ee0-3f51-40c9-b209-cb04a813b102,9,10,10,no
e21fde0b-243c-42c1-81c3-32b49651dbdd,9e454ee0-3f51-40c9-b209-cb04a813b102,0,10,50,no
e21fde0b-243c-42c1-81c3-32b49651dbdd,9e454ee0-3f51-40c9-b209-cb04a813b102,1,10,50,no
e21fde0b-243c-42c1-81c3-32b49651dbdd,9e454ee0-3f51-40c9-b209-cb04a813b102,2,10,50,no
e21fde0b-243c-42c1-81c3-32b49651dbdd,9e454ee0-3f51-40c9-b209-cb04a813b102,3,10,50,no
e21fde0b-243c-42c1-81c3-32b49651dbdd,9e454ee0-3f51-40c9-b209-cb04a813b102,4,10,50,no
e21fde0b-243c-42c1-81c3-32b49651dbdd,9e454ee0-3f51-40c9-b209-cb04a813b102,5,10,50,no
e21fde0b-243c-42c1-81c3-32b49651dbdd,9e454ee0-3f51-40c9-b209-cb04a813b102,6,10,50,no
e21fde0b-243c-42c1-81c3-32b49651dbdd,9e454ee0-3f51-40c9-b209-cb04a813b102,7,10,50,no
e21fde0b-243c-42c1-81c3-32b49651dbdd,9e454ee0-3f51-40c9-b209-cb04a813b102,8,10,50,no
e21fde0b-243c-42c1-81c3-32b49651dbdd,9e454ee0-3f51-40c9-b209-cb04a813b102,9,10,50,no
e21fde0b-243c-42c1-81c3-32b49651dbdd,9e454ee0-3f51-40c9-b209-cb04a813b102,0,10,100,no
e21fde0b-243c-42c1-81c3-32b49651dbdd,9e454ee0-3f51-40c9-b209-cb04a813b102,1,10,100,no
e21fde0b-243c-42c1-81c3-32b49651dbdd,9e454ee0-3f51-40c9-b209-cb04a813b102,2,10,100,no
e21fde0b-243c-42c1-81c3-32b49651dbdd,9e454ee0-3f51-40c9-b209-cb04a813b102,3,10,100,no
e21fde0b-243c-42c1-81c3-32b49651dbdd,9e454ee0-3f51-40c9-b209-cb04a813b102,4,10,100,no
e21fde0b-243c-42c1-81c3-32b49651dbdd,9e454ee0-3f51-40c9-b209-cb04a813b102,5,10,100,no
e21fde0b-243c-42c1-81c3-32b49651dbdd,9e454ee0-3f51-40c9-b209-cb04a813b102,6,10,100,no
e21fde0b-243c-42c1-81c3-32b49651dbdd,9e454ee0-3f51-40c9-b209-cb04a813b102,7,10,100,no
e21fde0b-243c-42c1-81c3-32b49651dbdd,9e454ee0-3f51-40c9-b209-cb04a813b102,8,10,100,no
e21fde0b-243c-42c1-81c3-32b49651dbdd,9e454ee0-3f51-40c9-b209-cb04a813b102,9,10,100,no
e21fde0b-243c-42c1-81c3-32b49651dbdd,9e454ee0-3f51-40c9-b209-cb04a813b102,0,10,full,no
e21fde0b-243c-42c1-81c3-32b49651dbdd,9e454ee0-3f51-40c9-b209-cb04a813b102,1,10,full,no
e21fde0b-243c-42c1-81c3-32b49651dbdd,9e454ee0-3f51-40c9-b209-cb04a813b102,2,10,full,no
e21fde0b-243c-42c1-81c3-32b49651dbdd,9e454ee0-3f51-40c9-b209-cb04a813b102,3,10,full,no
e21fde0b-243c-42c1-81c3-32b49651dbdd,9e454ee0-3f51-40c9-b209-cb04a813b102,4,10,full,no
e21fde0b-243c-42c1-81c3-32b49651dbdd,9e454ee0-3f51-40c9-b209-cb04a813b102,5,10,full,no
e21fde0b-243c-42c1-81c3-32b49651dbdd,9e454ee0-3f51-40c9-b209-cb04a813b102,6,10,full,no
e21fde0b-243c-42c1-81c3-32b49651dbdd,9e454ee0-3f51-40c9-b209-cb04a813b102,7,10,full,no
e21fde0b-243c-42c1-81c3-32b49651dbdd,9e454ee0-3f51-40c9-b209-cb04a813b102,8,10,full,no
e21fde0b-243c-42c1-81c3-32b49651dbdd,9e454ee0-3f51-40c9-b209-cb04a813b102,9,10,full,no
3ed65aec-5697-404b-b869-567804eec977,33f37e53-d6ec-4cb6-a7b4-da852b28a58f,0,8,10,no
3ed65aec-5697-404b-b869-567804eec977,33f37e53-d6ec-4cb6-a7b4-da852b28a58f,1,8,10,no
3ed65aec-5697-404b-b869-567804eec977,33f37e53-d6ec-4cb6-a7b4-da852b28a58f,2,8,10,no
3ed65aec-5697-404b-b869-567804eec977,33f37e53-d6ec-4cb6-a7b4-da852b28a58f,3,8,10,no
3ed65aec-5697-404b-b869-567804eec977,33f37e53-d6ec-4cb6-a7b4-da852b28a58f,4,8,10,no
3ed65aec-5697-404b-b869-567804eec977,33f37e53-d6ec-4cb6-a7b4-da852b28a58f,5,8,10,no
3ed65aec-5697-404b-b869-567804eec977,33f37e53-d6ec-4cb6-a7b4-da852b28a58f,6,8,10,no
3ed65aec-5697-404b-b869-567804eec977,33f37e53-d6ec-4cb6-a7b4-da852b28a58f,7,8,10,no
3ed65aec-5697-404b-b869-567804eec977,33f37e53-d6ec-4cb6-a7b4-da852b28a58f,0,8,50,no
3ed65aec-5697-404b-b869-567804eec977,33f37e53-d6ec-4cb6-a7b4-da852b28a58f,1,8,50,no
3ed65aec-5697-404b-b869-567804eec977,33f37e53-d6ec-4cb6-a7b4-da852b28a58f,2,8,50,no
3ed65aec-5697-404b-b869-567804eec977,33f37e53-d6ec-4cb6-a7b4-da852b28a58f,3,8,50,no
3ed65aec-5697-404b-b869-567804eec977,33f37e53-d6ec-4cb6-a7b4-da852b28a58f,4,8,50,no
3ed65aec-5697-404b-b869-567804eec977,33f37e53-d6ec-4cb6-a7b4-da852b28a58f,5,8,50,no
3ed65aec-5697-404b-b869-567804eec977,33f37e53-d6ec-4cb6-a7b4-da852b28a58f,6,8,50,no
3ed65aec-5697-404b-b869-567804eec977,33f37e53-d6ec-4cb6-a7b4-da852b28a58f,7,8,50,no
3ed65aec-5697-404b-b869-567804eec977,33f37e53-d6ec-4cb6-a7b4-da852b28a58f,0,8,100,no
3ed65aec-5697-404b-b869-567804eec977,33f37e53-d6ec-4cb6-a7b4-da852b28a58f,1,8,100,no
3ed65aec-5697-404b-b869-567804eec977,33f37e53-d6ec-4cb6-a7b4-da852b28a58f,2,8,100,no
3ed65aec-5697-404b-b869-567804eec977,33f37e53-d6ec-4cb6-a7b4-da852b28a58f,3,8,100,no
3ed65aec-5697-404b-b869-567804eec977,33f37e53-d6ec-4cb6-a7b4-da852b28a58f,4,8,100,no
3ed65aec-5697-404b-b869-567804eec977,33f37e53-d6ec-4cb6-a7b4-da852b28a58f,5,8,100,no
3ed65aec-5697-404b-b869-567804eec977,33f37e53-d6ec-4cb6-a7b4-da852b28a58f,6,8,100,no
3ed65aec-5697-404b-b869-567804eec977,33f37e53-d6ec-4cb6-a7b4-da852b28a58f,7,8,100,no
3ed65aec-5697-404b-b869-567804eec977,33f37e53-d6ec-4cb6-a7b4-da852b28a58f,0,8,full,no
3ed65aec-5697-404b-b869-567804eec977,33f37e53-d6ec-4cb6-a7b4-da852b28a58f,1,8,full,no
3ed65aec-5697-404b-b869-567804eec977,33f37e53-d6ec-4cb6-a7b4-da852b28a58f,2,8,full,no
3ed65aec-5697-404b-b869-567804eec977,33f37e53-d6ec-4cb6-a7b4-da852b28a58f,3,8,full,no
3ed65aec-5697-404b-b869-567804eec977,33f37e53-d6ec-4cb6-a7b4-da852b28a58f,4,8,full,no
3ed65aec-5697-404b-b869-567804eec977,33f37e53-d6ec-4cb6-a7b4-da852b28a58f,5,8,full,no
3ed65aec-5697-404b-b869-567804eec977,33f37e53-d6ec-4cb6-a7b4-da852b28a58f,6,8,full,no
3ed65aec-5697-404b-b869-567804eec977,33f37e53-d6ec-4cb6-a7b4-da852b28a58f,7,8,full,no
3ed65aec-5697-404b-b869-567804eec977,128b1da1-12db-4085-840a-8a87c486454e,0,10,10,no
3ed65aec-5697-404b-b869-567804eec977,128b1da1-12db-4085-840a-8a87c486454e,1,10,10,no
3ed65aec-5697-404b-b869-567804eec977,128b1da1-12db-4085-840a-8a87c486454e,2,10,10,no
3ed65aec-5697-404b-b869-567804eec977,128b1da1-12db-4085-840a-8a87c486454e,3,10,10,no
3ed65aec-5697-404b-b869-567804eec977,128b1da1-12db-4085-840a-8a87c486454e,4,10,10,no
3ed65aec-5697-404b-b869-567804eec977,128b1da1-12db-4085-840a-8a87c486454e,5,10,10,no
3ed65aec-5697-404b-b869-567804eec977,128b1da1-12db-4085-840a-8a87c486454e,6,10,10,no
3ed65aec-5697-404b-b869-567804eec977,128b1da1-12db-4085-840a-8a87c486454e,7,10,10,no
3ed65aec-5697-404b-b869-567804eec977,128b1da1-12db-4085-840a-8a87c486454e,8,10,10,no
3ed65aec-5697-404b-b869-567804eec977,128b1da1-12db-4085-840a-8a87c486454e,9,10,10,no
3ed65aec-5697-404b-b869-567804eec977,128b1da1-12db-4085-840a-8a87c486454e,0,10,50,no
3ed65aec-5697-404b-b869-567804eec977,128b1da1-12db-4085-840a-8a87c486454e,1,10,50,no
3ed65aec-5697-404b-b869-567804eec977,128b1da1-12db-4085-840a-8a87c486454e,2,10,50,no
3ed65aec-5697-404b-b869-567804eec977,128b1da1-12db-4085-840a-8a87c486454e,3,10,50,no
3ed65aec-5697-404b-b869-567804eec977,128b1da1-12db-4085-840a-8a87c486454e,4,10,50,no
3ed65aec-5697-404b-b869-567804eec977,128b1da1-12db-4085-840a-8a87c486454e,5,10,50,no
3ed65aec-5697-404b-b869-567804eec977,128b1da1-12db-4085-840a-8a87c486454e,6,10,50,no
3ed65aec-5697-404b-b869-567804eec977,128b1da1-12db-4085-840a-8a87c486454e,7,10,50,no
3ed65aec-5697-404b-b869-567804eec977,128b1da1-12db-4085-840a-8a87c486454e,8,10,50,no
3ed65aec-5697-404b-b869-567804eec977,128b1da1-12db-4085-840a-8a87c486454e,9,10,50,no
3ed65aec-5697-404b-b869-567804eec977,128b1da1-12db-4085-840a-8a87c486454e,0,10,100,no
3ed65aec-5697-404b-b869-567804eec977,128b1da1-12db-4085-840a-8a87c486454e,1,10,100,no
3ed65aec-5697-404b-b869-567804eec977,128b1da1-12db-4085-840a-8a87c486454e,2,10,100,no
3ed65aec-5697-404b-b869-567804eec977,128b1da1-12db-4085-840a-8a87c486454e,3,10,100,no
3ed65aec-5697-404b-b869-567804eec977,128b1da1-12db-4085-840a-8a87c486454e,4,10,100,no
3ed65aec-5697-404b-b869-567804eec977,128b1da1-12db-4085-840a-8a87c486454e,5,10,100,no
3ed65aec-5697-404b-b869-567804eec977,128b1da1-12db-4085-840a-8a87c486454e,6,10,100,no
3ed65aec-5697-404b-b869-567804eec977,128b1da1-12db-4085-840a-8a87c486454e,7,10,100,no
3ed65aec-5697-404b-b869-567804eec977,128b1da1-12db-4085-840a-8a87c486454e,8,10,100,no
3ed65aec-5697-404b-b869-567804eec977,128b1da1-12db-4085-840a-8a87c486454e,9,10,100,no
3ed65aec-5697-404b-b869-567804eec977,128b1da1-12db-4085-840a-8a87c486454e,0,10,full,no
3ed65aec-5697-404b-b869-567804eec977,128b1da1-12db-4085-840a-8a87c486454e,1,10,full,no
3ed65aec-5697-404b-b869-567804eec977,128b1da1-12db-4085-840a-8a87c486454e,2,10,full,no
3ed65aec-5697-404b-b869-567804eec977,128b1da1-12db-4085-840a-8a87c486454e,3,10,full,no
3ed65aec-5697-404b-b869-567804eec977,128b1da1-12db-4085-840a-8a87c486454e,4,10,full,no
3ed65aec-5697-404b-b869-567804eec977,128b1da1-12db-4085-840a-8a87c486454e,5,10,full,no
3ed65aec-5697-404b-b869-567804eec977,128b1da1-12db-4085-840a-8a87c486454e,6,10,full,no
3ed65aec-5697-404b-b869-567804eec977,128b1da1-12db-4085-840a-8a87c486454e,7,10,full,no
3ed65aec-5697-404b-b869-567804eec977,128b1da1-12db-4085-840a-8a87c486454e,8,10,full,no
3ed65aec-5697-404b-b869-567804eec977,128b1da1-12db-4085-840a-8a87c486454e,9,10,full,no
f1743201-f2e6-422e-b94f-44561cc3aa37,f6d641a5-8b16-4f58-b7d6-7776ab813d7f,0,8,10,no
f1743201-f2e6-422e-b94f-44561cc3aa37,f6d641a5-8b16-4f58-b7d6-7776ab813d7f,1,8,10,no
f1743201-f2e6-422e-b94f-44561cc3aa37,f6d641a5-8b16-4f58-b7d6-7776ab813d7f,2,8,10,no
f1743201-f2e6-422e-b94f-44561cc3aa37,f6d641a5-8b16-4f58-b7d6-7776ab813d7f,3,8,10,no
f1743201-f2e6-422e-b94f-44561cc3aa37,f6d641a5-8b16-4f58-b7d6-7776ab813d7f,4,8,10,no
f1743201-f2e6-422e-b94f-44561cc3aa37,f6d641a5-8b16-4f58-b7d6-7776ab813d7f,5,8,10,no
f1743201-f2e6-422e-b94f-44561cc3aa37,f6d641a5-8b16-4f58-b7d6-7776ab813d7f,6,8,10,no
f1743201-f2e6-422e-b94f-44561cc3aa37,f6d641a5-8b16-4f58-b7d6-7776ab813d7f,7,8,10,yes
f1743201-f2e6-422e-b94f-44561cc3aa37,f6d641a5-8b16-4f58-b7d6-7776ab813d7f,0,8,50,no
f1743201-f2e6-422e-b94f-44561cc3aa37,f6d641a5-8b16-4f58-b7d6-7776ab813d7f,1,8,50,no
f1743201-f2e6-422e-b94f-44561cc3aa37,f6d641a5-8b16-4f58-b7d6-7776ab813d7f,2,8,50,yes
f1743201-f2e6-422e-b94f-44561cc3aa37,f6d641a5-8b16-4f58-b7d6-7776ab813d7f,3,8,50,yes
f1743201-f2e6-422e-b94f-44561cc3aa37,f6d641a5-8b16-4f58-b7d6-7776ab813d7f,4,8,50,no
f1743201-f2e6-422e-b94f-44561cc3aa37,f6d641a5-8b16-4f58-b7d6-7776ab813d7f,5,8,50,no
f1743201-f2e6-422e-b94f-44561cc3aa37,f6d641a5-8b16-4f58-b7d6-7776ab813d7f,6,8,50,no
f1743201-f2e6-422e-b94f-44561cc3aa37,f6d641a5-8b16-4f58-b7d6-7776ab813d7f,7,8,50,no
f1743201-f2e6-422e-b94f-44561cc3aa37,f6d641a5-8b16-4f58-b7d6-7776ab813d7f,0,8,100,yes
f1743201-f2e6-422e-b94f-44561cc3aa37,f6d641a5-8b16-4f58-b7d6-7776ab813d7f,1,8,100,yes
f1743201-f2e6-422e-b94f-44561cc3aa37,f6d641a5-8b16-4f58-b7d6-7776ab813d7f,2,8,100,yes
f1743201-f2e6-422e-b94f-44561cc3aa37,f6d641a5-8b16-4f58-b7d6-7776ab813d7f,3,8,100,no
f1743201-f2e6-422e-b94f-44561cc3aa37,f6d641a5-8b16-4f58-b7d6-7776ab813d7f,4,8,100,no
f1743201-f2e6-422e-b94f-44561cc3aa37,f6d641a5-8b16-4f58-b7d6-7776ab813d7f,5,8,100,no
f1743201-f2e6-422e-b94f-44561cc3aa37,f6d641a5-8b16-4f58-b7d6-7776ab813d7f,6,8,100,no
f1743201-f2e6-422e-b94f-44561cc3aa37,f6d641a5-8b16-4f58-b7d6-7776ab813d7f,7,8,100,no
f1743201-f2e6-422e-b94f-44561cc3aa37,f6d641a5-8b16-4f58-b7d6-7776ab813d7f,0,8,full,yes
f1743201-f2e6-422e-b94f-44561cc3aa37,f6d641a5-8b16-4f58-b7d6-7776ab813d7f,1,8,full,yes
f1743201-f2e6-422e-b94f-44561cc3aa37,f6d641a5-8b16-4f58-b7d6-7776ab813d7f,2,8,full,yes
f1743201-f2e6-422e-b94f-44561cc3aa37,f6d641a5-8b16-4f58-b7d6-7776ab813d7f,3,8,full,no
f1743201-f2e6-422e-b94f-44561cc3aa37,f6d641a5-8b16-4f58-b7d6-7776ab813d7f,4,8,full,no
f1743201-f2e6-422e-b94f-44561cc3aa37,f6d641a5-8b16-4f58-b7d6-7776ab813d7f,5,8,full,no
f1743201-f2e6-422e-b94f-44561cc3aa37,f6d641a5-8b16-4f58-b7d6-7776ab813d7f,6,8,full,no
f1743201-f2e6-422e-b94f-44561cc3aa37,f6d641a5-8b16-4f58-b7d6-7776ab813d7f,7,8,full,no
f1743201-f2e6-422e-b94f-44561cc3aa37,0827d378-0c4c-4af9-9fa6-5a330ba98c97,0,10,10,no
f1743201-f2e6-422e-b94f-44561cc3aa37,0827d378-0c4c-4af9-9fa6-5a330ba98c97,1,10,10,no
f1743201-f2e6-422e-b94f-44561cc3aa37,0827d378-0c4c-4af9-9fa6-5a330ba98c97,2,10,10,no
f1743201-f2e6-422e-b94f-44561cc3aa37,0827d378-0c4c-4af9-9fa6-5a330ba98c97,3,10,10,no
f1743201-f2e6-422e-b94f-44561cc3aa37,0827d378-0c4c-4af9-9fa6-5a330ba98c97,4,10,10,no
f1743201-f2e6-422e-b94f-44561cc3aa37,0827d378-0c4c-4af9-9fa6-5a330ba98c97,5,10,10,no
f1743201-f2e6-422e-b94f-44561cc3aa37,0827d378-0c4c-4af9-9fa6-5a330ba98c97,6,10,10,yes
f1743201-f2e6-422e-b94f-44561cc3aa37,0827d378-0c4c-4af9-9fa6-5a330ba98c97,7,10,10,yes
f1743201-f2e6-422e-b94f-44561cc3aa37,0827d378-0c4c-4af9-9fa6-5a330ba98c97,8,10,10,yes
f1743201-f2e6-422e-b94f-44561cc3aa37,0827d378-0c4c-4af9-9fa6-5a330ba98c97,9,10,10,yes
f1743201-f2e6-422e-b94f-44561cc3aa37,0827d378-0c4c-4af9-9fa6-5a330ba98c97,0,10,50,no
f1743201-f2e6-422e-b94f-44561cc3aa37,0827d378-0c4c-4af9-9fa6-5a330ba98c97,1,10,50,no
f1743201-f2e6-422e-b94f-44561cc3aa37,0827d378-0c4c-4af9-9fa6-5a330ba98c97,2,10,50,yes
f1743201-f2e6-422e-b94f-44561cc3aa37,0827d378-0c4c-4af9-9fa6-5a330ba98c97,3,10,50,yes
f1743201-f2e6-422e-b94f-44561cc3aa37,0827d378-0c4c-4af9-9fa6-5a330ba98c97,4,10,50,yes
f1743201-f2e6-422e-b94f-44561cc3aa37,0827d378-0c4c-4af9-9fa6-5a330ba98c97,5,10,50,yes
f1743201-f2e6-422e-b94f-44561cc3aa37,0827d378-0c4c-4af9-9fa6-5a330ba98c97,6,10,50,no
f1743201-f2e6-422e-b94f-44561cc3aa37,0827d378-0c4c-4af9-9fa6-5a330ba98c97,7,10,50,no
f1743201-f2e6-422e-b94f-44561cc3aa37,0827d378-0c4c-4af9-9fa6-5a330ba98c97,8,10,50,no
f1743201-f2e6-422e-b94f-44561cc3aa37,0827d378-0c4c-4af9-9fa6-5a330ba98c97,9,10,50,no
f1743201-f2e6-422e-b94f-44561cc3aa37,0827d378-0c4c-4af9-9fa6-5a330ba98c97,0,10,100,no
f1743201-f2e6-422e-b94f-44561cc3aa37,0827d378-0c4c-4af9-9fa6-5a330ba98c97,1,10,100,yes
f1743201-f2e6-422e-b94f-44561cc3aa37,0827d378-0c4c-4af9-9fa6-5a330ba98c97,2,10,100,yes
f1743201-f2e6-422e-b94f-44561cc3aa37,0827d378-0c4c-4af9-9fa6-5a330ba98c97,3,10,100,no
f1743201-f2e6-422e-b94f-44561cc3aa37,0827d378-0c4c-4af9-9fa6-5a330ba98c97,4,10,100,no
f1743201-f2e6-422e-b94f-44561cc3aa37,0827d378-0c4c-4af9-9fa6-5a330ba98c97,5,10,100,no
f1743201-f2e6-422e-b94f-44561cc3aa37,0827d378-0c4c-4af9-9fa6-5a330ba98c97,6,10,100,no
f1743201-f2e6-422e-b94f-44561cc3aa37,0827d378-0c4c-4af9-9fa6-5a330ba98c97,7,10,100,no
f1743201-f2e6-422e-b94f-44561cc3aa37,0827d378-0c4c-4af9-9fa6-5a330ba98c97,8,10,100,no
f1743201-f2e6-422e-b94f-44561cc3aa37,0827d378-0c4c-4af9-9fa6-5a330ba98c97,9,10,100,no
f1743201-f2e6-422e-b94f-44561cc3aa37,0827d378-0c4c-4af9-9fa6-5a330ba98c97,0,10,full,no
f1743201-f2e6-422e-b94f-44561cc3aa37,0827d378-0c4c-4af9-9fa6-5a330ba98c97,1,10,full,yes
f1743201-f2e6-422e-b94f-44561cc3aa37,0827d378-0c4c-4af9-9fa6-5a330ba98c97,2,10,full,yes
f1743201-f2e6-422e-b94f-44561cc3aa37,0827d378-0c4c-4af9-9fa6-5a330ba98c97,3,10,full,no
f1743201-f2e6-422e-b94f-44561cc3aa37,0827d378-0c4c-4af9-9fa6-5a330ba98c97,4,10,full,no
f1743201-f2e6-422e-b94f-44561cc3aa37,0827d378-0c4c-4af9-9fa6-5a330ba98c97,5,10,full,no
f1743201-f2e6-422e-b94f-44561cc3aa37,0827d378-0c4c-4af9-9fa6-5a330ba98c97,6,10,full,no
f1743201-f2e6-422e-b94f-44561cc3aa37,0827d378-0c4c-4af9-9fa6-5a330ba98c97,7,10,full,no
f1743201-f2e6-422e-b94f-44561cc3aa37,0827d378-0c4c-4af9-9fa6-5a330ba98c97,8,10,full,no
f1743201-f2e6-422e-b94f-44561cc3aa37,0827d378-0c4c-4af9-9fa6-5a330ba98c97,9,10,full,no
3c8196f3-313b-4a84-94a1-c49684dc10fe,b24a58fa-3499-4f06-941d-cf4f89e75edf,0,8,10,no
3c8196f3-313b-4a84-94a1-c49684dc10fe,b24a58fa-3499-4f06-941d-cf4f89e75edf,1,8,10,no
3c8196f3-313b-4a84-94a1-c49684dc10fe,b24a58fa-3499-4f06-941d-cf4f89e75edf,2,8,10,no
3c8196f3-313b-4a84-94a1-c49684dc10fe,b24a58fa-3499-4f06-941d-cf4f89e75edf,3,8,10,no
3c8196f3-313b-4a84-94a1-c49684dc10fe,b24a58fa-3499-4f06-941d-cf4f89e75edf,4,8,10,no
3c8196f3-313b-4a84-94a1-c49684dc10fe,b24a58fa-3499-4f06-941d-cf4f89e75edf,5,8,10,no
3c8196f3-313b-4a84-94a1-c49684dc10fe,b24a58fa-3499-4f06-941d-cf4f89e75edf,6,8,10,no
3c8196f3-313b-4a84-94a1-c49684dc10fe,b24a58fa-3499-4f06-941d-cf4f89e75edf,7,8,10,no
3c8196f3-313b-4a84-94a1-c49684dc10fe,b24a58fa-3499-4f06-941d-cf4f89e75edf,0,8,50,no
3c8196f3-313b-4a84-94a1-c49684dc10fe,b24a58fa-3499-4f06-941d-cf4f89e75edf,1,8,50,yes
3c8196f3-313b-4a84-94a1-c49684dc10fe,b24a58fa-3499-4f06-941d-cf4f89e75edf,2,8,50,yes
3c8196f3-313b-4a84-94a1-c49684dc10fe,b24a58fa-3499-4f06-941d-cf4f89e75edf,3,8,50,no
3c8196f3-313b-4a84-94a1-c49684dc10fe,b24a58fa-3499-4f06-941d-cf4f89e75edf,4,8,50,no
3c8196f3-313b-4a84-94a1-c49684dc10fe,b24a58fa-3499-4f06-941d-cf4f89e75edf,5,8,50,no
3c8196f3-313b-4a84-94a1-c49684dc10fe,b24a58fa-3499-4f06-941d-cf4f89e75edf,6,8,50,no
3c8196f3-313b-4a84-94a1-c49684dc10fe,b24a58fa-3499-4f06-941d-cf4f89e75edf,7,8,50,yes
3c8196f3-313b-4a84-94a1-c49684dc10fe,b24a58fa-3499-4f06-941d-cf4f89e75edf,0,8,100,no
3c8196f3-313b-4a84-94a1-c49684dc10fe,b24a58fa-3499-4f06-941d-cf4f89e75edf,1,8,100,yes
3c8196f3-313b-4a84-94a1-c49684dc10fe,b24a58fa-3499-4f06-941d-cf4f89e75edf,2,8,100,yes
3c8196f3-313b-4a84-94a1-c49684dc10fe,b24a58fa-3499-4f06-941d-cf4f89e75edf,3,8,100,no
3c8196f3-313b-4a84-94a1-c49684dc10fe,b24a58fa-3499-4f06-941d-cf4f89e75edf,4,8,100,no
3c8196f3-313b-4a84-94a1-c49684dc10fe,b24a58fa-3499-4f06-941d-cf4f89e75edf,5,8,100,no
3c8196f3-313b-4a84-94a1-c49684dc10fe,b24a58fa-3499-4f06-941d-cf4f89e75edf,6,8,100,no
3c8196f3-313b-4a84-94a1-c49684dc10fe,b24a58fa-3499-4f06-941d-cf4f89e75edf,7,8,100,no
3c8196f3-313b-4a84-94a1-c49684dc10fe,b24a58fa-3499-4f06-941d-cf4f89e75edf,0,8,full,no
3c8196f3-313b-4a84-94a1-c49684dc10fe,b24a58fa-3499-4f06-941d-cf4f89e75edf,1,8,full,yes
3c8196f3-313b-4a84-94a1-c49684dc10fe,b24a58fa-3499-4f06-941d-cf4f89e75edf,2,8,full,yes
3c8196f3-313b-4a84-94a1-c49684dc10fe,b24a58fa-3499-4f06-941d-cf4f89e75edf,3,8,full,no
3c8196f3-313b-4a84-94a1-c49684dc10fe,b24a58fa-3499-4f06-941d-cf4f89e75edf,4,8,full,no
3c8196f3-313b-4a84-94a1-c49684dc10fe,b24a58fa-3499-4f06-941d-cf4f89e75edf,5,8,full,no
3c8196f3-313b-4a84-94a1-c49684dc10fe,b24a58fa-3499-4f06-941d-cf4f89e75edf,6,8,full,no
3c8196f3-313b-4a84-94a1-c49684dc10fe,b24a58fa-3499-4f06-941d-cf4f89e75edf,7,8,full,no
3c8196f3-313b-4a84-94a1-c49684dc10fe,65de365a-da58-4b2d-b2c0-695695c558ec,0,10,10,no
3c8196f3-313b-4a84-94a1-c49684dc10fe,65de365a-da58-4b2d-b2c0-695695c558ec,1,10,10,no
3c8196f3-313b-4a84-94a1-c49684dc10fe,65de365a-da58-4b2d-b2c0-695695c558ec,2,10,10,no
3c8196f3-313b-4a84-94a1-c49684dc10fe,65de365a-da58-4b2d-b2c0-695695c558ec,3,10,10,no
3c8196f3-313b-4a84-94a1-c49684dc10fe,65de365a-da58-4b2d-b2c0-695695c558ec,4,10,10,no
3c8196f3-313b-4a84-94a1-c49684dc10fe,65de365a-da58-4b2d-b2c0-695695c558ec,5,10,10,no
3c8196f3-313b-4a84-94a1-c49684dc10fe,65de365a-da58-4b2d-b2c0-695695c558ec,6,10,10,no
3c8196f3-313b-4a84-94a1-c49684dc10fe,65de365a-da58-4b2d-b2c0-695695c558ec,7,10,10,no
3c8196f3-313b-4a84-94a1-c49684dc10fe,65de365a-da58-4b2d-b2c0-695695c558ec,8,10,10,no
3c8196f3-313b-4a84-94a1-c49684dc10fe,65de365a-da58-4b2d-b2c0-695695c558ec,9,10,10,no
3c8196f3-313b-4a84-94a1-c49684dc10fe,65de365a-da58-4b2d-b2c0-695695c558ec,0,10,50,no
3c8196f3-313b-4a84-94a1-c49684dc10fe,65de365a-da58-4b2d-b2c0-695695c558ec,1,10,50,no
3c8196f3-313b-4a84-94a1-c49684dc10fe,65de365a-da58-4b2d-b2c0-695695c558ec,2,10,50,no
3c8196f3-313b-4a84-94a1-c49684dc10fe,65de365a-da58-4b2d-b2c0-695695c558ec,3,10,50,yes
3c8196f3-313b-4a84-94a1-c49684dc10fe,65de365a-da58-4b2d-b2c0-695695c558ec,4,10,50,yes
3c8196f3-313b-4a84-94a1-c49684dc10fe,65de365a-da58-4b2d-b2c0-695695c558ec,5,10,50,yes
3c8196f3-313b-4a84-94a1-c49684dc10fe,65de365a-da58-4b2d-b2c0-695695c558ec,6,10,50,yes
3c8196f3-313b-4a84-94a1-c49684dc10fe,65de365a-da58-4b2d-b2c0-695695c558ec,7,10,50,no
3c8196f3-313b-4a84-94a1-c49684dc10fe,65de365a-da58-4b2d-b2c0-695695c558ec,8,10,50,yes
3c8196f3-313b-4a84-94a1-c49684dc10fe,65de365a-da58-4b2d-b2c0-695695c558ec,9,10,50,no
3c8196f3-313b-4a84-94a1-c49684dc10fe,65de365a-da58-4b2d-b2c0-695695c558ec,0,10,100,yes
3c8196f3-313b-4a84-94a1-c49684dc10fe,65de365a-da58-4b2d-b2c0-695695c558ec,1,10,100,no
3c8196f3-313b-4a84-94a1-c49684dc10fe,65de365a-da58-4b2d-b2c0-695695c558ec,2,10,100,no
3c8196f3-313b-4a84-94a1-c49684dc10fe,65de365a-da58-4b2d-b2c0-695695c558ec,3,10,100,yes
3c8196f3-313b-4a84-94a1-c49684dc10fe,65de365a-da58-4b2d-b2c0-695695c558ec,4,10,100,yes
3c8196f3-313b-4a84-94a1-c49684dc10fe,65de365a-da58-4b2d-b2c0-695695c558ec,5,10,100,yes
3c8196f3-313b-4a84-94a1-c49684dc10fe,65de365a-da58-4b2d-b2c0-695695c558ec,6,10,100,yes
3c8196f3-313b-4a84-94a1-c49684dc10fe,65de365a-da58-4b2d-b2c0-695695c558ec,7,10,100,no
3c8196f3-313b-4a84-94a1-c49684dc10fe,65de365a-da58-4b2d-b2c0-695695c558ec,8,10,100,no
3c8196f3-313b-4a84-94a1-c49684dc10fe,65de365a-da58-4b2d-b2c0-695695c558ec,9,10,100,no
3c8196f3-313b-4a84-94a1-c49684dc10fe,65de365a-da58-4b2d-b2c0-695695c558ec,0,10,full,yes
3c8196f3-313b-4a84-94a1-c49684dc10fe,65de365a-da58-4b2d-b2c0-695695c558ec,1,10,full,yes
3c8196f3-313b-4a84-94a1-c49684dc10fe,65de365a-da58-4b2d-b2c0-695695c558ec,2,10,full,no
3c8196f3-313b-4a84-94a1-c49684dc10fe,65de365a-da58-4b2d-b2c0-695695c558ec,3,10,full,yes
3c8196f3-313b-4a84-94a1-c49684dc10fe,65de365a-da58-4b2d-b2c0-695695c558ec,4,10,full,yes
3c8196f3-313b-4a84-94a1-c49684dc10fe,65de365a-da58-4b2d-b2c0-695695c558ec,5,10,full,yes
3c8196f3-313b-4a84-94a1-c49684dc10fe,65de365a-da58-4b2d-b2c0-695695c558ec,6,10,full,yes
3c8196f3-313b-4a84-94a1-c49684dc10fe,65de365a-da58-4b2d-b2c0-695695c558ec,7,10,full,no
3c8196f3-313b-4a84-94a1-c49684dc10fe,65de365a-da58-4b2d-b2c0-695695c558ec,8,10,full,no
3c8196f3-313b-4a84-94a1-c49684dc10fe,65de365a-da58-4b2d-b2c0-695695c558ec,9,10,full,no
023624df-e299-4cdd-8228-2c529182642d,bb21188c-3636-4633-bf6f-b269bbc54048,0,8,10,no
023624df-e299-4cdd-8228-2c529182642d,bb21188c-3636-4633-bf6f-b269bbc54048,1,8,10,no
023624df-e299-4cdd-8228-2c529182642d,bb21188c-3636-4633-bf6f-b269bbc54048,2,8,10,no
023624df-e299-4cdd-8228-2c529182642d,bb21188c-3636-4633-bf6f-b269bbc54048,3,8,10,no
023624df-e299-4cdd-8228-2c529182642d,bb21188c-3636-4633-bf6f-b269bbc54048,4,8,10,yes
023624df-e299-4cdd-8228-2c529182642d,bb21188c-3636-4633-bf6f-b269bbc54048,5,8,10,no
023624df-e299-4cdd-8228-2c529182642d,bb21188c-3636-4633-bf6f-b269bbc54048,6,8,10,no
023624df-e299-4cdd-8228-2c529182642d,bb21188c-3636-4633-bf6f-b269bbc54048,7,8,10,no
023624df-e299-4cdd-8228-2c529182642d,bb21188c-3636-4633-bf6f-b269bbc54048,0,8,50,no
023624df-e299-4cdd-8228-2c529182642d,bb21188c-3636-4633-bf6f-b269bbc54048,1,8,50,no
023624df-e299-4cdd-8228-2c529182642d,bb21188c-3636-4633-bf6f-b269bbc54048,2,8,50,no
023624df-e299-4cdd-8228-2c529182642d,bb21188c-3636-4633-bf6f-b269bbc54048,3,8,50,no
023624df-e299-4cdd-8228-2c529182642d,bb21188c-3636-4633-bf6f-b269bbc54048,4,8,50,no
023624df-e299-4cdd-8228-2c529182642d,bb21188c-3636-4633-bf6f-b269bbc54048,5,8,50,no
023624df-e299-4cdd-8228-2c529182642d,bb21188c-3636-4633-bf6f-b269bbc54048,6,8,50,no
023624df-e299-4cdd-8228-2c529182642d,bb21188c-3636-4633-bf6f-b269bbc54048,7,8,50,no
023624df-e299-4cdd-8228-2c529182642d,bb21188c-3636-4633-bf6f-b269bbc54048,0,8,100,no
023624df-e299-4cdd-8228-2c529182642d,bb21188c-3636-4633-bf6f-b269bbc54048,1,8,100,no
023624df-e299-4cdd-8228-2c529182642d,bb21188c-3636-4633-bf6f-b269bbc54048,2,8,100,no
023624df-e299-4cdd-8228-2c529182642d,bb21188c-3636-4633-bf6f-b269bbc54048,3,8,100,no
023624df-e299-4cdd-8228-2c529182642d,bb21188c-3636-4633-bf6f-b269bbc54048,4,8,100,no
023624df-e299-4cdd-8228-2c529182642d,bb21188c-3636-4633-bf6f-b269bbc54048,5,8,100,no
023624df-e299-4cdd-8228-2c529182642d,bb21188c-3636-4633-bf6f-b269bbc54048,6,8,100,no
023624df-e299-4cdd-8228-2c529182642d,bb21188c-3636-4633-bf6f-b269bbc54048,7,8,100,no
023624df-e299-4cdd-8228-2c529182642d,bb21188c-3636-4633-bf6f-b269bbc54048,0,8,full,no
023624df-e299-4cdd-8228-2c529182642d,bb21188c-3636-4633-bf6f-b269bbc54048,1,8,full,no
023624df-e299-4cdd-8228-2c529182642d,bb21188c-3636-4633-bf6f-b269bbc54048,2,8,full,no
023624df-e299-4cdd-8228-2c529182642d,bb21188c-3636-4633-bf6f-b269bbc54048,3,8,full,no
023624df-e299-4cdd-8228-2c529182642d,bb21188c-3636-4633-bf6f-b269bbc54048,4,8,full,no
023624df-e299-4cdd-8228-2c529182642d,bb21188c-3636-4633-bf6f-b269bbc54048,5,8,full,no
023624df-e299-4cdd-8228-2c529182642d,bb21188c-3636-4633-bf6f-b269bbc54048,6,8,full,no
023624df-e299-4cdd-8228-2c529182642d,bb21188c-3636-4633-bf6f-b269bbc54048,7,8,full,no
023624df-e299-4cdd-8228-2c529182642d,ee6af797-848b-477f-a57f-2491762e3a67,0,10,10,no
023624df-e299-4cdd-8228-2c529182642d,ee6af797-848b-477f-a57f-2491762e3a67,1,10,10,no
023624df-e299-4cdd-8228-2c529182642d,ee6af797-848b-477f-a57f-2491762e3a67,2,10,10,no
023624df-e299-4cdd-8228-2c529182642d,ee6af797-848b-477f-a57f-2491762e3a67,3,10,10,no
023624df-e299-4cdd-8228-2c529182642d,ee6af797-848b-477f-a57f-2491762e3a67,4,10,10,no
023624df-e299-4cdd-8228-2c529182642d,ee6af797-848b-477f-a57f-2491762e3a67,5,10,10,no
023624df-e299-4cdd-8228-2c529182642d,ee6af797-848b-477f-a57f-2491762e3a67,6,10,10,no
023624df-e299-4cdd-8228-2c529182642d,ee6af797-848b-477f-a57f-2491762e3a67,7,10,10,no
023624df-e299-4cdd-8228-2c529182642d,ee6af797-848b-477f-a57f-2491762e3a67,8,10,10,no
023624df-e299-4cdd-8228-2c529182642d,ee6af797-848b-477f-a57f-2491762e3a67,9,10,10,no
023624df-e299-4cdd-8228-2c529182642d,ee6af797-848b-477f-a57f-2491762e3a67,0,10,50,no
023624df-e299-4cdd-8228-2c529182642d,ee6af797-848b-477f-a57f-2491762e3a67,1,10,50,no
023624df-e299-4cdd-8228-2c529182642d,ee6af797-848b-477f-a57f-2491762e3a67,2,10,50,no
023624df-e299-4cdd-8228-2c529182642d,ee6af797-848b-477f-a57f-2491762e3a67,3,10,50,no
023624df-e299-4cdd-8228-2c529182642d,ee6af797-848b-477f-a57f-2491762e3a67,4,10,50,no
023624df-e299-4cdd-8228-2c529182642d,ee6af797-848b-477f-a57f-2491762e3a67,5,10,50,no
023624df-e299-4cdd-8228-2c529182642d,ee6af797-848b-477f-a57f-2491762e3a67,6,10,50,no
023624df-e299-4cdd-8228-2c529182642d,ee6af797-848b-477f-a57f-2491762e3a67,7,10,50,no
023624df-e299-4cdd-8228-2c529182642d,ee6af797-848b-477f-a57f-2491762e3a67,8,10,50,no
023624df-e299-4cdd-8228-2c529182642d,ee6af797-848b-477f-a57f-2491762e3a67,9,10,50,no
023624df-e299-4cdd-8228-2c529182642d,ee6af797-848b-477f-a57f-2491762e3a67,0,10,100,no
023624df-e299-4cdd-8228-2c529182642d,ee6af797-848b-477f-a57f-2491762e3a67,1,10,100,no
023624df-e299-4cdd-8228-2c529182642d,ee6af797-848b-477f-a57f-2491762e3a67,2,10,100,no
023624df-e299-4cdd-8228-2c529182642d,ee6af797-848b-477f-a57f-2491762e3a67,3,10,100,no
023624df-e299-4cdd-8228-2c529182642d,ee6af797-848b-477f-a57f-2491762e3a67,4,10,100,no
023624df-e299-4cdd-8228-2c529182642d,ee6af797-848b-477f-a57f-2491762e3a67,5,10,100,no
023624df-e299-4cdd-8228-2c529182642d,ee6af797-848b-477f-a57f-2491762e3a67,6,10,100,no
023624df-e299-4cdd-8228-2c529182642d,ee6af797-848b-477f-a57f-2491762e3a67,7,10,100,no
023624df-e299-4cdd-8228-2c529182642d,ee6af797-848b-477f-a57f-2491762e3a67,8,10,100,no
023624df-e299-4cdd-8228-2c529182642d,ee6af797-848b-477f-a57f-2491762e3a67,9,10,100,no
023624df-e299-4cdd-8228-2c529182642d,ee6af797-848b-477f-a57f-2491762e3a67,0,10,full,no
023624df-e299-4cdd-8228-2c529182642d,ee6af797-848b-477f-a57f-2491762e3a67,1,10,full,no
023624df-e299-4cdd-8228-2c529182642d,ee6af797-848b-477f-a57f-2491762e3a67,2,10,full,no
023624df-e299-4cdd-8228-2c529182642d,ee6af797-848b-477f-a57f-2491762e3a67,3,10,full,no
023624df-e299-4cdd-8228-2c529182642d,ee6af797-848b-477f-a57f-2491762e3a67,4,10,full,no
023624df-e299-4cdd-8228-2c529182642d,ee6af797-848b-477f-a57f-2491762e3a67,5,10,full,no
023624df-e299-4cdd-8228-2c529182642d,ee6af797-848b-477f-a57f-2491762e3a67,6,10,full,no
023624df-e299-4cdd-8228-2c529182642d,ee6af797-848b-477f-a57f-2491762e3a67,7,10,full,no
023624df-e299-4cdd-8228-2c529182642d,ee6af797-848b-477f-a57f-2491762e3a67,8,10,full,no
023624df-e299-4cdd-8228-2c529182642d,ee6af797-848b-477f-a57f-2491762e3a67,9,10,full,no
4625d744-d723-4fd3-914f-7f2847c566d1,4e631cda-0ce6-41af-a997-a6a36f80b79a,0,8,10,no
4625d744-d723-4fd3-914f-7f2847c566d1,4e631cda-0ce6-41af-a997-a6a36f80b79a,1,8,10,no
4625d744-d723-4fd3-914f-7f2847c566d1,4e631cda-0ce6-41af-a997-a6a36f80b79a,2,8,10,no
4625d744-d723-4fd3-914f-7f2847c566d1,4e631cda-0ce6-41af-a997-a6a36f80b79a,3,8,10,no
4625d744-d723-4fd3-914f-7f2847c566d1,4e631cda-0ce6-41af-a997-a6a36f80b79a,4,8,10,no
4625d744-d723-4fd3-914f-7f2847c566d1,4e631cda-0ce6-41af-a997-a6a36f80b79a,5,8,10,no
4625d744-d723-4fd3-914f-7f2847c566d1,4e631cda-0ce6-41af-a997-a6a36f80b79a,6,8,10,no
4625d744-d723-4fd3-914f-7f2847c566d1,4e631cda-0ce6-41af-a997-a6a36f80b79a,7,8,10,no
4625d744-d723-4fd3-914f-7f2847c566d1,4e631cda-0ce6-41af-a997-a6a36f80b79a,0,8,50,no
4625d744-d723-4fd3-914f-7f2847c566d1,4e631cda-0ce6-41af-a997-a6a36f80b79a,1,8,50,no
4625d744-d723-4fd3-914f-7f2847c566d1,4e631cda-0ce6-41af-a997-a6a36f80b79a,2,8,50,no
4625d744-d723-4fd3-914f-7f2847c566d1,4e631cda-0ce6-41af-a997-a6a36f80b79a,3,8,50,no
4625d744-d723-4fd3-914f-7f2847c566d1,4e631cda-0ce6-41af-a997-a6a36f80b79a,4,8,50,no
4625d744-d723-4fd3-914f-7f2847c566d1,4e631cda-0ce6-41af-a997-a6a36f80b79a,5,8,50,no
4625d744-d723-4fd3-914f-7f2847c566d1,4e631cda-0ce6-41af-a997-a6a36f80b79a,6,8,50,no
4625d744-d723-4fd3-914f-7f2847c566d1,4e631cda-0ce6-41af-a997-a6a36f80b79a,7,8,50,no
4625d744-d723-4fd3-914f-7f2847c566d1,4e631cda-0ce6-41af-a997-a6a36f80b79a,0,8,100,no
4625d744-d723-4fd3-914f-7f2847c566d1,4e631cda-0ce6-41af-a997-a6a36f80b79a,1,8,100,no
4625d744-d723-4fd3-914f-7f2847c566d1,4e631cda-0ce6-41af-a997-a6a36f80b79a,2,8,100,no
4625d744-d723-4fd3-914f-7f2847c566d1,4e631cda-0ce6-41af-a997-a6a36f80b79a,3,8,100,no
4625d744-d723-4fd3-914f-7f2847c566d1,4e631cda-0ce6-41af-a997-a6a36f80b79a,4,8,100,no
4625d744-d723-4fd3-914f-7f2847c566d1,4e631cda-0ce6-41af-a997-a6a36f80b79a,5,8,100,no
4625d744-d723-4fd3-914f-7f2847c566d1,4e631cda-0ce6-41af-a997-a6a36f80b79a,6,8,100,no
4625d744-d723-4fd3-914f-7f2847c566d1,4e631cda-0ce6-41af-a997-a6a36f80b79a,7,8,100,no
4625d744-d723-4fd3-914f-7f2847c566d1,4e631cda-0ce6-41af-a997-a6a36f80b79a,0,8,full,no
4625d744-d723-4fd3-914f-7f2847c566d1,4e631cda-0ce6-41af-a997-a6a36f80b79a,1,8,full,no
4625d744-d723-4fd3-914f-7f2847c566d1,4e631cda-0ce6-41af-a997-a6a36f80b79a,2,8,full,no
4625d744-d723-4fd3-914f-7f2847c566d1,4e631cda-0ce6-41af-a997-a6a36f80b79a,3,8,full,no
4625d744-d723-4fd3-914f-7f2847c566d1,4e631cda-0ce6-41af-a997-a6a36f80b79a,4,8,full,no
4625d744-d723-4fd3-914f-7f2847c566d1,4e631cda-0ce6-41af-a997-a6a36f80b79a,5,8,full,no
4625d744-d723-4fd3-914f-7f2847c566d1,4e631cda-0ce6-41af-a997-a6a36f80b79a,6,8,full,no
4625d744-d723-4fd3-914f-7f2847c566d1,4e631cda-0ce6-41af-a997-a6a36f80b79a,7,8,full,no
4625d744-d723-4fd3-914f-7f2847c566d1,ca3717c3-902b-4c92-b616-f9ac505da8b9,0,10,10,no
4625d744-d723-4fd3-914f-7f2847c566d1,ca3717c3-902b-4c92-b616-f9ac505da8b9,1,10,10,no
4625d744-d723-4fd3-914f-7f2847c566d1,ca3717c3-902b-4c92-b616-f9ac505da8b9,2,10,10,no
4625d744-d723-4fd3-914f-7f2847c566d1,ca3717c3-902b-4c92-b616-f9ac505da8b9,3,10,10,no
4625d744-d723-4fd3-914f-7f2847c566d1,ca3717c3-902b-4c92-b616-f9ac505da8b9,4,10,10,no
4625d744-d723-4fd3-914f-7f2847c566d1,ca3717c3-902b-4c92-b616-f9ac505da8b9,5,10,10,no
4625d744-d723-4fd3-914f-7f2847c566d1,ca3717c3-902b-4c92-b616-f9ac505da8b9,6,10,10,no
4625d744-d723-4fd3-914f-7f2847c566d1,ca3717c3-902b-4c92-b616-f9ac505da8b9,7,10,10,no
4625d744-d723-4fd3-914f-7f2847c566d1,ca3717c3-902b-4c92-b616-f9ac505da8b9,8,10,10,no
4625d744-d723-4fd3-914f-7f2847c566d1,ca3717c3-902b-4c92-b616-f9ac505da8b9,9,10,10,no
4625d744-d723-4fd3-914f-7f2847c566d1,ca3717c3-902b-4c92-b616-f9ac505da8b9,0,10,50,no
4625d744-d723-4fd3-914f-7f2847c566d1,ca3717c3-902b-4c92-b616-f9ac505da8b9,1,10,50,no
4625d744-d723-4fd3-914f-7f2847c566d1,ca3717c3-902b-4c92-b616-f9ac505da8b9,2,10,50,no
4625d744-d723-4fd3-914f-7f2847c566d1,ca3717c3-902b-4c92-b616-f9ac505da8b9,3,10,50,no
4625d744-d723-4fd3-914f-7f2847c566d1,ca3717c3-902b-4c92-b616-f9ac505da8b9,4,10,50,no
4625d744-d723-4fd3-914f-7f2847c566d1,ca3717c3-902b-4c92-b616-f9ac505da8b9,5,10,50,no
4625d744-d723-4fd3-914f-7f2847c566d1,ca3717c3-902b-4c92-b616-f9ac505da8b9,6,10,50,no
4625d744-d723-4fd3-914f-7f2847c566d1,ca3717c3-902b-4c92-b616-f9ac505da8b9,7,10,50,no
4625d744-d723-4fd3-914f-7f2847c566d1,ca3717c3-902b-4c92-b616-f9ac505da8b9,8,10,50,no
4625d744-d723-4fd3-914f-7f2847c566d1,ca3717c3-902b-4c92-b616-f9ac505da8b9,9,10,50,no
4625d744-d723-4fd3-914f-7f2847c566d1,ca3717c3-902b-4c92-b616-f9ac505da8b9,0,10,100,no
4625d744-d723-4fd3-914f-7f2847c566d1,ca3717c3-902b-4c92-b616-f9ac505da8b9,1,10,100,no
4625d744-d723-4fd3-914f-7f2847c566d1,ca3717c3-902b-4c92-b616-f9ac505da8b9,2,10,100,no
4625d744-d723-4fd3-914f-7f2847c566d1,ca3717c3-902b-4c92-b616-f9ac505da8b9,3,10,100,no
4625d744-d723-4fd3-914f-7f2847c566d1,ca3717c3-902b-4c92-b616-f9ac505da8b9,4,10,100,no
4625d744-d723-4fd3-914f-7f2847c566d1,ca3717c3-902b-4c92-b616-f9ac505da8b9,5,10,100,no
4625d744-d723-4fd3-914f-7f2847c566d1,ca3717c3-902b-4c92-b616-f9ac505da8b9,6,10,100,no
4625d744-d723-4fd3-914f-7f2847c566d1,ca3717c3-902b-4c92-b616-f9ac505da8b9,7,10,100,no
4625d744-d723-4fd3-914f-7f2847c566d1,ca3717c3-902b-4c92-b616-f9ac505da8b9,8,10,100,no
4625d744-d723-4fd3-914f-7f2847c566d1,ca3717c3-902b-4c92-b616-f9ac505da8b9,9,10,100,no
4625d744-d723-4fd3-914f-7f2847c566d1,ca3717c3-902b-4c92-b616-f9ac505da8b9,0,10,full,no
4625d744-d723-4fd3-914f-7f2847c566d1,ca3717c3-902b-4c92-b616-f9ac505da8b9,1,10,full,no
4625d744-d723-4fd3-914f-7f2847c566d1,ca3717c3-902b-4c92-b616-f9ac505da8b9,2,10,full,no
4625d744-d723-4fd3-914f-7f2847c566d1,ca3717c3-902b-4c92-b616-f9ac505da8b9,3,10,full,no
4625d744-d723-4fd3-914f-7f2847c566d1,ca3717c3-902b-4c92-b616-f9ac505da8b9,4,10,full,no
4625d744-d723-4fd3-914f-7f2847c566d1,ca3717c3-902b-4c92-b616-f9ac505da8b9,5,10,full,no
4625d744-d723-4fd3-914f-7f2847c566d1,ca3717c3-902b-4c92-b616-f9ac505da8b9,6,10,full,no
4625d744-d723-4fd3-914f-7f2847c566d1,ca3717c3-902b-4c92-b616-f9ac505da8b9,7,10,full,no
4625d744-d723-4fd3-914f-7f2847c566d1,ca3717c3-902b-4c92-b616-f9ac505da8b9,8,10,full,no
4625d744-d723-4fd3-914f-7f2847c566d1,ca3717c3-902b-4c92-b616-f9ac505da8b9,9,10,full,no
75579f18-65d8-4c61-9a92-fe51ea6bd7c5,6334998d-1e87-4e3d-a5d6-b0e61c6c0333,0,8,10,no
75579f18-65d8-4c61-9a92-fe51ea6bd7c5,6334998d-1e87-4e3d-a5d6-b0e61c6c0333,1,8,10,no
75579f18-65d8-4c61-9a92-fe51ea6bd7c5,6334998d-1e87-4e3d-a5d6-b0e61c6c0333,2,8,10,no
75579f18-65d8-4c61-9a92-fe51ea6bd7c5,6334998d-1e87-4e3d-a5d6-b0e61c6c0333,3,8,10,no
75579f18-65d8-4c61-9a92-fe51ea6bd7c5,6334998d-1e87-4e3d-a5d6-b0e61c6c0333,4,8,10,no
75579f18-65d8-4c61-9a92-fe51ea6bd7c5,6334998d-1e87-4e3d-a5d6-b0e61c6c0333,5,8,10,no
75579f18-65d8-4c61-9a92-fe51ea6bd7c5,6334998d-1e87-4e3d-a5d6-b0e61c6c0333,6,8,10,no
75579f18-65d8-4c61-9a92-fe51ea6bd7c5,6334998d-1e87-4e3d-a5d6-b0e61c6c0333,7,8,10,no
75579f18-65d8-4c61-9a92-fe51ea6bd7c5,6334998d-1e87-4e3d-a5d6-b0e61c6c0333,0,8,50,no
75579f18-65d8-4c61-9a92-fe51ea6bd7c5,6334998d-1e87-4e3d-a5d6-b0e61c6c0333,1,8,50,no
75579f18-65d8-4c61-9a92-fe51ea6bd7c5,6334998d-1e87-4e3d-a5d6-b0e61c6c0333,2,8,50,no
75579f18-65d8-4c61-9a92-fe51ea6bd7c5,6334998d-1e87-4e3d-a5d6-b0e61c6c0333,3,8,50,no
75579f18-65d8-4c61-9a92-fe51ea6bd7c5,6334998d-1e87-4e3d-a5d6-b0e61c6c0333,4,8,50,no
75579f18-65d8-4c61-9a92-fe51ea6bd7c5,6334998d-1e87-4e3d-a5d6-b0e61c6c0333,5,8,50,no
75579f18-65d8-4c61-9a92-fe51ea6bd7c5,6334998d-1e87-4e3d-a5d6-b0e61c6c0333,6,8,50,no
75579f18-65d8-4c61-9a92-fe51ea6bd7c5,6334998d-1e87-4e3d-a5d6-b0e61c6c0333,7,8,50,no
75579f18-65d8-4c61-9a92-fe51ea6bd7c5,6334998d-1e87-4e3d-a5d6-b0e61c6c0333,0,8,100,no
75579f18-65d8-4c61-9a92-fe51ea6bd7c5,6334998d-1e87-4e3d-a5d6-b0e61c6c0333,1,8,100,no
75579f18-65d8-4c61-9a92-fe51ea6bd7c5,6334998d-1e87-4e3d-a5d6-b0e61c6c0333,2,8,100,no
75579f18-65d8-4c61-9a92-fe51ea6bd7c5,6334998d-1e87-4e3d-a5d6-b0e61c6c0333,3,8,100,no
75579f18-65d8-4c61-9a92-fe51ea6bd7c5,6334998d-1e87-4e3d-a5d6-b0e61c6c0333,4,8,100,no
75579f18-65d8-4c61-9a92-fe51ea6bd7c5,6334998d-1e87-4e3d-a5d6-b0e61c6c0333,5,8,100,no
75579f18-65d8-4c61-9a92-fe51ea6bd7c5,6334998d-1e87-4e3d-a5d6-b0e61c6c0333,6,8,100,no
75579f18-65d8-4c61-9a92-fe51ea6bd7c5,6334998d-1e87-4e3d-a5d6-b0e61c6c0333,7,8,100,no
75579f18-65d8-4c61-9a92-fe51ea6bd7c5,6334998d-1e87-4e3d-a5d6-b0e61c6c0333,0,8,full,no
75579f18-65d8-4c61-9a92-fe51ea6bd7c5,6334998d-1e87-4e3d-a5d6-b0e61c6c0333,1,8,full,no
75579f18-65d8-4c61-9a92-fe51ea6bd7c5,6334998d-1e87-4e3d-a5d6-b0e61c6c0333,2,8,full,no
75579f18-65d8-4c61-9a92-fe51ea6bd7c5,6334998d-1e87-4e3d-a5d6-b0e61c6c0333,3,8,full,no
75579f18-65d8-4c61-9a92-fe51ea6bd7c5,6334998d-1e87-4e3d-a5d6-b0e61c6c0333,4,8,full,no
75579f18-65d8-4c61-9a92-fe51ea6bd7c5,6334998d-1e87-4e3d-a5d6-b0e61c6c0333,5,8,full,no
75579f18-65d8-4c61-9a92-fe51ea6bd7c5,6334998d-1e87-4e3d-a5d6-b0e61c6c0333,6,8,full,no
75579f18-65d8-4c61-9a92-fe51ea6bd7c5,6334998d-1e87-4e3d-a5d6-b0e61c6c0333,7,8,full,no
7ef16b49-a940-4b03-ba4b-d49f1bbaf599,1ddacce1-fc4f-45d7-aef0-f53c972caf5c,0,8,10,no
7ef16b49-a940-4b03-ba4b-d49f1bbaf599,1ddacce1-fc4f-45d7-aef0-f53c972caf5c,1,8,10,no
7ef16b49-a940-4b03-ba4b-d49f1bbaf599,1ddacce1-fc4f-45d7-aef0-f53c972caf5c,2,8,10,no
7ef16b49-a940-4b03-ba4b-d49f1bbaf599,1ddacce1-fc4f-45d7-aef0-f53c972caf5c,3,8,10,no
7ef16b49-a940-4b03-ba4b-d49f1bbaf599,1ddacce1-fc4f-45d7-aef0-f53c972caf5c,4,8,10,no
7ef16b49-a940-4b03-ba4b-d49f1bbaf599,1ddacce1-fc4f-45d7-aef0-f53c972caf5c,5,8,10,no
7ef16b49-a940-4b03-ba4b-d49f1bbaf599,1ddacce1-fc4f-45d7-aef0-f53c972caf5c,6,8,10,no
7ef16b49-a940-4b03-ba4b-d49f1bbaf599,1ddacce1-fc4f-45d7-aef0-f53c972caf5c,7,8,10,no
7ef16b49-a940-4b03-ba4b-d49f1bbaf599,1ddacce1-fc4f-45d7-aef0-f53c972caf5c,0,8,50,no
7ef16b49-a940-4b03-ba4b-d49f1bbaf599,1ddacce1-fc4f-45d7-aef0-f53c972caf5c,1,8,50,no
7ef16b49-a940-4b03-ba4b-d49f1bbaf599,1ddacce1-fc4f-45d7-aef0-f53c972caf5c,2,8,50,no
7ef16b49-a940-4b03-ba4b-d49f1bbaf599,1ddacce1-fc4f-45d7-aef0-f53c972caf5c,3,8,50,no
7ef16b49-a940-4b03-ba4b-d49f1bbaf599,1ddacce1-fc4f-45d7-aef0-f53c972caf5c,4,8,50,no
7ef16b49-a940-4b03-ba4b-d49f1bbaf599,1ddacce1-fc4f-45d7-aef0-f53c972caf5c,5,8,50,no
7ef16b49-a940-4b03-ba4b-d49f1bbaf599,1ddacce1-fc4f-45d7-aef0-f53c972caf5c,6,8,50,no
7ef16b49-a940-4b03-ba4b-d49f1bbaf599,1ddacce1-fc4f-45d7-aef0-f53c972caf5c,7,8,50,no
7ef16b49-a940-4b03-ba4b-d49f1bbaf599,1ddacce1-fc4f-45d7-aef0-f53c972caf5c,0,8,100,no
7ef16b49-a940-4b03-ba4b-d49f1bbaf599,1ddacce1-fc4f-45d7-aef0-f53c972caf5c,1,8,100,no
7ef16b49-a940-4b03-ba4b-d49f1bbaf599,1ddacce1-fc4f-45d7-aef0-f53c972caf5c,2,8,100,no
7ef16b49-a940-4b03-ba4b-d49f1bbaf599,1ddacce1-fc4f-45d7-aef0-f53c972caf5c,3,8,100,no
7ef16b49-a940-4b03-ba4b-d49f1bbaf599,1ddacce1-fc4f-45d7-aef0-f53c972caf5c,4,8,100,no
7ef16b49-a940-4b03-ba4b-d49f1bbaf599,1ddacce1-fc4f-45d7-aef0-f53c972caf5c,5,8,100,no
7ef16b49-a940-4b03-ba4b-d49f1bbaf599,1ddacce1-fc4f-45d7-aef0-f53c972caf5c,6,8,100,no
7ef16b49-a940-4b03-ba4b-d49f1bbaf599,1ddacce1-fc4f-45d7-aef0-f53c972caf5c,7,8,100,no
7ef16b49-a940-4b03-ba4b-d49f1bbaf599,1ddacce1-fc4f-45d7-aef0-f53c972caf5c,0,8,full,no
7ef16b49-a940-4b03-ba4b-d49f1bbaf599,1ddacce1-fc4f-45d7-aef0-f53c972caf5c,1,8,full,no
7ef16b49-a940-4b03-ba4b-d49f1bbaf599,1ddacce1-fc4f-45d7-aef0-f53c972caf5c,2,8,full,no
7ef16b49-a940-4b03-ba4b-d49f1bbaf599,1ddacce1-fc4f-45d7-aef0-f53c972caf5c,3,8,full,no
7ef16b49-a940-4b03-ba4b-d49f1bbaf599,1ddacce1-fc4f-45d7-aef0-f53c972caf5c,4,8,full,no
7ef16b49-a940-4b03-ba4b-d49f1bbaf599,1ddacce1-fc4f-45d7-aef0-f53c972caf5c,5,8,full,no
7ef16b49-a940-4b03-ba4b-d49f1bbaf599,1ddacce1-fc4f-45d7-aef0-f53c972caf5c,6,8,full,no
7ef16b49-a940-4b03-ba4b-d49f1bbaf599,1ddacce1-fc4f-45d7-aef0-f53c972caf5c,7,8,full,no
887bf991-5683-4bfb-8e38-09e2d344a333,bc439237-b3f3-4e0f-95c2-f03048006564,0,10,10,no
887bf991-5683-4bfb-8e38-09e2d344a333,bc439237-b3f3-4e0f-95c2-f03048006564,1,10,10,no
887bf991-5683-4bfb-8e38-09e2d344a333,bc439237-b3f3-4e0f-95c2-f03048006564,2,10,10,no
887bf991-5683-4bfb-8e38-09e2d344a333,bc439237-b3f3-4e0f-95c2-f03048006564,3,10,10,no
887bf991-5683-4bfb-8e38-09e2d344a333,bc439237-b3f3-4e0f-95c2-f03048006564,4,10,10,no
887bf991-5683-4bfb-8e38-09e2d344a333,bc439237-b3f3-4e0f-95c2-f03048006564,5,10,10,no
887bf991-5683-4bfb-8e38-09e2d344a333,bc439237-b3f3-4e0f-95c2-f03048006564,6,10,10,no
887bf991-5683-4bfb-8e38-09e2d344a333,bc439237-b3f3-4e0f-95c2-f03048006564,7,10,10,yes
887bf991-5683-4bfb-8e38-09e2d344a333,bc439237-b3f3-4e0f-95c2-f03048006564,8,10,10,no
887bf991-5683-4bfb-8e38-09e2d344a333,bc439237-b3f3-4e0f-95c2-f03048006564,9,10,10,yes
887bf991-5683-4bfb-8e38-09e2d344a333,bc439237-b3f3-4e0f-95c2-f03048006564,0,10,50,no
887bf991-5683-4bfb-8e38-09e2d344a333,bc439237-b3f3-4e0f-95c2-f03048006564,1,10,50,no
887bf991-5683-4bfb-8e38-09e2d344a333,bc439237-b3f3-4e0f-95c2-f03048006564,2,10,50,no
887bf991-5683-4bfb-8e38-09e2d344a333,bc439237-b3f3-4e0f-95c2-f03048006564,3,10,50,no
887bf991-5683-4bfb-8e38-09e2d344a333,bc439237-b3f3-4e0f-95c2-f03048006564,4,10,50,no
887bf991-5683-4bfb-8e38-09e2d344a333,bc439237-b3f3-4e0f-95c2-f03048006564,5,10,50,no
887bf991-5683-4bfb-8e38-09e2d344a333,bc439237-b3f3-4e0f-95c2-f03048006564,6,10,50,yes
887bf991-5683-4bfb-8e38-09e2d344a333,bc439237-b3f3-4e0f-95c2-f03048006564,7,10,50,no
887bf991-5683-4bfb-8e38-09e2d344a333,bc439237-b3f3-4e0f-95c2-f03048006564,8,10,50,no
887bf991-5683-4bfb-8e38-09e2d344a333,bc439237-b3f3-4e0f-95c2-f03048006564,9,10,50,no
887bf991-5683-4bfb-8e38-09e2d344a333,bc439237-b3f3-4e0f-95c2-f03048006564,0,10,100,no
887bf991-5683-4bfb-8e38-09e2d344a333,bc439237-b3f3-4e0f-95c2-f03048006564,1,10,100,no
887bf991-5683-4bfb-8e38-09e2d344a333,bc439237-b3f3-4e0f-95c2-f03048006564,2,10,100,no
887bf991-5683-4bfb-8e38-09e2d344a333,bc439237-b3f3-4e0f-95c2-f03048006564,3,10,100,no
887bf991-5683-4bfb-8e38-09e2d344a333,bc439237-b3f3-4e0f-95c2-f03048006564,4,10,100,no
887bf991-5683-4bfb-8e38-09e2d344a333,bc439237-b3f3-4e0f-95c2-f03048006564,5,10,100,no
887bf991-5683-4bfb-8e38-09e2d344a333,bc439237-b3f3-4e0f-95c2-f03048006564,6,10,100,no
887bf991-5683-4bfb-8e38-09e2d344a333,bc439237-b3f3-4e0f-95c2-f03048006564,7,10,100,no
887bf991-5683-4bfb-8e38-09e2d344a333,bc439237-b3f3-4e0f-95c2-f03048006564,8,10,100,no
887bf991-5683-4bfb-8e38-09e2d344a333,bc439237-b3f3-4e0f-95c2-f03048006564,9,10,100,no
887bf991-5683-4bfb-8e38-09e2d344a333,bc439237-b3f3-4e0f-95c2-f03048006564,0,10,full,no
887bf991-5683-4bfb-8e38-09e2d344a333,bc439237-b3f3-4e0f-95c2-f03048006564,1,10,full,no
887bf991-5683-4bfb-8e38-09e2d344a333,bc439237-b3f3-4e0f-95c2-f03048006564,2,10,full,no
887bf991-5683-4bfb-8e38-09e2d344a333,bc439237-b3f3-4e0f-95c2-f03048006564,3,10,full,no
887bf991-5683-4bfb-8e38-09e2d344a333,bc439237-b3f3-4e0f-95c2-f03048006564,4,10,full,no
887bf991-5683-4bfb-8e38-09e2d344a333,bc439237-b3f3-4e0f-95c2-f03048006564,5,10,full,no
887bf991-5683-4bfb-8e38-09e2d344a333,bc439237-b3f3-4e0f-95c2-f03048006564,6,10,full,no
887bf991-5683-4bfb-8e38-09e2d344a333,bc439237-b3f3-4e0f-95c2-f03048006564,7,10,full,no
887bf991-5683-4bfb-8e38-09e2d344a333,bc439237-b3f3-4e0f-95c2-f03048006564,8,10,full,no
887bf991-5683-4bfb-8e38-09e2d344a333,bc439237-b3f3-4e0f-95c2-f03048006564,9,10,full,no
887bf991-5683-4bfb-8e38-09e2d344a333,fb3b51aa-f6e2-45ab-bef8-9c83b0ef5d60,0,10,10,no
887bf991-5683-4bfb-8e38-09e2d344a333,fb3b51aa-f6e2-45ab-bef8-9c83b0ef5d60,1,10,10,no
887bf991-5683-4bfb-8e38-09e2d344a333,fb3b51aa-f6e2-45ab-bef8-9c83b0ef5d60,2,10,10,no
887bf991-5683-4bfb-8e38-09e2d344a333,fb3b51aa-f6e2-45ab-bef8-9c83b0ef5d60,3,10,10,no
887bf991-5683-4bfb-8e38-09e2d344a333,fb3b51aa-f6e2-45ab-bef8-9c83b0ef5d60,4,10,10,no
887bf991-5683-4bfb-8e38-09e2d344a333,fb3b51aa-f6e2-45ab-bef8-9c83b0ef5d60,5,10,10,yes
887bf991-5683-4bfb-8e38-09e2d344a333,fb3b51aa-f6e2-45ab-bef8-9c83b0ef5d60,6,10,10,no
887bf991-5683-4bfb-8e38-09e2d344a333,fb3b51aa-f6e2-45ab-bef8-9c83b0ef5d60,7,10,10,no
887bf991-5683-4bfb-8e38-09e2d344a333,fb3b51aa-f6e2-45ab-bef8-9c83b0ef5d60,8,10,10,yes
887bf991-5683-4bfb-8e38-09e2d344a333,fb3b51aa-f6e2-45ab-bef8-9c83b0ef5d60,9,10,10,no
887bf991-5683-4bfb-8e38-09e2d344a333,fb3b51aa-f6e2-45ab-bef8-9c83b0ef5d60,0,10,50,no
887bf991-5683-4bfb-8e38-09e2d344a333,fb3b51aa-f6e2-45ab-bef8-9c83b0ef5d60,1,10,50,yes
887bf991-5683-4bfb-8e38-09e2d344a333,fb3b51aa-f6e2-45ab-bef8-9c83b0ef5d60,2,10,50,no
887bf991-5683-4bfb-8e38-09e2d344a333,fb3b51aa-f6e2-45ab-bef8-9c83b0ef5d60,3,10,50,no
887bf991-5683-4bfb-8e38-09e2d344a333,fb3b51aa-f6e2-45ab-bef8-9c83b0ef5d60,4,10,50,yes
887bf991-5683-4bfb-8e38-09e2d344a333,fb3b51aa-f6e2-45ab-bef8-9c83b0ef5d60,5,10,50,no
887bf991-5683-4bfb-8e38-09e2d344a333,fb3b51aa-f6e2-45ab-bef8-9c83b0ef5d60,6,10,50,no
887bf991-5683-4bfb-8e38-09e2d344a333,fb3b51aa-f6e2-45ab-bef8-9c83b0ef5d60,7,10,50,no
887bf991-5683-4bfb-8e38-09e2d344a333,fb3b51aa-f6e2-45ab-bef8-9c83b0ef5d60,8,10,50,no
887bf991-5683-4bfb-8e38-09e2d344a333,fb3b51aa-f6e2-45ab-bef8-9c83b0ef5d60,9,10,50,no
887bf991-5683-4bfb-8e38-09e2d344a333,fb3b51aa-f6e2-45ab-bef8-9c83b0ef5d60,0,10,100,no
887bf991-5683-4bfb-8e38-09e2d344a333,fb3b51aa-f6e2-45ab-bef8-9c83b0ef5d60,1,10,100,no
887bf991-5683-4bfb-8e38-09e2d344a333,fb3b51aa-f6e2-45ab-bef8-9c83b0ef5d60,2,10,100,no
887bf991-5683-4bfb-8e38-09e2d344a333,fb3b51aa-f6e2-45ab-bef8-9c83b0ef5d60,3,10,100,no
887bf991-5683-4bfb-8e38-09e2d344a333,fb3b51aa-f6e2-45ab-bef8-9c83b0ef5d60,4,10,100,no
887bf991-5683-4bfb-8e38-09e2d344a333,fb3b51aa-f6e2-45ab-bef8-9c83b0ef5d60,5,10,100,no
887bf991-5683-4bfb-8e38-09e2d344a333,fb3b51aa-f6e2-45ab-bef8-9c83b0ef5d60,6,10,100,no
887bf991-5683-4bfb-8e38-09e2d344a333,fb3b51aa-f6e2-45ab-bef8-9c83b0ef5d60,7,10,100,no
887bf991-5683-4bfb-8e38-09e2d344a333,fb3b51aa-f6e2-45ab-bef8-9c83b0ef5d60,8,10,100,no
887bf991-5683-4bfb-8e38-09e2d344a333,fb3b51aa-f6e2-45ab-bef8-9c83b0ef5d60,9,10,100,no
887bf991-5683-4bfb-8e38-09e2d344a333,fb3b51aa-f6e2-45ab-bef8-9c83b0ef5d60,0,10,full,no
887bf991-5683-4bfb-8e38-09e2d344a333,fb3b51aa-f6e2-45ab-bef8-9c83b0ef5d60,1,10,full,no
887bf991-5683-4bfb-8e38-09e2d344a333,fb3b51aa-f6e2-45ab-bef8-9c83b0ef5d60,2,10,full,no
887bf991-5683-4bfb-8e38-09e2d344a333,fb3b51aa-f6e2-45ab-bef8-9c83b0ef5d60,3,10,full,no
887bf991-5683-4bfb-8e38-09e2d344a333,fb3b51aa-f6e2-45ab-bef8-9c83b0ef5d60,4,10,full,no
887bf991-5683-4bfb-8e38-09e2d344a333,fb3b51aa-f6e2-45ab-bef8-9c83b0ef5d60,5,10,full,no
887bf991-5683-4bfb-8e38-09e2d344a333,fb3b51aa-f6e2-45ab-bef8-9c83b0ef5d60,6,10,full,no
887bf991-5683-4bfb-8e38-09e2d344a333,fb3b51aa-f6e2-45ab-bef8-9c83b0ef5d60,7,10,full,no
887bf991-5683-4bfb-8e38-09e2d344a333,fb3b51aa-f6e2-45ab-bef8-9c83b0ef5d60,8,10,full,no
887bf991-5683-4bfb-8e38-09e2d344a333,fb3b51aa-f6e2-45ab-bef8-9c83b0ef5d60,9,10,full,no
e9f94805-e0ba-430d-ab6d-eb022ce9e6d5,9b6b74aa-de3c-46ea-a42c-df737ab824ae,0,10,10,yes
e9f94805-e0ba-430d-ab6d-eb022ce9e6d5,9b6b74aa-de3c-46ea-a42c-df737ab824ae,1,10,10,no
e9f94805-e0ba-430d-ab6d-eb022ce9e6d5,9b6b74aa-de3c-46ea-a42c-df737ab824ae,2,10,10,no
e9f94805-e0ba-430d-ab6d-eb022ce9e6d5,9b6b74aa-de3c-46ea-a42c-df737ab824ae,3,10,10,no
e9f94805-e0ba-430d-ab6d-eb022ce9e6d5,9b6b74aa-de3c-46ea-a42c-df737ab824ae,4,10,10,no
e9f94805-e0ba-430d-ab6d-eb022ce9e6d5,9b6b74aa-de3c-46ea-a42c-df737ab824ae,5,10,10,no
e9f94805-e0ba-430d-ab6d-eb022ce9e6d5,9b6b74aa-de3c-46ea-a42c-df737ab824ae,6,10,10,no
e9f94805-e0ba-430d-ab6d-eb022ce9e6d5,9b6b74aa-de3c-46ea-a42c-df737ab824ae,7,10,10,no
e9f94805-e0ba-430d-ab6d-eb022ce9e6d5,9b6b74aa-de3c-46ea-a42c-df737ab824ae,8,10,10,no
e9f94805-e0ba-430d-ab6d-eb022ce9e6d5,9b6b74aa-de3c-46ea-a42c-df737ab824ae,0,10,50,yes
e9f94805-e0ba-430d-ab6d-eb022ce9e6d5,9b6b74aa-de3c-46ea-a42c-df737ab824ae,1,10,50,no
e9f94805-e0ba-430d-ab6d-eb022ce9e6d5,9b6b74aa-de3c-46ea-a42c-df737ab824ae,2,10,50,no
e9f94805-e0ba-430d-ab6d-eb022ce9e6d5,9b6b74aa-de3c-46ea-a42c-df737ab824ae,3,10,50,no
e9f94805-e0ba-430d-ab6d-eb022ce9e6d5,9b6b74aa-de3c-46ea-a42c-df737ab824ae,4,10,50,no
e9f94805-e0ba-430d-ab6d-eb022ce9e6d5,9b6b74aa-de3c-46ea-a42c-df737ab824ae,5,10,50,no
e9f94805-e0ba-430d-ab6d-eb022ce9e6d5,9b6b74aa-de3c-46ea-a42c-df737ab824ae,6,10,50,no
e9f94805-e0ba-430d-ab6d-eb022ce9e6d5,9b6b74aa-de3c-46ea-a42c-df737ab824ae,7,10,50,no
e9f94805-e0ba-430d-ab6d-eb022ce9e6d5,9b6b74aa-de3c-46ea-a42c-df737ab824ae,8,10,50,no
e9f94805-e0ba-430d-ab6d-eb022ce9e6d5,9b6b74aa-de3c-46ea-a42c-df737ab824ae,0,10,100,no
e9f94805-e0ba-430d-ab6d-eb022ce9e6d5,9b6b74aa-de3c-46ea-a42c-df737ab824ae,1,10,100,no
e9f94805-e0ba-430d-ab6d-eb022ce9e6d5,9b6b74aa-de3c-46ea-a42c-df737ab824ae,2,10,100,no
e9f94805-e0ba-430d-ab6d-eb022ce9e6d5,9b6b74aa-de3c-46ea-a42c-df737ab824ae,3,10,100,no
e9f94805-e0ba-430d-ab6d-eb022ce9e6d5,9b6b74aa-de3c-46ea-a42c-df737ab824ae,4,10,100,no
e9f94805-e0ba-430d-ab6d-eb022ce9e6d5,9b6b74aa-de3c-46ea-a42c-df737ab824ae,5,10,100,no
e9f94805-e0ba-430d-ab6d-eb022ce9e6d5,9b6b74aa-de3c-46ea-a42c-df737ab824ae,6,10,100,no
e9f94805-e0ba-430d-ab6d-eb022ce9e6d5,9b6b74aa-de3c-46ea-a42c-df737ab824ae,7,10,100,no
e9f94805-e0ba-430d-ab6d-eb022ce9e6d5,9b6b74aa-de3c-46ea-a42c-df737ab824ae,8,10,100,no
e9f94805-e0ba-430d-ab6d-eb022ce9e6d5,9b6b74aa-de3c-46ea-a42c-df737ab824ae,0,10,full,no
e9f94805-e0ba-430d-ab6d-eb022ce9e6d5,9b6b74aa-de3c-46ea-a42c-df737ab824ae,1,10,full,no
e9f94805-e0ba-430d-ab6d-eb022ce9e6d5,9b6b74aa-de3c-46ea-a42c-df737ab824ae,2,10,full,no
e9f94805-e0ba-430d-ab6d-eb022ce9e6d5,9b6b74aa-de3c-46ea-a42c-df737ab824ae,3,10,full,no
e9f94805-e0ba-430d-ab6d-eb022ce9e6d5,9b6b74aa-de3c-46ea-a42c-df737ab824ae,4,10,full,no
e9f94805-e0ba-430d-ab6d-eb022ce9e6d5,9b6b74aa-de3c-46ea-a42c-df737ab824ae,5,10,full,no
e9f94805-e0ba-430d-ab6d-eb022ce9e6d5,9b6b74aa-de3c-46ea-a42c-df737ab824ae,6,10,full,no
e9f94805-e0ba-430d-ab6d-eb022ce9e6d5,9b6b74aa-de3c-46ea-a42c-df737ab824ae,7,10,full,no
e9f94805-e0ba-430d-ab6d-eb022ce9e6d5,9b6b74aa-de3c-46ea-a42c-df737ab824ae,8,10,full,no
e9f94805-e0ba-430d-ab6d-eb022ce9e6d5,21b95281-18e7-45df-814b-70635dc55764,0,10,10,no
e9f94805-e0ba-430d-ab6d-eb022ce9e6d5,21b95281-18e7-45df-814b-70635dc55764,1,10,10,no
e9f94805-e0ba-430d-ab6d-eb022ce9e6d5,21b95281-18e7-45df-814b-70635dc55764,2,10,10,yes
e9f94805-e0ba-430d-ab6d-eb022ce9e6d5,21b95281-18e7-45df-814b-70635dc55764,3,10,10,yes
e9f94805-e0ba-430d-ab6d-eb022ce9e6d5,21b95281-18e7-45df-814b-70635dc55764,4,10,10,no
e9f94805-e0ba-430d-ab6d-eb022ce9e6d5,21b95281-18e7-45df-814b-70635dc55764,5,10,10,no
e9f94805-e0ba-430d-ab6d-eb022ce9e6d5,21b95281-18e7-45df-814b-70635dc55764,6,10,10,no
e9f94805-e0ba-430d-ab6d-eb022ce9e6d5,21b95281-18e7-45df-814b-70635dc55764,7,10,10,yes
e9f94805-e0ba-430d-ab6d-eb022ce9e6d5,21b95281-18e7-45df-814b-70635dc55764,9,10,10,no
e9f94805-e0ba-430d-ab6d-eb022ce9e6d5,21b95281-18e7-45df-814b-70635dc55764,0,10,50,no
e9f94805-e0ba-430d-ab6d-eb022ce9e6d5,21b95281-18e7-45df-814b-70635dc55764,1,10,50,no
e9f94805-e0ba-430d-ab6d-eb022ce9e6d5,21b95281-18e7-45df-814b-70635dc55764,2,10,50,yes
e9f94805-e0ba-430d-ab6d-eb022ce9e6d5,21b95281-18e7-45df-814b-70635dc55764,3,10,50,no
e9f94805-e0ba-430d-ab6d-eb022ce9e6d5,21b95281-18e7-45df-814b-70635dc55764,4,10,50,no
e9f94805-e0ba-430d-ab6d-eb022ce9e6d5,21b95281-18e7-45df-814b-70635dc55764,5,10,50,no
e9f94805-e0ba-430d-ab6d-eb022ce9e6d5,21b95281-18e7-45df-814b-70635dc55764,6,10,50,no
e9f94805-e0ba-430d-ab6d-eb022ce9e6d5,21b95281-18e7-45df-814b-70635dc55764,7,10,50,no
e9f94805-e0ba-430d-ab6d-eb022ce9e6d5,21b95281-18e7-45df-814b-70635dc55764,9,10,50,no
e9f94805-e0ba-430d-ab6d-eb022ce9e6d5,21b95281-18e7-45df-814b-70635dc55764,0,10,100,no
e9f94805-e0ba-430d-ab6d-eb022ce9e6d5,21b95281-18e7-45df-814b-70635dc55764,1,10,100,no
e9f94805-e0ba-430d-ab6d-eb022ce9e6d5,21b95281-18e7-45df-814b-70635dc55764,2,10,100,no
e9f94805-e0ba-430d-ab6d-eb022ce9e6d5,21b95281-18e7-45df-814b-70635dc55764,3,10,100,no
e9f94805-e0ba-430d-ab6d-eb022ce9e6d5,21b95281-18e7-45df-814b-70635dc55764,4,10,100,no
e9f94805-e0ba-430d-ab6d-eb022ce9e6d5,21b95281-18e7-45df-814b-70635dc55764,5,10,100,no
e9f94805-e0ba-430d-ab6d-eb022ce9e6d5,21b95281-18e7-45df-814b-70635dc55764,6,10,100,no
e9f94805-e0ba-430d-ab6d-eb022ce9e6d5,21b95281-18e7-45df-814b-70635dc55764,7,10,100,no
e9f94805-e0ba-430d-ab6d-eb022ce9e6d5,21b95281-18e7-45df-814b-70635dc55764,9,10,100,no
e9f94805-e0ba-430d-ab6d-eb022ce9e6d5,21b95281-18e7-45df-814b-70635dc55764,0,10,full,no
e9f94805-e0ba-430d-ab6d-eb022ce9e6d5,21b95281-18e7-45df-814b-70635dc55764,1,10,full,no
e9f94805-e0ba-430d-ab6d-eb022ce9e6d5,21b95281-18e7-45df-814b-70635dc55764,2,10,full,no
e9f94805-e0ba-430d-ab6d-eb022ce9e6d5,21b95281-18e7-45df-814b-70635dc55764,3,10,full,no
e9f94805-e0ba-430d-ab6d-eb022ce9e6d5,21b95281-18e7-45df-814b-70635dc55764,4,10,full,no
e9f94805-e0ba-430d-ab6d-eb022ce9e6d5,21b95281-18e7-45df-814b-70635dc55764,5,10,full,no
e9f94805-e0ba-430d-ab6d-eb022ce9e6d5,21b95281-18e7-45df-814b-70635dc55764,6,10,full,no
e9f94805-e0ba-430d-ab6d-eb022ce9e6d5,21b95281-18e7-45df-814b-70635dc55764,7,10,full,no
e9f94805-e0ba-430d-ab6d-eb022ce9e6d5,21b95281-18e7-45df-814b-70635dc55764,9,10,full,no
aafdc19e-7c35-4413-8c84-5e70a28b0c97,23573a99-b1bb-4faa-95ef-f68ba1972596,0,10,10,no
aafdc19e-7c35-4413-8c84-5e70a28b0c97,23573a99-b1bb-4faa-95ef-f68ba1972596,1,10,10,no
aafdc19e-7c35-4413-8c84-5e70a28b0c97,23573a99-b1bb-4faa-95ef-f68ba1972596,2,10,10,no
aafdc19e-7c35-4413-8c84-5e70a28b0c97,23573a99-b1bb-4faa-95ef-f68ba1972596,3,10,10,no
aafdc19e-7c35-4413-8c84-5e70a28b0c97,23573a99-b1bb-4faa-95ef-f68ba1972596,4,10,10,no
aafdc19e-7c35-4413-8c84-5e70a28b0c97,23573a99-b1bb-4faa-95ef-f68ba1972596,5,10,10,no
aafdc19e-7c35-4413-8c84-5e70a28b0c97,23573a99-b1bb-4faa-95ef-f68ba1972596,6,10,10,no
aafdc19e-7c35-4413-8c84-5e70a28b0c97,23573a99-b1bb-4faa-95ef-f68ba1972596,7,10,10,no
aafdc19e-7c35-4413-8c84-5e70a28b0c97,23573a99-b1bb-4faa-95ef-f68ba1972596,8,10,10,yes
aafdc19e-7c35-4413-8c84-5e70a28b0c97,23573a99-b1bb-4faa-95ef-f68ba1972596,9,10,10,no
aafdc19e-7c35-4413-8c84-5e70a28b0c97,23573a99-b1bb-4faa-95ef-f68ba1972596,0,10,50,no
aafdc19e-7c35-4413-8c84-5e70a28b0c97,23573a99-b1bb-4faa-95ef-f68ba1972596,1,10,50,yes
aafdc19e-7c35-4413-8c84-5e70a28b0c97,23573a99-b1bb-4faa-95ef-f68ba1972596,2,10,50,no
aafdc19e-7c35-4413-8c84-5e70a28b0c97,23573a99-b1bb-4faa-95ef-f68ba1972596,3,10,50,no
aafdc19e-7c35-4413-8c84-5e70a28b0c97,23573a99-b1bb-4faa-95ef-f68ba1972596,4,10,50,yes
aafdc19e-7c35-4413-8c84-5e70a28b0c97,23573a99-b1bb-4faa-95ef-f68ba1972596,5,10,50,no
aafdc19e-7c35-4413-8c84-5e70a28b0c97,23573a99-b1bb-4faa-95ef-f68ba1972596,6,10,50,no
aafdc19e-7c35-4413-8c84-5e70a28b0c97,23573a99-b1bb-4faa-95ef-f68ba1972596,7,10,50,no
aafdc19e-7c35-4413-8c84-5e70a28b0c97,23573a99-b1bb-4faa-95ef-f68ba1972596,8,10,50,no
aafdc19e-7c35-4413-8c84-5e70a28b0c97,23573a99-b1bb-4faa-95ef-f68ba1972596,9,10,50,no
aafdc19e-7c35-4413-8c84-5e70a28b0c97,23573a99-b1bb-4faa-95ef-f68ba1972596,0,10,100,yes
aafdc19e-7c35-4413-8c84-5e70a28b0c97,23573a99-b1bb-4faa-95ef-f68ba1972596,1,10,100,no
aafdc19e-7c35-4413-8c84-5e70a28b0c97,23573a99-b1bb-4faa-95ef-f68ba1972596,2,10,100,no
aafdc19e-7c35-4413-8c84-5e70a28b0c97,23573a99-b1bb-4faa-95ef-f68ba1972596,3,10,100,no
aafdc19e-7c35-4413-8c84-5e70a28b0c97,23573a99-b1bb-4faa-95ef-f68ba1972596,4,10,100,no
aafdc19e-7c35-4413-8c84-5e70a28b0c97,23573a99-b1bb-4faa-95ef-f68ba1972596,5,10,100,no
aafdc19e-7c35-4413-8c84-5e70a28b0c97,23573a99-b1bb-4faa-95ef-f68ba1972596,6,10,100,no
aafdc19e-7c35-4413-8c84-5e70a28b0c97,23573a99-b1bb-4faa-95ef-f68ba1972596,7,10,100,no
aafdc19e-7c35-4413-8c84-5e70a28b0c97,23573a99-b1bb-4faa-95ef-f68ba1972596,8,10,100,no
aafdc19e-7c35-4413-8c84-5e70a28b0c97,23573a99-b1bb-4faa-95ef-f68ba1972596,9,10,100,no
aafdc19e-7c35-4413-8c84-5e70a28b0c97,23573a99-b1bb-4faa-95ef-f68ba1972596,0,10,full,yes
aafdc19e-7c35-4413-8c84-5e70a28b0c97,23573a99-b1bb-4faa-95ef-f68ba1972596,1,10,full,no
aafdc19e-7c35-4413-8c84-5e70a28b0c97,23573a99-b1bb-4faa-95ef-f68ba1972596,2,10,full,no
aafdc19e-7c35-4413-8c84-5e70a28b0c97,23573a99-b1bb-4faa-95ef-f68ba1972596,3,10,full,no
aafdc19e-7c35-4413-8c84-5e70a28b0c97,23573a99-b1bb-4faa-95ef-f68ba1972596,4,10,full,no
aafdc19e-7c35-4413-8c84-5e70a28b0c97,23573a99-b1bb-4faa-95ef-f68ba1972596,5,10,full,no
aafdc19e-7c35-4413-8c84-5e70a28b0c97,23573a99-b1bb-4faa-95ef-f68ba1972596,6,10,full,no
aafdc19e-7c35-4413-8c84-5e70a28b0c97,23573a99-b1bb-4faa-95ef-f68ba1972596,7,10,full,no
aafdc19e-7c35-4413-8c84-5e70a28b0c97,23573a99-b1bb-4faa-95ef-f68ba1972596,8,10,full,no
aafdc19e-7c35-4413-8c84-5e70a28b0c97,23573a99-b1bb-4faa-95ef-f68ba1972596,9,10,full,no
aafdc19e-7c35-4413-8c84-5e70a28b0c97,fa867e00-8cfe-4e59-8b20-5657746c407f,0,10,10,no
aafdc19e-7c35-4413-8c84-5e70a28b0c97,fa867e00-8cfe-4e59-8b20-5657746c407f,1,10,10,no
aafdc19e-7c35-4413-8c84-5e70a28b0c97,fa867e00-8cfe-4e59-8b20-5657746c407f,2,10,10,yes
aafdc19e-7c35-4413-8c84-5e70a28b0c97,fa867e00-8cfe-4e59-8b20-5657746c407f,3,10,10,no
aafdc19e-7c35-4413-8c84-5e70a28b0c97,fa867e00-8cfe-4e59-8b20-5657746c407f,4,10,10,no
aafdc19e-7c35-4413-8c84-5e70a28b0c97,fa867e00-8cfe-4e59-8b20-5657746c407f,5,10,10,no
aafdc19e-7c35-4413-8c84-5e70a28b0c97,fa867e00-8cfe-4e59-8b20-5657746c407f,6,10,10,no
aafdc19e-7c35-4413-8c84-5e70a28b0c97,fa867e00-8cfe-4e59-8b20-5657746c407f,7,10,10,no
aafdc19e-7c35-4413-8c84-5e70a28b0c97,fa867e00-8cfe-4e59-8b20-5657746c407f,8,10,10,no
aafdc19e-7c35-4413-8c84-5e70a28b0c97,fa867e00-8cfe-4e59-8b20-5657746c407f,9,10,10,yes
aafdc19e-7c35-4413-8c84-5e70a28b0c97,fa867e00-8cfe-4e59-8b20-5657746c407f,0,10,50,no
aafdc19e-7c35-4413-8c84-5e70a28b0c97,fa867e00-8cfe-4e59-8b20-5657746c407f,1,10,50,no
aafdc19e-7c35-4413-8c84-5e70a28b0c97,fa867e00-8cfe-4e59-8b20-5657746c407f,2,10,50,no
aafdc19e-7c35-4413-8c84-5e70a28b0c97,fa867e00-8cfe-4e59-8b20-5657746c407f,3,10,50,no
aafdc19e-7c35-4413-8c84-5e70a28b0c97,fa867e00-8cfe-4e59-8b20-5657746c407f,4,10,50,yes
aafdc19e-7c35-4413-8c84-5e70a28b0c97,fa867e00-8cfe-4e59-8b20-5657746c407f,5,10,50,no
aafdc19e-7c35-4413-8c84-5e70a28b0c97,fa867e00-8cfe-4e59-8b20-5657746c407f,6,10,50,no
aafdc19e-7c35-4413-8c84-5e70a28b0c97,fa867e00-8cfe-4e59-8b20-5657746c407f,7,10,50,no
aafdc19e-7c35-4413-8c84-5e70a28b0c97,fa867e00-8cfe-4e59-8b20-5657746c407f,8,10,50,no
aafdc19e-7c35-4413-8c84-5e70a28b0c97,fa867e00-8cfe-4e59-8b20-5657746c407f,9,10,50,no
aafdc19e-7c35-4413-8c84-5e70a28b0c97,fa867e00-8cfe-4e59-8b20-5657746c407f,0,10,100,no
aafdc19e-7c35-4413-8c84-5e70a28b0c97,fa867e00-8cfe-4e59-8b20-5657746c407f,1,10,100,no
aafdc19e-7c35-4413-8c84-5e70a28b0c97,fa867e00-8cfe-4e59-8b20-5657746c407f,2,10,100,no
aafdc19e-7c35-4413-8c84-5e70a28b0c97,fa867e00-8cfe-4e59-8b20-5657746c407f,3,10,100,no
aafdc19e-7c35-4413-8c84-5e70a28b0c97,fa867e00-8cfe-4e59-8b20-5657746c407f,4,10,100,no
aafdc19e-7c35-4413-8c84-5e70a28b0c97,fa867e00-8cfe-4e59-8b20-5657746c407f,5,10,100,no
aafdc19e-7c35-4413-8c84-5e70a28b0c97,fa867e00-8cfe-4e59-8b20-5657746c407f,6,10,100,no
aafdc19e-7c35-4413-8c84-5e70a28b0c97,fa867e00-8cfe-4e59-8b20-5657746c407f,7,10,100,no
aafdc19e-7c35-4413-8c84-5e70a28b0c97,fa867e00-8cfe-4e59-8b20-5657746c407f,8,10,100,no
aafdc19e-7c35-4413-8c84-5e70a28b0c97,fa867e00-8cfe-4e59-8b20-5657746c407f,9,10,100,no
aafdc19e-7c35-4413-8c84-5e70a28b0c97,fa867e00-8cfe-4e59-8b20-5657746c407f,0,10,full,no
aafdc19e-7c35-4413-8c84-5e70a28b0c97,fa867e00-8cfe-4e59-8b20-5657746c407f,1,10,full,no
aafdc19e-7c35-4413-8c84-5e70a28b0c97,fa867e00-8cfe-4e59-8b20-5657746c407f,2,10,full,no
aafdc19e-7c35-4413-8c84-5e70a28b0c97,fa867e00-8cfe-4e59-8b20-5657746c407f,3,10,full,no
aafdc19e-7c35-4413-8c84-5e70a28b0c97,fa867e00-8cfe-4e59-8b20-5657746c407f,4,10,full,no
aafdc19e-7c35-4413-8c84-5e70a28b0c97,fa867e00-8cfe-4e59-8b20-5657746c407f,5,10,full,no
aafdc19e-7c35-4413-8c84-5e70a28b0c97,fa867e00-8cfe-4e59-8b20-5657746c407f,6,10,full,no
aafdc19e-7c35-4413-8c84-5e70a28b0c97,fa867e00-8cfe-4e59-8b20-5657746c407f,7,10,full,no
aafdc19e-7c35-4413-8c84-5e70a28b0c97,fa867e00-8cfe-4e59-8b20-5657746c407f,8,10,full,no
aafdc19e-7c35-4413-8c84-5e70a28b0c97,fa867e00-8cfe-4e59-8b20-5657746c407f,9,10,full,no
c7057de1-b64e-48ac-aafe-cc17cdd37556,2985aa49-a121-4450-bb65-431df00dfffc,0,10,10,no
c7057de1-b64e-48ac-aafe-cc17cdd37556,2985aa49-a121-4450-bb65-431df00dfffc,1,10,10,no
c7057de1-b64e-48ac-aafe-cc17cdd37556,2985aa49-a121-4450-bb65-431df00dfffc,2,10,10,no
c7057de1-b64e-48ac-aafe-cc17cdd37556,2985aa49-a121-4450-bb65-431df00dfffc,3,10,10,yes
c7057de1-b64e-48ac-aafe-cc17cdd37556,2985aa49-a121-4450-bb65-431df00dfffc,4,10,10,yes
c7057de1-b64e-48ac-aafe-cc17cdd37556,2985aa49-a121-4450-bb65-431df00dfffc,5,10,10,yes
c7057de1-b64e-48ac-aafe-cc17cdd37556,2985aa49-a121-4450-bb65-431df00dfffc,6,10,10,no
c7057de1-b64e-48ac-aafe-cc17cdd37556,2985aa49-a121-4450-bb65-431df00dfffc,7,10,10,no
c7057de1-b64e-48ac-aafe-cc17cdd37556,2985aa49-a121-4450-bb65-431df00dfffc,8,10,10,no
c7057de1-b64e-48ac-aafe-cc17cdd37556,2985aa49-a121-4450-bb65-431df00dfffc,9,10,10,yes
c7057de1-b64e-48ac-aafe-cc17cdd37556,2985aa49-a121-4450-bb65-431df00dfffc,0,10,50,no
c7057de1-b64e-48ac-aafe-cc17cdd37556,2985aa49-a121-4450-bb65-431df00dfffc,1,10,50,no
c7057de1-b64e-48ac-aafe-cc17cdd37556,2985aa49-a121-4450-bb65-431df00dfffc,2,10,50,yes
c7057de1-b64e-48ac-aafe-cc17cdd37556,2985aa49-a121-4450-bb65-431df00dfffc,3,10,50,no
c7057de1-b64e-48ac-aafe-cc17cdd37556,2985aa49-a121-4450-bb65-431df00dfffc,4,10,50,no
c7057de1-b64e-48ac-aafe-cc17cdd37556,2985aa49-a121-4450-bb65-431df00dfffc,5,10,50,no
c7057de1-b64e-48ac-aafe-cc17cdd37556,2985aa49-a121-4450-bb65-431df00dfffc,6,10,50,no
c7057de1-b64e-48ac-aafe-cc17cdd37556,2985aa49-a121-4450-bb65-431df00dfffc,7,10,50,no
c7057de1-b64e-48ac-aafe-cc17cdd37556,2985aa49-a121-4450-bb65-431df00dfffc,8,10,50,no
c7057de1-b64e-48ac-aafe-cc17cdd37556,2985aa49-a121-4450-bb65-431df00dfffc,9,10,50,no
c7057de1-b64e-48ac-aafe-cc17cdd37556,2985aa49-a121-4450-bb65-431df00dfffc,0,10,100,no
c7057de1-b64e-48ac-aafe-cc17cdd37556,2985aa49-a121-4450-bb65-431df00dfffc,1,10,100,no
c7057de1-b64e-48ac-aafe-cc17cdd37556,2985aa49-a121-4450-bb65-431df00dfffc,2,10,100,no
c7057de1-b64e-48ac-aafe-cc17cdd37556,2985aa49-a121-4450-bb65-431df00dfffc,3,10,100,no
c7057de1-b64e-48ac-aafe-cc17cdd37556,2985aa49-a121-4450-bb65-431df00dfffc,4,10,100,no
c7057de1-b64e-48ac-aafe-cc17cdd37556,2985aa49-a121-4450-bb65-431df00dfffc,5,10,100,no
c7057de1-b64e-48ac-aafe-cc17cdd37556,2985aa49-a121-4450-bb65-431df00dfffc,6,10,100,no
c7057de1-b64e-48ac-aafe-cc17cdd37556,2985aa49-a121-4450-bb65-431df00dfffc,7,10,100,no
c7057de1-b64e-48ac-aafe-cc17cdd37556,2985aa49-a121-4450-bb65-431df00dfffc,8,10,100,no
c7057de1-b64e-48ac-aafe-cc17cdd37556,2985aa49-a121-4450-bb65-431df00dfffc,9,10,100,no
c7057de1-b64e-48ac-aafe-cc17cdd37556,2985aa49-a121-4450-bb65-431df00dfffc,0,10,full,no
c7057de1-b64e-48ac-aafe-cc17cdd37556,2985aa49-a121-4450-bb65-431df00dfffc,1,10,full,no
c7057de1-b64e-48ac-aafe-cc17cdd37556,2985aa49-a121-4450-bb65-431df00dfffc,2,10,full,no
c7057de1-b64e-48ac-aafe-cc17cdd37556,2985aa49-a121-4450-bb65-431df00dfffc,3,10,full,no
c7057de1-b64e-48ac-aafe-cc17cdd37556,2985aa49-a121-4450-bb65-431df00dfffc,4,10,full,no
c7057de1-b64e-48ac-aafe-cc17cdd37556,2985aa49-a121-4450-bb65-431df00dfffc,5,10,full,no
c7057de1-b64e-48ac-aafe-cc17cdd37556,2985aa49-a121-4450-bb65-431df00dfffc,6,10,full,no
c7057de1-b64e-48ac-aafe-cc17cdd37556,2985aa49-a121-4450-bb65-431df00dfffc,7,10,full,no
c7057de1-b64e-48ac-aafe-cc17cdd37556,2985aa49-a121-4450-bb65-431df00dfffc,8,10,full,no
c7057de1-b64e-48ac-aafe-cc17cdd37556,2985aa49-a121-4450-bb65-431df00dfffc,9,10,full,no
c7057de1-b64e-48ac-aafe-cc17cdd37556,11af8522-5620-46ed-8421-7053249ba359,0,10,10,yes
c7057de1-b64e-48ac-aafe-cc17cdd37556,11af8522-5620-46ed-8421-7053249ba359,1,10,10,no
c7057de1-b64e-48ac-aafe-cc17cdd37556,11af8522-5620-46ed-8421-7053249ba359,2,10,10,no
c7057de1-b64e-48ac-aafe-cc17cdd37556,11af8522-5620-46ed-8421-7053249ba359,3,10,10,no
c7057de1-b64e-48ac-aafe-cc17cdd37556,11af8522-5620-46ed-8421-7053249ba359,4,10,10,no
c7057de1-b64e-48ac-aafe-cc17cdd37556,11af8522-5620-46ed-8421-7053249ba359,5,10,10,no
c7057de1-b64e-48ac-aafe-cc17cdd37556,11af8522-5620-46ed-8421-7053249ba359,6,10,10,yes
c7057de1-b64e-48ac-aafe-cc17cdd37556,11af8522-5620-46ed-8421-7053249ba359,7,10,10,no
c7057de1-b64e-48ac-aafe-cc17cdd37556,11af8522-5620-46ed-8421-7053249ba359,8,10,10,no
c7057de1-b64e-48ac-aafe-cc17cdd37556,11af8522-5620-46ed-8421-7053249ba359,9,10,10,no
c7057de1-b64e-48ac-aafe-cc17cdd37556,11af8522-5620-46ed-8421-7053249ba359,0,10,50,no
c7057de1-b64e-48ac-aafe-cc17cdd37556,11af8522-5620-46ed-8421-7053249ba359,1,10,50,no
c7057de1-b64e-48ac-aafe-cc17cdd37556,11af8522-5620-46ed-8421-7053249ba359,2,10,50,no
c7057de1-b64e-48ac-aafe-cc17cdd37556,11af8522-5620-46ed-8421-7053249ba359,3,10,50,no
c7057de1-b64e-48ac-aafe-cc17cdd37556,11af8522-5620-46ed-8421-7053249ba359,4,10,50,no
c7057de1-b64e-48ac-aafe-cc17cdd37556,11af8522-5620-46ed-8421-7053249ba359,5,10,50,no
c7057de1-b64e-48ac-aafe-cc17cdd37556,11af8522-5620-46ed-8421-7053249ba359,6,10,50,no
c7057de1-b64e-48ac-aafe-cc17cdd37556,11af8522-5620-46ed-8421-7053249ba359,7,10,50,no
c7057de1-b64e-48ac-aafe-cc17cdd37556,11af8522-5620-46ed-8421-7053249ba359,8,10,50,no
c7057de1-b64e-48ac-aafe-cc17cdd37556,11af8522-5620-46ed-8421-7053249ba359,9,10,50,no
c7057de1-b64e-48ac-aafe-cc17cdd37556,11af8522-5620-46ed-8421-7053249ba359,0,10,100,no
c7057de1-b64e-48ac-aafe-cc17cdd37556,11af8522-5620-46ed-8421-7053249ba359,1,10,100,no
c7057de1-b64e-48ac-aafe-cc17cdd37556,11af8522-5620-46ed-8421-7053249ba359,2,10,100,no
c7057de1-b64e-48ac-aafe-cc17cdd37556,11af8522-5620-46ed-8421-7053249ba359,3,10,100,no
c7057de1-b64e-48ac-aafe-cc17cdd37556,11af8522-5620-46ed-8421-7053249ba359,4,10,100,no
c7057de1-b64e-48ac-aafe-cc17cdd37556,11af8522-5620-46ed-8421-7053249ba359,5,10,100,no
c7057de1-b64e-48ac-aafe-cc17cdd37556,11af8522-5620-46ed-8421-7053249ba359,6,10,100,no
c7057de1-b64e-48ac-aafe-cc17cdd37556,11af8522-5620-46ed-8421-7053249ba359,7,10,100,no
c7057de1-b64e-48ac-aafe-cc17cdd37556,11af8522-5620-46ed-8421-7053249ba359,8,10,100,no
c7057de1-b64e-48ac-aafe-cc17cdd37556,11af8522-5620-46ed-8421-7053249ba359,9,10,100,no
c7057de1-b64e-48ac-aafe-cc17cdd37556,11af8522-5620-46ed-8421-7053249ba359,0,10,full,no
c7057de1-b64e-48ac-aafe-cc17cdd37556,11af8522-5620-46ed-8421-7053249ba359,1,10,full,no
c7057de1-b64e-48ac-aafe-cc17cdd37556,11af8522-5620-46ed-8421-7053249ba359,2,10,full,no
c7057de1-b64e-48ac-aafe-cc17cdd37556,11af8522-5620-46ed-8421-7053249ba359,3,10,full,no
c7057de1-b64e-48ac-aafe-cc17cdd37556,11af8522-5620-46ed-8421-7053249ba359,4,10,full,no
c7057de1-b64e-48ac-aafe-cc17cdd37556,11af8522-5620-46ed-8421-7053249ba359,5,10,full,no
c7057de1-b64e-48ac-aafe-cc17cdd37556,11af8522-5620-46ed-8421-7053249ba359,6,10,full,no
c7057de1-b64e-48ac-aafe-cc17cdd37556,11af8522-5620-46ed-8421-7053249ba359,7,10,full,no
c7057de1-b64e-48ac-aafe-cc17cdd37556,11af8522-5620-46ed-8421-7053249ba359,8,10,full,no
c7057de1-b64e-48ac-aafe-cc17cdd37556,11af8522-5620-46ed-8421-7053249ba359,9,10,full,no
96bcb907-fcaf-46fb-8fb8-2346a615bff4,7846e223-742c-4253-8cc5-f5898dfb850b,0,10,10,no
96bcb907-fcaf-46fb-8fb8-2346a615bff4,7846e223-742c-4253-8cc5-f5898dfb850b,1,10,10,no
96bcb907-fcaf-46fb-8fb8-2346a615bff4,7846e223-742c-4253-8cc5-f5898dfb850b,2,10,10,no
96bcb907-fcaf-46fb-8fb8-2346a615bff4,7846e223-742c-4253-8cc5-f5898dfb850b,3,10,10,no
96bcb907-fcaf-46fb-8fb8-2346a615bff4,7846e223-742c-4253-8cc5-f5898dfb850b,4,10,10,yes
96bcb907-fcaf-46fb-8fb8-2346a615bff4,7846e223-742c-4253-8cc5-f5898dfb850b,5,10,10,no
96bcb907-fcaf-46fb-8fb8-2346a615bff4,7846e223-742c-4253-8cc5-f5898dfb850b,6,10,10,no
96bcb907-fcaf-46fb-8fb8-2346a615bff4,7846e223-742c-4253-8cc5-f5898dfb850b,7,10,10,no
96bcb907-fcaf-46fb-8fb8-2346a615bff4,7846e223-742c-4253-8cc5-f5898dfb850b,8,10,10,no
96bcb907-fcaf-46fb-8fb8-2346a615bff4,7846e223-742c-4253-8cc5-f5898dfb850b,0,10,50,no
96bcb907-fcaf-46fb-8fb8-2346a615bff4,7846e223-742c-4253-8cc5-f5898dfb850b,1,10,50,no
96bcb907-fcaf-46fb-8fb8-2346a615bff4,7846e223-742c-4253-8cc5-f5898dfb850b,2,10,50,no
96bcb907-fcaf-46fb-8fb8-2346a615bff4,7846e223-742c-4253-8cc5-f5898dfb850b,3,10,50,no
96bcb907-fcaf-46fb-8fb8-2346a615bff4,7846e223-742c-4253-8cc5-f5898dfb850b,4,10,50,no
96bcb907-fcaf-46fb-8fb8-2346a615bff4,7846e223-742c-4253-8cc5-f5898dfb850b,5,10,50,no
96bcb907-fcaf-46fb-8fb8-2346a615bff4,7846e223-742c-4253-8cc5-f5898dfb850b,6,10,50,no
96bcb907-fcaf-46fb-8fb8-2346a615bff4,7846e223-742c-4253-8cc5-f5898dfb850b,7,10,50,no
96bcb907-fcaf-46fb-8fb8-2346a615bff4,7846e223-742c-4253-8cc5-f5898dfb850b,8,10,50,no
96bcb907-fcaf-46fb-8fb8-2346a615bff4,7846e223-742c-4253-8cc5-f5898dfb850b,0,10,100,no
96bcb907-fcaf-46fb-8fb8-2346a615bff4,7846e223-742c-4253-8cc5-f5898dfb850b,1,10,100,no
96bcb907-fcaf-46fb-8fb8-2346a615bff4,7846e223-742c-4253-8cc5-f5898dfb850b,2,10,100,no
96bcb907-fcaf-46fb-8fb8-2346a615bff4,7846e223-742c-4253-8cc5-f5898dfb850b,3,10,100,no
96bcb907-fcaf-46fb-8fb8-2346a615bff4,7846e223-742c-4253-8cc5-f5898dfb850b,4,10,100,no
96bcb907-fcaf-46fb-8fb8-2346a615bff4,7846e223-742c-4253-8cc5-f5898dfb850b,5,10,100,no
96bcb907-fcaf-46fb-8fb8-2346a615bff4,7846e223-742c-4253-8cc5-f5898dfb850b,6,10,100,no
96bcb907-fcaf-46fb-8fb8-2346a615bff4,7846e223-742c-4253-8cc5-f5898dfb850b,7,10,100,no
96bcb907-fcaf-46fb-8fb8-2346a615bff4,7846e223-742c-4253-8cc5-f5898dfb850b,8,10,100,no
96bcb907-fcaf-46fb-8fb8-2346a615bff4,7846e223-742c-4253-8cc5-f5898dfb850b,0,10,full,no
96bcb907-fcaf-46fb-8fb8-2346a615bff4,7846e223-742c-4253-8cc5-f5898dfb850b,1,10,full,no
96bcb907-fcaf-46fb-8fb8-2346a615bff4,7846e223-742c-4253-8cc5-f5898dfb850b,2,10,full,no
96bcb907-fcaf-46fb-8fb8-2346a615bff4,7846e223-742c-4253-8cc5-f5898dfb850b,3,10,full,no
96bcb907-fcaf-46fb-8fb8-2346a615bff4,7846e223-742c-4253-8cc5-f5898dfb850b,4,10,full,no
96bcb907-fcaf-46fb-8fb8-2346a615bff4,7846e223-742c-4253-8cc5-f5898dfb850b,5,10,full,no
96bcb907-fcaf-46fb-8fb8-2346a615bff4,7846e223-742c-4253-8cc5-f5898dfb850b,6,10,full,no
96bcb907-fcaf-46fb-8fb8-2346a615bff4,7846e223-742c-4253-8cc5-f5898dfb850b,7,10,full,no
96bcb907-fcaf-46fb-8fb8-2346a615bff4,7846e223-742c-4253-8cc5-f5898dfb850b,8,10,full,no
96bcb907-fcaf-46fb-8fb8-2346a615bff4,a130ea89-8457-4238-8d48-d02340e4af86,2,10,10,no
96bcb907-fcaf-46fb-8fb8-2346a615bff4,a130ea89-8457-4238-8d48-d02340e4af86,3,10,10,no
96bcb907-fcaf-46fb-8fb8-2346a615bff4,a130ea89-8457-4238-8d48-d02340e4af86,4,10,10,no
96bcb907-fcaf-46fb-8fb8-2346a615bff4,a130ea89-8457-4238-8d48-d02340e4af86,5,10,10,no
96bcb907-fcaf-46fb-8fb8-2346a615bff4,a130ea89-8457-4238-8d48-d02340e4af86,6,10,10,no
96bcb907-fcaf-46fb-8fb8-2346a615bff4,a130ea89-8457-4238-8d48-d02340e4af86,7,10,10,no
96bcb907-fcaf-46fb-8fb8-2346a615bff4,a130ea89-8457-4238-8d48-d02340e4af86,8,10,10,no
96bcb907-fcaf-46fb-8fb8-2346a615bff4,a130ea89-8457-4238-8d48-d02340e4af86,2,10,50,no
96bcb907-fcaf-46fb-8fb8-2346a615bff4,a130ea89-8457-4238-8d48-d02340e4af86,3,10,50,no
96bcb907-fcaf-46fb-8fb8-2346a615bff4,a130ea89-8457-4238-8d48-d02340e4af86,4,10,50,no
96bcb907-fcaf-46fb-8fb8-2346a615bff4,a130ea89-8457-4238-8d48-d02340e4af86,5,10,50,no
96bcb907-fcaf-46fb-8fb8-2346a615bff4,a130ea89-8457-4238-8d48-d02340e4af86,6,10,50,no
96bcb907-fcaf-46fb-8fb8-2346a615bff4,a130ea89-8457-4238-8d48-d02340e4af86,7,10,50,no
96bcb907-fcaf-46fb-8fb8-2346a615bff4,a130ea89-8457-4238-8d48-d02340e4af86,8,10,50,no
96bcb907-fcaf-46fb-8fb8-2346a615bff4,a130ea89-8457-4238-8d48-d02340e4af86,2,10,100,no
96bcb907-fcaf-46fb-8fb8-2346a615bff4,a130ea89-8457-4238-8d48-d02340e4af86,3,10,100,no
96bcb907-fcaf-46fb-8fb8-2346a615bff4,a130ea89-8457-4238-8d48-d02340e4af86,4,10,100,no
96bcb907-fcaf-46fb-8fb8-2346a615bff4,a130ea89-8457-4238-8d48-d02340e4af86,5,10,100,no
96bcb907-fcaf-46fb-8fb8-2346a615bff4,a130ea89-8457-4238-8d48-d02340e4af86,6,10,100,no
96bcb907-fcaf-46fb-8fb8-2346a615bff4,a130ea89-8457-4238-8d48-d02340e4af86,7,10,100,no
96bcb907-fcaf-46fb-8fb8-2346a615bff4,a130ea89-8457-4238-8d48-d02340e4af86,8,10,100,no
96bcb907-fcaf-46fb-8fb8-2346a615bff4,a130ea89-8457-4238-8d48-d02340e4af86,2,10,full,no
96bcb907-fcaf-46fb-8fb8-2346a615bff4,a130ea89-8457-4238-8d48-d02340e4af86,3,10,full,no
96bcb907-fcaf-46fb-8fb8-2346a615bff4,a130ea89-8457-4238-8d48-d02340e4af86,4,10,full,no
96bcb907-fcaf-46fb-8fb8-2346a615bff4,a130ea89-8457-4238-8d48-d02340e4af86,5,10,full,no
96bcb907-fcaf-46fb-8fb8-2346a615bff4,a130ea89-8457-4238-8d48-d02340e4af86,6,10,full,no
96bcb907-fcaf-46fb-8fb8-2346a615bff4,a130ea89-8457-4238-8d48-d02340e4af86,7,10,full,no
96bcb907-fcaf-46fb-8fb8-2346a615bff4,a130ea89-8457-4238-8d48-d02340e4af86,8,10,full,no
731ce9e9-cbd9-4ece-952c-de4b5897cb0f,b4453069-05c2-4edb-9a03-c195771d1638,0,10,10,no
731ce9e9-cbd9-4ece-952c-de4b5897cb0f,b4453069-05c2-4edb-9a03-c195771d1638,1,10,10,no
731ce9e9-cbd9-4ece-952c-de4b5897cb0f,b4453069-05c2-4edb-9a03-c195771d1638,2,10,10,no
731ce9e9-cbd9-4ece-952c-de4b5897cb0f,b4453069-05c2-4edb-9a03-c195771d1638,3,10,10,yes
731ce9e9-cbd9-4ece-952c-de4b5897cb0f,b4453069-05c2-4edb-9a03-c195771d1638,4,10,10,no
731ce9e9-cbd9-4ece-952c-de4b5897cb0f,b4453069-05c2-4edb-9a03-c195771d1638,5,10,10,no
731ce9e9-cbd9-4ece-952c-de4b5897cb0f,b4453069-05c2-4edb-9a03-c195771d1638,6,10,10,no
731ce9e9-cbd9-4ece-952c-de4b5897cb0f,b4453069-05c2-4edb-9a03-c195771d1638,7,10,10,no
731ce9e9-cbd9-4ece-952c-de4b5897cb0f,b4453069-05c2-4edb-9a03-c195771d1638,8,10,10,yes
731ce9e9-cbd9-4ece-952c-de4b5897cb0f,b4453069-05c2-4edb-9a03-c195771d1638,9,10,10,yes
731ce9e9-cbd9-4ece-952c-de4b5897cb0f,b4453069-05c2-4edb-9a03-c195771d1638,0,10,50,no
731ce9e9-cbd9-4ece-952c-de4b5897cb0f,b4453069-05c2-4edb-9a03-c195771d1638,1,10,50,no
731ce9e9-cbd9-4ece-952c-de4b5897cb0f,b4453069-05c2-4edb-9a03-c195771d1638,2,10,50,no
731ce9e9-cbd9-4ece-952c-de4b5897cb0f,b4453069-05c2-4edb-9a03-c195771d1638,3,10,50,no
731ce9e9-cbd9-4ece-952c-de4b5897cb0f,b4453069-05c2-4edb-9a03-c195771d1638,4,10,50,no
731ce9e9-cbd9-4ece-952c-de4b5897cb0f,b4453069-05c2-4edb-9a03-c195771d1638,5,10,50,no
731ce9e9-cbd9-4ece-952c-de4b5897cb0f,b4453069-05c2-4edb-9a03-c195771d1638,6,10,50,no
731ce9e9-cbd9-4ece-952c-de4b5897cb0f,b4453069-05c2-4edb-9a03-c195771d1638,7,10,50,no
731ce9e9-cbd9-4ece-952c-de4b5897cb0f,b4453069-05c2-4edb-9a03-c195771d1638,8,10,50,no
731ce9e9-cbd9-4ece-952c-de4b5897cb0f,b4453069-05c2-4edb-9a03-c195771d1638,9,10,50,no
731ce9e9-cbd9-4ece-952c-de4b5897cb0f,b4453069-05c2-4edb-9a03-c195771d1638,0,10,100,no
731ce9e9-cbd9-4ece-952c-de4b5897cb0f,b4453069-05c2-4edb-9a03-c195771d1638,1,10,100,no
731ce9e9-cbd9-4ece-952c-de4b5897cb0f,b4453069-05c2-4edb-9a03-c195771d1638,2,10,100,no
731ce9e9-cbd9-4ece-952c-de4b5897cb0f,b4453069-05c2-4edb-9a03-c195771d1638,3,10,100,no
731ce9e9-cbd9-4ece-952c-de4b5897cb0f,b4453069-05c2-4edb-9a03-c195771d1638,4,10,100,no
731ce9e9-cbd9-4ece-952c-de4b5897cb0f,b4453069-05c2-4edb-9a03-c195771d1638,5,10,100,no
731ce9e9-cbd9-4ece-952c-de4b5897cb0f,b4453069-05c2-4edb-9a03-c195771d1638,6,10,100,no
731ce9e9-cbd9-4ece-952c-de4b5897cb0f,b4453069-05c2-4edb-9a03-c195771d1638,7,10,100,no
731ce9e9-cbd9-4ece-952c-de4b5897cb0f,b4453069-05c2-4edb-9a03-c195771d1638,8,10,100,no
731ce9e9-cbd9-4ece-952c-de4b5897cb0f,b4453069-05c2-4edb-9a03-c195771d1638,9,10,100,no
731ce9e9-cbd9-4ece-952c-de4b5897cb0f,b4453069-05c2-4edb-9a03-c195771d1638,0,10,full,no
731ce9e9-cbd9-4ece-952c-de4b5897cb0f,b4453069-05c2-4edb-9a03-c195771d1638,1,10,full,no
731ce9e9-cbd9-4ece-952c-de4b5897cb0f,b4453069-05c2-4edb-9a03-c195771d1638,2,10,full,no
731ce9e9-cbd9-4ece-952c-de4b5897cb0f,b4453069-05c2-4edb-9a03-c195771d1638,3,10,full,no
731ce9e9-cbd9-4ece-952c-de4b5897cb0f,b4453069-05c2-4edb-9a03-c195771d1638,4,10,full,no
731ce9e9-cbd9-4ece-952c-de4b5897cb0f,b4453069-05c2-4edb-9a03-c195771d1638,5,10,full,no
731ce9e9-cbd9-4ece-952c-de4b5897cb0f,b4453069-05c2-4edb-9a03-c195771d1638,6,10,full,no
731ce9e9-cbd9-4ece-952c-de4b5897cb0f,b4453069-05c2-4edb-9a03-c195771d1638,7,10,full,no
731ce9e9-cbd9-4ece-952c-de4b5897cb0f,b4453069-05c2-4edb-9a03-c195771d1638,8,10,full,no
731ce9e9-cbd9-4ece-952c-de4b5897cb0f,b4453069-05c2-4edb-9a03-c195771d1638,9,10,full,no
731ce9e9-cbd9-4ece-952c-de4b5897cb0f,ba650328-38b7-4b91-a706-8b5f1d15b5a1,0,10,10,no
731ce9e9-cbd9-4ece-952c-de4b5897cb0f,ba650328-38b7-4b91-a706-8b5f1d15b5a1,1,10,10,no
731ce9e9-cbd9-4ece-952c-de4b5897cb0f,ba650328-38b7-4b91-a706-8b5f1d15b5a1,2,10,10,no
731ce9e9-cbd9-4ece-952c-de4b5897cb0f,ba650328-38b7-4b91-a706-8b5f1d15b5a1,3,10,10,no
731ce9e9-cbd9-4ece-952c-de4b5897cb0f,ba650328-38b7-4b91-a706-8b5f1d15b5a1,4,10,10,no
731ce9e9-cbd9-4ece-952c-de4b5897cb0f,ba650328-38b7-4b91-a706-8b5f1d15b5a1,5,10,10,yes
731ce9e9-cbd9-4ece-952c-de4b5897cb0f,ba650328-38b7-4b91-a706-8b5f1d15b5a1,6,10,10,yes
731ce9e9-cbd9-4ece-952c-de4b5897cb0f,ba650328-38b7-4b91-a706-8b5f1d15b5a1,7,10,10,no
731ce9e9-cbd9-4ece-952c-de4b5897cb0f,ba650328-38b7-4b91-a706-8b5f1d15b5a1,8,10,10,no
731ce9e9-cbd9-4ece-952c-de4b5897cb0f,ba650328-38b7-4b91-a706-8b5f1d15b5a1,9,10,10,no
731ce9e9-cbd9-4ece-952c-de4b5897cb0f,ba650328-38b7-4b91-a706-8b5f1d15b5a1,0,10,50,no
731ce9e9-cbd9-4ece-952c-de4b5897cb0f,ba650328-38b7-4b91-a706-8b5f1d15b5a1,1,10,50,no
731ce9e9-cbd9-4ece-952c-de4b5897cb0f,ba650328-38b7-4b91-a706-8b5f1d15b5a1,2,10,50,no
731ce9e9-cbd9-4ece-952c-de4b5897cb0f,ba650328-38b7-4b91-a706-8b5f1d15b5a1,3,10,50,no
731ce9e9-cbd9-4ece-952c-de4b5897cb0f,ba650328-38b7-4b91-a706-8b5f1d15b5a1,4,10,50,no
731ce9e9-cbd9-4ece-952c-de4b5897cb0f,ba650328-38b7-4b91-a706-8b5f1d15b5a1,5,10,50,no
731ce9e9-cbd9-4ece-952c-de4b5897cb0f,ba650328-38b7-4b91-a706-8b5f1d15b5a1,6,10,50,yes
731ce9e9-cbd9-4ece-952c-de4b5897cb0f,ba650328-38b7-4b91-a706-8b5f1d15b5a1,7,10,50,no
731ce9e9-cbd9-4ece-952c-de4b5897cb0f,ba650328-38b7-4b91-a706-8b5f1d15b5a1,8,10,50,no
731ce9e9-cbd9-4ece-952c-de4b5897cb0f,ba650328-38b7-4b91-a706-8b5f1d15b5a1,9,10,50,no
731ce9e9-cbd9-4ece-952c-de4b5897cb0f,ba650328-38b7-4b91-a706-8b5f1d15b5a1,0,10,100,no
731ce9e9-cbd9-4ece-952c-de4b5897cb0f,ba650328-38b7-4b91-a706-8b5f1d15b5a1,1,10,100,no
731ce9e9-cbd9-4ece-952c-de4b5897cb0f,ba650328-38b7-4b91-a706-8b5f1d15b5a1,2,10,100,no
731ce9e9-cbd9-4ece-952c-de4b5897cb0f,ba650328-38b7-4b91-a706-8b5f1d15b5a1,3,10,100,no
731ce9e9-cbd9-4ece-952c-de4b5897cb0f,ba650328-38b7-4b91-a706-8b5f1d15b5a1,4,10,100,no
731ce9e9-cbd9-4ece-952c-de4b5897cb0f,ba650328-38b7-4b91-a706-8b5f1d15b5a1,5,10,100,no
731ce9e9-cbd9-4ece-952c-de4b5897cb0f,ba650328-38b7-4b91-a706-8b5f1d15b5a1,6,10,100,no
731ce9e9-cbd9-4ece-952c-de4b5897cb0f,ba650328-38b7-4b91-a706-8b5f1d15b5a1,7,10,100,no
731ce9e9-cbd9-4ece-952c-de4b5897cb0f,ba650328-38b7-4b91-a706-8b5f1d15b5a1,8,10,100,no
731ce9e9-cbd9-4ece-952c-de4b5897cb0f,ba650328-38b7-4b91-a706-8b5f1d15b5a1,9,10,100,no
731ce9e9-cbd9-4ece-952c-de4b5897cb0f,ba650328-38b7-4b91-a706-8b5f1d15b5a1,0,10,full,no
731ce9e9-cbd9-4ece-952c-de4b5897cb0f,ba650328-38b7-4b91-a706-8b5f1d15b5a1,1,10,full,no
731ce9e9-cbd9-4ece-952c-de4b5897cb0f,ba650328-38b7-4b91-a706-8b5f1d15b5a1,2,10,full,no
731ce9e9-cbd9-4ece-952c-de4b5897cb0f,ba650328-38b7-4b91-a706-8b5f1d15b5a1,3,10,full,no
731ce9e9-cbd9-4ece-952c-de4b5897cb0f,ba650328-38b7-4b91-a706-8b5f1d15b5a1,4,10,full,no
731ce9e9-cbd9-4ece-952c-de4b5897cb0f,ba650328-38b7-4b91-a706-8b5f1d15b5a1,5,10,full,no
731ce9e9-cbd9-4ece-952c-de4b5897cb0f,ba650328-38b7-4b91-a706-8b5f1d15b5a1,6,10,full,no
731ce9e9-cbd9-4ece-952c-de4b5897cb0f,ba650328-38b7-4b91-a706-8b5f1d15b5a1,7,10,full,no
731ce9e9-cbd9-4ece-952c-de4b5897cb0f,ba650328-38b7-4b91-a706-8b5f1d15b5a1,8,10,full,no
731ce9e9-cbd9-4ece-952c-de4b5897cb0f,ba650328-38b7-4b91-a706-8b5f1d15b5a1,9,10,full,no
a46dc055-fcaf-4757-92e1-24b217c6e21f,71db46de-5f75-43c5-8747-02ed9e2e32d2,0,10,10,no
a46dc055-fcaf-4757-92e1-24b217c6e21f,71db46de-5f75-43c5-8747-02ed9e2e32d2,1,10,10,yes
a46dc055-fcaf-4757-92e1-24b217c6e21f,71db46de-5f75-43c5-8747-02ed9e2e32d2,2,10,10,no
a46dc055-fcaf-4757-92e1-24b217c6e21f,71db46de-5f75-43c5-8747-02ed9e2e32d2,3,10,10,yes
a46dc055-fcaf-4757-92e1-24b217c6e21f,71db46de-5f75-43c5-8747-02ed9e2e32d2,4,10,10,yes
a46dc055-fcaf-4757-92e1-24b217c6e21f,71db46de-5f75-43c5-8747-02ed9e2e32d2,5,10,10,yes
a46dc055-fcaf-4757-92e1-24b217c6e21f,71db46de-5f75-43c5-8747-02ed9e2e32d2,6,10,10,no
a46dc055-fcaf-4757-92e1-24b217c6e21f,71db46de-5f75-43c5-8747-02ed9e2e32d2,7,10,10,yes
a46dc055-fcaf-4757-92e1-24b217c6e21f,71db46de-5f75-43c5-8747-02ed9e2e32d2,8,10,10,no
a46dc055-fcaf-4757-92e1-24b217c6e21f,71db46de-5f75-43c5-8747-02ed9e2e32d2,9,10,10,yes
a46dc055-fcaf-4757-92e1-24b217c6e21f,71db46de-5f75-43c5-8747-02ed9e2e32d2,0,10,50,no
a46dc055-fcaf-4757-92e1-24b217c6e21f,71db46de-5f75-43c5-8747-02ed9e2e32d2,1,10,50,no
a46dc055-fcaf-4757-92e1-24b217c6e21f,71db46de-5f75-43c5-8747-02ed9e2e32d2,2,10,50,no
a46dc055-fcaf-4757-92e1-24b217c6e21f,71db46de-5f75-43c5-8747-02ed9e2e32d2,3,10,50,no
a46dc055-fcaf-4757-92e1-24b217c6e21f,71db46de-5f75-43c5-8747-02ed9e2e32d2,4,10,50,no
a46dc055-fcaf-4757-92e1-24b217c6e21f,71db46de-5f75-43c5-8747-02ed9e2e32d2,5,10,50,no
a46dc055-fcaf-4757-92e1-24b217c6e21f,71db46de-5f75-43c5-8747-02ed9e2e32d2,6,10,50,no
a46dc055-fcaf-4757-92e1-24b217c6e21f,71db46de-5f75-43c5-8747-02ed9e2e32d2,7,10,50,no
a46dc055-fcaf-4757-92e1-24b217c6e21f,71db46de-5f75-43c5-8747-02ed9e2e32d2,8,10,50,no
a46dc055-fcaf-4757-92e1-24b217c6e21f,71db46de-5f75-43c5-8747-02ed9e2e32d2,9,10,50,no
a46dc055-fcaf-4757-92e1-24b217c6e21f,71db46de-5f75-43c5-8747-02ed9e2e32d2,0,10,100,no
a46dc055-fcaf-4757-92e1-24b217c6e21f,71db46de-5f75-43c5-8747-02ed9e2e32d2,1,10,100,no
a46dc055-fcaf-4757-92e1-24b217c6e21f,71db46de-5f75-43c5-8747-02ed9e2e32d2,2,10,100,no
a46dc055-fcaf-4757-92e1-24b217c6e21f,71db46de-5f75-43c5-8747-02ed9e2e32d2,3,10,100,no
a46dc055-fcaf-4757-92e1-24b217c6e21f,71db46de-5f75-43c5-8747-02ed9e2e32d2,4,10,100,no
a46dc055-fcaf-4757-92e1-24b217c6e21f,71db46de-5f75-43c5-8747-02ed9e2e32d2,5,10,100,no
a46dc055-fcaf-4757-92e1-24b217c6e21f,71db46de-5f75-43c5-8747-02ed9e2e32d2,6,10,100,no
a46dc055-fcaf-4757-92e1-24b217c6e21f,71db46de-5f75-43c5-8747-02ed9e2e32d2,7,10,100,no
a46dc055-fcaf-4757-92e1-24b217c6e21f,71db46de-5f75-43c5-8747-02ed9e2e32d2,8,10,100,no
a46dc055-fcaf-4757-92e1-24b217c6e21f,71db46de-5f75-43c5-8747-02ed9e2e32d2,9,10,100,no
a46dc055-fcaf-4757-92e1-24b217c6e21f,71db46de-5f75-43c5-8747-02ed9e2e32d2,0,10,full,no
a46dc055-fcaf-4757-92e1-24b217c6e21f,71db46de-5f75-43c5-8747-02ed9e2e32d2,1,10,full,no
a46dc055-fcaf-4757-92e1-24b217c6e21f,71db46de-5f75-43c5-8747-02ed9e2e32d2,2,10,full,no
a46dc055-fcaf-4757-92e1-24b217c6e21f,71db46de-5f75-43c5-8747-02ed9e2e32d2,3,10,full,no
a46dc055-fcaf-4757-92e1-24b217c6e21f,71db46de-5f75-43c5-8747-02ed9e2e32d2,4,10,full,no
a46dc055-fcaf-4757-92e1-24b217c6e21f,71db46de-5f75-43c5-8747-02ed9e2e32d2,5,10,full,no
a46dc055-fcaf-4757-92e1-24b217c6e21f,71db46de-5f75-43c5-8747-02ed9e2e32d2,6,10,full,no
a46dc055-fcaf-4757-92e1-24b217c6e21f,71db46de-5f75-43c5-8747-02ed9e2e32d2,7,10,full,no
a46dc055-fcaf-4757-92e1-24b217c6e21f,71db46de-5f75-43c5-8747-02ed9e2e32d2,8,10,full,no
a46dc055-fcaf-4757-92e1-24b217c6e21f,71db46de-5f75-43c5-8747-02ed9e2e32d2,9,10,full,no
a46dc055-fcaf-4757-92e1-24b217c6e21f,498d2432-ba1a-411c-be6b-530cd9af24e2,0,10,10,no
a46dc055-fcaf-4757-92e1-24b217c6e21f,498d2432-ba1a-411c-be6b-530cd9af24e2,1,10,10,no
a46dc055-fcaf-4757-92e1-24b217c6e21f,498d2432-ba1a-411c-be6b-530cd9af24e2,2,10,10,no
a46dc055-fcaf-4757-92e1-24b217c6e21f,498d2432-ba1a-411c-be6b-530cd9af24e2,3,10,10,no
a46dc055-fcaf-4757-92e1-24b217c6e21f,498d2432-ba1a-411c-be6b-530cd9af24e2,4,10,10,no
a46dc055-fcaf-4757-92e1-24b217c6e21f,498d2432-ba1a-411c-be6b-530cd9af24e2,5,10,10,no
a46dc055-fcaf-4757-92e1-24b217c6e21f,498d2432-ba1a-411c-be6b-530cd9af24e2,6,10,10,no
a46dc055-fcaf-4757-92e1-24b217c6e21f,498d2432-ba1a-411c-be6b-530cd9af24e2,7,10,10,no
a46dc055-fcaf-4757-92e1-24b217c6e21f,498d2432-ba1a-411c-be6b-530cd9af24e2,8,10,10,no
a46dc055-fcaf-4757-92e1-24b217c6e21f,498d2432-ba1a-411c-be6b-530cd9af24e2,9,10,10,no
a46dc055-fcaf-4757-92e1-24b217c6e21f,498d2432-ba1a-411c-be6b-530cd9af24e2,0,10,50,no
a46dc055-fcaf-4757-92e1-24b217c6e21f,498d2432-ba1a-411c-be6b-530cd9af24e2,1,10,50,no
a46dc055-fcaf-4757-92e1-24b217c6e21f,498d2432-ba1a-411c-be6b-530cd9af24e2,2,10,50,no
a46dc055-fcaf-4757-92e1-24b217c6e21f,498d2432-ba1a-411c-be6b-530cd9af24e2,3,10,50,no
a46dc055-fcaf-4757-92e1-24b217c6e21f,498d2432-ba1a-411c-be6b-530cd9af24e2,4,10,50,no
a46dc055-fcaf-4757-92e1-24b217c6e21f,498d2432-ba1a-411c-be6b-530cd9af24e2,5,10,50,no
a46dc055-fcaf-4757-92e1-24b217c6e21f,498d2432-ba1a-411c-be6b-530cd9af24e2,6,10,50,no
a46dc055-fcaf-4757-92e1-24b217c6e21f,498d2432-ba1a-411c-be6b-530cd9af24e2,7,10,50,no
a46dc055-fcaf-4757-92e1-24b217c6e21f,498d2432-ba1a-411c-be6b-530cd9af24e2,8,10,50,no
a46dc055-fcaf-4757-92e1-24b217c6e21f,498d2432-ba1a-411c-be6b-530cd9af24e2,9,10,50,no
a46dc055-fcaf-4757-92e1-24b217c6e21f,498d2432-ba1a-411c-be6b-530cd9af24e2,0,10,100,no
a46dc055-fcaf-4757-92e1-24b217c6e21f,498d2432-ba1a-411c-be6b-530cd9af24e2,1,10,100,no
a46dc055-fcaf-4757-92e1-24b217c6e21f,498d2432-ba1a-411c-be6b-530cd9af24e2,2,10,100,no
a46dc055-fcaf-4757-92e1-24b217c6e21f,498d2432-ba1a-411c-be6b-530cd9af24e2,3,10,100,no
a46dc055-fcaf-4757-92e1-24b217c6e21f,498d2432-ba1a-411c-be6b-530cd9af24e2,4,10,100,no
a46dc055-fcaf-4757-92e1-24b217c6e21f,498d2432-ba1a-411c-be6b-530cd9af24e2,5,10,100,no
a46dc055-fcaf-4757-92e1-24b217c6e21f,498d2432-ba1a-411c-be6b-530cd9af24e2,6,10,100,no
a46dc055-fcaf-4757-92e1-24b217c6e21f,498d2432-ba1a-411c-be6b-530cd9af24e2,7,10,100,no
a46dc055-fcaf-4757-92e1-24b217c6e21f,498d2432-ba1a-411c-be6b-530cd9af24e2,8,10,100,no
a46dc055-fcaf-4757-92e1-24b217c6e21f,498d2432-ba1a-411c-be6b-530cd9af24e2,9,10,100,no
a46dc055-fcaf-4757-92e1-24b217c6e21f,498d2432-ba1a-411c-be6b-530cd9af24e2,0,10,full,no
a46dc055-fcaf-4757-92e1-24b217c6e21f,498d2432-ba1a-411c-be6b-530cd9af24e2,1,10,full,no
a46dc055-fcaf-4757-92e1-24b217c6e21f,498d2432-ba1a-411c-be6b-530cd9af24e2,2,10,full,no
a46dc055-fcaf-4757-92e1-24b217c6e21f,498d2432-ba1a-411c-be6b-530cd9af24e2,3,10,full,no
a46dc055-fcaf-4757-92e1-24b217c6e21f,498d2432-ba1a-411c-be6b-530cd9af24e2,4,10,full,no
a46dc055-fcaf-4757-92e1-24b217c6e21f,498d2432-ba1a-411c-be6b-530cd9af24e2,5,10,full,no
a46dc055-fcaf-4757-92e1-24b217c6e21f,498d2432-ba1a-411c-be6b-530cd9af24e2,6,10,full,no
a46dc055-fcaf-4757-92e1-24b217c6e21f,498d2432-ba1a-411c-be6b-530cd9af24e2,7,10,full,no
a46dc055-fcaf-4757-92e1-24b217c6e21f,498d2432-ba1a-411c-be6b-530cd9af24e2,8,10,full,no
a46dc055-fcaf-4757-92e1-24b217c6e21f,498d2432-ba1a-411c-be6b-530cd9af24e2,9,10,full,no
d91afa3b-be78-4f10-8de1-e385d0e28c21,77944449-4aec-41b4-aecd-dff8bc91b7ee,0,10,10,no
d91afa3b-be78-4f10-8de1-e385d0e28c21,77944449-4aec-41b4-aecd-dff8bc91b7ee,1,10,10,no
d91afa3b-be78-4f10-8de1-e385d0e28c21,77944449-4aec-41b4-aecd-dff8bc91b7ee,2,10,10,no
d91afa3b-be78-4f10-8de1-e385d0e28c21,77944449-4aec-41b4-aecd-dff8bc91b7ee,3,10,10,no
d91afa3b-be78-4f10-8de1-e385d0e28c21,77944449-4aec-41b4-aecd-dff8bc91b7ee,4,10,10,no
d91afa3b-be78-4f10-8de1-e385d0e28c21,77944449-4aec-41b4-aecd-dff8bc91b7ee,5,10,10,no
d91afa3b-be78-4f10-8de1-e385d0e28c21,77944449-4aec-41b4-aecd-dff8bc91b7ee,6,10,10,no
d91afa3b-be78-4f10-8de1-e385d0e28c21,77944449-4aec-41b4-aecd-dff8bc91b7ee,7,10,10,no
d91afa3b-be78-4f10-8de1-e385d0e28c21,77944449-4aec-41b4-aecd-dff8bc91b7ee,8,10,10,no
d91afa3b-be78-4f10-8de1-e385d0e28c21,77944449-4aec-41b4-aecd-dff8bc91b7ee,0,10,50,no
d91afa3b-be78-4f10-8de1-e385d0e28c21,77944449-4aec-41b4-aecd-dff8bc91b7ee,1,10,50,no
d91afa3b-be78-4f10-8de1-e385d0e28c21,77944449-4aec-41b4-aecd-dff8bc91b7ee,2,10,50,no
d91afa3b-be78-4f10-8de1-e385d0e28c21,77944449-4aec-41b4-aecd-dff8bc91b7ee,3,10,50,no
d91afa3b-be78-4f10-8de1-e385d0e28c21,77944449-4aec-41b4-aecd-dff8bc91b7ee,4,10,50,no
d91afa3b-be78-4f10-8de1-e385d0e28c21,77944449-4aec-41b4-aecd-dff8bc91b7ee,5,10,50,no
d91afa3b-be78-4f10-8de1-e385d0e28c21,77944449-4aec-41b4-aecd-dff8bc91b7ee,6,10,50,no
d91afa3b-be78-4f10-8de1-e385d0e28c21,77944449-4aec-41b4-aecd-dff8bc91b7ee,7,10,50,no
d91afa3b-be78-4f10-8de1-e385d0e28c21,77944449-4aec-41b4-aecd-dff8bc91b7ee,8,10,50,no
d91afa3b-be78-4f10-8de1-e385d0e28c21,77944449-4aec-41b4-aecd-dff8bc91b7ee,0,10,100,no
d91afa3b-be78-4f10-8de1-e385d0e28c21,77944449-4aec-41b4-aecd-dff8bc91b7ee,1,10,100,no
d91afa3b-be78-4f10-8de1-e385d0e28c21,77944449-4aec-41b4-aecd-dff8bc91b7ee,2,10,100,no
d91afa3b-be78-4f10-8de1-e385d0e28c21,77944449-4aec-41b4-aecd-dff8bc91b7ee,3,10,100,no
d91afa3b-be78-4f10-8de1-e385d0e28c21,77944449-4aec-41b4-aecd-dff8bc91b7ee,4,10,100,no
d91afa3b-be78-4f10-8de1-e385d0e28c21,77944449-4aec-41b4-aecd-dff8bc91b7ee,5,10,100,no
d91afa3b-be78-4f10-8de1-e385d0e28c21,77944449-4aec-41b4-aecd-dff8bc91b7ee,6,10,100,no
d91afa3b-be78-4f10-8de1-e385d0e28c21,77944449-4aec-41b4-aecd-dff8bc91b7ee,7,10,100,no
d91afa3b-be78-4f10-8de1-e385d0e28c21,77944449-4aec-41b4-aecd-dff8bc91b7ee,8,10,100,no
d91afa3b-be78-4f10-8de1-e385d0e28c21,77944449-4aec-41b4-aecd-dff8bc91b7ee,0,10,full,no
d91afa3b-be78-4f10-8de1-e385d0e28c21,77944449-4aec-41b4-aecd-dff8bc91b7ee,1,10,full,no
d91afa3b-be78-4f10-8de1-e385d0e28c21,77944449-4aec-41b4-aecd-dff8bc91b7ee,2,10,full,no
d91afa3b-be78-4f10-8de1-e385d0e28c21,77944449-4aec-41b4-aecd-dff8bc91b7ee,3,10,full,no
d91afa3b-be78-4f10-8de1-e385d0e28c21,77944449-4aec-41b4-aecd-dff8bc91b7ee,4,10,full,no
d91afa3b-be78-4f10-8de1-e385d0e28c21,77944449-4aec-41b4-aecd-dff8bc91b7ee,5,10,full,no
d91afa3b-be78-4f10-8de1-e385d0e28c21,77944449-4aec-41b4-aecd-dff8bc91b7ee,6,10,full,no
d91afa3b-be78-4f10-8de1-e385d0e28c21,77944449-4aec-41b4-aecd-dff8bc91b7ee,7,10,full,no
d91afa3b-be78-4f10-8de1-e385d0e28c21,77944449-4aec-41b4-aecd-dff8bc91b7ee,8,10,full,no
d91afa3b-be78-4f10-8de1-e385d0e28c21,8a195fa0-d38d-4abc-85e2-ba85d7063007,1,10,10,no
d91afa3b-be78-4f10-8de1-e385d0e28c21,8a195fa0-d38d-4abc-85e2-ba85d7063007,2,10,10,no
d91afa3b-be78-4f10-8de1-e385d0e28c21,8a195fa0-d38d-4abc-85e2-ba85d7063007,3,10,10,no
d91afa3b-be78-4f10-8de1-e385d0e28c21,8a195fa0-d38d-4abc-85e2-ba85d7063007,4,10,10,no
d91afa3b-be78-4f10-8de1-e385d0e28c21,8a195fa0-d38d-4abc-85e2-ba85d7063007,5,10,10,no
d91afa3b-be78-4f10-8de1-e385d0e28c21,8a195fa0-d38d-4abc-85e2-ba85d7063007,6,10,10,no
d91afa3b-be78-4f10-8de1-e385d0e28c21,8a195fa0-d38d-4abc-85e2-ba85d7063007,7,10,10,yes
d91afa3b-be78-4f10-8de1-e385d0e28c21,8a195fa0-d38d-4abc-85e2-ba85d7063007,8,10,10,yes
d91afa3b-be78-4f10-8de1-e385d0e28c21,8a195fa0-d38d-4abc-85e2-ba85d7063007,9,10,10,no
d91afa3b-be78-4f10-8de1-e385d0e28c21,8a195fa0-d38d-4abc-85e2-ba85d7063007,1,10,50,no
d91afa3b-be78-4f10-8de1-e385d0e28c21,8a195fa0-d38d-4abc-85e2-ba85d7063007,2,10,50,no
d91afa3b-be78-4f10-8de1-e385d0e28c21,8a195fa0-d38d-4abc-85e2-ba85d7063007,3,10,50,no
d91afa3b-be78-4f10-8de1-e385d0e28c21,8a195fa0-d38d-4abc-85e2-ba85d7063007,4,10,50,no
d91afa3b-be78-4f10-8de1-e385d0e28c21,8a195fa0-d38d-4abc-85e2-ba85d7063007,5,10,50,no
d91afa3b-be78-4f10-8de1-e385d0e28c21,8a195fa0-d38d-4abc-85e2-ba85d7063007,6,10,50,no
d91afa3b-be78-4f10-8de1-e385d0e28c21,8a195fa0-d38d-4abc-85e2-ba85d7063007,7,10,50,no
d91afa3b-be78-4f10-8de1-e385d0e28c21,8a195fa0-d38d-4abc-85e2-ba85d7063007,8,10,50,no
d91afa3b-be78-4f10-8de1-e385d0e28c21,8a195fa0-d38d-4abc-85e2-ba85d7063007,9,10,50,no
d91afa3b-be78-4f10-8de1-e385d0e28c21,8a195fa0-d38d-4abc-85e2-ba85d7063007,1,10,100,no
d91afa3b-be78-4f10-8de1-e385d0e28c21,8a195fa0-d38d-4abc-85e2-ba85d7063007,2,10,100,no
d91afa3b-be78-4f10-8de1-e385d0e28c21,8a195fa0-d38d-4abc-85e2-ba85d7063007,3,10,100,no
d91afa3b-be78-4f10-8de1-e385d0e28c21,8a195fa0-d38d-4abc-85e2-ba85d7063007,4,10,100,no
d91afa3b-be78-4f10-8de1-e385d0e28c21,8a195fa0-d38d-4abc-85e2-ba85d7063007,5,10,100,no
d91afa3b-be78-4f10-8de1-e385d0e28c21,8a195fa0-d38d-4abc-85e2-ba85d7063007,6,10,100,no
d91afa3b-be78-4f10-8de1-e385d0e28c21,8a195fa0-d38d-4abc-85e2-ba85d7063007,7,10,100,no
d91afa3b-be78-4f10-8de1-e385d0e28c21,8a195fa0-d38d-4abc-85e2-ba85d7063007,8,10,100,no
d91afa3b-be78-4f10-8de1-e385d0e28c21,8a195fa0-d38d-4abc-85e2-ba85d7063007,9,10,100,no
d91afa3b-be78-4f10-8de1-e385d0e28c21,8a195fa0-d38d-4abc-85e2-ba85d7063007,1,10,full,no
d91afa3b-be78-4f10-8de1-e385d0e28c21,8a195fa0-d38d-4abc-85e2-ba85d7063007,2,10,full,no
d91afa3b-be78-4f10-8de1-e385d0e28c21,8a195fa0-d38d-4abc-85e2-ba85d7063007,3,10,full,no
d91afa3b-be78-4f10-8de1-e385d0e28c21,8a195fa0-d38d-4abc-85e2-ba85d7063007,4,10,full,no
d91afa3b-be78-4f10-8de1-e385d0e28c21,8a195fa0-d38d-4abc-85e2-ba85d7063007,5,10,full,no
d91afa3b-be78-4f10-8de1-e385d0e28c21,8a195fa0-d38d-4abc-85e2-ba85d7063007,6,10,full,no
d91afa3b-be78-4f10-8de1-e385d0e28c21,8a195fa0-d38d-4abc-85e2-ba85d7063007,7,10,full,no
d91afa3b-be78-4f10-8de1-e385d0e28c21,8a195fa0-d38d-4abc-85e2-ba85d7063007,8,10,full,no
d91afa3b-be78-4f10-8de1-e385d0e28c21,8a195fa0-d38d-4abc-85e2-ba85d7063007,9,10,full,no
c2ff83c6-263f-4bbf-a8f3-af5164ad62af,c6a1d43f-c2ec-499e-b2cb-ec8b8f8ddd36,0,10,10,no
c2ff83c6-263f-4bbf-a8f3-af5164ad62af,c6a1d43f-c2ec-499e-b2cb-ec8b8f8ddd36,1,10,10,no
c2ff83c6-263f-4bbf-a8f3-af5164ad62af,c6a1d43f-c2ec-499e-b2cb-ec8b8f8ddd36,2,10,10,no
c2ff83c6-263f-4bbf-a8f3-af5164ad62af,c6a1d43f-c2ec-499e-b2cb-ec8b8f8ddd36,3,10,10,no
c2ff83c6-263f-4bbf-a8f3-af5164ad62af,c6a1d43f-c2ec-499e-b2cb-ec8b8f8ddd36,4,10,10,no
c2ff83c6-263f-4bbf-a8f3-af5164ad62af,c6a1d43f-c2ec-499e-b2cb-ec8b8f8ddd36,5,10,10,no
c2ff83c6-263f-4bbf-a8f3-af5164ad62af,c6a1d43f-c2ec-499e-b2cb-ec8b8f8ddd36,6,10,10,no
c2ff83c6-263f-4bbf-a8f3-af5164ad62af,c6a1d43f-c2ec-499e-b2cb-ec8b8f8ddd36,7,10,10,no
c2ff83c6-263f-4bbf-a8f3-af5164ad62af,c6a1d43f-c2ec-499e-b2cb-ec8b8f8ddd36,8,10,10,no
c2ff83c6-263f-4bbf-a8f3-af5164ad62af,c6a1d43f-c2ec-499e-b2cb-ec8b8f8ddd36,9,10,10,no
c2ff83c6-263f-4bbf-a8f3-af5164ad62af,c6a1d43f-c2ec-499e-b2cb-ec8b8f8ddd36,0,10,50,no
c2ff83c6-263f-4bbf-a8f3-af5164ad62af,c6a1d43f-c2ec-499e-b2cb-ec8b8f8ddd36,1,10,50,no
c2ff83c6-263f-4bbf-a8f3-af5164ad62af,c6a1d43f-c2ec-499e-b2cb-ec8b8f8ddd36,2,10,50,no
c2ff83c6-263f-4bbf-a8f3-af5164ad62af,c6a1d43f-c2ec-499e-b2cb-ec8b8f8ddd36,3,10,50,no
c2ff83c6-263f-4bbf-a8f3-af5164ad62af,c6a1d43f-c2ec-499e-b2cb-ec8b8f8ddd36,4,10,50,no
c2ff83c6-263f-4bbf-a8f3-af5164ad62af,c6a1d43f-c2ec-499e-b2cb-ec8b8f8ddd36,5,10,50,no
c2ff83c6-263f-4bbf-a8f3-af5164ad62af,c6a1d43f-c2ec-499e-b2cb-ec8b8f8ddd36,6,10,50,no
c2ff83c6-263f-4bbf-a8f3-af5164ad62af,c6a1d43f-c2ec-499e-b2cb-ec8b8f8ddd36,7,10,50,no
c2ff83c6-263f-4bbf-a8f3-af5164ad62af,c6a1d43f-c2ec-499e-b2cb-ec8b8f8ddd36,8,10,50,no
c2ff83c6-263f-4bbf-a8f3-af5164ad62af,c6a1d43f-c2ec-499e-b2cb-ec8b8f8ddd36,9,10,50,no
c2ff83c6-263f-4bbf-a8f3-af5164ad62af,c6a1d43f-c2ec-499e-b2cb-ec8b8f8ddd36,0,10,100,no
c2ff83c6-263f-4bbf-a8f3-af5164ad62af,c6a1d43f-c2ec-499e-b2cb-ec8b8f8ddd36,1,10,100,no
c2ff83c6-263f-4bbf-a8f3-af5164ad62af,c6a1d43f-c2ec-499e-b2cb-ec8b8f8ddd36,2,10,100,no
c2ff83c6-263f-4bbf-a8f3-af5164ad62af,c6a1d43f-c2ec-499e-b2cb-ec8b8f8ddd36,3,10,100,no
c2ff83c6-263f-4bbf-a8f3-af5164ad62af,c6a1d43f-c2ec-499e-b2cb-ec8b8f8ddd36,4,10,100,no
c2ff83c6-263f-4bbf-a8f3-af5164ad62af,c6a1d43f-c2ec-499e-b2cb-ec8b8f8ddd36,5,10,100,no
c2ff83c6-263f-4bbf-a8f3-af5164ad62af,c6a1d43f-c2ec-499e-b2cb-ec8b8f8ddd36,6,10,100,no
c2ff83c6-263f-4bbf-a8f3-af5164ad62af,c6a1d43f-c2ec-499e-b2cb-ec8b8f8ddd36,7,10,100,no
c2ff83c6-263f-4bbf-a8f3-af5164ad62af,c6a1d43f-c2ec-499e-b2cb-ec8b8f8ddd36,8,10,100,no
c2ff83c6-263f-4bbf-a8f3-af5164ad62af,c6a1d43f-c2ec-499e-b2cb-ec8b8f8ddd36,9,10,100,no
c2ff83c6-263f-4bbf-a8f3-af5164ad62af,c6a1d43f-c2ec-499e-b2cb-ec8b8f8ddd36,0,10,full,no
c2ff83c6-263f-4bbf-a8f3-af5164ad62af,c6a1d43f-c2ec-499e-b2cb-ec8b8f8ddd36,1,10,full,no
c2ff83c6-263f-4bbf-a8f3-af5164ad62af,c6a1d43f-c2ec-499e-b2cb-ec8b8f8ddd36,2,10,full,no
c2ff83c6-263f-4bbf-a8f3-af5164ad62af,c6a1d43f-c2ec-499e-b2cb-ec8b8f8ddd36,3,10,full,no
c2ff83c6-263f-4bbf-a8f3-af5164ad62af,c6a1d43f-c2ec-499e-b2cb-ec8b8f8ddd36,4,10,full,no
c2ff83c6-263f-4bbf-a8f3-af5164ad62af,c6a1d43f-c2ec-499e-b2cb-ec8b8f8ddd36,5,10,full,no
c2ff83c6-263f-4bbf-a8f3-af5164ad62af,c6a1d43f-c2ec-499e-b2cb-ec8b8f8ddd36,6,10,full,no
c2ff83c6-263f-4bbf-a8f3-af5164ad62af,c6a1d43f-c2ec-499e-b2cb-ec8b8f8ddd36,7,10,full,no
c2ff83c6-263f-4bbf-a8f3-af5164ad62af,c6a1d43f-c2ec-499e-b2cb-ec8b8f8ddd36,8,10,full,no
c2ff83c6-263f-4bbf-a8f3-af5164ad62af,c6a1d43f-c2ec-499e-b2cb-ec8b8f8ddd36,9,10,full,no
c2ff83c6-263f-4bbf-a8f3-af5164ad62af,ef198208-6a7f-4a30-9cba-3f55295ed4c2,0,10,10,no
c2ff83c6-263f-4bbf-a8f3-af5164ad62af,ef198208-6a7f-4a30-9cba-3f55295ed4c2,1,10,10,no
c2ff83c6-263f-4bbf-a8f3-af5164ad62af,ef198208-6a7f-4a30-9cba-3f55295ed4c2,2,10,10,no
c2ff83c6-263f-4bbf-a8f3-af5164ad62af,ef198208-6a7f-4a30-9cba-3f55295ed4c2,3,10,10,no
c2ff83c6-263f-4bbf-a8f3-af5164ad62af,ef198208-6a7f-4a30-9cba-3f55295ed4c2,4,10,10,no
c2ff83c6-263f-4bbf-a8f3-af5164ad62af,ef198208-6a7f-4a30-9cba-3f55295ed4c2,5,10,10,no
c2ff83c6-263f-4bbf-a8f3-af5164ad62af,ef198208-6a7f-4a30-9cba-3f55295ed4c2,6,10,10,no
c2ff83c6-263f-4bbf-a8f3-af5164ad62af,ef198208-6a7f-4a30-9cba-3f55295ed4c2,7,10,10,no
c2ff83c6-263f-4bbf-a8f3-af5164ad62af,ef198208-6a7f-4a30-9cba-3f55295ed4c2,8,10,10,no
c2ff83c6-263f-4bbf-a8f3-af5164ad62af,ef198208-6a7f-4a30-9cba-3f55295ed4c2,9,10,10,no
c2ff83c6-263f-4bbf-a8f3-af5164ad62af,ef198208-6a7f-4a30-9cba-3f55295ed4c2,0,10,50,no
c2ff83c6-263f-4bbf-a8f3-af5164ad62af,ef198208-6a7f-4a30-9cba-3f55295ed4c2,1,10,50,no
c2ff83c6-263f-4bbf-a8f3-af5164ad62af,ef198208-6a7f-4a30-9cba-3f55295ed4c2,2,10,50,no
c2ff83c6-263f-4bbf-a8f3-af5164ad62af,ef198208-6a7f-4a30-9cba-3f55295ed4c2,3,10,50,no
c2ff83c6-263f-4bbf-a8f3-af5164ad62af,ef198208-6a7f-4a30-9cba-3f55295ed4c2,4,10,50,no
c2ff83c6-263f-4bbf-a8f3-af5164ad62af,ef198208-6a7f-4a30-9cba-3f55295ed4c2,5,10,50,no
c2ff83c6-263f-4bbf-a8f3-af5164ad62af,ef198208-6a7f-4a30-9cba-3f55295ed4c2,6,10,50,no
c2ff83c6-263f-4bbf-a8f3-af5164ad62af,ef198208-6a7f-4a30-9cba-3f55295ed4c2,7,10,50,no
c2ff83c6-263f-4bbf-a8f3-af5164ad62af,ef198208-6a7f-4a30-9cba-3f55295ed4c2,8,10,50,no
c2ff83c6-263f-4bbf-a8f3-af5164ad62af,ef198208-6a7f-4a30-9cba-3f55295ed4c2,9,10,50,no
c2ff83c6-263f-4bbf-a8f3-af5164ad62af,ef198208-6a7f-4a30-9cba-3f55295ed4c2,0,10,100,no
c2ff83c6-263f-4bbf-a8f3-af5164ad62af,ef198208-6a7f-4a30-9cba-3f55295ed4c2,1,10,100,no
c2ff83c6-263f-4bbf-a8f3-af5164ad62af,ef198208-6a7f-4a30-9cba-3f55295ed4c2,2,10,100,no
c2ff83c6-263f-4bbf-a8f3-af5164ad62af,ef198208-6a7f-4a30-9cba-3f55295ed4c2,3,10,100,no
c2ff83c6-263f-4bbf-a8f3-af5164ad62af,ef198208-6a7f-4a30-9cba-3f55295ed4c2,4,10,100,no
c2ff83c6-263f-4bbf-a8f3-af5164ad62af,ef198208-6a7f-4a30-9cba-3f55295ed4c2,5,10,100,no
c2ff83c6-263f-4bbf-a8f3-af5164ad62af,ef198208-6a7f-4a30-9cba-3f55295ed4c2,6,10,100,no
c2ff83c6-263f-4bbf-a8f3-af5164ad62af,ef198208-6a7f-4a30-9cba-3f55295ed4c2,7,10,100,no
c2ff83c6-263f-4bbf-a8f3-af5164ad62af,ef198208-6a7f-4a30-9cba-3f55295ed4c2,8,10,100,no
c2ff83c6-263f-4bbf-a8f3-af5164ad62af,ef198208-6a7f-4a30-9cba-3f55295ed4c2,9,10,100,no
c2ff83c6-263f-4bbf-a8f3-af5164ad62af,ef198208-6a7f-4a30-9cba-3f55295ed4c2,0,10,full,no
c2ff83c6-263f-4bbf-a8f3-af5164ad62af,ef198208-6a7f-4a30-9cba-3f55295ed4c2,1,10,full,no
c2ff83c6-263f-4bbf-a8f3-af5164ad62af,ef198208-6a7f-4a30-9cba-3f55295ed4c2,2,10,full,no
c2ff83c6-263f-4bbf-a8f3-af5164ad62af,ef198208-6a7f-4a30-9cba-3f55295ed4c2,3,10,full,no
c2ff83c6-263f-4bbf-a8f3-af5164ad62af,ef198208-6a7f-4a30-9cba-3f55295ed4c2,4,10,full,no
c2ff83c6-263f-4bbf-a8f3-af5164ad62af,ef198208-6a7f-4a30-9cba-3f55295ed4c2,5,10,full,no
c2ff83c6-263f-4bbf-a8f3-af5164ad62af,ef198208-6a7f-4a30-9cba-3f55295ed4c2,6,10,full,no
c2ff83c6-263f-4bbf-a8f3-af5164ad62af,ef198208-6a7f-4a30-9cba-3f55295ed4c2,7,10,full,no
c2ff83c6-263f-4bbf-a8f3-af5164ad62af,ef198208-6a7f-4a30-9cba-3f55295ed4c2,8,10,full,no
c2ff83c6-263f-4bbf-a8f3-af5164ad62af,ef198208-6a7f-4a30-9cba-3f55295ed4c2,9,10,full,no
c1c718bc-1407-4678-8539-a16e9bcf46e1,cf937433-9a1d-47b7-b1df-ec83762e4a81,0,10,10,yes
c1c718bc-1407-4678-8539-a16e9bcf46e1,cf937433-9a1d-47b7-b1df-ec83762e4a81,1,10,10,yes
c1c718bc-1407-4678-8539-a16e9bcf46e1,cf937433-9a1d-47b7-b1df-ec83762e4a81,2,10,10,no
c1c718bc-1407-4678-8539-a16e9bcf46e1,cf937433-9a1d-47b7-b1df-ec83762e4a81,3,10,10,yes
c1c718bc-1407-4678-8539-a16e9bcf46e1,cf937433-9a1d-47b7-b1df-ec83762e4a81,4,10,10,no
c1c718bc-1407-4678-8539-a16e9bcf46e1,cf937433-9a1d-47b7-b1df-ec83762e4a81,5,10,10,no
c1c718bc-1407-4678-8539-a16e9bcf46e1,cf937433-9a1d-47b7-b1df-ec83762e4a81,6,10,10,yes
c1c718bc-1407-4678-8539-a16e9bcf46e1,cf937433-9a1d-47b7-b1df-ec83762e4a81,7,10,10,no
c1c718bc-1407-4678-8539-a16e9bcf46e1,cf937433-9a1d-47b7-b1df-ec83762e4a81,8,10,10,no
c1c718bc-1407-4678-8539-a16e9bcf46e1,cf937433-9a1d-47b7-b1df-ec83762e4a81,9,10,10,no
c1c718bc-1407-4678-8539-a16e9bcf46e1,cf937433-9a1d-47b7-b1df-ec83762e4a81,0,10,50,no
c1c718bc-1407-4678-8539-a16e9bcf46e1,cf937433-9a1d-47b7-b1df-ec83762e4a81,1,10,50,no
c1c718bc-1407-4678-8539-a16e9bcf46e1,cf937433-9a1d-47b7-b1df-ec83762e4a81,2,10,50,no
c1c718bc-1407-4678-8539-a16e9bcf46e1,cf937433-9a1d-47b7-b1df-ec83762e4a81,3,10,50,no
c1c718bc-1407-4678-8539-a16e9bcf46e1,cf937433-9a1d-47b7-b1df-ec83762e4a81,4,10,50,no
c1c718bc-1407-4678-8539-a16e9bcf46e1,cf937433-9a1d-47b7-b1df-ec83762e4a81,5,10,50,no
c1c718bc-1407-4678-8539-a16e9bcf46e1,cf937433-9a1d-47b7-b1df-ec83762e4a81,6,10,50,no
c1c718bc-1407-4678-8539-a16e9bcf46e1,cf937433-9a1d-47b7-b1df-ec83762e4a81,7,10,50,no
c1c718bc-1407-4678-8539-a16e9bcf46e1,cf937433-9a1d-47b7-b1df-ec83762e4a81,8,10,50,no
c1c718bc-1407-4678-8539-a16e9bcf46e1,cf937433-9a1d-47b7-b1df-ec83762e4a81,9,10,50,yes
c1c718bc-1407-4678-8539-a16e9bcf46e1,cf937433-9a1d-47b7-b1df-ec83762e4a81,0,10,100,no
c1c718bc-1407-4678-8539-a16e9bcf46e1,cf937433-9a1d-47b7-b1df-ec83762e4a81,1,10,100,no
c1c718bc-1407-4678-8539-a16e9bcf46e1,cf937433-9a1d-47b7-b1df-ec83762e4a81,2,10,100,no
c1c718bc-1407-4678-8539-a16e9bcf46e1,cf937433-9a1d-47b7-b1df-ec83762e4a81,3,10,100,no
c1c718bc-1407-4678-8539-a16e9bcf46e1,cf937433-9a1d-47b7-b1df-ec83762e4a81,4,10,100,no
c1c718bc-1407-4678-8539-a16e9bcf46e1,cf937433-9a1d-47b7-b1df-ec83762e4a81,5,10,100,no
c1c718bc-1407-4678-8539-a16e9bcf46e1,cf937433-9a1d-47b7-b1df-ec83762e4a81,6,10,100,no
c1c718bc-1407-4678-8539-a16e9bcf46e1,cf937433-9a1d-47b7-b1df-ec83762e4a81,7,10,100,no
c1c718bc-1407-4678-8539-a16e9bcf46e1,cf937433-9a1d-47b7-b1df-ec83762e4a81,8,10,100,no
c1c718bc-1407-4678-8539-a16e9bcf46e1,cf937433-9a1d-47b7-b1df-ec83762e4a81,9,10,100,no
c1c718bc-1407-4678-8539-a16e9bcf46e1,cf937433-9a1d-47b7-b1df-ec83762e4a81,0,10,full,no
c1c718bc-1407-4678-8539-a16e9bcf46e1,cf937433-9a1d-47b7-b1df-ec83762e4a81,1,10,full,no
c1c718bc-1407-4678-8539-a16e9bcf46e1,cf937433-9a1d-47b7-b1df-ec83762e4a81,2,10,full,no
c1c718bc-1407-4678-8539-a16e9bcf46e1,cf937433-9a1d-47b7-b1df-ec83762e4a81,3,10,full,no
c1c718bc-1407-4678-8539-a16e9bcf46e1,cf937433-9a1d-47b7-b1df-ec83762e4a81,4,10,full,no
c1c718bc-1407-4678-8539-a16e9bcf46e1,cf937433-9a1d-47b7-b1df-ec83762e4a81,5,10,full,no
c1c718bc-1407-4678-8539-a16e9bcf46e1,cf937433-9a1d-47b7-b1df-ec83762e4a81,6,10,full,no
c1c718bc-1407-4678-8539-a16e9bcf46e1,cf937433-9a1d-47b7-b1df-ec83762e4a81,7,10,full,no
c1c718bc-1407-4678-8539-a16e9bcf46e1,cf937433-9a1d-47b7-b1df-ec83762e4a81,8,10,full,no
c1c718bc-1407-4678-8539-a16e9bcf46e1,cf937433-9a1d-47b7-b1df-ec83762e4a81,9,10,full,no
c1c718bc-1407-4678-8539-a16e9bcf46e1,b8d9a3d4-83b2-4297-a57b-ad2617f4ad54,0,10,10,no
c1c718bc-1407-4678-8539-a16e9bcf46e1,b8d9a3d4-83b2-4297-a57b-ad2617f4ad54,1,10,10,yes
c1c718bc-1407-4678-8539-a16e9bcf46e1,b8d9a3d4-83b2-4297-a57b-ad2617f4ad54,2,10,10,yes
c1c718bc-1407-4678-8539-a16e9bcf46e1,b8d9a3d4-83b2-4297-a57b-ad2617f4ad54,3,10,10,yes
c1c718bc-1407-4678-8539-a16e9bcf46e1,b8d9a3d4-83b2-4297-a57b-ad2617f4ad54,4,10,10,no
c1c718bc-1407-4678-8539-a16e9bcf46e1,b8d9a3d4-83b2-4297-a57b-ad2617f4ad54,5,10,10,no
c1c718bc-1407-4678-8539-a16e9bcf46e1,b8d9a3d4-83b2-4297-a57b-ad2617f4ad54,6,10,10,no
c1c718bc-1407-4678-8539-a16e9bcf46e1,b8d9a3d4-83b2-4297-a57b-ad2617f4ad54,7,10,10,yes
c1c718bc-1407-4678-8539-a16e9bcf46e1,b8d9a3d4-83b2-4297-a57b-ad2617f4ad54,8,10,10,yes
c1c718bc-1407-4678-8539-a16e9bcf46e1,b8d9a3d4-83b2-4297-a57b-ad2617f4ad54,9,10,10,no
c1c718bc-1407-4678-8539-a16e9bcf46e1,b8d9a3d4-83b2-4297-a57b-ad2617f4ad54,0,10,50,no
c1c718bc-1407-4678-8539-a16e9bcf46e1,b8d9a3d4-83b2-4297-a57b-ad2617f4ad54,1,10,50,no
c1c718bc-1407-4678-8539-a16e9bcf46e1,b8d9a3d4-83b2-4297-a57b-ad2617f4ad54,2,10,50,no
c1c718bc-1407-4678-8539-a16e9bcf46e1,b8d9a3d4-83b2-4297-a57b-ad2617f4ad54,3,10,50,no
c1c718bc-1407-4678-8539-a16e9bcf46e1,b8d9a3d4-83b2-4297-a57b-ad2617f4ad54,4,10,50,no
c1c718bc-1407-4678-8539-a16e9bcf46e1,b8d9a3d4-83b2-4297-a57b-ad2617f4ad54,5,10,50,no
c1c718bc-1407-4678-8539-a16e9bcf46e1,b8d9a3d4-83b2-4297-a57b-ad2617f4ad54,6,10,50,no
c1c718bc-1407-4678-8539-a16e9bcf46e1,b8d9a3d4-83b2-4297-a57b-ad2617f4ad54,7,10,50,no
c1c718bc-1407-4678-8539-a16e9bcf46e1,b8d9a3d4-83b2-4297-a57b-ad2617f4ad54,8,10,50,no
c1c718bc-1407-4678-8539-a16e9bcf46e1,b8d9a3d4-83b2-4297-a57b-ad2617f4ad54,9,10,50,no
c1c718bc-1407-4678-8539-a16e9bcf46e1,b8d9a3d4-83b2-4297-a57b-ad2617f4ad54,0,10,100,no
c1c718bc-1407-4678-8539-a16e9bcf46e1,b8d9a3d4-83b2-4297-a57b-ad2617f4ad54,1,10,100,no
c1c718bc-1407-4678-8539-a16e9bcf46e1,b8d9a3d4-83b2-4297-a57b-ad2617f4ad54,2,10,100,no
c1c718bc-1407-4678-8539-a16e9bcf46e1,b8d9a3d4-83b2-4297-a57b-ad2617f4ad54,3,10,100,no
c1c718bc-1407-4678-8539-a16e9bcf46e1,b8d9a3d4-83b2-4297-a57b-ad2617f4ad54,4,10,100,no
c1c718bc-1407-4678-8539-a16e9bcf46e1,b8d9a3d4-83b2-4297-a57b-ad2617f4ad54,5,10,100,no
c1c718bc-1407-4678-8539-a16e9bcf46e1,b8d9a3d4-83b2-4297-a57b-ad2617f4ad54,6,10,100,no
c1c718bc-1407-4678-8539-a16e9bcf46e1,b8d9a3d4-83b2-4297-a57b-ad2617f4ad54,7,10,100,no
c1c718bc-1407-4678-8539-a16e9bcf46e1,b8d9a3d4-83b2-4297-a57b-ad2617f4ad54,8,10,100,no
c1c718bc-1407-4678-8539-a16e9bcf46e1,b8d9a3d4-83b2-4297-a57b-ad2617f4ad54,9,10,100,no
c1c718bc-1407-4678-8539-a16e9bcf46e1,b8d9a3d4-83b2-4297-a57b-ad2617f4ad54,0,10,full,no
c1c718bc-1407-4678-8539-a16e9bcf46e1,b8d9a3d4-83b2-4297-a57b-ad2617f4ad54,1,10,full,no
c1c718bc-1407-4678-8539-a16e9bcf46e1,b8d9a3d4-83b2-4297-a57b-ad2617f4ad54,2,10,full,no
c1c718bc-1407-4678-8539-a16e9bcf46e1,b8d9a3d4-83b2-4297-a57b-ad2617f4ad54,3,10,full,no
c1c718bc-1407-4678-8539-a16e9bcf46e1,b8d9a3d4-83b2-4297-a57b-ad2617f4ad54,4,10,full,no
c1c718bc-1407-4678-8539-a16e9bcf46e1,b8d9a3d4-83b2-4297-a57b-ad2617f4ad54,5,10,full,no
c1c718bc-1407-4678-8539-a16e9bcf46e1,b8d9a3d4-83b2-4297-a57b-ad2617f4ad54,6,10,full,no
c1c718bc-1407-4678-8539-a16e9bcf46e1,b8d9a3d4-83b2-4297-a57b-ad2617f4ad54,7,10,full,no
c1c718bc-1407-4678-8539-a16e9bcf46e1,b8d9a3d4-83b2-4297-a57b-ad2617f4ad54,8,10,full,no
c1c718bc-1407-4678-8539-a16e9bcf46e1,b8d9a3d4-83b2-4297-a57b-ad2617f4ad54,9,10,full,no
fe5f3e98-238a-4288-b48f-eae5cd4f3584,96ce0407-dd17-46c2-86f9-9c6cdc0422c8,0,10,10,no
fe5f3e98-238a-4288-b48f-eae5cd4f3584,96ce0407-dd17-46c2-86f9-9c6cdc0422c8,1,10,10,yes
fe5f3e98-238a-4288-b48f-eae5cd4f3584,96ce0407-dd17-46c2-86f9-9c6cdc0422c8,2,10,10,yes
fe5f3e98-238a-4288-b48f-eae5cd4f3584,96ce0407-dd17-46c2-86f9-9c6cdc0422c8,3,10,10,yes
fe5f3e98-238a-4288-b48f-eae5cd4f3584,96ce0407-dd17-46c2-86f9-9c6cdc0422c8,4,10,10,no
fe5f3e98-238a-4288-b48f-eae5cd4f3584,96ce0407-dd17-46c2-86f9-9c6cdc0422c8,5,10,10,no
fe5f3e98-238a-4288-b48f-eae5cd4f3584,96ce0407-dd17-46c2-86f9-9c6cdc0422c8,6,10,10,yes
fe5f3e98-238a-4288-b48f-eae5cd4f3584,96ce0407-dd17-46c2-86f9-9c6cdc0422c8,7,10,10,no
fe5f3e98-238a-4288-b48f-eae5cd4f3584,96ce0407-dd17-46c2-86f9-9c6cdc0422c8,8,10,10,yes
fe5f3e98-238a-4288-b48f-eae5cd4f3584,96ce0407-dd17-46c2-86f9-9c6cdc0422c8,0,10,50,no
fe5f3e98-238a-4288-b48f-eae5cd4f3584,96ce0407-dd17-46c2-86f9-9c6cdc0422c8,1,10,50,no
fe5f3e98-238a-4288-b48f-eae5cd4f3584,96ce0407-dd17-46c2-86f9-9c6cdc0422c8,2,10,50,no
fe5f3e98-238a-4288-b48f-eae5cd4f3584,96ce0407-dd17-46c2-86f9-9c6cdc0422c8,3,10,50,no
fe5f3e98-238a-4288-b48f-eae5cd4f3584,96ce0407-dd17-46c2-86f9-9c6cdc0422c8,4,10,50,no
fe5f3e98-238a-4288-b48f-eae5cd4f3584,96ce0407-dd17-46c2-86f9-9c6cdc0422c8,5,10,50,no
fe5f3e98-238a-4288-b48f-eae5cd4f3584,96ce0407-dd17-46c2-86f9-9c6cdc0422c8,6,10,50,no
fe5f3e98-238a-4288-b48f-eae5cd4f3584,96ce0407-dd17-46c2-86f9-9c6cdc0422c8,7,10,50,no
fe5f3e98-238a-4288-b48f-eae5cd4f3584,96ce0407-dd17-46c2-86f9-9c6cdc0422c8,8,10,50,yes
fe5f3e98-238a-4288-b48f-eae5cd4f3584,96ce0407-dd17-46c2-86f9-9c6cdc0422c8,0,10,100,no
fe5f3e98-238a-4288-b48f-eae5cd4f3584,96ce0407-dd17-46c2-86f9-9c6cdc0422c8,1,10,100,no
fe5f3e98-238a-4288-b48f-eae5cd4f3584,96ce0407-dd17-46c2-86f9-9c6cdc0422c8,2,10,100,no
fe5f3e98-238a-4288-b48f-eae5cd4f3584,96ce0407-dd17-46c2-86f9-9c6cdc0422c8,3,10,100,no
fe5f3e98-238a-4288-b48f-eae5cd4f3584,96ce0407-dd17-46c2-86f9-9c6cdc0422c8,4,10,100,no
fe5f3e98-238a-4288-b48f-eae5cd4f3584,96ce0407-dd17-46c2-86f9-9c6cdc0422c8,5,10,100,no
fe5f3e98-238a-4288-b48f-eae5cd4f3584,96ce0407-dd17-46c2-86f9-9c6cdc0422c8,6,10,100,no
fe5f3e98-238a-4288-b48f-eae5cd4f3584,96ce0407-dd17-46c2-86f9-9c6cdc0422c8,7,10,100,no
fe5f3e98-238a-4288-b48f-eae5cd4f3584,96ce0407-dd17-46c2-86f9-9c6cdc0422c8,8,10,100,no
fe5f3e98-238a-4288-b48f-eae5cd4f3584,96ce0407-dd17-46c2-86f9-9c6cdc0422c8,0,10,full,no
fe5f3e98-238a-4288-b48f-eae5cd4f3584,96ce0407-dd17-46c2-86f9-9c6cdc0422c8,1,10,full,no
fe5f3e98-238a-4288-b48f-eae5cd4f3584,96ce0407-dd17-46c2-86f9-9c6cdc0422c8,2,10,full,no
fe5f3e98-238a-4288-b48f-eae5cd4f3584,96ce0407-dd17-46c2-86f9-9c6cdc0422c8,3,10,full,no
fe5f3e98-238a-4288-b48f-eae5cd4f3584,96ce0407-dd17-46c2-86f9-9c6cdc0422c8,4,10,full,no
fe5f3e98-238a-4288-b48f-eae5cd4f3584,96ce0407-dd17-46c2-86f9-9c6cdc0422c8,5,10,full,no
fe5f3e98-238a-4288-b48f-eae5cd4f3584,96ce0407-dd17-46c2-86f9-9c6cdc0422c8,6,10,full,no
fe5f3e98-238a-4288-b48f-eae5cd4f3584,96ce0407-dd17-46c2-86f9-9c6cdc0422c8,7,10,full,no
fe5f3e98-238a-4288-b48f-eae5cd4f3584,96ce0407-dd17-46c2-86f9-9c6cdc0422c8,8,10,full,no
fe5f3e98-238a-4288-b48f-eae5cd4f3584,236adce9-d8f8-4aa6-b325-f320c0b35e71,1,10,10,no
fe5f3e98-238a-4288-b48f-eae5cd4f3584,236adce9-d8f8-4aa6-b325-f320c0b35e71,2,10,10,yes
fe5f3e98-238a-4288-b48f-eae5cd4f3584,236adce9-d8f8-4aa6-b325-f320c0b35e71,3,10,10,no
fe5f3e98-238a-4288-b48f-eae5cd4f3584,236adce9-d8f8-4aa6-b325-f320c0b35e71,4,10,10,no
fe5f3e98-238a-4288-b48f-eae5cd4f3584,236adce9-d8f8-4aa6-b325-f320c0b35e71,5,10,10,no
fe5f3e98-238a-4288-b48f-eae5cd4f3584,236adce9-d8f8-4aa6-b325-f320c0b35e71,6,10,10,yes
fe5f3e98-238a-4288-b48f-eae5cd4f3584,236adce9-d8f8-4aa6-b325-f320c0b35e71,7,10,10,no
fe5f3e98-238a-4288-b48f-eae5cd4f3584,236adce9-d8f8-4aa6-b325-f320c0b35e71,8,10,10,yes
fe5f3e98-238a-4288-b48f-eae5cd4f3584,236adce9-d8f8-4aa6-b325-f320c0b35e71,9,10,10,no
fe5f3e98-238a-4288-b48f-eae5cd4f3584,236adce9-d8f8-4aa6-b325-f320c0b35e71,1,10,50,yes
fe5f3e98-238a-4288-b48f-eae5cd4f3584,236adce9-d8f8-4aa6-b325-f320c0b35e71,2,10,50,no
fe5f3e98-238a-4288-b48f-eae5cd4f3584,236adce9-d8f8-4aa6-b325-f320c0b35e71,3,10,50,no
fe5f3e98-238a-4288-b48f-eae5cd4f3584,236adce9-d8f8-4aa6-b325-f320c0b35e71,4,10,50,no
fe5f3e98-238a-4288-b48f-eae5cd4f3584,236adce9-d8f8-4aa6-b325-f320c0b35e71,5,10,50,no
fe5f3e98-238a-4288-b48f-eae5cd4f3584,236adce9-d8f8-4aa6-b325-f320c0b35e71,6,10,50,no
fe5f3e98-238a-4288-b48f-eae5cd4f3584,236adce9-d8f8-4aa6-b325-f320c0b35e71,7,10,50,no
fe5f3e98-238a-4288-b48f-eae5cd4f3584,236adce9-d8f8-4aa6-b325-f320c0b35e71,8,10,50,no
fe5f3e98-238a-4288-b48f-eae5cd4f3584,236adce9-d8f8-4aa6-b325-f320c0b35e71,9,10,50,no
fe5f3e98-238a-4288-b48f-eae5cd4f3584,236adce9-d8f8-4aa6-b325-f320c0b35e71,1,10,100,no
fe5f3e98-238a-4288-b48f-eae5cd4f3584,236adce9-d8f8-4aa6-b325-f320c0b35e71,2,10,100,no
fe5f3e98-238a-4288-b48f-eae5cd4f3584,236adce9-d8f8-4aa6-b325-f320c0b35e71,3,10,100,no
fe5f3e98-238a-4288-b48f-eae5cd4f3584,236adce9-d8f8-4aa6-b325-f320c0b35e71,4,10,100,no
fe5f3e98-238a-4288-b48f-eae5cd4f3584,236adce9-d8f8-4aa6-b325-f320c0b35e71,5,10,100,no
fe5f3e98-238a-4288-b48f-eae5cd4f3584,236adce9-d8f8-4aa6-b325-f320c0b35e71,6,10,100,no
fe5f3e98-238a-4288-b48f-eae5cd4f3584,236adce9-d8f8-4aa6-b325-f320c0b35e71,7,10,100,no
fe5f3e98-238a-4288-b48f-eae5cd4f3584,236adce9-d8f8-4aa6-b325-f320c0b35e71,8,10,100,no
fe5f3e98-238a-4288-b48f-eae5cd4f3584,236adce9-d8f8-4aa6-b325-f320c0b35e71,9,10,100,no
fe5f3e98-238a-4288-b48f-eae5cd4f3584,236adce9-d8f8-4aa6-b325-f320c0b35e71,1,10,full,no
fe5f3e98-238a-4288-b48f-eae5cd4f3584,236adce9-d8f8-4aa6-b325-f320c0b35e71,2,10,full,no
fe5f3e98-238a-4288-b48f-eae5cd4f3584,236adce9-d8f8-4aa6-b325-f320c0b35e71,3,10,full,no
fe5f3e98-238a-4288-b48f-eae5cd4f3584,236adce9-d8f8-4aa6-b325-f320c0b35e71,4,10,full,no
fe5f3e98-238a-4288-b48f-eae5cd4f3584,236adce9-d8f8-4aa6-b325-f320c0b35e71,5,10,full,no
fe5f3e98-238a-4288-b48f-eae5cd4f3584,236adce9-d8f8-4aa6-b325-f320c0b35e71,6,10,full,no
fe5f3e98-238a-4288-b48f-eae5cd4f3584,236adce9-d8f8-4aa6-b325-f320c0b35e71,7,10,full,no
fe5f3e98-238a-4288-b48f-eae5cd4f3584,236adce9-d8f8-4aa6-b325-f320c0b35e71,8,10,full,no
fe5f3e98-238a-4288-b48f-eae5cd4f3584,236adce9-d8f8-4aa6-b325-f320c0b35e71,9,10,full,no
bd910975-9ade-47d6-9e2f-edf9e2d49234,279096a6-8f5a-47ea-99ea-fd755443bb63,0,10,10,no
bd910975-9ade-47d6-9e2f-edf9e2d49234,279096a6-8f5a-47ea-99ea-fd755443bb63,1,10,10,no
bd910975-9ade-47d6-9e2f-edf9e2d49234,279096a6-8f5a-47ea-99ea-fd755443bb63,2,10,10,no
bd910975-9ade-47d6-9e2f-edf9e2d49234,279096a6-8f5a-47ea-99ea-fd755443bb63,3,10,10,no
bd910975-9ade-47d6-9e2f-edf9e2d49234,279096a6-8f5a-47ea-99ea-fd755443bb63,4,10,10,no
bd910975-9ade-47d6-9e2f-edf9e2d49234,279096a6-8f5a-47ea-99ea-fd755443bb63,5,10,10,yes
bd910975-9ade-47d6-9e2f-edf9e2d49234,279096a6-8f5a-47ea-99ea-fd755443bb63,6,10,10,no
bd910975-9ade-47d6-9e2f-edf9e2d49234,279096a6-8f5a-47ea-99ea-fd755443bb63,7,10,10,yes
bd910975-9ade-47d6-9e2f-edf9e2d49234,279096a6-8f5a-47ea-99ea-fd755443bb63,8,10,10,no
bd910975-9ade-47d6-9e2f-edf9e2d49234,279096a6-8f5a-47ea-99ea-fd755443bb63,9,10,10,no
bd910975-9ade-47d6-9e2f-edf9e2d49234,279096a6-8f5a-47ea-99ea-fd755443bb63,0,10,50,no
bd910975-9ade-47d6-9e2f-edf9e2d49234,279096a6-8f5a-47ea-99ea-fd755443bb63,1,10,50,no
bd910975-9ade-47d6-9e2f-edf9e2d49234,279096a6-8f5a-47ea-99ea-fd755443bb63,2,10,50,no
bd910975-9ade-47d6-9e2f-edf9e2d49234,279096a6-8f5a-47ea-99ea-fd755443bb63,3,10,50,no
bd910975-9ade-47d6-9e2f-edf9e2d49234,279096a6-8f5a-47ea-99ea-fd755443bb63,4,10,50,no
bd910975-9ade-47d6-9e2f-edf9e2d49234,279096a6-8f5a-47ea-99ea-fd755443bb63,5,10,50,no
bd910975-9ade-47d6-9e2f-edf9e2d49234,279096a6-8f5a-47ea-99ea-fd755443bb63,6,10,50,no
bd910975-9ade-47d6-9e2f-edf9e2d49234,279096a6-8f5a-47ea-99ea-fd755443bb63,7,10,50,no
bd910975-9ade-47d6-9e2f-edf9e2d49234,279096a6-8f5a-47ea-99ea-fd755443bb63,8,10,50,no
bd910975-9ade-47d6-9e2f-edf9e2d49234,279096a6-8f5a-47ea-99ea-fd755443bb63,9,10,50,no
bd910975-9ade-47d6-9e2f-edf9e2d49234,279096a6-8f5a-47ea-99ea-fd755443bb63,0,10,100,no
bd910975-9ade-47d6-9e2f-edf9e2d49234,279096a6-8f5a-47ea-99ea-fd755443bb63,1,10,100,no
bd910975-9ade-47d6-9e2f-edf9e2d49234,279096a6-8f5a-47ea-99ea-fd755443bb63,2,10,100,no
bd910975-9ade-47d6-9e2f-edf9e2d49234,279096a6-8f5a-47ea-99ea-fd755443bb63,3,10,100,no
bd910975-9ade-47d6-9e2f-edf9e2d49234,279096a6-8f5a-47ea-99ea-fd755443bb63,4,10,100,no
bd910975-9ade-47d6-9e2f-edf9e2d49234,279096a6-8f5a-47ea-99ea-fd755443bb63,5,10,100,no
bd910975-9ade-47d6-9e2f-edf9e2d49234,279096a6-8f5a-47ea-99ea-fd755443bb63,6,10,100,no
bd910975-9ade-47d6-9e2f-edf9e2d49234,279096a6-8f5a-47ea-99ea-fd755443bb63,7,10,100,no
bd910975-9ade-47d6-9e2f-edf9e2d49234,279096a6-8f5a-47ea-99ea-fd755443bb63,8,10,100,no
bd910975-9ade-47d6-9e2f-edf9e2d49234,279096a6-8f5a-47ea-99ea-fd755443bb63,9,10,100,no
bd910975-9ade-47d6-9e2f-edf9e2d49234,279096a6-8f5a-47ea-99ea-fd755443bb63,0,10,full,no
bd910975-9ade-47d6-9e2f-edf9e2d49234,279096a6-8f5a-47ea-99ea-fd755443bb63,1,10,full,no
bd910975-9ade-47d6-9e2f-edf9e2d49234,279096a6-8f5a-47ea-99ea-fd755443bb63,2,10,full,no
bd910975-9ade-47d6-9e2f-edf9e2d49234,279096a6-8f5a-47ea-99ea-fd755443bb63,3,10,full,no
bd910975-9ade-47d6-9e2f-edf9e2d49234,279096a6-8f5a-47ea-99ea-fd755443bb63,4,10,full,no
bd910975-9ade-47d6-9e2f-edf9e2d49234,279096a6-8f5a-47ea-99ea-fd755443bb63,5,10,full,no
bd910975-9ade-47d6-9e2f-edf9e2d49234,279096a6-8f5a-47ea-99ea-fd755443bb63,6,10,full,no
bd910975-9ade-47d6-9e2f-edf9e2d49234,279096a6-8f5a-47ea-99ea-fd755443bb63,7,10,full,no
bd910975-9ade-47d6-9e2f-edf9e2d49234,279096a6-8f5a-47ea-99ea-fd755443bb63,8,10,full,no
bd910975-9ade-47d6-9e2f-edf9e2d49234,279096a6-8f5a-47ea-99ea-fd755443bb63,9,10,full,no
bd910975-9ade-47d6-9e2f-edf9e2d49234,114e3e17-1cc1-4189-9350-8d8b23a568d0,0,10,10,no
bd910975-9ade-47d6-9e2f-edf9e2d49234,114e3e17-1cc1-4189-9350-8d8b23a568d0,1,10,10,no
bd910975-9ade-47d6-9e2f-edf9e2d49234,114e3e17-1cc1-4189-9350-8d8b23a568d0,2,10,10,yes
bd910975-9ade-47d6-9e2f-edf9e2d49234,114e3e17-1cc1-4189-9350-8d8b23a568d0,3,10,10,no
bd910975-9ade-47d6-9e2f-edf9e2d49234,114e3e17-1cc1-4189-9350-8d8b23a568d0,4,10,10,no
bd910975-9ade-47d6-9e2f-edf9e2d49234,114e3e17-1cc1-4189-9350-8d8b23a568d0,5,10,10,no
bd910975-9ade-47d6-9e2f-edf9e2d49234,114e3e17-1cc1-4189-9350-8d8b23a568d0,6,10,10,no
bd910975-9ade-47d6-9e2f-edf9e2d49234,114e3e17-1cc1-4189-9350-8d8b23a568d0,7,10,10,no
bd910975-9ade-47d6-9e2f-edf9e2d49234,114e3e17-1cc1-4189-9350-8d8b23a568d0,8,10,10,yes
bd910975-9ade-47d6-9e2f-edf9e2d49234,114e3e17-1cc1-4189-9350-8d8b23a568d0,9,10,10,no
bd910975-9ade-47d6-9e2f-edf9e2d49234,114e3e17-1cc1-4189-9350-8d8b23a568d0,0,10,50,no
bd910975-9ade-47d6-9e2f-edf9e2d49234,114e3e17-1cc1-4189-9350-8d8b23a568d0,1,10,50,no
bd910975-9ade-47d6-9e2f-edf9e2d49234,114e3e17-1cc1-4189-9350-8d8b23a568d0,2,10,50,no
bd910975-9ade-47d6-9e2f-edf9e2d49234,114e3e17-1cc1-4189-9350-8d8b23a568d0,3,10,50,no
bd910975-9ade-47d6-9e2f-edf9e2d49234,114e3e17-1cc1-4189-9350-8d8b23a568d0,4,10,50,no
bd910975-9ade-47d6-9e2f-edf9e2d49234,114e3e17-1cc1-4189-9350-8d8b23a568d0,5,10,50,no
bd910975-9ade-47d6-9e2f-edf9e2d49234,114e3e17-1cc1-4189-9350-8d8b23a568d0,6,10,50,no
bd910975-9ade-47d6-9e2f-edf9e2d49234,114e3e17-1cc1-4189-9350-8d8b23a568d0,7,10,50,no
bd910975-9ade-47d6-9e2f-edf9e2d49234,114e3e17-1cc1-4189-9350-8d8b23a568d0,8,10,50,no
bd910975-9ade-47d6-9e2f-edf9e2d49234,114e3e17-1cc1-4189-9350-8d8b23a568d0,9,10,50,no
bd910975-9ade-47d6-9e2f-edf9e2d49234,114e3e17-1cc1-4189-9350-8d8b23a568d0,0,10,100,no
bd910975-9ade-47d6-9e2f-edf9e2d49234,114e3e17-1cc1-4189-9350-8d8b23a568d0,1,10,100,no
bd910975-9ade-47d6-9e2f-edf9e2d49234,114e3e17-1cc1-4189-9350-8d8b23a568d0,2,10,100,no
bd910975-9ade-47d6-9e2f-edf9e2d49234,114e3e17-1cc1-4189-9350-8d8b23a568d0,3,10,100,no
bd910975-9ade-47d6-9e2f-edf9e2d49234,114e3e17-1cc1-4189-9350-8d8b23a568d0,4,10,100,no
bd910975-9ade-47d6-9e2f-edf9e2d49234,114e3e17-1cc1-4189-9350-8d8b23a568d0,5,10,100,no
bd910975-9ade-47d6-9e2f-edf9e2d49234,114e3e17-1cc1-4189-9350-8d8b23a568d0,6,10,100,no
bd910975-9ade-47d6-9e2f-edf9e2d49234,114e3e17-1cc1-4189-9350-8d8b23a568d0,7,10,100,no
bd910975-9ade-47d6-9e2f-edf9e2d49234,114e3e17-1cc1-4189-9350-8d8b23a568d0,8,10,100,no
bd910975-9ade-47d6-9e2f-edf9e2d49234,114e3e17-1cc1-4189-9350-8d8b23a568d0,9,10,100,no
bd910975-9ade-47d6-9e2f-edf9e2d49234,114e3e17-1cc1-4189-9350-8d8b23a568d0,0,10,full,no
bd910975-9ade-47d6-9e2f-edf9e2d49234,114e3e17-1cc1-4189-9350-8d8b23a568d0,1,10,full,no
bd910975-9ade-47d6-9e2f-edf9e2d49234,114e3e17-1cc1-4189-9350-8d8b23a568d0,2,10,full,no
bd910975-9ade-47d6-9e2f-edf9e2d49234,114e3e17-1cc1-4189-9350-8d8b23a568d0,3,10,full,no
bd910975-9ade-47d6-9e2f-edf9e2d49234,114e3e17-1cc1-4189-9350-8d8b23a568d0,4,10,full,no
bd910975-9ade-47d6-9e2f-edf9e2d49234,114e3e17-1cc1-4189-9350-8d8b23a568d0,5,10,full,no
bd910975-9ade-47d6-9e2f-edf9e2d49234,114e3e17-1cc1-4189-9350-8d8b23a568d0,6,10,full,no
bd910975-9ade-47d6-9e2f-edf9e2d49234,114e3e17-1cc1-4189-9350-8d8b23a568d0,7,10,full,no
bd910975-9ade-47d6-9e2f-edf9e2d49234,114e3e17-1cc1-4189-9350-8d8b23a568d0,8,10,full,no
bd910975-9ade-47d6-9e2f-edf9e2d49234,114e3e17-1cc1-4189-9350-8d8b23a568d0,9,10,full,no
db415af2-770a-40ce-a7ad-b319626cd356,042cf651-d5e7-4e53-8808-36cb94f93fc0,0,10,10,no
db415af2-770a-40ce-a7ad-b319626cd356,042cf651-d5e7-4e53-8808-36cb94f93fc0,1,10,10,no
db415af2-770a-40ce-a7ad-b319626cd356,042cf651-d5e7-4e53-8808-36cb94f93fc0,2,10,10,no
db415af2-770a-40ce-a7ad-b319626cd356,042cf651-d5e7-4e53-8808-36cb94f93fc0,3,10,10,no
db415af2-770a-40ce-a7ad-b319626cd356,042cf651-d5e7-4e53-8808-36cb94f93fc0,4,10,10,no
db415af2-770a-40ce-a7ad-b319626cd356,042cf651-d5e7-4e53-8808-36cb94f93fc0,5,10,10,no
db415af2-770a-40ce-a7ad-b319626cd356,042cf651-d5e7-4e53-8808-36cb94f93fc0,6,10,10,no
db415af2-770a-40ce-a7ad-b319626cd356,042cf651-d5e7-4e53-8808-36cb94f93fc0,7,10,10,no
db415af2-770a-40ce-a7ad-b319626cd356,042cf651-d5e7-4e53-8808-36cb94f93fc0,8,10,10,no
db415af2-770a-40ce-a7ad-b319626cd356,042cf651-d5e7-4e53-8808-36cb94f93fc0,9,10,10,no
db415af2-770a-40ce-a7ad-b319626cd356,042cf651-d5e7-4e53-8808-36cb94f93fc0,0,10,50,no
db415af2-770a-40ce-a7ad-b319626cd356,042cf651-d5e7-4e53-8808-36cb94f93fc0,1,10,50,no
db415af2-770a-40ce-a7ad-b319626cd356,042cf651-d5e7-4e53-8808-36cb94f93fc0,2,10,50,no
db415af2-770a-40ce-a7ad-b319626cd356,042cf651-d5e7-4e53-8808-36cb94f93fc0,3,10,50,no
db415af2-770a-40ce-a7ad-b319626cd356,042cf651-d5e7-4e53-8808-36cb94f93fc0,4,10,50,no
db415af2-770a-40ce-a7ad-b319626cd356,042cf651-d5e7-4e53-8808-36cb94f93fc0,5,10,50,no
db415af2-770a-40ce-a7ad-b319626cd356,042cf651-d5e7-4e53-8808-36cb94f93fc0,6,10,50,no
db415af2-770a-40ce-a7ad-b319626cd356,042cf651-d5e7-4e53-8808-36cb94f93fc0,7,10,50,no
db415af2-770a-40ce-a7ad-b319626cd356,042cf651-d5e7-4e53-8808-36cb94f93fc0,8,10,50,no
db415af2-770a-40ce-a7ad-b319626cd356,042cf651-d5e7-4e53-8808-36cb94f93fc0,9,10,50,no
db415af2-770a-40ce-a7ad-b319626cd356,042cf651-d5e7-4e53-8808-36cb94f93fc0,0,10,100,no
db415af2-770a-40ce-a7ad-b319626cd356,042cf651-d5e7-4e53-8808-36cb94f93fc0,1,10,100,no
db415af2-770a-40ce-a7ad-b319626cd356,042cf651-d5e7-4e53-8808-36cb94f93fc0,2,10,100,no
db415af2-770a-40ce-a7ad-b319626cd356,042cf651-d5e7-4e53-8808-36cb94f93fc0,3,10,100,no
db415af2-770a-40ce-a7ad-b319626cd356,042cf651-d5e7-4e53-8808-36cb94f93fc0,4,10,100,no
db415af2-770a-40ce-a7ad-b319626cd356,042cf651-d5e7-4e53-8808-36cb94f93fc0,5,10,100,no
db415af2-770a-40ce-a7ad-b319626cd356,042cf651-d5e7-4e53-8808-36cb94f93fc0,6,10,100,no
db415af2-770a-40ce-a7ad-b319626cd356,042cf651-d5e7-4e53-8808-36cb94f93fc0,7,10,100,no
db415af2-770a-40ce-a7ad-b319626cd356,042cf651-d5e7-4e53-8808-36cb94f93fc0,8,10,100,no
db415af2-770a-40ce-a7ad-b319626cd356,042cf651-d5e7-4e53-8808-36cb94f93fc0,9,10,100,no
db415af2-770a-40ce-a7ad-b319626cd356,042cf651-d5e7-4e53-8808-36cb94f93fc0,0,10,full,no
db415af2-770a-40ce-a7ad-b319626cd356,042cf651-d5e7-4e53-8808-36cb94f93fc0,1,10,full,no
db415af2-770a-40ce-a7ad-b319626cd356,042cf651-d5e7-4e53-8808-36cb94f93fc0,2,10,full,no
db415af2-770a-40ce-a7ad-b319626cd356,042cf651-d5e7-4e53-8808-36cb94f93fc0,3,10,full,no
db415af2-770a-40ce-a7ad-b319626cd356,042cf651-d5e7-4e53-8808-36cb94f93fc0,4,10,full,no
db415af2-770a-40ce-a7ad-b319626cd356,042cf651-d5e7-4e53-8808-36cb94f93fc0,5,10,full,no
db415af2-770a-40ce-a7ad-b319626cd356,042cf651-d5e7-4e53-8808-36cb94f93fc0,6,10,full,no
db415af2-770a-40ce-a7ad-b319626cd356,042cf651-d5e7-4e53-8808-36cb94f93fc0,7,10,full,no
db415af2-770a-40ce-a7ad-b319626cd356,042cf651-d5e7-4e53-8808-36cb94f93fc0,8,10,full,no
db415af2-770a-40ce-a7ad-b319626cd356,042cf651-d5e7-4e53-8808-36cb94f93fc0,9,10,full,no
db415af2-770a-40ce-a7ad-b319626cd356,f7212e3e-549e-4bc0-b780-84fb08ae0eab,0,10,10,no
db415af2-770a-40ce-a7ad-b319626cd356,f7212e3e-549e-4bc0-b780-84fb08ae0eab,1,10,10,no
db415af2-770a-40ce-a7ad-b319626cd356,f7212e3e-549e-4bc0-b780-84fb08ae0eab,2,10,10,no
db415af2-770a-40ce-a7ad-b319626cd356,f7212e3e-549e-4bc0-b780-84fb08ae0eab,3,10,10,no
db415af2-770a-40ce-a7ad-b319626cd356,f7212e3e-549e-4bc0-b780-84fb08ae0eab,4,10,10,no
db415af2-770a-40ce-a7ad-b319626cd356,f7212e3e-549e-4bc0-b780-84fb08ae0eab,5,10,10,no
db415af2-770a-40ce-a7ad-b319626cd356,f7212e3e-549e-4bc0-b780-84fb08ae0eab,6,10,10,no
db415af2-770a-40ce-a7ad-b319626cd356,f7212e3e-549e-4bc0-b780-84fb08ae0eab,7,10,10,no
db415af2-770a-40ce-a7ad-b319626cd356,f7212e3e-549e-4bc0-b780-84fb08ae0eab,8,10,10,no
db415af2-770a-40ce-a7ad-b319626cd356,f7212e3e-549e-4bc0-b780-84fb08ae0eab,9,10,10,no
db415af2-770a-40ce-a7ad-b319626cd356,f7212e3e-549e-4bc0-b780-84fb08ae0eab,0,10,50,no
db415af2-770a-40ce-a7ad-b319626cd356,f7212e3e-549e-4bc0-b780-84fb08ae0eab,1,10,50,no
db415af2-770a-40ce-a7ad-b319626cd356,f7212e3e-549e-4bc0-b780-84fb08ae0eab,2,10,50,no
db415af2-770a-40ce-a7ad-b319626cd356,f7212e3e-549e-4bc0-b780-84fb08ae0eab,3,10,50,no
db415af2-770a-40ce-a7ad-b319626cd356,f7212e3e-549e-4bc0-b780-84fb08ae0eab,4,10,50,no
db415af2-770a-40ce-a7ad-b319626cd356,f7212e3e-549e-4bc0-b780-84fb08ae0eab,5,10,50,no
db415af2-770a-40ce-a7ad-b319626cd356,f7212e3e-549e-4bc0-b780-84fb08ae0eab,6,10,50,no
db415af2-770a-40ce-a7ad-b319626cd356,f7212e3e-549e-4bc0-b780-84fb08ae0eab,7,10,50,no
db415af2-770a-40ce-a7ad-b319626cd356,f7212e3e-549e-4bc0-b780-84fb08ae0eab,8,10,50,no
db415af2-770a-40ce-a7ad-b319626cd356,f7212e3e-549e-4bc0-b780-84fb08ae0eab,9,10,50,no
db415af2-770a-40ce-a7ad-b319626cd356,f7212e3e-549e-4bc0-b780-84fb08ae0eab,0,10,100,no
db415af2-770a-40ce-a7ad-b319626cd356,f7212e3e-549e-4bc0-b780-84fb08ae0eab,1,10,100,no
db415af2-770a-40ce-a7ad-b319626cd356,f7212e3e-549e-4bc0-b780-84fb08ae0eab,2,10,100,no
db415af2-770a-40ce-a7ad-b319626cd356,f7212e3e-549e-4bc0-b780-84fb08ae0eab,3,10,100,no
db415af2-770a-40ce-a7ad-b319626cd356,f7212e3e-549e-4bc0-b780-84fb08ae0eab,4,10,100,no
db415af2-770a-40ce-a7ad-b319626cd356,f7212e3e-549e-4bc0-b780-84fb08ae0eab,5,10,100,no
db415af2-770a-40ce-a7ad-b319626cd356,f7212e3e-549e-4bc0-b780-84fb08ae0eab,6,10,100,no
db415af2-770a-40ce-a7ad-b319626cd356,f7212e3e-549e-4bc0-b780-84fb08ae0eab,7,10,100,no
db415af2-770a-40ce-a7ad-b319626cd356,f7212e3e-549e-4bc0-b780-84fb08ae0eab,8,10,100,no
db415af2-770a-40ce-a7ad-b319626cd356,f7212e3e-549e-4bc0-b780-84fb08ae0eab,9,10,100,no
db415af2-770a-40ce-a7ad-b319626cd356,f7212e3e-549e-4bc0-b780-84fb08ae0eab,0,10,full,no
db415af2-770a-40ce-a7ad-b319626cd356,f7212e3e-549e-4bc0-b780-84fb08ae0eab,1,10,full,no
db415af2-770a-40ce-a7ad-b319626cd356,f7212e3e-549e-4bc0-b780-84fb08ae0eab,2,10,full,no
db415af2-770a-40ce-a7ad-b319626cd356,f7212e3e-549e-4bc0-b780-84fb08ae0eab,3,10,full,no
db415af2-770a-40ce-a7ad-b319626cd356,f7212e3e-549e-4bc0-b780-84fb08ae0eab,4,10,full,no
db415af2-770a-40ce-a7ad-b319626cd356,f7212e3e-549e-4bc0-b780-84fb08ae0eab,5,10,full,no
db415af2-770a-40ce-a7ad-b319626cd356,f7212e3e-549e-4bc0-b780-84fb08ae0eab,6,10,full,no
db415af2-770a-40ce-a7ad-b319626cd356,f7212e3e-549e-4bc0-b780-84fb08ae0eab,7,10,full,no
db415af2-770a-40ce-a7ad-b319626cd356,f7212e3e-549e-4bc0-b780-84fb08ae0eab,8,10,full,no
db415af2-770a-40ce-a7ad-b319626cd356,f7212e3e-549e-4bc0-b780-84fb08ae0eab,9,10,full,no
c2c2157c-a1fc-467a-a06a-d823ced51648,a060f665-db3b-4796-91ba-de68a213e1f2,0,10,10,no
c2c2157c-a1fc-467a-a06a-d823ced51648,a060f665-db3b-4796-91ba-de68a213e1f2,1,10,10,no
c2c2157c-a1fc-467a-a06a-d823ced51648,a060f665-db3b-4796-91ba-de68a213e1f2,2,10,10,no
c2c2157c-a1fc-467a-a06a-d823ced51648,a060f665-db3b-4796-91ba-de68a213e1f2,3,10,10,no
c2c2157c-a1fc-467a-a06a-d823ced51648,a060f665-db3b-4796-91ba-de68a213e1f2,4,10,10,no
c2c2157c-a1fc-467a-a06a-d823ced51648,a060f665-db3b-4796-91ba-de68a213e1f2,5,10,10,no
c2c2157c-a1fc-467a-a06a-d823ced51648,a060f665-db3b-4796-91ba-de68a213e1f2,6,10,10,no
c2c2157c-a1fc-467a-a06a-d823ced51648,a060f665-db3b-4796-91ba-de68a213e1f2,7,10,10,no
c2c2157c-a1fc-467a-a06a-d823ced51648,a060f665-db3b-4796-91ba-de68a213e1f2,8,10,10,no
c2c2157c-a1fc-467a-a06a-d823ced51648,a060f665-db3b-4796-91ba-de68a213e1f2,0,10,50,no
c2c2157c-a1fc-467a-a06a-d823ced51648,a060f665-db3b-4796-91ba-de68a213e1f2,1,10,50,no
c2c2157c-a1fc-467a-a06a-d823ced51648,a060f665-db3b-4796-91ba-de68a213e1f2,2,10,50,no
c2c2157c-a1fc-467a-a06a-d823ced51648,a060f665-db3b-4796-91ba-de68a213e1f2,3,10,50,no
c2c2157c-a1fc-467a-a06a-d823ced51648,a060f665-db3b-4796-91ba-de68a213e1f2,4,10,50,no
c2c2157c-a1fc-467a-a06a-d823ced51648,a060f665-db3b-4796-91ba-de68a213e1f2,5,10,50,no
c2c2157c-a1fc-467a-a06a-d823ced51648,a060f665-db3b-4796-91ba-de68a213e1f2,6,10,50,no
c2c2157c-a1fc-467a-a06a-d823ced51648,a060f665-db3b-4796-91ba-de68a213e1f2,7,10,50,no
c2c2157c-a1fc-467a-a06a-d823ced51648,a060f665-db3b-4796-91ba-de68a213e1f2,8,10,50,no
c2c2157c-a1fc-467a-a06a-d823ced51648,a060f665-db3b-4796-91ba-de68a213e1f2,0,10,100,no
c2c2157c-a1fc-467a-a06a-d823ced51648,a060f665-db3b-4796-91ba-de68a213e1f2,1,10,100,no
c2c2157c-a1fc-467a-a06a-d823ced51648,a060f665-db3b-4796-91ba-de68a213e1f2,2,10,100,no
c2c2157c-a1fc-467a-a06a-d823ced51648,a060f665-db3b-4796-91ba-de68a213e1f2,3,10,100,no
c2c2157c-a1fc-467a-a06a-d823ced51648,a060f665-db3b-4796-91ba-de68a213e1f2,4,10,100,no
c2c2157c-a1fc-467a-a06a-d823ced51648,a060f665-db3b-4796-91ba-de68a213e1f2,5,10,100,no
c2c2157c-a1fc-467a-a06a-d823ced51648,a060f665-db3b-4796-91ba-de68a213e1f2,6,10,100,no
c2c2157c-a1fc-467a-a06a-d823ced51648,a060f665-db3b-4796-91ba-de68a213e1f2,7,10,100,no
c2c2157c-a1fc-467a-a06a-d823ced51648,a060f665-db3b-4796-91ba-de68a213e1f2,8,10,100,no
c2c2157c-a1fc-467a-a06a-d823ced51648,a060f665-db3b-4796-91ba-de68a213e1f2,0,10,full,no
c2c2157c-a1fc-467a-a06a-d823ced51648,a060f665-db3b-4796-91ba-de68a213e1f2,1,10,full,no
c2c2157c-a1fc-467a-a06a-d823ced51648,a060f665-db3b-4796-91ba-de68a213e1f2,2,10,full,no
c2c2157c-a1fc-467a-a06a-d823ced51648,a060f665-db3b-4796-91ba-de68a213e1f2,3,10,full,no
c2c2157c-a1fc-467a-a06a-d823ced51648,a060f665-db3b-4796-91ba-de68a213e1f2,4,10,full,no
c2c2157c-a1fc-467a-a06a-d823ced51648,a060f665-db3b-4796-91ba-de68a213e1f2,5,10,full,no
c2c2157c-a1fc-467a-a06a-d823ced51648,a060f665-db3b-4796-91ba-de68a213e1f2,6,10,full,no
c2c2157c-a1fc-467a-a06a-d823ced51648,a060f665-db3b-4796-91ba-de68a213e1f2,7,10,full,no
c2c2157c-a1fc-467a-a06a-d823ced51648,a060f665-db3b-4796-91ba-de68a213e1f2,8,10,full,no
c2c2157c-a1fc-467a-a06a-d823ced51648,86f236b8-bf65-47be-aa7d-f5ba8c6f66b7,1,10,10,no
c2c2157c-a1fc-467a-a06a-d823ced51648,86f236b8-bf65-47be-aa7d-f5ba8c6f66b7,2,10,10,no
c2c2157c-a1fc-467a-a06a-d823ced51648,86f236b8-bf65-47be-aa7d-f5ba8c6f66b7,3,10,10,no
c2c2157c-a1fc-467a-a06a-d823ced51648,86f236b8-bf65-47be-aa7d-f5ba8c6f66b7,4,10,10,no
c2c2157c-a1fc-467a-a06a-d823ced51648,86f236b8-bf65-47be-aa7d-f5ba8c6f66b7,5,10,10,no
c2c2157c-a1fc-467a-a06a-d823ced51648,86f236b8-bf65-47be-aa7d-f5ba8c6f66b7,6,10,10,no
c2c2157c-a1fc-467a-a06a-d823ced51648,86f236b8-bf65-47be-aa7d-f5ba8c6f66b7,7,10,10,no
c2c2157c-a1fc-467a-a06a-d823ced51648,86f236b8-bf65-47be-aa7d-f5ba8c6f66b7,8,10,10,no
c2c2157c-a1fc-467a-a06a-d823ced51648,86f236b8-bf65-47be-aa7d-f5ba8c6f66b7,9,10,10,no
c2c2157c-a1fc-467a-a06a-d823ced51648,86f236b8-bf65-47be-aa7d-f5ba8c6f66b7,1,10,50,no
c2c2157c-a1fc-467a-a06a-d823ced51648,86f236b8-bf65-47be-aa7d-f5ba8c6f66b7,2,10,50,no
c2c2157c-a1fc-467a-a06a-d823ced51648,86f236b8-bf65-47be-aa7d-f5ba8c6f66b7,3,10,50,no
c2c2157c-a1fc-467a-a06a-d823ced51648,86f236b8-bf65-47be-aa7d-f5ba8c6f66b7,4,10,50,no
c2c2157c-a1fc-467a-a06a-d823ced51648,86f236b8-bf65-47be-aa7d-f5ba8c6f66b7,5,10,50,no
c2c2157c-a1fc-467a-a06a-d823ced51648,86f236b8-bf65-47be-aa7d-f5ba8c6f66b7,6,10,50,no
c2c2157c-a1fc-467a-a06a-d823ced51648,86f236b8-bf65-47be-aa7d-f5ba8c6f66b7,7,10,50,no
c2c2157c-a1fc-467a-a06a-d823ced51648,86f236b8-bf65-47be-aa7d-f5ba8c6f66b7,8,10,50,no
c2c2157c-a1fc-467a-a06a-d823ced51648,86f236b8-bf65-47be-aa7d-f5ba8c6f66b7,9,10,50,no
c2c2157c-a1fc-467a-a06a-d823ced51648,86f236b8-bf65-47be-aa7d-f5ba8c6f66b7,1,10,100,no
c2c2157c-a1fc-467a-a06a-d823ced51648,86f236b8-bf65-47be-aa7d-f5ba8c6f66b7,2,10,100,no
c2c2157c-a1fc-467a-a06a-d823ced51648,86f236b8-bf65-47be-aa7d-f5ba8c6f66b7,3,10,100,no
c2c2157c-a1fc-467a-a06a-d823ced51648,86f236b8-bf65-47be-aa7d-f5ba8c6f66b7,4,10,100,no
c2c2157c-a1fc-467a-a06a-d823ced51648,86f236b8-bf65-47be-aa7d-f5ba8c6f66b7,5,10,100,no
c2c2157c-a1fc-467a-a06a-d823ced51648,86f236b8-bf65-47be-aa7d-f5ba8c6f66b7,6,10,100,no
c2c2157c-a1fc-467a-a06a-d823ced51648,86f236b8-bf65-47be-aa7d-f5ba8c6f66b7,7,10,100,no
c2c2157c-a1fc-467a-a06a-d823ced51648,86f236b8-bf65-47be-aa7d-f5ba8c6f66b7,8,10,100,no
c2c2157c-a1fc-467a-a06a-d823ced51648,86f236b8-bf65-47be-aa7d-f5ba8c6f66b7,9,10,100,no
c2c2157c-a1fc-467a-a06a-d823ced51648,86f236b8-bf65-47be-aa7d-f5ba8c6f66b7,1,10,full,no
c2c2157c-a1fc-467a-a06a-d823ced51648,86f236b8-bf65-47be-aa7d-f5ba8c6f66b7,2,10,full,no
c2c2157c-a1fc-467a-a06a-d823ced51648,86f236b8-bf65-47be-aa7d-f5ba8c6f66b7,3,10,full,no
c2c2157c-a1fc-467a-a06a-d823ced51648,86f236b8-bf65-47be-aa7d-f5ba8c6f66b7,4,10,full,no
c2c2157c-a1fc-467a-a06a-d823ced51648,86f236b8-bf65-47be-aa7d-f5ba8c6f66b7,5,10,full,no
c2c2157c-a1fc-467a-a06a-d823ced51648,86f236b8-bf65-47be-aa7d-f5ba8c6f66b7,6,10,full,no
c2c2157c-a1fc-467a-a06a-d823ced51648,86f236b8-bf65-47be-aa7d-f5ba8c6f66b7,7,10,full,no
c2c2157c-a1fc-467a-a06a-d823ced51648,86f236b8-bf65-47be-aa7d-f5ba8c6f66b7,8,10,full,no
c2c2157c-a1fc-467a-a06a-d823ced51648,86f236b8-bf65-47be-aa7d-f5ba8c6f66b7,9,10,full,no
cda01835-c064-4d98-bec2-aa681a1b33be,2c1b76dd-520f-47b1-bced-b4930b66f6b3,0,10,10,no
cda01835-c064-4d98-bec2-aa681a1b33be,2c1b76dd-520f-47b1-bced-b4930b66f6b3,1,10,10,no
cda01835-c064-4d98-bec2-aa681a1b33be,2c1b76dd-520f-47b1-bced-b4930b66f6b3,2,10,10,no
cda01835-c064-4d98-bec2-aa681a1b33be,2c1b76dd-520f-47b1-bced-b4930b66f6b3,3,10,10,no
cda01835-c064-4d98-bec2-aa681a1b33be,2c1b76dd-520f-47b1-bced-b4930b66f6b3,4,10,10,no
cda01835-c064-4d98-bec2-aa681a1b33be,2c1b76dd-520f-47b1-bced-b4930b66f6b3,5,10,10,no
cda01835-c064-4d98-bec2-aa681a1b33be,2c1b76dd-520f-47b1-bced-b4930b66f6b3,6,10,10,no
cda01835-c064-4d98-bec2-aa681a1b33be,2c1b76dd-520f-47b1-bced-b4930b66f6b3,7,10,10,no
cda01835-c064-4d98-bec2-aa681a1b33be,2c1b76dd-520f-47b1-bced-b4930b66f6b3,8,10,10,no
cda01835-c064-4d98-bec2-aa681a1b33be,2c1b76dd-520f-47b1-bced-b4930b66f6b3,9,10,10,no
cda01835-c064-4d98-bec2-aa681a1b33be,2c1b76dd-520f-47b1-bced-b4930b66f6b3,0,10,50,no
cda01835-c064-4d98-bec2-aa681a1b33be,2c1b76dd-520f-47b1-bced-b4930b66f6b3,1,10,50,no
cda01835-c064-4d98-bec2-aa681a1b33be,2c1b76dd-520f-47b1-bced-b4930b66f6b3,2,10,50,no
cda01835-c064-4d98-bec2-aa681a1b33be,2c1b76dd-520f-47b1-bced-b4930b66f6b3,3,10,50,no
cda01835-c064-4d98-bec2-aa681a1b33be,2c1b76dd-520f-47b1-bced-b4930b66f6b3,4,10,50,no
cda01835-c064-4d98-bec2-aa681a1b33be,2c1b76dd-520f-47b1-bced-b4930b66f6b3,5,10,50,no
cda01835-c064-4d98-bec2-aa681a1b33be,2c1b76dd-520f-47b1-bced-b4930b66f6b3,6,10,50,no
cda01835-c064-4d98-bec2-aa681a1b33be,2c1b76dd-520f-47b1-bced-b4930b66f6b3,7,10,50,no
cda01835-c064-4d98-bec2-aa681a1b33be,2c1b76dd-520f-47b1-bced-b4930b66f6b3,8,10,50,no
cda01835-c064-4d98-bec2-aa681a1b33be,2c1b76dd-520f-47b1-bced-b4930b66f6b3,9,10,50,no
cda01835-c064-4d98-bec2-aa681a1b33be,2c1b76dd-520f-47b1-bced-b4930b66f6b3,0,10,100,no
cda01835-c064-4d98-bec2-aa681a1b33be,2c1b76dd-520f-47b1-bced-b4930b66f6b3,1,10,100,no
cda01835-c064-4d98-bec2-aa681a1b33be,2c1b76dd-520f-47b1-bced-b4930b66f6b3,2,10,100,no
cda01835-c064-4d98-bec2-aa681a1b33be,2c1b76dd-520f-47b1-bced-b4930b66f6b3,3,10,100,no
cda01835-c064-4d98-bec2-aa681a1b33be,2c1b76dd-520f-47b1-bced-b4930b66f6b3,4,10,100,no
cda01835-c064-4d98-bec2-aa681a1b33be,2c1b76dd-520f-47b1-bced-b4930b66f6b3,5,10,100,no
cda01835-c064-4d98-bec2-aa681a1b33be,2c1b76dd-520f-47b1-bced-b4930b66f6b3,6,10,100,no
cda01835-c064-4d98-bec2-aa681a1b33be,2c1b76dd-520f-47b1-bced-b4930b66f6b3,7,10,100,no
cda01835-c064-4d98-bec2-aa681a1b33be,2c1b76dd-520f-47b1-bced-b4930b66f6b3,8,10,100,no
cda01835-c064-4d98-bec2-aa681a1b33be,2c1b76dd-520f-47b1-bced-b4930b66f6b3,9,10,100,no
cda01835-c064-4d98-bec2-aa681a1b33be,2c1b76dd-520f-47b1-bced-b4930b66f6b3,0,10,full,no
cda01835-c064-4d98-bec2-aa681a1b33be,2c1b76dd-520f-47b1-bced-b4930b66f6b3,1,10,full,no
cda01835-c064-4d98-bec2-aa681a1b33be,2c1b76dd-520f-47b1-bced-b4930b66f6b3,2,10,full,no
cda01835-c064-4d98-bec2-aa681a1b33be,2c1b76dd-520f-47b1-bced-b4930b66f6b3,3,10,full,no
cda01835-c064-4d98-bec2-aa681a1b33be,2c1b76dd-520f-47b1-bced-b4930b66f6b3,4,10,full,no
cda01835-c064-4d98-bec2-aa681a1b33be,2c1b76dd-520f-47b1-bced-b4930b66f6b3,5,10,full,no
cda01835-c064-4d98-bec2-aa681a1b33be,2c1b76dd-520f-47b1-bced-b4930b66f6b3,6,10,full,no
cda01835-c064-4d98-bec2-aa681a1b33be,2c1b76dd-520f-47b1-bced-b4930b66f6b3,7,10,full,no
cda01835-c064-4d98-bec2-aa681a1b33be,2c1b76dd-520f-47b1-bced-b4930b66f6b3,8,10,full,no
cda01835-c064-4d98-bec2-aa681a1b33be,2c1b76dd-520f-47b1-bced-b4930b66f6b3,9,10,full,no
cda01835-c064-4d98-bec2-aa681a1b33be,c594674c-4fc8-47f0-aa9d-ded657afc987,0,10,10,no
cda01835-c064-4d98-bec2-aa681a1b33be,c594674c-4fc8-47f0-aa9d-ded657afc987,1,10,10,no
cda01835-c064-4d98-bec2-aa681a1b33be,c594674c-4fc8-47f0-aa9d-ded657afc987,2,10,10,no
cda01835-c064-4d98-bec2-aa681a1b33be,c594674c-4fc8-47f0-aa9d-ded657afc987,3,10,10,no
cda01835-c064-4d98-bec2-aa681a1b33be,c594674c-4fc8-47f0-aa9d-ded657afc987,4,10,10,no
cda01835-c064-4d98-bec2-aa681a1b33be,c594674c-4fc8-47f0-aa9d-ded657afc987,5,10,10,no
cda01835-c064-4d98-bec2-aa681a1b33be,c594674c-4fc8-47f0-aa9d-ded657afc987,6,10,10,no
cda01835-c064-4d98-bec2-aa681a1b33be,c594674c-4fc8-47f0-aa9d-ded657afc987,7,10,10,no
cda01835-c064-4d98-bec2-aa681a1b33be,c594674c-4fc8-47f0-aa9d-ded657afc987,8,10,10,no
cda01835-c064-4d98-bec2-aa681a1b33be,c594674c-4fc8-47f0-aa9d-ded657afc987,9,10,10,no
cda01835-c064-4d98-bec2-aa681a1b33be,c594674c-4fc8-47f0-aa9d-ded657afc987,0,10,50,no
cda01835-c064-4d98-bec2-aa681a1b33be,c594674c-4fc8-47f0-aa9d-ded657afc987,1,10,50,no
cda01835-c064-4d98-bec2-aa681a1b33be,c594674c-4fc8-47f0-aa9d-ded657afc987,2,10,50,no
cda01835-c064-4d98-bec2-aa681a1b33be,c594674c-4fc8-47f0-aa9d-ded657afc987,3,10,50,no
cda01835-c064-4d98-bec2-aa681a1b33be,c594674c-4fc8-47f0-aa9d-ded657afc987,4,10,50,no
cda01835-c064-4d98-bec2-aa681a1b33be,c594674c-4fc8-47f0-aa9d-ded657afc987,5,10,50,no
cda01835-c064-4d98-bec2-aa681a1b33be,c594674c-4fc8-47f0-aa9d-ded657afc987,6,10,50,no
cda01835-c064-4d98-bec2-aa681a1b33be,c594674c-4fc8-47f0-aa9d-ded657afc987,7,10,50,no
cda01835-c064-4d98-bec2-aa681a1b33be,c594674c-4fc8-47f0-aa9d-ded657afc987,8,10,50,no
cda01835-c064-4d98-bec2-aa681a1b33be,c594674c-4fc8-47f0-aa9d-ded657afc987,9,10,50,no
cda01835-c064-4d98-bec2-aa681a1b33be,c594674c-4fc8-47f0-aa9d-ded657afc987,0,10,100,no
cda01835-c064-4d98-bec2-aa681a1b33be,c594674c-4fc8-47f0-aa9d-ded657afc987,1,10,100,no
cda01835-c064-4d98-bec2-aa681a1b33be,c594674c-4fc8-47f0-aa9d-ded657afc987,2,10,100,no
cda01835-c064-4d98-bec2-aa681a1b33be,c594674c-4fc8-47f0-aa9d-ded657afc987,3,10,100,no
cda01835-c064-4d98-bec2-aa681a1b33be,c594674c-4fc8-47f0-aa9d-ded657afc987,4,10,100,no
cda01835-c064-4d98-bec2-aa681a1b33be,c594674c-4fc8-47f0-aa9d-ded657afc987,5,10,100,no
cda01835-c064-4d98-bec2-aa681a1b33be,c594674c-4fc8-47f0-aa9d-ded657afc987,6,10,100,no
cda01835-c064-4d98-bec2-aa681a1b33be,c594674c-4fc8-47f0-aa9d-ded657afc987,7,10,100,no
cda01835-c064-4d98-bec2-aa681a1b33be,c594674c-4fc8-47f0-aa9d-ded657afc987,8,10,100,no
cda01835-c064-4d98-bec2-aa681a1b33be,c594674c-4fc8-47f0-aa9d-ded657afc987,9,10,100,no
cda01835-c064-4d98-bec2-aa681a1b33be,c594674c-4fc8-47f0-aa9d-ded657afc987,0,10,full,no
cda01835-c064-4d98-bec2-aa681a1b33be,c594674c-4fc8-47f0-aa9d-ded657afc987,1,10,full,no
cda01835-c064-4d98-bec2-aa681a1b33be,c594674c-4fc8-47f0-aa9d-ded657afc987,2,10,full,no
cda01835-c064-4d98-bec2-aa681a1b33be,c594674c-4fc8-47f0-aa9d-ded657afc987,3,10,full,no
cda01835-c064-4d98-bec2-aa681a1b33be,c594674c-4fc8-47f0-aa9d-ded657afc987,4,10,full,no
cda01835-c064-4d98-bec2-aa681a1b33be,c594674c-4fc8-47f0-aa9d-ded657afc987,5,10,full,no
cda01835-c064-4d98-bec2-aa681a1b33be,c594674c-4fc8-47f0-aa9d-ded657afc987,6,10,full,no
cda01835-c064-4d98-bec2-aa681a1b33be,c594674c-4fc8-47f0-aa9d-ded657afc987,7,10,full,no
cda01835-c064-4d98-bec2-aa681a1b33be,c594674c-4fc8-47f0-aa9d-ded657afc987,8,10,full,no
cda01835-c064-4d98-bec2-aa681a1b33be,c594674c-4fc8-47f0-aa9d-ded657afc987,9,10,full,no
15f41be7-26a0-4351-90e2-14ec21bc693f,a2938374-b5b4-49c7-960a-b1e8f306078d,0,10,10,no
15f41be7-26a0-4351-90e2-14ec21bc693f,a2938374-b5b4-49c7-960a-b1e8f306078d,1,10,10,no
15f41be7-26a0-4351-90e2-14ec21bc693f,a2938374-b5b4-49c7-960a-b1e8f306078d,2,10,10,no
15f41be7-26a0-4351-90e2-14ec21bc693f,a2938374-b5b4-49c7-960a-b1e8f306078d,3,10,10,no
15f41be7-26a0-4351-90e2-14ec21bc693f,a2938374-b5b4-49c7-960a-b1e8f306078d,4,10,10,no
15f41be7-26a0-4351-90e2-14ec21bc693f,a2938374-b5b4-49c7-960a-b1e8f306078d,5,10,10,no
15f41be7-26a0-4351-90e2-14ec21bc693f,a2938374-b5b4-49c7-960a-b1e8f306078d,6,10,10,no
15f41be7-26a0-4351-90e2-14ec21bc693f,a2938374-b5b4-49c7-960a-b1e8f306078d,7,10,10,no
15f41be7-26a0-4351-90e2-14ec21bc693f,a2938374-b5b4-49c7-960a-b1e8f306078d,8,10,10,no
15f41be7-26a0-4351-90e2-14ec21bc693f,a2938374-b5b4-49c7-960a-b1e8f306078d,9,10,10,yes
15f41be7-26a0-4351-90e2-14ec21bc693f,a2938374-b5b4-49c7-960a-b1e8f306078d,0,10,50,yes
15f41be7-26a0-4351-90e2-14ec21bc693f,a2938374-b5b4-49c7-960a-b1e8f306078d,1,10,50,yes
15f41be7-26a0-4351-90e2-14ec21bc693f,a2938374-b5b4-49c7-960a-b1e8f306078d,2,10,50,no
15f41be7-26a0-4351-90e2-14ec21bc693f,a2938374-b5b4-49c7-960a-b1e8f306078d,3,10,50,no
15f41be7-26a0-4351-90e2-14ec21bc693f,a2938374-b5b4-49c7-960a-b1e8f306078d,4,10,50,no
15f41be7-26a0-4351-90e2-14ec21bc693f,a2938374-b5b4-49c7-960a-b1e8f306078d,5,10,50,no
15f41be7-26a0-4351-90e2-14ec21bc693f,a2938374-b5b4-49c7-960a-b1e8f306078d,6,10,50,no
15f41be7-26a0-4351-90e2-14ec21bc693f,a2938374-b5b4-49c7-960a-b1e8f306078d,7,10,50,no
15f41be7-26a0-4351-90e2-14ec21bc693f,a2938374-b5b4-49c7-960a-b1e8f306078d,8,10,50,no
15f41be7-26a0-4351-90e2-14ec21bc693f,a2938374-b5b4-49c7-960a-b1e8f306078d,9,10,50,no
15f41be7-26a0-4351-90e2-14ec21bc693f,a2938374-b5b4-49c7-960a-b1e8f306078d,0,10,100,yes
15f41be7-26a0-4351-90e2-14ec21bc693f,a2938374-b5b4-49c7-960a-b1e8f306078d,1,10,100,no
15f41be7-26a0-4351-90e2-14ec21bc693f,a2938374-b5b4-49c7-960a-b1e8f306078d,2,10,100,no
15f41be7-26a0-4351-90e2-14ec21bc693f,a2938374-b5b4-49c7-960a-b1e8f306078d,3,10,100,no
15f41be7-26a0-4351-90e2-14ec21bc693f,a2938374-b5b4-49c7-960a-b1e8f306078d,4,10,100,no
15f41be7-26a0-4351-90e2-14ec21bc693f,a2938374-b5b4-49c7-960a-b1e8f306078d,5,10,100,no
15f41be7-26a0-4351-90e2-14ec21bc693f,a2938374-b5b4-49c7-960a-b1e8f306078d,6,10,100,no
15f41be7-26a0-4351-90e2-14ec21bc693f,a2938374-b5b4-49c7-960a-b1e8f306078d,7,10,100,no
15f41be7-26a0-4351-90e2-14ec21bc693f,a2938374-b5b4-49c7-960a-b1e8f306078d,8,10,100,no
15f41be7-26a0-4351-90e2-14ec21bc693f,a2938374-b5b4-49c7-960a-b1e8f306078d,9,10,100,no
15f41be7-26a0-4351-90e2-14ec21bc693f,a2938374-b5b4-49c7-960a-b1e8f306078d,0,10,full,yes
15f41be7-26a0-4351-90e2-14ec21bc693f,a2938374-b5b4-49c7-960a-b1e8f306078d,1,10,full,no
15f41be7-26a0-4351-90e2-14ec21bc693f,a2938374-b5b4-49c7-960a-b1e8f306078d,2,10,full,no
15f41be7-26a0-4351-90e2-14ec21bc693f,a2938374-b5b4-49c7-960a-b1e8f306078d,3,10,full,yes
15f41be7-26a0-4351-90e2-14ec21bc693f,a2938374-b5b4-49c7-960a-b1e8f306078d,4,10,full,yes
15f41be7-26a0-4351-90e2-14ec21bc693f,a2938374-b5b4-49c7-960a-b1e8f306078d,5,10,full,no
15f41be7-26a0-4351-90e2-14ec21bc693f,a2938374-b5b4-49c7-960a-b1e8f306078d,6,10,full,no
15f41be7-26a0-4351-90e2-14ec21bc693f,a2938374-b5b4-49c7-960a-b1e8f306078d,7,10,full,no
15f41be7-26a0-4351-90e2-14ec21bc693f,a2938374-b5b4-49c7-960a-b1e8f306078d,8,10,full,no
15f41be7-26a0-4351-90e2-14ec21bc693f,a2938374-b5b4-49c7-960a-b1e8f306078d,9,10,full,no
15f41be7-26a0-4351-90e2-14ec21bc693f,abda52b8-f1d5-4747-b163-96cb3bc04959,0,10,10,no
15f41be7-26a0-4351-90e2-14ec21bc693f,abda52b8-f1d5-4747-b163-96cb3bc04959,1,10,10,no
15f41be7-26a0-4351-90e2-14ec21bc693f,abda52b8-f1d5-4747-b163-96cb3bc04959,2,10,10,no
15f41be7-26a0-4351-90e2-14ec21bc693f,abda52b8-f1d5-4747-b163-96cb3bc04959,3,10,10,yes
15f41be7-26a0-4351-90e2-14ec21bc693f,abda52b8-f1d5-4747-b163-96cb3bc04959,4,10,10,no
15f41be7-26a0-4351-90e2-14ec21bc693f,abda52b8-f1d5-4747-b163-96cb3bc04959,5,10,10,no
15f41be7-26a0-4351-90e2-14ec21bc693f,abda52b8-f1d5-4747-b163-96cb3bc04959,6,10,10,no
15f41be7-26a0-4351-90e2-14ec21bc693f,abda52b8-f1d5-4747-b163-96cb3bc04959,7,10,10,no
15f41be7-26a0-4351-90e2-14ec21bc693f,abda52b8-f1d5-4747-b163-96cb3bc04959,8,10,10,no
15f41be7-26a0-4351-90e2-14ec21bc693f,abda52b8-f1d5-4747-b163-96cb3bc04959,9,10,10,no
15f41be7-26a0-4351-90e2-14ec21bc693f,abda52b8-f1d5-4747-b163-96cb3bc04959,0,10,50,yes
15f41be7-26a0-4351-90e2-14ec21bc693f,abda52b8-f1d5-4747-b163-96cb3bc04959,1,10,50,yes
15f41be7-26a0-4351-90e2-14ec21bc693f,abda52b8-f1d5-4747-b163-96cb3bc04959,2,10,50,yes
15f41be7-26a0-4351-90e2-14ec21bc693f,abda52b8-f1d5-4747-b163-96cb3bc04959,3,10,50,yes
15f41be7-26a0-4351-90e2-14ec21bc693f,abda52b8-f1d5-4747-b163-96cb3bc04959,4,10,50,no
15f41be7-26a0-4351-90e2-14ec21bc693f,abda52b8-f1d5-4747-b163-96cb3bc04959,5,10,50,no
15f41be7-26a0-4351-90e2-14ec21bc693f,abda52b8-f1d5-4747-b163-96cb3bc04959,6,10,50,no
15f41be7-26a0-4351-90e2-14ec21bc693f,abda52b8-f1d5-4747-b163-96cb3bc04959,7,10,50,no
15f41be7-26a0-4351-90e2-14ec21bc693f,abda52b8-f1d5-4747-b163-96cb3bc04959,8,10,50,no
15f41be7-26a0-4351-90e2-14ec21bc693f,abda52b8-f1d5-4747-b163-96cb3bc04959,9,10,50,no
15f41be7-26a0-4351-90e2-14ec21bc693f,abda52b8-f1d5-4747-b163-96cb3bc04959,0,10,100,no
15f41be7-26a0-4351-90e2-14ec21bc693f,abda52b8-f1d5-4747-b163-96cb3bc04959,1,10,100,no
15f41be7-26a0-4351-90e2-14ec21bc693f,abda52b8-f1d5-4747-b163-96cb3bc04959,2,10,100,yes
15f41be7-26a0-4351-90e2-14ec21bc693f,abda52b8-f1d5-4747-b163-96cb3bc04959,3,10,100,no
15f41be7-26a0-4351-90e2-14ec21bc693f,abda52b8-f1d5-4747-b163-96cb3bc04959,4,10,100,no
15f41be7-26a0-4351-90e2-14ec21bc693f,abda52b8-f1d5-4747-b163-96cb3bc04959,5,10,100,no
15f41be7-26a0-4351-90e2-14ec21bc693f,abda52b8-f1d5-4747-b163-96cb3bc04959,6,10,100,no
15f41be7-26a0-4351-90e2-14ec21bc693f,abda52b8-f1d5-4747-b163-96cb3bc04959,7,10,100,no
15f41be7-26a0-4351-90e2-14ec21bc693f,abda52b8-f1d5-4747-b163-96cb3bc04959,8,10,100,no
15f41be7-26a0-4351-90e2-14ec21bc693f,abda52b8-f1d5-4747-b163-96cb3bc04959,9,10,100,no
15f41be7-26a0-4351-90e2-14ec21bc693f,abda52b8-f1d5-4747-b163-96cb3bc04959,0,10,full,no
15f41be7-26a0-4351-90e2-14ec21bc693f,abda52b8-f1d5-4747-b163-96cb3bc04959,1,10,full,yes
15f41be7-26a0-4351-90e2-14ec21bc693f,abda52b8-f1d5-4747-b163-96cb3bc04959,2,10,full,yes
15f41be7-26a0-4351-90e2-14ec21bc693f,abda52b8-f1d5-4747-b163-96cb3bc04959,3,10,full,no
15f41be7-26a0-4351-90e2-14ec21bc693f,abda52b8-f1d5-4747-b163-96cb3bc04959,4,10,full,no
15f41be7-26a0-4351-90e2-14ec21bc693f,abda52b8-f1d5-4747-b163-96cb3bc04959,5,10,full,no
15f41be7-26a0-4351-90e2-14ec21bc693f,abda52b8-f1d5-4747-b163-96cb3bc04959,6,10,full,no
15f41be7-26a0-4351-90e2-14ec21bc693f,abda52b8-f1d5-4747-b163-96cb3bc04959,7,10,full,no
15f41be7-26a0-4351-90e2-14ec21bc693f,abda52b8-f1d5-4747-b163-96cb3bc04959,8,10,full,no
15f41be7-26a0-4351-90e2-14ec21bc693f,abda52b8-f1d5-4747-b163-96cb3bc04959,9,10,full,no
eab0091f-88ff-4c06-bce0-88ca2ce3d248,7dfed73d-1ab0-4755-8e55-3c6dc114de9e,0,10,10,no
eab0091f-88ff-4c06-bce0-88ca2ce3d248,7dfed73d-1ab0-4755-8e55-3c6dc114de9e,1,10,10,no
eab0091f-88ff-4c06-bce0-88ca2ce3d248,7dfed73d-1ab0-4755-8e55-3c6dc114de9e,2,10,10,no
eab0091f-88ff-4c06-bce0-88ca2ce3d248,7dfed73d-1ab0-4755-8e55-3c6dc114de9e,3,10,10,no
eab0091f-88ff-4c06-bce0-88ca2ce3d248,7dfed73d-1ab0-4755-8e55-3c6dc114de9e,4,10,10,no
eab0091f-88ff-4c06-bce0-88ca2ce3d248,7dfed73d-1ab0-4755-8e55-3c6dc114de9e,5,10,10,no
eab0091f-88ff-4c06-bce0-88ca2ce3d248,7dfed73d-1ab0-4755-8e55-3c6dc114de9e,6,10,10,no
eab0091f-88ff-4c06-bce0-88ca2ce3d248,7dfed73d-1ab0-4755-8e55-3c6dc114de9e,7,10,10,no
eab0091f-88ff-4c06-bce0-88ca2ce3d248,7dfed73d-1ab0-4755-8e55-3c6dc114de9e,8,10,10,no
eab0091f-88ff-4c06-bce0-88ca2ce3d248,7dfed73d-1ab0-4755-8e55-3c6dc114de9e,9,10,10,no
eab0091f-88ff-4c06-bce0-88ca2ce3d248,7dfed73d-1ab0-4755-8e55-3c6dc114de9e,0,10,50,no
eab0091f-88ff-4c06-bce0-88ca2ce3d248,7dfed73d-1ab0-4755-8e55-3c6dc114de9e,1,10,50,no
eab0091f-88ff-4c06-bce0-88ca2ce3d248,7dfed73d-1ab0-4755-8e55-3c6dc114de9e,2,10,50,no
eab0091f-88ff-4c06-bce0-88ca2ce3d248,7dfed73d-1ab0-4755-8e55-3c6dc114de9e,3,10,50,no
eab0091f-88ff-4c06-bce0-88ca2ce3d248,7dfed73d-1ab0-4755-8e55-3c6dc114de9e,4,10,50,no
eab0091f-88ff-4c06-bce0-88ca2ce3d248,7dfed73d-1ab0-4755-8e55-3c6dc114de9e,5,10,50,no
eab0091f-88ff-4c06-bce0-88ca2ce3d248,7dfed73d-1ab0-4755-8e55-3c6dc114de9e,6,10,50,no
eab0091f-88ff-4c06-bce0-88ca2ce3d248,7dfed73d-1ab0-4755-8e55-3c6dc114de9e,7,10,50,no
eab0091f-88ff-4c06-bce0-88ca2ce3d248,7dfed73d-1ab0-4755-8e55-3c6dc114de9e,8,10,50,no
eab0091f-88ff-4c06-bce0-88ca2ce3d248,7dfed73d-1ab0-4755-8e55-3c6dc114de9e,9,10,50,no
eab0091f-88ff-4c06-bce0-88ca2ce3d248,7dfed73d-1ab0-4755-8e55-3c6dc114de9e,0,10,100,no
eab0091f-88ff-4c06-bce0-88ca2ce3d248,7dfed73d-1ab0-4755-8e55-3c6dc114de9e,1,10,100,no
eab0091f-88ff-4c06-bce0-88ca2ce3d248,7dfed73d-1ab0-4755-8e55-3c6dc114de9e,2,10,100,no
eab0091f-88ff-4c06-bce0-88ca2ce3d248,7dfed73d-1ab0-4755-8e55-3c6dc114de9e,3,10,100,no
eab0091f-88ff-4c06-bce0-88ca2ce3d248,7dfed73d-1ab0-4755-8e55-3c6dc114de9e,4,10,100,no
eab0091f-88ff-4c06-bce0-88ca2ce3d248,7dfed73d-1ab0-4755-8e55-3c6dc114de9e,5,10,100,no
eab0091f-88ff-4c06-bce0-88ca2ce3d248,7dfed73d-1ab0-4755-8e55-3c6dc114de9e,6,10,100,no
eab0091f-88ff-4c06-bce0-88ca2ce3d248,7dfed73d-1ab0-4755-8e55-3c6dc114de9e,7,10,100,no
eab0091f-88ff-4c06-bce0-88ca2ce3d248,7dfed73d-1ab0-4755-8e55-3c6dc114de9e,8,10,100,no
eab0091f-88ff-4c06-bce0-88ca2ce3d248,7dfed73d-1ab0-4755-8e55-3c6dc114de9e,9,10,100,no
eab0091f-88ff-4c06-bce0-88ca2ce3d248,7dfed73d-1ab0-4755-8e55-3c6dc114de9e,0,10,full,no
eab0091f-88ff-4c06-bce0-88ca2ce3d248,7dfed73d-1ab0-4755-8e55-3c6dc114de9e,1,10,full,no
eab0091f-88ff-4c06-bce0-88ca2ce3d248,7dfed73d-1ab0-4755-8e55-3c6dc114de9e,2,10,full,no
eab0091f-88ff-4c06-bce0-88ca2ce3d248,7dfed73d-1ab0-4755-8e55-3c6dc114de9e,3,10,full,no
eab0091f-88ff-4c06-bce0-88ca2ce3d248,7dfed73d-1ab0-4755-8e55-3c6dc114de9e,4,10,full,no
eab0091f-88ff-4c06-bce0-88ca2ce3d248,7dfed73d-1ab0-4755-8e55-3c6dc114de9e,5,10,full,no
eab0091f-88ff-4c06-bce0-88ca2ce3d248,7dfed73d-1ab0-4755-8e55-3c6dc114de9e,6,10,full,no
eab0091f-88ff-4c06-bce0-88ca2ce3d248,7dfed73d-1ab0-4755-8e55-3c6dc114de9e,7,10,full,no
eab0091f-88ff-4c06-bce0-88ca2ce3d248,7dfed73d-1ab0-4755-8e55-3c6dc114de9e,8,10,full,no
eab0091f-88ff-4c06-bce0-88ca2ce3d248,7dfed73d-1ab0-4755-8e55-3c6dc114de9e,9,10,full,no
eab0091f-88ff-4c06-bce0-88ca2ce3d248,e22d95c0-6b7e-42ae-8302-cd1e121fffb4,0,10,10,no
eab0091f-88ff-4c06-bce0-88ca2ce3d248,e22d95c0-6b7e-42ae-8302-cd1e121fffb4,1,10,10,no
eab0091f-88ff-4c06-bce0-88ca2ce3d248,e22d95c0-6b7e-42ae-8302-cd1e121fffb4,2,10,10,no
eab0091f-88ff-4c06-bce0-88ca2ce3d248,e22d95c0-6b7e-42ae-8302-cd1e121fffb4,3,10,10,no
eab0091f-88ff-4c06-bce0-88ca2ce3d248,e22d95c0-6b7e-42ae-8302-cd1e121fffb4,4,10,10,no
eab0091f-88ff-4c06-bce0-88ca2ce3d248,e22d95c0-6b7e-42ae-8302-cd1e121fffb4,5,10,10,no
eab0091f-88ff-4c06-bce0-88ca2ce3d248,e22d95c0-6b7e-42ae-8302-cd1e121fffb4,6,10,10,no
eab0091f-88ff-4c06-bce0-88ca2ce3d248,e22d95c0-6b7e-42ae-8302-cd1e121fffb4,7,10,10,no
eab0091f-88ff-4c06-bce0-88ca2ce3d248,e22d95c0-6b7e-42ae-8302-cd1e121fffb4,8,10,10,no
eab0091f-88ff-4c06-bce0-88ca2ce3d248,e22d95c0-6b7e-42ae-8302-cd1e121fffb4,9,10,10,no
eab0091f-88ff-4c06-bce0-88ca2ce3d248,e22d95c0-6b7e-42ae-8302-cd1e121fffb4,0,10,50,no
eab0091f-88ff-4c06-bce0-88ca2ce3d248,e22d95c0-6b7e-42ae-8302-cd1e121fffb4,1,10,50,no
eab0091f-88ff-4c06-bce0-88ca2ce3d248,e22d95c0-6b7e-42ae-8302-cd1e121fffb4,2,10,50,no
eab0091f-88ff-4c06-bce0-88ca2ce3d248,e22d95c0-6b7e-42ae-8302-cd1e121fffb4,3,10,50,no
eab0091f-88ff-4c06-bce0-88ca2ce3d248,e22d95c0-6b7e-42ae-8302-cd1e121fffb4,4,10,50,no
eab0091f-88ff-4c06-bce0-88ca2ce3d248,e22d95c0-6b7e-42ae-8302-cd1e121fffb4,5,10,50,no
eab0091f-88ff-4c06-bce0-88ca2ce3d248,e22d95c0-6b7e-42ae-8302-cd1e121fffb4,6,10,50,no
eab0091f-88ff-4c06-bce0-88ca2ce3d248,e22d95c0-6b7e-42ae-8302-cd1e121fffb4,7,10,50,no
eab0091f-88ff-4c06-bce0-88ca2ce3d248,e22d95c0-6b7e-42ae-8302-cd1e121fffb4,8,10,50,no
eab0091f-88ff-4c06-bce0-88ca2ce3d248,e22d95c0-6b7e-42ae-8302-cd1e121fffb4,9,10,50,no
eab0091f-88ff-4c06-bce0-88ca2ce3d248,e22d95c0-6b7e-42ae-8302-cd1e121fffb4,0,10,100,no
eab0091f-88ff-4c06-bce0-88ca2ce3d248,e22d95c0-6b7e-42ae-8302-cd1e121fffb4,1,10,100,no
eab0091f-88ff-4c06-bce0-88ca2ce3d248,e22d95c0-6b7e-42ae-8302-cd1e121fffb4,2,10,100,no
eab0091f-88ff-4c06-bce0-88ca2ce3d248,e22d95c0-6b7e-42ae-8302-cd1e121fffb4,3,10,100,no
eab0091f-88ff-4c06-bce0-88ca2ce3d248,e22d95c0-6b7e-42ae-8302-cd1e121fffb4,4,10,100,no
eab0091f-88ff-4c06-bce0-88ca2ce3d248,e22d95c0-6b7e-42ae-8302-cd1e121fffb4,5,10,100,no
eab0091f-88ff-4c06-bce0-88ca2ce3d248,e22d95c0-6b7e-42ae-8302-cd1e121fffb4,6,10,100,no
eab0091f-88ff-4c06-bce0-88ca2ce3d248,e22d95c0-6b7e-42ae-8302-cd1e121fffb4,7,10,100,no
eab0091f-88ff-4c06-bce0-88ca2ce3d248,e22d95c0-6b7e-42ae-8302-cd1e121fffb4,8,10,100,no
eab0091f-88ff-4c06-bce0-88ca2ce3d248,e22d95c0-6b7e-42ae-8302-cd1e121fffb4,9,10,100,no
eab0091f-88ff-4c06-bce0-88ca2ce3d248,e22d95c0-6b7e-42ae-8302-cd1e121fffb4,0,10,full,no
eab0091f-88ff-4c06-bce0-88ca2ce3d248,e22d95c0-6b7e-42ae-8302-cd1e121fffb4,1,10,full,no
eab0091f-88ff-4c06-bce0-88ca2ce3d248,e22d95c0-6b7e-42ae-8302-cd1e121fffb4,2,10,full,no
eab0091f-88ff-4c06-bce0-88ca2ce3d248,e22d95c0-6b7e-42ae-8302-cd1e121fffb4,3,10,full,no
eab0091f-88ff-4c06-bce0-88ca2ce3d248,e22d95c0-6b7e-42ae-8302-cd1e121fffb4,4,10,full,no
eab0091f-88ff-4c06-bce0-88ca2ce3d248,e22d95c0-6b7e-42ae-8302-cd1e121fffb4,5,10,full,no
eab0091f-88ff-4c06-bce0-88ca2ce3d248,e22d95c0-6b7e-42ae-8302-cd1e121fffb4,6,10,full,no
eab0091f-88ff-4c06-bce0-88ca2ce3d248,e22d95c0-6b7e-42ae-8302-cd1e121fffb4,7,10,full,no
eab0091f-88ff-4c06-bce0-88ca2ce3d248,e22d95c0-6b7e-42ae-8302-cd1e121fffb4,8,10,full,no
eab0091f-88ff-4c06-bce0-88ca2ce3d248,e22d95c0-6b7e-42ae-8302-cd1e121fffb4,9,10,full,no
89a08ee5-4ac5-4521-8d6e-791d3c771a03,15fd166e-bf23-49c2-9d5c-fd07b55e3b43,0,10,10,no
89a08ee5-4ac5-4521-8d6e-791d3c771a03,15fd166e-bf23-49c2-9d5c-fd07b55e3b43,1,10,10,no
89a08ee5-4ac5-4521-8d6e-791d3c771a03,15fd166e-bf23-49c2-9d5c-fd07b55e3b43,2,10,10,no
89a08ee5-4ac5-4521-8d6e-791d3c771a03,15fd166e-bf23-49c2-9d5c-fd07b55e3b43,3,10,10,no
89a08ee5-4ac5-4521-8d6e-791d3c771a03,15fd166e-bf23-49c2-9d5c-fd07b55e3b43,4,10,10,no
89a08ee5-4ac5-4521-8d6e-791d3c771a03,15fd166e-bf23-49c2-9d5c-fd07b55e3b43,5,10,10,no
89a08ee5-4ac5-4521-8d6e-791d3c771a03,15fd166e-bf23-49c2-9d5c-fd07b55e3b43,6,10,10,no
89a08ee5-4ac5-4521-8d6e-791d3c771a03,15fd166e-bf23-49c2-9d5c-fd07b55e3b43,7,10,10,no
89a08ee5-4ac5-4521-8d6e-791d3c771a03,15fd166e-bf23-49c2-9d5c-fd07b55e3b43,8,10,10,no
89a08ee5-4ac5-4521-8d6e-791d3c771a03,15fd166e-bf23-49c2-9d5c-fd07b55e3b43,9,10,10,no
89a08ee5-4ac5-4521-8d6e-791d3c771a03,15fd166e-bf23-49c2-9d5c-fd07b55e3b43,0,10,50,no
89a08ee5-4ac5-4521-8d6e-791d3c771a03,15fd166e-bf23-49c2-9d5c-fd07b55e3b43,1,10,50,no
89a08ee5-4ac5-4521-8d6e-791d3c771a03,15fd166e-bf23-49c2-9d5c-fd07b55e3b43,2,10,50,no
89a08ee5-4ac5-4521-8d6e-791d3c771a03,15fd166e-bf23-49c2-9d5c-fd07b55e3b43,3,10,50,no
89a08ee5-4ac5-4521-8d6e-791d3c771a03,15fd166e-bf23-49c2-9d5c-fd07b55e3b43,4,10,50,no
89a08ee5-4ac5-4521-8d6e-791d3c771a03,15fd166e-bf23-49c2-9d5c-fd07b55e3b43,5,10,50,no
89a08ee5-4ac5-4521-8d6e-791d3c771a03,15fd166e-bf23-49c2-9d5c-fd07b55e3b43,6,10,50,no
89a08ee5-4ac5-4521-8d6e-791d3c771a03,15fd166e-bf23-49c2-9d5c-fd07b55e3b43,7,10,50,no
89a08ee5-4ac5-4521-8d6e-791d3c771a03,15fd166e-bf23-49c2-9d5c-fd07b55e3b43,8,10,50,no
89a08ee5-4ac5-4521-8d6e-791d3c771a03,15fd166e-bf23-49c2-9d5c-fd07b55e3b43,9,10,50,no
89a08ee5-4ac5-4521-8d6e-791d3c771a03,15fd166e-bf23-49c2-9d5c-fd07b55e3b43,0,10,100,no
89a08ee5-4ac5-4521-8d6e-791d3c771a03,15fd166e-bf23-49c2-9d5c-fd07b55e3b43,1,10,100,no
89a08ee5-4ac5-4521-8d6e-791d3c771a03,15fd166e-bf23-49c2-9d5c-fd07b55e3b43,2,10,100,no
89a08ee5-4ac5-4521-8d6e-791d3c771a03,15fd166e-bf23-49c2-9d5c-fd07b55e3b43,3,10,100,no
89a08ee5-4ac5-4521-8d6e-791d3c771a03,15fd166e-bf23-49c2-9d5c-fd07b55e3b43,4,10,100,no
89a08ee5-4ac5-4521-8d6e-791d3c771a03,15fd166e-bf23-49c2-9d5c-fd07b55e3b43,5,10,100,no
89a08ee5-4ac5-4521-8d6e-791d3c771a03,15fd166e-bf23-49c2-9d5c-fd07b55e3b43,6,10,100,no
89a08ee5-4ac5-4521-8d6e-791d3c771a03,15fd166e-bf23-49c2-9d5c-fd07b55e3b43,7,10,100,no
89a08ee5-4ac5-4521-8d6e-791d3c771a03,15fd166e-bf23-49c2-9d5c-fd07b55e3b43,8,10,100,no
89a08ee5-4ac5-4521-8d6e-791d3c771a03,15fd166e-bf23-49c2-9d5c-fd07b55e3b43,9,10,100,no
89a08ee5-4ac5-4521-8d6e-791d3c771a03,15fd166e-bf23-49c2-9d5c-fd07b55e3b43,0,10,full,no
89a08ee5-4ac5-4521-8d6e-791d3c771a03,15fd166e-bf23-49c2-9d5c-fd07b55e3b43,1,10,full,no
89a08ee5-4ac5-4521-8d6e-791d3c771a03,15fd166e-bf23-49c2-9d5c-fd07b55e3b43,2,10,full,no
89a08ee5-4ac5-4521-8d6e-791d3c771a03,15fd166e-bf23-49c2-9d5c-fd07b55e3b43,3,10,full,no
89a08ee5-4ac5-4521-8d6e-791d3c771a03,15fd166e-bf23-49c2-9d5c-fd07b55e3b43,4,10,full,no
89a08ee5-4ac5-4521-8d6e-791d3c771a03,15fd166e-bf23-49c2-9d5c-fd07b55e3b43,5,10,full,no
89a08ee5-4ac5-4521-8d6e-791d3c771a03,15fd166e-bf23-49c2-9d5c-fd07b55e3b43,6,10,full,no
89a08ee5-4ac5-4521-8d6e-791d3c771a03,15fd166e-bf23-49c2-9d5c-fd07b55e3b43,7,10,full,no
89a08ee5-4ac5-4521-8d6e-791d3c771a03,15fd166e-bf23-49c2-9d5c-fd07b55e3b43,8,10,full,no
89a08ee5-4ac5-4521-8d6e-791d3c771a03,15fd166e-bf23-49c2-9d5c-fd07b55e3b43,9,10,full,no
89a08ee5-4ac5-4521-8d6e-791d3c771a03,9fc0bc38-154a-4387-b1e5-9f2143fa5815,0,10,10,no
89a08ee5-4ac5-4521-8d6e-791d3c771a03,9fc0bc38-154a-4387-b1e5-9f2143fa5815,1,10,10,no
89a08ee5-4ac5-4521-8d6e-791d3c771a03,9fc0bc38-154a-4387-b1e5-9f2143fa5815,2,10,10,no
89a08ee5-4ac5-4521-8d6e-791d3c771a03,9fc0bc38-154a-4387-b1e5-9f2143fa5815,3,10,10,no
89a08ee5-4ac5-4521-8d6e-791d3c771a03,9fc0bc38-154a-4387-b1e5-9f2143fa5815,4,10,10,no
89a08ee5-4ac5-4521-8d6e-791d3c771a03,9fc0bc38-154a-4387-b1e5-9f2143fa5815,5,10,10,no
89a08ee5-4ac5-4521-8d6e-791d3c771a03,9fc0bc38-154a-4387-b1e5-9f2143fa5815,6,10,10,no
89a08ee5-4ac5-4521-8d6e-791d3c771a03,9fc0bc38-154a-4387-b1e5-9f2143fa5815,7,10,10,no
89a08ee5-4ac5-4521-8d6e-791d3c771a03,9fc0bc38-154a-4387-b1e5-9f2143fa5815,8,10,10,no
89a08ee5-4ac5-4521-8d6e-791d3c771a03,9fc0bc38-154a-4387-b1e5-9f2143fa5815,9,10,10,no
89a08ee5-4ac5-4521-8d6e-791d3c771a03,9fc0bc38-154a-4387-b1e5-9f2143fa5815,0,10,50,no
89a08ee5-4ac5-4521-8d6e-791d3c771a03,9fc0bc38-154a-4387-b1e5-9f2143fa5815,1,10,50,no
89a08ee5-4ac5-4521-8d6e-791d3c771a03,9fc0bc38-154a-4387-b1e5-9f2143fa5815,2,10,50,no
89a08ee5-4ac5-4521-8d6e-791d3c771a03,9fc0bc38-154a-4387-b1e5-9f2143fa5815,3,10,50,no
89a08ee5-4ac5-4521-8d6e-791d3c771a03,9fc0bc38-154a-4387-b1e5-9f2143fa5815,4,10,50,no
89a08ee5-4ac5-4521-8d6e-791d3c771a03,9fc0bc38-154a-4387-b1e5-9f2143fa5815,5,10,50,no
89a08ee5-4ac5-4521-8d6e-791d3c771a03,9fc0bc38-154a-4387-b1e5-9f2143fa5815,6,10,50,no
89a08ee5-4ac5-4521-8d6e-791d3c771a03,9fc0bc38-154a-4387-b1e5-9f2143fa5815,7,10,50,no
89a08ee5-4ac5-4521-8d6e-791d3c771a03,9fc0bc38-154a-4387-b1e5-9f2143fa5815,8,10,50,no
89a08ee5-4ac5-4521-8d6e-791d3c771a03,9fc0bc38-154a-4387-b1e5-9f2143fa5815,9,10,50,no
89a08ee5-4ac5-4521-8d6e-791d3c771a03,9fc0bc38-154a-4387-b1e5-9f2143fa5815,0,10,100,no
89a08ee5-4ac5-4521-8d6e-791d3c771a03,9fc0bc38-154a-4387-b1e5-9f2143fa5815,1,10,100,no
89a08ee5-4ac5-4521-8d6e-791d3c771a03,9fc0bc38-154a-4387-b1e5-9f2143fa5815,2,10,100,no
89a08ee5-4ac5-4521-8d6e-791d3c771a03,9fc0bc38-154a-4387-b1e5-9f2143fa5815,3,10,100,no
89a08ee5-4ac5-4521-8d6e-791d3c771a03,9fc0bc38-154a-4387-b1e5-9f2143fa5815,4,10,100,no
89a08ee5-4ac5-4521-8d6e-791d3c771a03,9fc0bc38-154a-4387-b1e5-9f2143fa5815,5,10,100,no
89a08ee5-4ac5-4521-8d6e-791d3c771a03,9fc0bc38-154a-4387-b1e5-9f2143fa5815,6,10,100,no
89a08ee5-4ac5-4521-8d6e-791d3c771a03,9fc0bc38-154a-4387-b1e5-9f2143fa5815,7,10,100,no
89a08ee5-4ac5-4521-8d6e-791d3c771a03,9fc0bc38-154a-4387-b1e5-9f2143fa5815,8,10,100,no
89a08ee5-4ac5-4521-8d6e-791d3c771a03,9fc0bc38-154a-4387-b1e5-9f2143fa5815,9,10,100,no
89a08ee5-4ac5-4521-8d6e-791d3c771a03,9fc0bc38-154a-4387-b1e5-9f2143fa5815,0,10,full,no
89a08ee5-4ac5-4521-8d6e-791d3c771a03,9fc0bc38-154a-4387-b1e5-9f2143fa5815,1,10,full,no
89a08ee5-4ac5-4521-8d6e-791d3c771a03,9fc0bc38-154a-4387-b1e5-9f2143fa5815,2,10,full,no
89a08ee5-4ac5-4521-8d6e-791d3c771a03,9fc0bc38-154a-4387-b1e5-9f2143fa5815,3,10,full,no
89a08ee5-4ac5-4521-8d6e-791d3c771a03,9fc0bc38-154a-4387-b1e5-9f2143fa5815,4,10,full,no
89a08ee5-4ac5-4521-8d6e-791d3c771a03,9fc0bc38-154a-4387-b1e5-9f2143fa5815,5,10,full,no
89a08ee5-4ac5-4521-8d6e-791d3c771a03,9fc0bc38-154a-4387-b1e5-9f2143fa5815,6,10,full,no
89a08ee5-4ac5-4521-8d6e-791d3c771a03,9fc0bc38-154a-4387-b1e5-9f2143fa5815,7,10,full,no
89a08ee5-4ac5-4521-8d6e-791d3c771a03,9fc0bc38-154a-4387-b1e5-9f2143fa5815,8,10,full,no
89a08ee5-4ac5-4521-8d6e-791d3c771a03,9fc0bc38-154a-4387-b1e5-9f2143fa5815,9,10,full,no
7bccb4b6-7fde-4a1b-9a76-9aed14277e42,6737d374-5add-40d1-8d72-cf8c916e71c6,0,10,10,no
7bccb4b6-7fde-4a1b-9a76-9aed14277e42,6737d374-5add-40d1-8d72-cf8c916e71c6,1,10,10,no
7bccb4b6-7fde-4a1b-9a76-9aed14277e42,6737d374-5add-40d1-8d72-cf8c916e71c6,2,10,10,no
7bccb4b6-7fde-4a1b-9a76-9aed14277e42,6737d374-5add-40d1-8d72-cf8c916e71c6,3,10,10,no
7bccb4b6-7fde-4a1b-9a76-9aed14277e42,6737d374-5add-40d1-8d72-cf8c916e71c6,4,10,10,no
7bccb4b6-7fde-4a1b-9a76-9aed14277e42,6737d374-5add-40d1-8d72-cf8c916e71c6,5,10,10,no
7bccb4b6-7fde-4a1b-9a76-9aed14277e42,6737d374-5add-40d1-8d72-cf8c916e71c6,6,10,10,yes
7bccb4b6-7fde-4a1b-9a76-9aed14277e42,6737d374-5add-40d1-8d72-cf8c916e71c6,7,10,10,yes
7bccb4b6-7fde-4a1b-9a76-9aed14277e42,6737d374-5add-40d1-8d72-cf8c916e71c6,8,10,10,no
7bccb4b6-7fde-4a1b-9a76-9aed14277e42,6737d374-5add-40d1-8d72-cf8c916e71c6,9,10,10,yes
7bccb4b6-7fde-4a1b-9a76-9aed14277e42,6737d374-5add-40d1-8d72-cf8c916e71c6,0,10,50,no
7bccb4b6-7fde-4a1b-9a76-9aed14277e42,6737d374-5add-40d1-8d72-cf8c916e71c6,1,10,50,yes
7bccb4b6-7fde-4a1b-9a76-9aed14277e42,6737d374-5add-40d1-8d72-cf8c916e71c6,2,10,50,yes
7bccb4b6-7fde-4a1b-9a76-9aed14277e42,6737d374-5add-40d1-8d72-cf8c916e71c6,3,10,50,no
7bccb4b6-7fde-4a1b-9a76-9aed14277e42,6737d374-5add-40d1-8d72-cf8c916e71c6,4,10,50,no
7bccb4b6-7fde-4a1b-9a76-9aed14277e42,6737d374-5add-40d1-8d72-cf8c916e71c6,5,10,50,no
7bccb4b6-7fde-4a1b-9a76-9aed14277e42,6737d374-5add-40d1-8d72-cf8c916e71c6,6,10,50,no
7bccb4b6-7fde-4a1b-9a76-9aed14277e42,6737d374-5add-40d1-8d72-cf8c916e71c6,7,10,50,no
7bccb4b6-7fde-4a1b-9a76-9aed14277e42,6737d374-5add-40d1-8d72-cf8c916e71c6,8,10,50,yes
7bccb4b6-7fde-4a1b-9a76-9aed14277e42,6737d374-5add-40d1-8d72-cf8c916e71c6,9,10,50,no
7bccb4b6-7fde-4a1b-9a76-9aed14277e42,6737d374-5add-40d1-8d72-cf8c916e71c6,0,10,100,no
7bccb4b6-7fde-4a1b-9a76-9aed14277e42,6737d374-5add-40d1-8d72-cf8c916e71c6,1,10,100,no
7bccb4b6-7fde-4a1b-9a76-9aed14277e42,6737d374-5add-40d1-8d72-cf8c916e71c6,2,10,100,yes
7bccb4b6-7fde-4a1b-9a76-9aed14277e42,6737d374-5add-40d1-8d72-cf8c916e71c6,3,10,100,yes
7bccb4b6-7fde-4a1b-9a76-9aed14277e42,6737d374-5add-40d1-8d72-cf8c916e71c6,4,10,100,no
7bccb4b6-7fde-4a1b-9a76-9aed14277e42,6737d374-5add-40d1-8d72-cf8c916e71c6,5,10,100,no
7bccb4b6-7fde-4a1b-9a76-9aed14277e42,6737d374-5add-40d1-8d72-cf8c916e71c6,6,10,100,no
7bccb4b6-7fde-4a1b-9a76-9aed14277e42,6737d374-5add-40d1-8d72-cf8c916e71c6,7,10,100,no
7bccb4b6-7fde-4a1b-9a76-9aed14277e42,6737d374-5add-40d1-8d72-cf8c916e71c6,8,10,100,no
7bccb4b6-7fde-4a1b-9a76-9aed14277e42,6737d374-5add-40d1-8d72-cf8c916e71c6,9,10,100,no
7bccb4b6-7fde-4a1b-9a76-9aed14277e42,6737d374-5add-40d1-8d72-cf8c916e71c6,0,10,full,no
7bccb4b6-7fde-4a1b-9a76-9aed14277e42,6737d374-5add-40d1-8d72-cf8c916e71c6,1,10,full,no
7bccb4b6-7fde-4a1b-9a76-9aed14277e42,6737d374-5add-40d1-8d72-cf8c916e71c6,2,10,full,yes
7bccb4b6-7fde-4a1b-9a76-9aed14277e42,6737d374-5add-40d1-8d72-cf8c916e71c6,3,10,full,yes
7bccb4b6-7fde-4a1b-9a76-9aed14277e42,6737d374-5add-40d1-8d72-cf8c916e71c6,4,10,full,no
7bccb4b6-7fde-4a1b-9a76-9aed14277e42,6737d374-5add-40d1-8d72-cf8c916e71c6,5,10,full,no
7bccb4b6-7fde-4a1b-9a76-9aed14277e42,6737d374-5add-40d1-8d72-cf8c916e71c6,6,10,full,no
7bccb4b6-7fde-4a1b-9a76-9aed14277e42,6737d374-5add-40d1-8d72-cf8c916e71c6,7,10,full,no
7bccb4b6-7fde-4a1b-9a76-9aed14277e42,6737d374-5add-40d1-8d72-cf8c916e71c6,8,10,full,no
7bccb4b6-7fde-4a1b-9a76-9aed14277e42,6737d374-5add-40d1-8d72-cf8c916e71c6,9,10,full,no
7bccb4b6-7fde-4a1b-9a76-9aed14277e42,d803b205-0ec8-4499-96ee-2e89716c8c65,0,10,10,no
7bccb4b6-7fde-4a1b-9a76-9aed14277e42,d803b205-0ec8-4499-96ee-2e89716c8c65,1,10,10,yes
7bccb4b6-7fde-4a1b-9a76-9aed14277e42,d803b205-0ec8-4499-96ee-2e89716c8c65,2,10,10,no
7bccb4b6-7fde-4a1b-9a76-9aed14277e42,d803b205-0ec8-4499-96ee-2e89716c8c65,3,10,10,no
7bccb4b6-7fde-4a1b-9a76-9aed14277e42,d803b205-0ec8-4499-96ee-2e89716c8c65,4,10,10,no
7bccb4b6-7fde-4a1b-9a76-9aed14277e42,d803b205-0ec8-4499-96ee-2e89716c8c65,5,10,10,no
7bccb4b6-7fde-4a1b-9a76-9aed14277e42,d803b205-0ec8-4499-96ee-2e89716c8c65,6,10,10,no
7bccb4b6-7fde-4a1b-9a76-9aed14277e42,d803b205-0ec8-4499-96ee-2e89716c8c65,7,10,10,yes
7bccb4b6-7fde-4a1b-9a76-9aed14277e42,d803b205-0ec8-4499-96ee-2e89716c8c65,8,10,10,no
7bccb4b6-7fde-4a1b-9a76-9aed14277e42,d803b205-0ec8-4499-96ee-2e89716c8c65,9,10,10,no
7bccb4b6-7fde-4a1b-9a76-9aed14277e42,d803b205-0ec8-4499-96ee-2e89716c8c65,0,10,50,yes
7bccb4b6-7fde-4a1b-9a76-9aed14277e42,d803b205-0ec8-4499-96ee-2e89716c8c65,1,10,50,no
7bccb4b6-7fde-4a1b-9a76-9aed14277e42,d803b205-0ec8-4499-96ee-2e89716c8c65,2,10,50,yes
7bccb4b6-7fde-4a1b-9a76-9aed14277e42,d803b205-0ec8-4499-96ee-2e89716c8c65,3,10,50,yes
7bccb4b6-7fde-4a1b-9a76-9aed14277e42,d803b205-0ec8-4499-96ee-2e89716c8c65,4,10,50,yes
7bccb4b6-7fde-4a1b-9a76-9aed14277e42,d803b205-0ec8-4499-96ee-2e89716c8c65,5,10,50,yes
7bccb4b6-7fde-4a1b-9a76-9aed14277e42,d803b205-0ec8-4499-96ee-2e89716c8c65,6,10,50,no
7bccb4b6-7fde-4a1b-9a76-9aed14277e42,d803b205-0ec8-4499-96ee-2e89716c8c65,7,10,50,no
7bccb4b6-7fde-4a1b-9a76-9aed14277e42,d803b205-0ec8-4499-96ee-2e89716c8c65,8,10,50,no
7bccb4b6-7fde-4a1b-9a76-9aed14277e42,d803b205-0ec8-4499-96ee-2e89716c8c65,9,10,50,no
7bccb4b6-7fde-4a1b-9a76-9aed14277e42,d803b205-0ec8-4499-96ee-2e89716c8c65,0,10,100,yes
7bccb4b6-7fde-4a1b-9a76-9aed14277e42,d803b205-0ec8-4499-96ee-2e89716c8c65,1,10,100,no
7bccb4b6-7fde-4a1b-9a76-9aed14277e42,d803b205-0ec8-4499-96ee-2e89716c8c65,2,10,100,no
7bccb4b6-7fde-4a1b-9a76-9aed14277e42,d803b205-0ec8-4499-96ee-2e89716c8c65,3,10,100,no
7bccb4b6-7fde-4a1b-9a76-9aed14277e42,d803b205-0ec8-4499-96ee-2e89716c8c65,4,10,100,no
7bccb4b6-7fde-4a1b-9a76-9aed14277e42,d803b205-0ec8-4499-96ee-2e89716c8c65,5,10,100,no
7bccb4b6-7fde-4a1b-9a76-9aed14277e42,d803b205-0ec8-4499-96ee-2e89716c8c65,6,10,100,no
7bccb4b6-7fde-4a1b-9a76-9aed14277e42,d803b205-0ec8-4499-96ee-2e89716c8c65,7,10,100,no
7bccb4b6-7fde-4a1b-9a76-9aed14277e42,d803b205-0ec8-4499-96ee-2e89716c8c65,8,10,100,no
7bccb4b6-7fde-4a1b-9a76-9aed14277e42,d803b205-0ec8-4499-96ee-2e89716c8c65,9,10,100,no
7bccb4b6-7fde-4a1b-9a76-9aed14277e42,d803b205-0ec8-4499-96ee-2e89716c8c65,0,10,full,yes
7bccb4b6-7fde-4a1b-9a76-9aed14277e42,d803b205-0ec8-4499-96ee-2e89716c8c65,1,10,full,no
7bccb4b6-7fde-4a1b-9a76-9aed14277e42,d803b205-0ec8-4499-96ee-2e89716c8c65,2,10,full,no
7bccb4b6-7fde-4a1b-9a76-9aed14277e42,d803b205-0ec8-4499-96ee-2e89716c8c65,3,10,full,no
7bccb4b6-7fde-4a1b-9a76-9aed14277e42,d803b205-0ec8-4499-96ee-2e89716c8c65,4,10,full,no
7bccb4b6-7fde-4a1b-9a76-9aed14277e42,d803b205-0ec8-4499-96ee-2e89716c8c65,5,10,full,no
7bccb4b6-7fde-4a1b-9a76-9aed14277e42,d803b205-0ec8-4499-96ee-2e89716c8c65,6,10,full,no
7bccb4b6-7fde-4a1b-9a76-9aed14277e42,d803b205-0ec8-4499-96ee-2e89716c8c65,7,10,full,no
7bccb4b6-7fde-4a1b-9a76-9aed14277e42,d803b205-0ec8-4499-96ee-2e89716c8c65,8,10,full,no
7bccb4b6-7fde-4a1b-9a76-9aed14277e42,d803b205-0ec8-4499-96ee-2e89716c8c65,9,10,full,no
ad3b74ec-c767-4b8c-94d6-f07cf3742c43,b8f7da85-d931-4fc7-9f7d-9a46520eba3a,0,10,10,no
ad3b74ec-c767-4b8c-94d6-f07cf3742c43,b8f7da85-d931-4fc7-9f7d-9a46520eba3a,1,10,10,no
ad3b74ec-c767-4b8c-94d6-f07cf3742c43,b8f7da85-d931-4fc7-9f7d-9a46520eba3a,2,10,10,no
ad3b74ec-c767-4b8c-94d6-f07cf3742c43,b8f7da85-d931-4fc7-9f7d-9a46520eba3a,3,10,10,no
ad3b74ec-c767-4b8c-94d6-f07cf3742c43,b8f7da85-d931-4fc7-9f7d-9a46520eba3a,4,10,10,no
ad3b74ec-c767-4b8c-94d6-f07cf3742c43,b8f7da85-d931-4fc7-9f7d-9a46520eba3a,5,10,10,no
ad3b74ec-c767-4b8c-94d6-f07cf3742c43,b8f7da85-d931-4fc7-9f7d-9a46520eba3a,6,10,10,no
ad3b74ec-c767-4b8c-94d6-f07cf3742c43,b8f7da85-d931-4fc7-9f7d-9a46520eba3a,7,10,10,no
ad3b74ec-c767-4b8c-94d6-f07cf3742c43,b8f7da85-d931-4fc7-9f7d-9a46520eba3a,8,10,10,no
ad3b74ec-c767-4b8c-94d6-f07cf3742c43,b8f7da85-d931-4fc7-9f7d-9a46520eba3a,9,10,10,no
ad3b74ec-c767-4b8c-94d6-f07cf3742c43,b8f7da85-d931-4fc7-9f7d-9a46520eba3a,0,10,50,yes
ad3b74ec-c767-4b8c-94d6-f07cf3742c43,b8f7da85-d931-4fc7-9f7d-9a46520eba3a,1,10,50,yes
ad3b74ec-c767-4b8c-94d6-f07cf3742c43,b8f7da85-d931-4fc7-9f7d-9a46520eba3a,2,10,50,no
ad3b74ec-c767-4b8c-94d6-f07cf3742c43,b8f7da85-d931-4fc7-9f7d-9a46520eba3a,3,10,50,yes
ad3b74ec-c767-4b8c-94d6-f07cf3742c43,b8f7da85-d931-4fc7-9f7d-9a46520eba3a,4,10,50,yes
ad3b74ec-c767-4b8c-94d6-f07cf3742c43,b8f7da85-d931-4fc7-9f7d-9a46520eba3a,5,10,50,yes
ad3b74ec-c767-4b8c-94d6-f07cf3742c43,b8f7da85-d931-4fc7-9f7d-9a46520eba3a,6,10,50,no
ad3b74ec-c767-4b8c-94d6-f07cf3742c43,b8f7da85-d931-4fc7-9f7d-9a46520eba3a,7,10,50,no
ad3b74ec-c767-4b8c-94d6-f07cf3742c43,b8f7da85-d931-4fc7-9f7d-9a46520eba3a,8,10,50,no
ad3b74ec-c767-4b8c-94d6-f07cf3742c43,b8f7da85-d931-4fc7-9f7d-9a46520eba3a,9,10,50,no
ad3b74ec-c767-4b8c-94d6-f07cf3742c43,b8f7da85-d931-4fc7-9f7d-9a46520eba3a,0,10,100,yes
ad3b74ec-c767-4b8c-94d6-f07cf3742c43,b8f7da85-d931-4fc7-9f7d-9a46520eba3a,1,10,100,no
ad3b74ec-c767-4b8c-94d6-f07cf3742c43,b8f7da85-d931-4fc7-9f7d-9a46520eba3a,2,10,100,no
ad3b74ec-c767-4b8c-94d6-f07cf3742c43,b8f7da85-d931-4fc7-9f7d-9a46520eba3a,3,10,100,no
ad3b74ec-c767-4b8c-94d6-f07cf3742c43,b8f7da85-d931-4fc7-9f7d-9a46520eba3a,4,10,100,no
ad3b74ec-c767-4b8c-94d6-f07cf3742c43,b8f7da85-d931-4fc7-9f7d-9a46520eba3a,5,10,100,no
ad3b74ec-c767-4b8c-94d6-f07cf3742c43,b8f7da85-d931-4fc7-9f7d-9a46520eba3a,6,10,100,no
ad3b74ec-c767-4b8c-94d6-f07cf3742c43,b8f7da85-d931-4fc7-9f7d-9a46520eba3a,7,10,100,no
ad3b74ec-c767-4b8c-94d6-f07cf3742c43,b8f7da85-d931-4fc7-9f7d-9a46520eba3a,8,10,100,no
ad3b74ec-c767-4b8c-94d6-f07cf3742c43,b8f7da85-d931-4fc7-9f7d-9a46520eba3a,9,10,100,no
ad3b74ec-c767-4b8c-94d6-f07cf3742c43,b8f7da85-d931-4fc7-9f7d-9a46520eba3a,0,10,full,yes
ad3b74ec-c767-4b8c-94d6-f07cf3742c43,b8f7da85-d931-4fc7-9f7d-9a46520eba3a,1,10,full,no
ad3b74ec-c767-4b8c-94d6-f07cf3742c43,b8f7da85-d931-4fc7-9f7d-9a46520eba3a,2,10,full,no
ad3b74ec-c767-4b8c-94d6-f07cf3742c43,b8f7da85-d931-4fc7-9f7d-9a46520eba3a,3,10,full,no
ad3b74ec-c767-4b8c-94d6-f07cf3742c43,b8f7da85-d931-4fc7-9f7d-9a46520eba3a,4,10,full,no
ad3b74ec-c767-4b8c-94d6-f07cf3742c43,b8f7da85-d931-4fc7-9f7d-9a46520eba3a,5,10,full,no
ad3b74ec-c767-4b8c-94d6-f07cf3742c43,b8f7da85-d931-4fc7-9f7d-9a46520eba3a,6,10,full,no
ad3b74ec-c767-4b8c-94d6-f07cf3742c43,b8f7da85-d931-4fc7-9f7d-9a46520eba3a,7,10,full,yes
ad3b74ec-c767-4b8c-94d6-f07cf3742c43,b8f7da85-d931-4fc7-9f7d-9a46520eba3a,8,10,full,no
ad3b74ec-c767-4b8c-94d6-f07cf3742c43,b8f7da85-d931-4fc7-9f7d-9a46520eba3a,9,10,full,no
ad3b74ec-c767-4b8c-94d6-f07cf3742c43,eb602615-2fa2-46a6-8f2b-66cb2b8f1fb2,0,10,10,no
ad3b74ec-c767-4b8c-94d6-f07cf3742c43,eb602615-2fa2-46a6-8f2b-66cb2b8f1fb2,1,10,10,no
ad3b74ec-c767-4b8c-94d6-f07cf3742c43,eb602615-2fa2-46a6-8f2b-66cb2b8f1fb2,2,10,10,no
ad3b74ec-c767-4b8c-94d6-f07cf3742c43,eb602615-2fa2-46a6-8f2b-66cb2b8f1fb2,3,10,10,yes
ad3b74ec-c767-4b8c-94d6-f07cf3742c43,eb602615-2fa2-46a6-8f2b-66cb2b8f1fb2,4,10,10,no
ad3b74ec-c767-4b8c-94d6-f07cf3742c43,eb602615-2fa2-46a6-8f2b-66cb2b8f1fb2,5,10,10,no
ad3b74ec-c767-4b8c-94d6-f07cf3742c43,eb602615-2fa2-46a6-8f2b-66cb2b8f1fb2,6,10,10,yes
ad3b74ec-c767-4b8c-94d6-f07cf3742c43,eb602615-2fa2-46a6-8f2b-66cb2b8f1fb2,7,10,10,no
ad3b74ec-c767-4b8c-94d6-f07cf3742c43,eb602615-2fa2-46a6-8f2b-66cb2b8f1fb2,8,10,10,no
ad3b74ec-c767-4b8c-94d6-f07cf3742c43,eb602615-2fa2-46a6-8f2b-66cb2b8f1fb2,9,10,10,no
ad3b74ec-c767-4b8c-94d6-f07cf3742c43,eb602615-2fa2-46a6-8f2b-66cb2b8f1fb2,0,10,50,yes
ad3b74ec-c767-4b8c-94d6-f07cf3742c43,eb602615-2fa2-46a6-8f2b-66cb2b8f1fb2,1,10,50,yes
ad3b74ec-c767-4b8c-94d6-f07cf3742c43,eb602615-2fa2-46a6-8f2b-66cb2b8f1fb2,2,10,50,yes
ad3b74ec-c767-4b8c-94d6-f07cf3742c43,eb602615-2fa2-46a6-8f2b-66cb2b8f1fb2,3,10,50,yes
ad3b74ec-c767-4b8c-94d6-f07cf3742c43,eb602615-2fa2-46a6-8f2b-66cb2b8f1fb2,4,10,50,yes
ad3b74ec-c767-4b8c-94d6-f07cf3742c43,eb602615-2fa2-46a6-8f2b-66cb2b8f1fb2,5,10,50,yes
ad3b74ec-c767-4b8c-94d6-f07cf3742c43,eb602615-2fa2-46a6-8f2b-66cb2b8f1fb2,6,10,50,no
ad3b74ec-c767-4b8c-94d6-f07cf3742c43,eb602615-2fa2-46a6-8f2b-66cb2b8f1fb2,7,10,50,yes
ad3b74ec-c767-4b8c-94d6-f07cf3742c43,eb602615-2fa2-46a6-8f2b-66cb2b8f1fb2,8,10,50,no
ad3b74ec-c767-4b8c-94d6-f07cf3742c43,eb602615-2fa2-46a6-8f2b-66cb2b8f1fb2,9,10,50,yes
ad3b74ec-c767-4b8c-94d6-f07cf3742c43,eb602615-2fa2-46a6-8f2b-66cb2b8f1fb2,0,10,100,yes
ad3b74ec-c767-4b8c-94d6-f07cf3742c43,eb602615-2fa2-46a6-8f2b-66cb2b8f1fb2,1,10,100,yes
ad3b74ec-c767-4b8c-94d6-f07cf3742c43,eb602615-2fa2-46a6-8f2b-66cb2b8f1fb2,2,10,100,no
ad3b74ec-c767-4b8c-94d6-f07cf3742c43,eb602615-2fa2-46a6-8f2b-66cb2b8f1fb2,3,10,100,no
ad3b74ec-c767-4b8c-94d6-f07cf3742c43,eb602615-2fa2-46a6-8f2b-66cb2b8f1fb2,4,10,100,yes
ad3b74ec-c767-4b8c-94d6-f07cf3742c43,eb602615-2fa2-46a6-8f2b-66cb2b8f1fb2,5,10,100,no
ad3b74ec-c767-4b8c-94d6-f07cf3742c43,eb602615-2fa2-46a6-8f2b-66cb2b8f1fb2,6,10,100,no
ad3b74ec-c767-4b8c-94d6-f07cf3742c43,eb602615-2fa2-46a6-8f2b-66cb2b8f1fb2,7,10,100,no
ad3b74ec-c767-4b8c-94d6-f07cf3742c43,eb602615-2fa2-46a6-8f2b-66cb2b8f1fb2,8,10,100,no
ad3b74ec-c767-4b8c-94d6-f07cf3742c43,eb602615-2fa2-46a6-8f2b-66cb2b8f1fb2,9,10,100,no
ad3b74ec-c767-4b8c-94d6-f07cf3742c43,eb602615-2fa2-46a6-8f2b-66cb2b8f1fb2,0,10,full,yes
ad3b74ec-c767-4b8c-94d6-f07cf3742c43,eb602615-2fa2-46a6-8f2b-66cb2b8f1fb2,1,10,full,yes
ad3b74ec-c767-4b8c-94d6-f07cf3742c43,eb602615-2fa2-46a6-8f2b-66cb2b8f1fb2,2,10,full,no
ad3b74ec-c767-4b8c-94d6-f07cf3742c43,eb602615-2fa2-46a6-8f2b-66cb2b8f1fb2,3,10,full,no
ad3b74ec-c767-4b8c-94d6-f07cf3742c43,eb602615-2fa2-46a6-8f2b-66cb2b8f1fb2,4,10,full,no
ad3b74ec-c767-4b8c-94d6-f07cf3742c43,eb602615-2fa2-46a6-8f2b-66cb2b8f1fb2,5,10,full,no
ad3b74ec-c767-4b8c-94d6-f07cf3742c43,eb602615-2fa2-46a6-8f2b-66cb2b8f1fb2,6,10,full,no
ad3b74ec-c767-4b8c-94d6-f07cf3742c43,eb602615-2fa2-46a6-8f2b-66cb2b8f1fb2,7,10,full,no
ad3b74ec-c767-4b8c-94d6-f07cf3742c43,eb602615-2fa2-46a6-8f2b-66cb2b8f1fb2,8,10,full,no
ad3b74ec-c767-4b8c-94d6-f07cf3742c43,eb602615-2fa2-46a6-8f2b-66cb2b8f1fb2,9,10,full,no
db252037-a59c-43f1-adb5-538f5e24fbfd,dcf1e5eb-06fa-4940-9513-b18c87d0c82f,0,10,10,no
db252037-a59c-43f1-adb5-538f5e24fbfd,dcf1e5eb-06fa-4940-9513-b18c87d0c82f,1,10,10,no
db252037-a59c-43f1-adb5-538f5e24fbfd,dcf1e5eb-06fa-4940-9513-b18c87d0c82f,2,10,10,no
db252037-a59c-43f1-adb5-538f5e24fbfd,dcf1e5eb-06fa-4940-9513-b18c87d0c82f,3,10,10,no
db252037-a59c-43f1-adb5-538f5e24fbfd,dcf1e5eb-06fa-4940-9513-b18c87d0c82f,4,10,10,no
db252037-a59c-43f1-adb5-538f5e24fbfd,dcf1e5eb-06fa-4940-9513-b18c87d0c82f,5,10,10,no
db252037-a59c-43f1-adb5-538f5e24fbfd,dcf1e5eb-06fa-4940-9513-b18c87d0c82f,6,10,10,no
db252037-a59c-43f1-adb5-538f5e24fbfd,dcf1e5eb-06fa-4940-9513-b18c87d0c82f,7,10,10,no
db252037-a59c-43f1-adb5-538f5e24fbfd,dcf1e5eb-06fa-4940-9513-b18c87d0c82f,8,10,10,no
db252037-a59c-43f1-adb5-538f5e24fbfd,dcf1e5eb-06fa-4940-9513-b18c87d0c82f,9,10,10,no
db252037-a59c-43f1-adb5-538f5e24fbfd,dcf1e5eb-06fa-4940-9513-b18c87d0c82f,0,10,50,no
db252037-a59c-43f1-adb5-538f5e24fbfd,dcf1e5eb-06fa-4940-9513-b18c87d0c82f,1,10,50,no
db252037-a59c-43f1-adb5-538f5e24fbfd,dcf1e5eb-06fa-4940-9513-b18c87d0c82f,2,10,50,no
db252037-a59c-43f1-adb5-538f5e24fbfd,dcf1e5eb-06fa-4940-9513-b18c87d0c82f,3,10,50,no
db252037-a59c-43f1-adb5-538f5e24fbfd,dcf1e5eb-06fa-4940-9513-b18c87d0c82f,4,10,50,no
db252037-a59c-43f1-adb5-538f5e24fbfd,dcf1e5eb-06fa-4940-9513-b18c87d0c82f,5,10,50,no
db252037-a59c-43f1-adb5-538f5e24fbfd,dcf1e5eb-06fa-4940-9513-b18c87d0c82f,6,10,50,no
db252037-a59c-43f1-adb5-538f5e24fbfd,dcf1e5eb-06fa-4940-9513-b18c87d0c82f,7,10,50,no
db252037-a59c-43f1-adb5-538f5e24fbfd,dcf1e5eb-06fa-4940-9513-b18c87d0c82f,8,10,50,no
db252037-a59c-43f1-adb5-538f5e24fbfd,dcf1e5eb-06fa-4940-9513-b18c87d0c82f,9,10,50,no
db252037-a59c-43f1-adb5-538f5e24fbfd,dcf1e5eb-06fa-4940-9513-b18c87d0c82f,0,10,100,no
db252037-a59c-43f1-adb5-538f5e24fbfd,dcf1e5eb-06fa-4940-9513-b18c87d0c82f,1,10,100,no
db252037-a59c-43f1-adb5-538f5e24fbfd,dcf1e5eb-06fa-4940-9513-b18c87d0c82f,2,10,100,no
db252037-a59c-43f1-adb5-538f5e24fbfd,dcf1e5eb-06fa-4940-9513-b18c87d0c82f,3,10,100,no
db252037-a59c-43f1-adb5-538f5e24fbfd,dcf1e5eb-06fa-4940-9513-b18c87d0c82f,4,10,100,no
db252037-a59c-43f1-adb5-538f5e24fbfd,dcf1e5eb-06fa-4940-9513-b18c87d0c82f,5,10,100,no
db252037-a59c-43f1-adb5-538f5e24fbfd,dcf1e5eb-06fa-4940-9513-b18c87d0c82f,6,10,100,no
db252037-a59c-43f1-adb5-538f5e24fbfd,dcf1e5eb-06fa-4940-9513-b18c87d0c82f,7,10,100,no
db252037-a59c-43f1-adb5-538f5e24fbfd,dcf1e5eb-06fa-4940-9513-b18c87d0c82f,8,10,100,no
db252037-a59c-43f1-adb5-538f5e24fbfd,dcf1e5eb-06fa-4940-9513-b18c87d0c82f,9,10,100,no
db252037-a59c-43f1-adb5-538f5e24fbfd,dcf1e5eb-06fa-4940-9513-b18c87d0c82f,0,10,full,no
db252037-a59c-43f1-adb5-538f5e24fbfd,dcf1e5eb-06fa-4940-9513-b18c87d0c82f,1,10,full,no
db252037-a59c-43f1-adb5-538f5e24fbfd,dcf1e5eb-06fa-4940-9513-b18c87d0c82f,2,10,full,no
db252037-a59c-43f1-adb5-538f5e24fbfd,dcf1e5eb-06fa-4940-9513-b18c87d0c82f,3,10,full,no
db252037-a59c-43f1-adb5-538f5e24fbfd,dcf1e5eb-06fa-4940-9513-b18c87d0c82f,4,10,full,no
db252037-a59c-43f1-adb5-538f5e24fbfd,dcf1e5eb-06fa-4940-9513-b18c87d0c82f,5,10,full,no
db252037-a59c-43f1-adb5-538f5e24fbfd,dcf1e5eb-06fa-4940-9513-b18c87d0c82f,6,10,full,no
db252037-a59c-43f1-adb5-538f5e24fbfd,dcf1e5eb-06fa-4940-9513-b18c87d0c82f,7,10,full,no
db252037-a59c-43f1-adb5-538f5e24fbfd,dcf1e5eb-06fa-4940-9513-b18c87d0c82f,8,10,full,no
db252037-a59c-43f1-adb5-538f5e24fbfd,dcf1e5eb-06fa-4940-9513-b18c87d0c82f,9,10,full,no
db252037-a59c-43f1-adb5-538f5e24fbfd,59da326f-433b-4f68-943e-7e923a27af11,0,10,10,no
db252037-a59c-43f1-adb5-538f5e24fbfd,59da326f-433b-4f68-943e-7e923a27af11,1,10,10,no
db252037-a59c-43f1-adb5-538f5e24fbfd,59da326f-433b-4f68-943e-7e923a27af11,2,10,10,no
db252037-a59c-43f1-adb5-538f5e24fbfd,59da326f-433b-4f68-943e-7e923a27af11,3,10,10,no
db252037-a59c-43f1-adb5-538f5e24fbfd,59da326f-433b-4f68-943e-7e923a27af11,4,10,10,no
db252037-a59c-43f1-adb5-538f5e24fbfd,59da326f-433b-4f68-943e-7e923a27af11,5,10,10,no
db252037-a59c-43f1-adb5-538f5e24fbfd,59da326f-433b-4f68-943e-7e923a27af11,6,10,10,no
db252037-a59c-43f1-adb5-538f5e24fbfd,59da326f-433b-4f68-943e-7e923a27af11,7,10,10,no
db252037-a59c-43f1-adb5-538f5e24fbfd,59da326f-433b-4f68-943e-7e923a27af11,8,10,10,no
db252037-a59c-43f1-adb5-538f5e24fbfd,59da326f-433b-4f68-943e-7e923a27af11,9,10,10,no
db252037-a59c-43f1-adb5-538f5e24fbfd,59da326f-433b-4f68-943e-7e923a27af11,0,10,50,no
db252037-a59c-43f1-adb5-538f5e24fbfd,59da326f-433b-4f68-943e-7e923a27af11,1,10,50,no
db252037-a59c-43f1-adb5-538f5e24fbfd,59da326f-433b-4f68-943e-7e923a27af11,2,10,50,no
db252037-a59c-43f1-adb5-538f5e24fbfd,59da326f-433b-4f68-943e-7e923a27af11,3,10,50,no
db252037-a59c-43f1-adb5-538f5e24fbfd,59da326f-433b-4f68-943e-7e923a27af11,4,10,50,no
db252037-a59c-43f1-adb5-538f5e24fbfd,59da326f-433b-4f68-943e-7e923a27af11,5,10,50,no
db252037-a59c-43f1-adb5-538f5e24fbfd,59da326f-433b-4f68-943e-7e923a27af11,6,10,50,no
db252037-a59c-43f1-adb5-538f5e24fbfd,59da326f-433b-4f68-943e-7e923a27af11,7,10,50,no
db252037-a59c-43f1-adb5-538f5e24fbfd,59da326f-433b-4f68-943e-7e923a27af11,8,10,50,no
db252037-a59c-43f1-adb5-538f5e24fbfd,59da326f-433b-4f68-943e-7e923a27af11,9,10,50,no
db252037-a59c-43f1-adb5-538f5e24fbfd,59da326f-433b-4f68-943e-7e923a27af11,0,10,100,no
db252037-a59c-43f1-adb5-538f5e24fbfd,59da326f-433b-4f68-943e-7e923a27af11,1,10,100,no
db252037-a59c-43f1-adb5-538f5e24fbfd,59da326f-433b-4f68-943e-7e923a27af11,2,10,100,no
db252037-a59c-43f1-adb5-538f5e24fbfd,59da326f-433b-4f68-943e-7e923a27af11,3,10,100,no
db252037-a59c-43f1-adb5-538f5e24fbfd,59da326f-433b-4f68-943e-7e923a27af11,4,10,100,no
db252037-a59c-43f1-adb5-538f5e24fbfd,59da326f-433b-4f68-943e-7e923a27af11,5,10,100,no
db252037-a59c-43f1-adb5-538f5e24fbfd,59da326f-433b-4f68-943e-7e923a27af11,6,10,100,no
db252037-a59c-43f1-adb5-538f5e24fbfd,59da326f-433b-4f68-943e-7e923a27af11,7,10,100,no
db252037-a59c-43f1-adb5-538f5e24fbfd,59da326f-433b-4f68-943e-7e923a27af11,8,10,100,no
db252037-a59c-43f1-adb5-538f5e24fbfd,59da326f-433b-4f68-943e-7e923a27af11,9,10,100,no
db252037-a59c-43f1-adb5-538f5e24fbfd,59da326f-433b-4f68-943e-7e923a27af11,0,10,full,no
db252037-a59c-43f1-adb5-538f5e24fbfd,59da326f-433b-4f68-943e-7e923a27af11,1,10,full,no
db252037-a59c-43f1-adb5-538f5e24fbfd,59da326f-433b-4f68-943e-7e923a27af11,2,10,full,no
db252037-a59c-43f1-adb5-538f5e24fbfd,59da326f-433b-4f68-943e-7e923a27af11,3,10,full,no
db252037-a59c-43f1-adb5-538f5e24fbfd,59da326f-433b-4f68-943e-7e923a27af11,4,10,full,no
db252037-a59c-43f1-adb5-538f5e24fbfd,59da326f-433b-4f68-943e-7e923a27af11,5,10,full,no
db252037-a59c-43f1-adb5-538f5e24fbfd,59da326f-433b-4f68-943e-7e923a27af11,6,10,full,no
db252037-a59c-43f1-adb5-538f5e24fbfd,59da326f-433b-4f68-943e-7e923a27af11,7,10,full,no
db252037-a59c-43f1-adb5-538f5e24fbfd,59da326f-433b-4f68-943e-7e923a27af11,8,10,full,no
db252037-a59c-43f1-adb5-538f5e24fbfd,59da326f-433b-4f68-943e-7e923a27af11,9,10,full,no
94926e15-2b50-427a-b2ba-207b88bc8787,5557ac57-e218-4fe4-ab88-d2427a8c1e36,0,10,10,no
94926e15-2b50-427a-b2ba-207b88bc8787,5557ac57-e218-4fe4-ab88-d2427a8c1e36,1,10,10,no
94926e15-2b50-427a-b2ba-207b88bc8787,5557ac57-e218-4fe4-ab88-d2427a8c1e36,2,10,10,no
94926e15-2b50-427a-b2ba-207b88bc8787,5557ac57-e218-4fe4-ab88-d2427a8c1e36,3,10,10,no
94926e15-2b50-427a-b2ba-207b88bc8787,5557ac57-e218-4fe4-ab88-d2427a8c1e36,4,10,10,no
94926e15-2b50-427a-b2ba-207b88bc8787,5557ac57-e218-4fe4-ab88-d2427a8c1e36,5,10,10,no
94926e15-2b50-427a-b2ba-207b88bc8787,5557ac57-e218-4fe4-ab88-d2427a8c1e36,6,10,10,no
94926e15-2b50-427a-b2ba-207b88bc8787,5557ac57-e218-4fe4-ab88-d2427a8c1e36,7,10,10,no
94926e15-2b50-427a-b2ba-207b88bc8787,5557ac57-e218-4fe4-ab88-d2427a8c1e36,8,10,10,no
94926e15-2b50-427a-b2ba-207b88bc8787,5557ac57-e218-4fe4-ab88-d2427a8c1e36,9,10,10,no
94926e15-2b50-427a-b2ba-207b88bc8787,5557ac57-e218-4fe4-ab88-d2427a8c1e36,0,10,50,no
94926e15-2b50-427a-b2ba-207b88bc8787,5557ac57-e218-4fe4-ab88-d2427a8c1e36,1,10,50,no
94926e15-2b50-427a-b2ba-207b88bc8787,5557ac57-e218-4fe4-ab88-d2427a8c1e36,2,10,50,no
94926e15-2b50-427a-b2ba-207b88bc8787,5557ac57-e218-4fe4-ab88-d2427a8c1e36,3,10,50,no
94926e15-2b50-427a-b2ba-207b88bc8787,5557ac57-e218-4fe4-ab88-d2427a8c1e36,4,10,50,no
94926e15-2b50-427a-b2ba-207b88bc8787,5557ac57-e218-4fe4-ab88-d2427a8c1e36,5,10,50,no
94926e15-2b50-427a-b2ba-207b88bc8787,5557ac57-e218-4fe4-ab88-d2427a8c1e36,6,10,50,no
94926e15-2b50-427a-b2ba-207b88bc8787,5557ac57-e218-4fe4-ab88-d2427a8c1e36,7,10,50,no
94926e15-2b50-427a-b2ba-207b88bc8787,5557ac57-e218-4fe4-ab88-d2427a8c1e36,8,10,50,no
94926e15-2b50-427a-b2ba-207b88bc8787,5557ac57-e218-4fe4-ab88-d2427a8c1e36,9,10,50,no
94926e15-2b50-427a-b2ba-207b88bc8787,5557ac57-e218-4fe4-ab88-d2427a8c1e36,0,10,100,no
94926e15-2b50-427a-b2ba-207b88bc8787,5557ac57-e218-4fe4-ab88-d2427a8c1e36,1,10,100,no
94926e15-2b50-427a-b2ba-207b88bc8787,5557ac57-e218-4fe4-ab88-d2427a8c1e36,2,10,100,no
94926e15-2b50-427a-b2ba-207b88bc8787,5557ac57-e218-4fe4-ab88-d2427a8c1e36,3,10,100,no
94926e15-2b50-427a-b2ba-207b88bc8787,5557ac57-e218-4fe4-ab88-d2427a8c1e36,4,10,100,no
94926e15-2b50-427a-b2ba-207b88bc8787,5557ac57-e218-4fe4-ab88-d2427a8c1e36,5,10,100,no
94926e15-2b50-427a-b2ba-207b88bc8787,5557ac57-e218-4fe4-ab88-d2427a8c1e36,6,10,100,no
94926e15-2b50-427a-b2ba-207b88bc8787,5557ac57-e218-4fe4-ab88-d2427a8c1e36,7,10,100,no
94926e15-2b50-427a-b2ba-207b88bc8787,5557ac57-e218-4fe4-ab88-d2427a8c1e36,8,10,100,no
94926e15-2b50-427a-b2ba-207b88bc8787,5557ac57-e218-4fe4-ab88-d2427a8c1e36,9,10,100,no
94926e15-2b50-427a-b2ba-207b88bc8787,5557ac57-e218-4fe4-ab88-d2427a8c1e36,0,10,full,no
94926e15-2b50-427a-b2ba-207b88bc8787,5557ac57-e218-4fe4-ab88-d2427a8c1e36,1,10,full,no
94926e15-2b50-427a-b2ba-207b88bc8787,5557ac57-e218-4fe4-ab88-d2427a8c1e36,2,10,full,no
94926e15-2b50-427a-b2ba-207b88bc8787,5557ac57-e218-4fe4-ab88-d2427a8c1e36,3,10,full,no
94926e15-2b50-427a-b2ba-207b88bc8787,5557ac57-e218-4fe4-ab88-d2427a8c1e36,4,10,full,no
94926e15-2b50-427a-b2ba-207b88bc8787,5557ac57-e218-4fe4-ab88-d2427a8c1e36,5,10,full,no
94926e15-2b50-427a-b2ba-207b88bc8787,5557ac57-e218-4fe4-ab88-d2427a8c1e36,6,10,full,no
94926e15-2b50-427a-b2ba-207b88bc8787,5557ac57-e218-4fe4-ab88-d2427a8c1e36,7,10,full,no
94926e15-2b50-427a-b2ba-207b88bc8787,5557ac57-e218-4fe4-ab88-d2427a8c1e36,8,10,full,no
94926e15-2b50-427a-b2ba-207b88bc8787,5557ac57-e218-4fe4-ab88-d2427a8c1e36,9,10,full,no
94926e15-2b50-427a-b2ba-207b88bc8787,1d4904ce-c854-45bc-a9cb-a4111fd954d3,0,10,10,no
94926e15-2b50-427a-b2ba-207b88bc8787,1d4904ce-c854-45bc-a9cb-a4111fd954d3,1,10,10,no
94926e15-2b50-427a-b2ba-207b88bc8787,1d4904ce-c854-45bc-a9cb-a4111fd954d3,2,10,10,no
94926e15-2b50-427a-b2ba-207b88bc8787,1d4904ce-c854-45bc-a9cb-a4111fd954d3,3,10,10,no
94926e15-2b50-427a-b2ba-207b88bc8787,1d4904ce-c854-45bc-a9cb-a4111fd954d3,4,10,10,no
94926e15-2b50-427a-b2ba-207b88bc8787,1d4904ce-c854-45bc-a9cb-a4111fd954d3,5,10,10,no
94926e15-2b50-427a-b2ba-207b88bc8787,1d4904ce-c854-45bc-a9cb-a4111fd954d3,6,10,10,no
94926e15-2b50-427a-b2ba-207b88bc8787,1d4904ce-c854-45bc-a9cb-a4111fd954d3,7,10,10,no
94926e15-2b50-427a-b2ba-207b88bc8787,1d4904ce-c854-45bc-a9cb-a4111fd954d3,8,10,10,no
94926e15-2b50-427a-b2ba-207b88bc8787,1d4904ce-c854-45bc-a9cb-a4111fd954d3,9,10,10,no
94926e15-2b50-427a-b2ba-207b88bc8787,1d4904ce-c854-45bc-a9cb-a4111fd954d3,0,10,50,no
94926e15-2b50-427a-b2ba-207b88bc8787,1d4904ce-c854-45bc-a9cb-a4111fd954d3,1,10,50,no
94926e15-2b50-427a-b2ba-207b88bc8787,1d4904ce-c854-45bc-a9cb-a4111fd954d3,2,10,50,no
94926e15-2b50-427a-b2ba-207b88bc8787,1d4904ce-c854-45bc-a9cb-a4111fd954d3,3,10,50,no
94926e15-2b50-427a-b2ba-207b88bc8787,1d4904ce-c854-45bc-a9cb-a4111fd954d3,4,10,50,no
94926e15-2b50-427a-b2ba-207b88bc8787,1d4904ce-c854-45bc-a9cb-a4111fd954d3,5,10,50,no
94926e15-2b50-427a-b2ba-207b88bc8787,1d4904ce-c854-45bc-a9cb-a4111fd954d3,6,10,50,no
94926e15-2b50-427a-b2ba-207b88bc8787,1d4904ce-c854-45bc-a9cb-a4111fd954d3,7,10,50,no
94926e15-2b50-427a-b2ba-207b88bc8787,1d4904ce-c854-45bc-a9cb-a4111fd954d3,8,10,50,no
94926e15-2b50-427a-b2ba-207b88bc8787,1d4904ce-c854-45bc-a9cb-a4111fd954d3,9,10,50,no
94926e15-2b50-427a-b2ba-207b88bc8787,1d4904ce-c854-45bc-a9cb-a4111fd954d3,0,10,100,no
94926e15-2b50-427a-b2ba-207b88bc8787,1d4904ce-c854-45bc-a9cb-a4111fd954d3,1,10,100,no
94926e15-2b50-427a-b2ba-207b88bc8787,1d4904ce-c854-45bc-a9cb-a4111fd954d3,2,10,100,no
94926e15-2b50-427a-b2ba-207b88bc8787,1d4904ce-c854-45bc-a9cb-a4111fd954d3,3,10,100,no
94926e15-2b50-427a-b2ba-207b88bc8787,1d4904ce-c854-45bc-a9cb-a4111fd954d3,4,10,100,no
94926e15-2b50-427a-b2ba-207b88bc8787,1d4904ce-c854-45bc-a9cb-a4111fd954d3,5,10,100,no
94926e15-2b50-427a-b2ba-207b88bc8787,1d4904ce-c854-45bc-a9cb-a4111fd954d3,6,10,100,no
94926e15-2b50-427a-b2ba-207b88bc8787,1d4904ce-c854-45bc-a9cb-a4111fd954d3,7,10,100,no
94926e15-2b50-427a-b2ba-207b88bc8787,1d4904ce-c854-45bc-a9cb-a4111fd954d3,8,10,100,no
94926e15-2b50-427a-b2ba-207b88bc8787,1d4904ce-c854-45bc-a9cb-a4111fd954d3,9,10,100,no
94926e15-2b50-427a-b2ba-207b88bc8787,1d4904ce-c854-45bc-a9cb-a4111fd954d3,0,10,full,no
94926e15-2b50-427a-b2ba-207b88bc8787,1d4904ce-c854-45bc-a9cb-a4111fd954d3,1,10,full,no
94926e15-2b50-427a-b2ba-207b88bc8787,1d4904ce-c854-45bc-a9cb-a4111fd954d3,2,10,full,no
94926e15-2b50-427a-b2ba-207b88bc8787,1d4904ce-c854-45bc-a9cb-a4111fd954d3,3,10,full,no
94926e15-2b50-427a-b2ba-207b88bc8787,1d4904ce-c854-45bc-a9cb-a4111fd954d3,4,10,full,no
94926e15-2b50-427a-b2ba-207b88bc8787,1d4904ce-c854-45bc-a9cb-a4111fd954d3,5,10,full,no
94926e15-2b50-427a-b2ba-207b88bc8787,1d4904ce-c854-45bc-a9cb-a4111fd954d3,6,10,full,no
94926e15-2b50-427a-b2ba-207b88bc8787,1d4904ce-c854-45bc-a9cb-a4111fd954d3,7,10,full,no
94926e15-2b50-427a-b2ba-207b88bc8787,1d4904ce-c854-45bc-a9cb-a4111fd954d3,8,10,full,no
94926e15-2b50-427a-b2ba-207b88bc8787,1d4904ce-c854-45bc-a9cb-a4111fd954d3,9,10,full,no
7d87222d-f472-416b-860e-a918d9367818,82bef855-998a-4d7d-91c2-a02d572be037,0,10,10,no
7d87222d-f472-416b-860e-a918d9367818,82bef855-998a-4d7d-91c2-a02d572be037,1,10,10,no
7d87222d-f472-416b-860e-a918d9367818,82bef855-998a-4d7d-91c2-a02d572be037,2,10,10,no
7d87222d-f472-416b-860e-a918d9367818,82bef855-998a-4d7d-91c2-a02d572be037,3,10,10,no
7d87222d-f472-416b-860e-a918d9367818,82bef855-998a-4d7d-91c2-a02d572be037,4,10,10,no
7d87222d-f472-416b-860e-a918d9367818,82bef855-998a-4d7d-91c2-a02d572be037,5,10,10,no
7d87222d-f472-416b-860e-a918d9367818,82bef855-998a-4d7d-91c2-a02d572be037,6,10,10,no
7d87222d-f472-416b-860e-a918d9367818,82bef855-998a-4d7d-91c2-a02d572be037,7,10,10,no
7d87222d-f472-416b-860e-a918d9367818,82bef855-998a-4d7d-91c2-a02d572be037,8,10,10,no
7d87222d-f472-416b-860e-a918d9367818,82bef855-998a-4d7d-91c2-a02d572be037,9,10,10,no
7d87222d-f472-416b-860e-a918d9367818,82bef855-998a-4d7d-91c2-a02d572be037,0,10,50,no
7d87222d-f472-416b-860e-a918d9367818,82bef855-998a-4d7d-91c2-a02d572be037,1,10,50,no
7d87222d-f472-416b-860e-a918d9367818,82bef855-998a-4d7d-91c2-a02d572be037,2,10,50,no
7d87222d-f472-416b-860e-a918d9367818,82bef855-998a-4d7d-91c2-a02d572be037,3,10,50,no
7d87222d-f472-416b-860e-a918d9367818,82bef855-998a-4d7d-91c2-a02d572be037,4,10,50,no
7d87222d-f472-416b-860e-a918d9367818,82bef855-998a-4d7d-91c2-a02d572be037,5,10,50,no
7d87222d-f472-416b-860e-a918d9367818,82bef855-998a-4d7d-91c2-a02d572be037,6,10,50,no
7d87222d-f472-416b-860e-a918d9367818,82bef855-998a-4d7d-91c2-a02d572be037,7,10,50,no
7d87222d-f472-416b-860e-a918d9367818,82bef855-998a-4d7d-91c2-a02d572be037,8,10,50,no
7d87222d-f472-416b-860e-a918d9367818,82bef855-998a-4d7d-91c2-a02d572be037,9,10,50,yes
7d87222d-f472-416b-860e-a918d9367818,82bef855-998a-4d7d-91c2-a02d572be037,0,10,100,no
7d87222d-f472-416b-860e-a918d9367818,82bef855-998a-4d7d-91c2-a02d572be037,1,10,100,no
7d87222d-f472-416b-860e-a918d9367818,82bef855-998a-4d7d-91c2-a02d572be037,2,10,100,no
7d87222d-f472-416b-860e-a918d9367818,82bef855-998a-4d7d-91c2-a02d572be037,3,10,100,no
7d87222d-f472-416b-860e-a918d9367818,82bef855-998a-4d7d-91c2-a02d572be037,4,10,100,no
7d87222d-f472-416b-860e-a918d9367818,82bef855-998a-4d7d-91c2-a02d572be037,5,10,100,no
7d87222d-f472-416b-860e-a918d9367818,82bef855-998a-4d7d-91c2-a02d572be037,6,10,100,no
7d87222d-f472-416b-860e-a918d9367818,82bef855-998a-4d7d-91c2-a02d572be037,7,10,100,no
7d87222d-f472-416b-860e-a918d9367818,82bef855-998a-4d7d-91c2-a02d572be037,8,10,100,yes
7d87222d-f472-416b-860e-a918d9367818,82bef855-998a-4d7d-91c2-a02d572be037,9,10,100,no
7d87222d-f472-416b-860e-a918d9367818,82bef855-998a-4d7d-91c2-a02d572be037,0,10,full,no
7d87222d-f472-416b-860e-a918d9367818,82bef855-998a-4d7d-91c2-a02d572be037,1,10,full,no
7d87222d-f472-416b-860e-a918d9367818,82bef855-998a-4d7d-91c2-a02d572be037,2,10,full,no
7d87222d-f472-416b-860e-a918d9367818,82bef855-998a-4d7d-91c2-a02d572be037,3,10,full,no
7d87222d-f472-416b-860e-a918d9367818,82bef855-998a-4d7d-91c2-a02d572be037,4,10,full,no
7d87222d-f472-416b-860e-a918d9367818,82bef855-998a-4d7d-91c2-a02d572be037,5,10,full,no
7d87222d-f472-416b-860e-a918d9367818,82bef855-998a-4d7d-91c2-a02d572be037,6,10,full,no
7d87222d-f472-416b-860e-a918d9367818,82bef855-998a-4d7d-91c2-a02d572be037,7,10,full,no
7d87222d-f472-416b-860e-a918d9367818,82bef855-998a-4d7d-91c2-a02d572be037,8,10,full,yes
7d87222d-f472-416b-860e-a918d9367818,82bef855-998a-4d7d-91c2-a02d572be037,9,10,full,no
7d87222d-f472-416b-860e-a918d9367818,9f89a1dc-139f-4e79-aa1c-79a7cefd3c9a,0,10,10,no
7d87222d-f472-416b-860e-a918d9367818,9f89a1dc-139f-4e79-aa1c-79a7cefd3c9a,1,10,10,no
7d87222d-f472-416b-860e-a918d9367818,9f89a1dc-139f-4e79-aa1c-79a7cefd3c9a,2,10,10,no
7d87222d-f472-416b-860e-a918d9367818,9f89a1dc-139f-4e79-aa1c-79a7cefd3c9a,3,10,10,no
7d87222d-f472-416b-860e-a918d9367818,9f89a1dc-139f-4e79-aa1c-79a7cefd3c9a,4,10,10,no
7d87222d-f472-416b-860e-a918d9367818,9f89a1dc-139f-4e79-aa1c-79a7cefd3c9a,5,10,10,no
7d87222d-f472-416b-860e-a918d9367818,9f89a1dc-139f-4e79-aa1c-79a7cefd3c9a,6,10,10,no
7d87222d-f472-416b-860e-a918d9367818,9f89a1dc-139f-4e79-aa1c-79a7cefd3c9a,7,10,10,no
7d87222d-f472-416b-860e-a918d9367818,9f89a1dc-139f-4e79-aa1c-79a7cefd3c9a,8,10,10,no
7d87222d-f472-416b-860e-a918d9367818,9f89a1dc-139f-4e79-aa1c-79a7cefd3c9a,9,10,10,no
7d87222d-f472-416b-860e-a918d9367818,9f89a1dc-139f-4e79-aa1c-79a7cefd3c9a,0,10,50,no
7d87222d-f472-416b-860e-a918d9367818,9f89a1dc-139f-4e79-aa1c-79a7cefd3c9a,1,10,50,no
7d87222d-f472-416b-860e-a918d9367818,9f89a1dc-139f-4e79-aa1c-79a7cefd3c9a,2,10,50,no
7d87222d-f472-416b-860e-a918d9367818,9f89a1dc-139f-4e79-aa1c-79a7cefd3c9a,3,10,50,no
7d87222d-f472-416b-860e-a918d9367818,9f89a1dc-139f-4e79-aa1c-79a7cefd3c9a,4,10,50,no
7d87222d-f472-416b-860e-a918d9367818,9f89a1dc-139f-4e79-aa1c-79a7cefd3c9a,5,10,50,no
7d87222d-f472-416b-860e-a918d9367818,9f89a1dc-139f-4e79-aa1c-79a7cefd3c9a,6,10,50,no
7d87222d-f472-416b-860e-a918d9367818,9f89a1dc-139f-4e79-aa1c-79a7cefd3c9a,7,10,50,no
7d87222d-f472-416b-860e-a918d9367818,9f89a1dc-139f-4e79-aa1c-79a7cefd3c9a,8,10,50,no
7d87222d-f472-416b-860e-a918d9367818,9f89a1dc-139f-4e79-aa1c-79a7cefd3c9a,9,10,50,no
7d87222d-f472-416b-860e-a918d9367818,9f89a1dc-139f-4e79-aa1c-79a7cefd3c9a,0,10,100,no
7d87222d-f472-416b-860e-a918d9367818,9f89a1dc-139f-4e79-aa1c-79a7cefd3c9a,1,10,100,no
7d87222d-f472-416b-860e-a918d9367818,9f89a1dc-139f-4e79-aa1c-79a7cefd3c9a,2,10,100,no
7d87222d-f472-416b-860e-a918d9367818,9f89a1dc-139f-4e79-aa1c-79a7cefd3c9a,3,10,100,no
7d87222d-f472-416b-860e-a918d9367818,9f89a1dc-139f-4e79-aa1c-79a7cefd3c9a,4,10,100,no
7d87222d-f472-416b-860e-a918d9367818,9f89a1dc-139f-4e79-aa1c-79a7cefd3c9a,5,10,100,no
7d87222d-f472-416b-860e-a918d9367818,9f89a1dc-139f-4e79-aa1c-79a7cefd3c9a,6,10,100,no
7d87222d-f472-416b-860e-a918d9367818,9f89a1dc-139f-4e79-aa1c-79a7cefd3c9a,7,10,100,no
7d87222d-f472-416b-860e-a918d9367818,9f89a1dc-139f-4e79-aa1c-79a7cefd3c9a,8,10,100,no
7d87222d-f472-416b-860e-a918d9367818,9f89a1dc-139f-4e79-aa1c-79a7cefd3c9a,9,10,100,no
7d87222d-f472-416b-860e-a918d9367818,9f89a1dc-139f-4e79-aa1c-79a7cefd3c9a,0,10,full,no
7d87222d-f472-416b-860e-a918d9367818,9f89a1dc-139f-4e79-aa1c-79a7cefd3c9a,1,10,full,no
7d87222d-f472-416b-860e-a918d9367818,9f89a1dc-139f-4e79-aa1c-79a7cefd3c9a,2,10,full,no
7d87222d-f472-416b-860e-a918d9367818,9f89a1dc-139f-4e79-aa1c-79a7cefd3c9a,3,10,full,no
7d87222d-f472-416b-860e-a918d9367818,9f89a1dc-139f-4e79-aa1c-79a7cefd3c9a,4,10,full,no
7d87222d-f472-416b-860e-a918d9367818,9f89a1dc-139f-4e79-aa1c-79a7cefd3c9a,5,10,full,no
7d87222d-f472-416b-860e-a918d9367818,9f89a1dc-139f-4e79-aa1c-79a7cefd3c9a,6,10,full,no
7d87222d-f472-416b-860e-a918d9367818,9f89a1dc-139f-4e79-aa1c-79a7cefd3c9a,7,10,full,no
7d87222d-f472-416b-860e-a918d9367818,9f89a1dc-139f-4e79-aa1c-79a7cefd3c9a,8,10,full,no
7d87222d-f472-416b-860e-a918d9367818,9f89a1dc-139f-4e79-aa1c-79a7cefd3c9a,9,10,full,no
23bcaba1-e419-4e9c-a4c8-2632873d454e,7662125c-57c0-4c0f-a696-c8dda81ad2b7,0,10,10,no
23bcaba1-e419-4e9c-a4c8-2632873d454e,7662125c-57c0-4c0f-a696-c8dda81ad2b7,1,10,10,no
23bcaba1-e419-4e9c-a4c8-2632873d454e,7662125c-57c0-4c0f-a696-c8dda81ad2b7,2,10,10,no
23bcaba1-e419-4e9c-a4c8-2632873d454e,7662125c-57c0-4c0f-a696-c8dda81ad2b7,3,10,10,yes
23bcaba1-e419-4e9c-a4c8-2632873d454e,7662125c-57c0-4c0f-a696-c8dda81ad2b7,4,10,10,no
23bcaba1-e419-4e9c-a4c8-2632873d454e,7662125c-57c0-4c0f-a696-c8dda81ad2b7,5,10,10,no
23bcaba1-e419-4e9c-a4c8-2632873d454e,7662125c-57c0-4c0f-a696-c8dda81ad2b7,6,10,10,no
23bcaba1-e419-4e9c-a4c8-2632873d454e,7662125c-57c0-4c0f-a696-c8dda81ad2b7,0,10,50,yes
23bcaba1-e419-4e9c-a4c8-2632873d454e,7662125c-57c0-4c0f-a696-c8dda81ad2b7,1,10,50,no
23bcaba1-e419-4e9c-a4c8-2632873d454e,7662125c-57c0-4c0f-a696-c8dda81ad2b7,2,10,50,yes
23bcaba1-e419-4e9c-a4c8-2632873d454e,7662125c-57c0-4c0f-a696-c8dda81ad2b7,3,10,50,no
23bcaba1-e419-4e9c-a4c8-2632873d454e,7662125c-57c0-4c0f-a696-c8dda81ad2b7,4,10,50,yes
23bcaba1-e419-4e9c-a4c8-2632873d454e,7662125c-57c0-4c0f-a696-c8dda81ad2b7,5,10,50,yes
23bcaba1-e419-4e9c-a4c8-2632873d454e,7662125c-57c0-4c0f-a696-c8dda81ad2b7,6,10,50,no
23bcaba1-e419-4e9c-a4c8-2632873d454e,7662125c-57c0-4c0f-a696-c8dda81ad2b7,0,10,100,yes
23bcaba1-e419-4e9c-a4c8-2632873d454e,7662125c-57c0-4c0f-a696-c8dda81ad2b7,1,10,100,no
23bcaba1-e419-4e9c-a4c8-2632873d454e,7662125c-57c0-4c0f-a696-c8dda81ad2b7,2,10,100,yes
23bcaba1-e419-4e9c-a4c8-2632873d454e,7662125c-57c0-4c0f-a696-c8dda81ad2b7,3,10,100,no
23bcaba1-e419-4e9c-a4c8-2632873d454e,7662125c-57c0-4c0f-a696-c8dda81ad2b7,4,10,100,no
23bcaba1-e419-4e9c-a4c8-2632873d454e,7662125c-57c0-4c0f-a696-c8dda81ad2b7,5,10,100,no
23bcaba1-e419-4e9c-a4c8-2632873d454e,7662125c-57c0-4c0f-a696-c8dda81ad2b7,6,10,100,no
23bcaba1-e419-4e9c-a4c8-2632873d454e,7662125c-57c0-4c0f-a696-c8dda81ad2b7,0,10,full,yes
23bcaba1-e419-4e9c-a4c8-2632873d454e,7662125c-57c0-4c0f-a696-c8dda81ad2b7,1,10,full,no
23bcaba1-e419-4e9c-a4c8-2632873d454e,7662125c-57c0-4c0f-a696-c8dda81ad2b7,2,10,full,yes
23bcaba1-e419-4e9c-a4c8-2632873d454e,7662125c-57c0-4c0f-a696-c8dda81ad2b7,3,10,full,no
23bcaba1-e419-4e9c-a4c8-2632873d454e,7662125c-57c0-4c0f-a696-c8dda81ad2b7,4,10,full,no
23bcaba1-e419-4e9c-a4c8-2632873d454e,7662125c-57c0-4c0f-a696-c8dda81ad2b7,5,10,full,no
23bcaba1-e419-4e9c-a4c8-2632873d454e,7662125c-57c0-4c0f-a696-c8dda81ad2b7,6,10,full,no
23bcaba1-e419-4e9c-a4c8-2632873d454e,9f342142-275c-498d-9b47-8f953ec3b8bf,1,10,10,no
23bcaba1-e419-4e9c-a4c8-2632873d454e,9f342142-275c-498d-9b47-8f953ec3b8bf,2,10,10,no
23bcaba1-e419-4e9c-a4c8-2632873d454e,9f342142-275c-498d-9b47-8f953ec3b8bf,3,10,10,yes
23bcaba1-e419-4e9c-a4c8-2632873d454e,9f342142-275c-498d-9b47-8f953ec3b8bf,4,10,10,no
23bcaba1-e419-4e9c-a4c8-2632873d454e,9f342142-275c-498d-9b47-8f953ec3b8bf,5,10,10,no
23bcaba1-e419-4e9c-a4c8-2632873d454e,9f342142-275c-498d-9b47-8f953ec3b8bf,6,10,10,yes
23bcaba1-e419-4e9c-a4c8-2632873d454e,9f342142-275c-498d-9b47-8f953ec3b8bf,7,10,10,no
23bcaba1-e419-4e9c-a4c8-2632873d454e,9f342142-275c-498d-9b47-8f953ec3b8bf,1,10,50,yes
23bcaba1-e419-4e9c-a4c8-2632873d454e,9f342142-275c-498d-9b47-8f953ec3b8bf,2,10,50,no
23bcaba1-e419-4e9c-a4c8-2632873d454e,9f342142-275c-498d-9b47-8f953ec3b8bf,3,10,50,no
23bcaba1-e419-4e9c-a4c8-2632873d454e,9f342142-275c-498d-9b47-8f953ec3b8bf,4,10,50,no
23bcaba1-e419-4e9c-a4c8-2632873d454e,9f342142-275c-498d-9b47-8f953ec3b8bf,5,10,50,no
23bcaba1-e419-4e9c-a4c8-2632873d454e,9f342142-275c-498d-9b47-8f953ec3b8bf,6,10,50,no
23bcaba1-e419-4e9c-a4c8-2632873d454e,9f342142-275c-498d-9b47-8f953ec3b8bf,7,10,50,yes
23bcaba1-e419-4e9c-a4c8-2632873d454e,9f342142-275c-498d-9b47-8f953ec3b8bf,1,10,100,no
23bcaba1-e419-4e9c-a4c8-2632873d454e,9f342142-275c-498d-9b47-8f953ec3b8bf,2,10,100,yes
23bcaba1-e419-4e9c-a4c8-2632873d454e,9f342142-275c-498d-9b47-8f953ec3b8bf,3,10,100,yes
23bcaba1-e419-4e9c-a4c8-2632873d454e,9f342142-275c-498d-9b47-8f953ec3b8bf,4,10,100,no
23bcaba1-e419-4e9c-a4c8-2632873d454e,9f342142-275c-498d-9b47-8f953ec3b8bf,5,10,100,no
23bcaba1-e419-4e9c-a4c8-2632873d454e,9f342142-275c-498d-9b47-8f953ec3b8bf,6,10,100,no
23bcaba1-e419-4e9c-a4c8-2632873d454e,9f342142-275c-498d-9b47-8f953ec3b8bf,7,10,100,yes
23bcaba1-e419-4e9c-a4c8-2632873d454e,9f342142-275c-498d-9b47-8f953ec3b8bf,1,10,full,no
23bcaba1-e419-4e9c-a4c8-2632873d454e,9f342142-275c-498d-9b47-8f953ec3b8bf,2,10,full,yes
23bcaba1-e419-4e9c-a4c8-2632873d454e,9f342142-275c-498d-9b47-8f953ec3b8bf,3,10,full,yes
23bcaba1-e419-4e9c-a4c8-2632873d454e,9f342142-275c-498d-9b47-8f953ec3b8bf,4,10,full,no
23bcaba1-e419-4e9c-a4c8-2632873d454e,9f342142-275c-498d-9b47-8f953ec3b8bf,5,10,full,no
23bcaba1-e419-4e9c-a4c8-2632873d454e,9f342142-275c-498d-9b47-8f953ec3b8bf,6,10,full,no
23bcaba1-e419-4e9c-a4c8-2632873d454e,9f342142-275c-498d-9b47-8f953ec3b8bf,7,10,full,no
69acafca-47c2-4e59-a191-d8528d4f1e2d,10619138-f294-420b-b387-1f510da29e5a,0,10,10,no
69acafca-47c2-4e59-a191-d8528d4f1e2d,10619138-f294-420b-b387-1f510da29e5a,1,10,10,no
69acafca-47c2-4e59-a191-d8528d4f1e2d,10619138-f294-420b-b387-1f510da29e5a,2,10,10,no
69acafca-47c2-4e59-a191-d8528d4f1e2d,10619138-f294-420b-b387-1f510da29e5a,3,10,10,no
69acafca-47c2-4e59-a191-d8528d4f1e2d,10619138-f294-420b-b387-1f510da29e5a,4,10,10,no
69acafca-47c2-4e59-a191-d8528d4f1e2d,10619138-f294-420b-b387-1f510da29e5a,5,10,10,no
69acafca-47c2-4e59-a191-d8528d4f1e2d,10619138-f294-420b-b387-1f510da29e5a,6,10,10,no
69acafca-47c2-4e59-a191-d8528d4f1e2d,10619138-f294-420b-b387-1f510da29e5a,7,10,10,no
69acafca-47c2-4e59-a191-d8528d4f1e2d,10619138-f294-420b-b387-1f510da29e5a,8,10,10,no
69acafca-47c2-4e59-a191-d8528d4f1e2d,10619138-f294-420b-b387-1f510da29e5a,9,10,10,no
69acafca-47c2-4e59-a191-d8528d4f1e2d,10619138-f294-420b-b387-1f510da29e5a,0,10,50,no
69acafca-47c2-4e59-a191-d8528d4f1e2d,10619138-f294-420b-b387-1f510da29e5a,1,10,50,no
69acafca-47c2-4e59-a191-d8528d4f1e2d,10619138-f294-420b-b387-1f510da29e5a,2,10,50,no
69acafca-47c2-4e59-a191-d8528d4f1e2d,10619138-f294-420b-b387-1f510da29e5a,3,10,50,no
69acafca-47c2-4e59-a191-d8528d4f1e2d,10619138-f294-420b-b387-1f510da29e5a,4,10,50,no
69acafca-47c2-4e59-a191-d8528d4f1e2d,10619138-f294-420b-b387-1f510da29e5a,5,10,50,no
69acafca-47c2-4e59-a191-d8528d4f1e2d,10619138-f294-420b-b387-1f510da29e5a,6,10,50,no
69acafca-47c2-4e59-a191-d8528d4f1e2d,10619138-f294-420b-b387-1f510da29e5a,7,10,50,no
69acafca-47c2-4e59-a191-d8528d4f1e2d,10619138-f294-420b-b387-1f510da29e5a,8,10,50,no
69acafca-47c2-4e59-a191-d8528d4f1e2d,10619138-f294-420b-b387-1f510da29e5a,9,10,50,no
69acafca-47c2-4e59-a191-d8528d4f1e2d,10619138-f294-420b-b387-1f510da29e5a,0,10,100,no
69acafca-47c2-4e59-a191-d8528d4f1e2d,10619138-f294-420b-b387-1f510da29e5a,1,10,100,no
69acafca-47c2-4e59-a191-d8528d4f1e2d,10619138-f294-420b-b387-1f510da29e5a,2,10,100,no
69acafca-47c2-4e59-a191-d8528d4f1e2d,10619138-f294-420b-b387-1f510da29e5a,3,10,100,no
69acafca-47c2-4e59-a191-d8528d4f1e2d,10619138-f294-420b-b387-1f510da29e5a,4,10,100,no
69acafca-47c2-4e59-a191-d8528d4f1e2d,10619138-f294-420b-b387-1f510da29e5a,5,10,100,no
69acafca-47c2-4e59-a191-d8528d4f1e2d,10619138-f294-420b-b387-1f510da29e5a,6,10,100,no
69acafca-47c2-4e59-a191-d8528d4f1e2d,10619138-f294-420b-b387-1f510da29e5a,7,10,100,no
69acafca-47c2-4e59-a191-d8528d4f1e2d,10619138-f294-420b-b387-1f510da29e5a,8,10,100,no
69acafca-47c2-4e59-a191-d8528d4f1e2d,10619138-f294-420b-b387-1f510da29e5a,9,10,100,no
69acafca-47c2-4e59-a191-d8528d4f1e2d,10619138-f294-420b-b387-1f510da29e5a,0,10,full,no
69acafca-47c2-4e59-a191-d8528d4f1e2d,10619138-f294-420b-b387-1f510da29e5a,1,10,full,no
69acafca-47c2-4e59-a191-d8528d4f1e2d,10619138-f294-420b-b387-1f510da29e5a,2,10,full,no
69acafca-47c2-4e59-a191-d8528d4f1e2d,10619138-f294-420b-b387-1f510da29e5a,3,10,full,no
69acafca-47c2-4e59-a191-d8528d4f1e2d,10619138-f294-420b-b387-1f510da29e5a,4,10,full,no
69acafca-47c2-4e59-a191-d8528d4f1e2d,10619138-f294-420b-b387-1f510da29e5a,5,10,full,no
69acafca-47c2-4e59-a191-d8528d4f1e2d,10619138-f294-420b-b387-1f510da29e5a,6,10,full,no
69acafca-47c2-4e59-a191-d8528d4f1e2d,10619138-f294-420b-b387-1f510da29e5a,7,10,full,no
69acafca-47c2-4e59-a191-d8528d4f1e2d,10619138-f294-420b-b387-1f510da29e5a,8,10,full,no
69acafca-47c2-4e59-a191-d8528d4f1e2d,10619138-f294-420b-b387-1f510da29e5a,9,10,full,no
69acafca-47c2-4e59-a191-d8528d4f1e2d,e547b5a3-63ef-4ae0-a2a0-939feed488be,0,10,10,no
69acafca-47c2-4e59-a191-d8528d4f1e2d,e547b5a3-63ef-4ae0-a2a0-939feed488be,1,10,10,no
69acafca-47c2-4e59-a191-d8528d4f1e2d,e547b5a3-63ef-4ae0-a2a0-939feed488be,2,10,10,no
69acafca-47c2-4e59-a191-d8528d4f1e2d,e547b5a3-63ef-4ae0-a2a0-939feed488be,3,10,10,no
69acafca-47c2-4e59-a191-d8528d4f1e2d,e547b5a3-63ef-4ae0-a2a0-939feed488be,4,10,10,no
69acafca-47c2-4e59-a191-d8528d4f1e2d,e547b5a3-63ef-4ae0-a2a0-939feed488be,5,10,10,no
69acafca-47c2-4e59-a191-d8528d4f1e2d,e547b5a3-63ef-4ae0-a2a0-939feed488be,6,10,10,no
69acafca-47c2-4e59-a191-d8528d4f1e2d,e547b5a3-63ef-4ae0-a2a0-939feed488be,7,10,10,no
69acafca-47c2-4e59-a191-d8528d4f1e2d,e547b5a3-63ef-4ae0-a2a0-939feed488be,8,10,10,no
69acafca-47c2-4e59-a191-d8528d4f1e2d,e547b5a3-63ef-4ae0-a2a0-939feed488be,9,10,10,no
69acafca-47c2-4e59-a191-d8528d4f1e2d,e547b5a3-63ef-4ae0-a2a0-939feed488be,0,10,50,no
69acafca-47c2-4e59-a191-d8528d4f1e2d,e547b5a3-63ef-4ae0-a2a0-939feed488be,1,10,50,no
69acafca-47c2-4e59-a191-d8528d4f1e2d,e547b5a3-63ef-4ae0-a2a0-939feed488be,2,10,50,no
69acafca-47c2-4e59-a191-d8528d4f1e2d,e547b5a3-63ef-4ae0-a2a0-939feed488be,3,10,50,no
69acafca-47c2-4e59-a191-d8528d4f1e2d,e547b5a3-63ef-4ae0-a2a0-939feed488be,4,10,50,no
69acafca-47c2-4e59-a191-d8528d4f1e2d,e547b5a3-63ef-4ae0-a2a0-939feed488be,5,10,50,no
69acafca-47c2-4e59-a191-d8528d4f1e2d,e547b5a3-63ef-4ae0-a2a0-939feed488be,6,10,50,no
69acafca-47c2-4e59-a191-d8528d4f1e2d,e547b5a3-63ef-4ae0-a2a0-939feed488be,7,10,50,no
69acafca-47c2-4e59-a191-d8528d4f1e2d,e547b5a3-63ef-4ae0-a2a0-939feed488be,8,10,50,no
69acafca-47c2-4e59-a191-d8528d4f1e2d,e547b5a3-63ef-4ae0-a2a0-939feed488be,9,10,50,no
69acafca-47c2-4e59-a191-d8528d4f1e2d,e547b5a3-63ef-4ae0-a2a0-939feed488be,0,10,100,no
69acafca-47c2-4e59-a191-d8528d4f1e2d,e547b5a3-63ef-4ae0-a2a0-939feed488be,1,10,100,no
69acafca-47c2-4e59-a191-d8528d4f1e2d,e547b5a3-63ef-4ae0-a2a0-939feed488be,2,10,100,no
69acafca-47c2-4e59-a191-d8528d4f1e2d,e547b5a3-63ef-4ae0-a2a0-939feed488be,3,10,100,no
69acafca-47c2-4e59-a191-d8528d4f1e2d,e547b5a3-63ef-4ae0-a2a0-939feed488be,4,10,100,no
69acafca-47c2-4e59-a191-d8528d4f1e2d,e547b5a3-63ef-4ae0-a2a0-939feed488be,5,10,100,no
69acafca-47c2-4e59-a191-d8528d4f1e2d,e547b5a3-63ef-4ae0-a2a0-939feed488be,6,10,100,no
69acafca-47c2-4e59-a191-d8528d4f1e2d,e547b5a3-63ef-4ae0-a2a0-939feed488be,7,10,100,no
69acafca-47c2-4e59-a191-d8528d4f1e2d,e547b5a3-63ef-4ae0-a2a0-939feed488be,8,10,100,no
69acafca-47c2-4e59-a191-d8528d4f1e2d,e547b5a3-63ef-4ae0-a2a0-939feed488be,9,10,100,no
69acafca-47c2-4e59-a191-d8528d4f1e2d,e547b5a3-63ef-4ae0-a2a0-939feed488be,0,10,full,no
69acafca-47c2-4e59-a191-d8528d4f1e2d,e547b5a3-63ef-4ae0-a2a0-939feed488be,1,10,full,no
69acafca-47c2-4e59-a191-d8528d4f1e2d,e547b5a3-63ef-4ae0-a2a0-939feed488be,2,10,full,no
69acafca-47c2-4e59-a191-d8528d4f1e2d,e547b5a3-63ef-4ae0-a2a0-939feed488be,3,10,full,no
69acafca-47c2-4e59-a191-d8528d4f1e2d,e547b5a3-63ef-4ae0-a2a0-939feed488be,4,10,full,no
69acafca-47c2-4e59-a191-d8528d4f1e2d,e547b5a3-63ef-4ae0-a2a0-939feed488be,5,10,full,no
69acafca-47c2-4e59-a191-d8528d4f1e2d,e547b5a3-63ef-4ae0-a2a0-939feed488be,6,10,full,no
69acafca-47c2-4e59-a191-d8528d4f1e2d,e547b5a3-63ef-4ae0-a2a0-939feed488be,7,10,full,no
69acafca-47c2-4e59-a191-d8528d4f1e2d,e547b5a3-63ef-4ae0-a2a0-939feed488be,8,10,full,no
69acafca-47c2-4e59-a191-d8528d4f1e2d,e547b5a3-63ef-4ae0-a2a0-939feed488be,9,10,full,no
3113c5d2-29b3-4968-8d59-79d7b4730cb3,ab66b178-317a-43bd-b6da-70da8fe155b9,0,10,10,no
3113c5d2-29b3-4968-8d59-79d7b4730cb3,ab66b178-317a-43bd-b6da-70da8fe155b9,1,10,10,no
3113c5d2-29b3-4968-8d59-79d7b4730cb3,ab66b178-317a-43bd-b6da-70da8fe155b9,2,10,10,no
3113c5d2-29b3-4968-8d59-79d7b4730cb3,ab66b178-317a-43bd-b6da-70da8fe155b9,3,10,10,no
3113c5d2-29b3-4968-8d59-79d7b4730cb3,ab66b178-317a-43bd-b6da-70da8fe155b9,4,10,10,no
3113c5d2-29b3-4968-8d59-79d7b4730cb3,ab66b178-317a-43bd-b6da-70da8fe155b9,5,10,10,no
3113c5d2-29b3-4968-8d59-79d7b4730cb3,ab66b178-317a-43bd-b6da-70da8fe155b9,6,10,10,no
3113c5d2-29b3-4968-8d59-79d7b4730cb3,ab66b178-317a-43bd-b6da-70da8fe155b9,7,10,10,no
3113c5d2-29b3-4968-8d59-79d7b4730cb3,ab66b178-317a-43bd-b6da-70da8fe155b9,8,10,10,no
3113c5d2-29b3-4968-8d59-79d7b4730cb3,ab66b178-317a-43bd-b6da-70da8fe155b9,9,10,10,no
3113c5d2-29b3-4968-8d59-79d7b4730cb3,ab66b178-317a-43bd-b6da-70da8fe155b9,0,10,50,no
3113c5d2-29b3-4968-8d59-79d7b4730cb3,ab66b178-317a-43bd-b6da-70da8fe155b9,1,10,50,no
3113c5d2-29b3-4968-8d59-79d7b4730cb3,ab66b178-317a-43bd-b6da-70da8fe155b9,2,10,50,no
3113c5d2-29b3-4968-8d59-79d7b4730cb3,ab66b178-317a-43bd-b6da-70da8fe155b9,3,10,50,no
3113c5d2-29b3-4968-8d59-79d7b4730cb3,ab66b178-317a-43bd-b6da-70da8fe155b9,4,10,50,no
3113c5d2-29b3-4968-8d59-79d7b4730cb3,ab66b178-317a-43bd-b6da-70da8fe155b9,5,10,50,no
3113c5d2-29b3-4968-8d59-79d7b4730cb3,ab66b178-317a-43bd-b6da-70da8fe155b9,6,10,50,no
3113c5d2-29b3-4968-8d59-79d7b4730cb3,ab66b178-317a-43bd-b6da-70da8fe155b9,7,10,50,no
3113c5d2-29b3-4968-8d59-79d7b4730cb3,ab66b178-317a-43bd-b6da-70da8fe155b9,8,10,50,no
3113c5d2-29b3-4968-8d59-79d7b4730cb3,ab66b178-317a-43bd-b6da-70da8fe155b9,9,10,50,no
3113c5d2-29b3-4968-8d59-79d7b4730cb3,ab66b178-317a-43bd-b6da-70da8fe155b9,0,10,100,no
3113c5d2-29b3-4968-8d59-79d7b4730cb3,ab66b178-317a-43bd-b6da-70da8fe155b9,1,10,100,no
3113c5d2-29b3-4968-8d59-79d7b4730cb3,ab66b178-317a-43bd-b6da-70da8fe155b9,2,10,100,no
3113c5d2-29b3-4968-8d59-79d7b4730cb3,ab66b178-317a-43bd-b6da-70da8fe155b9,3,10,100,no
3113c5d2-29b3-4968-8d59-79d7b4730cb3,ab66b178-317a-43bd-b6da-70da8fe155b9,4,10,100,no
3113c5d2-29b3-4968-8d59-79d7b4730cb3,ab66b178-317a-43bd-b6da-70da8fe155b9,5,10,100,no
3113c5d2-29b3-4968-8d59-79d7b4730cb3,ab66b178-317a-43bd-b6da-70da8fe155b9,6,10,100,no
3113c5d2-29b3-4968-8d59-79d7b4730cb3,ab66b178-317a-43bd-b6da-70da8fe155b9,7,10,100,no
3113c5d2-29b3-4968-8d59-79d7b4730cb3,ab66b178-317a-43bd-b6da-70da8fe155b9,8,10,100,no
3113c5d2-29b3-4968-8d59-79d7b4730cb3,ab66b178-317a-43bd-b6da-70da8fe155b9,9,10,100,no
3113c5d2-29b3-4968-8d59-79d7b4730cb3,ab66b178-317a-43bd-b6da-70da8fe155b9,0,10,full,no
3113c5d2-29b3-4968-8d59-79d7b4730cb3,ab66b178-317a-43bd-b6da-70da8fe155b9,1,10,full,no
3113c5d2-29b3-4968-8d59-79d7b4730cb3,ab66b178-317a-43bd-b6da-70da8fe155b9,2,10,full,no
3113c5d2-29b3-4968-8d59-79d7b4730cb3,ab66b178-317a-43bd-b6da-70da8fe155b9,3,10,full,no
3113c5d2-29b3-4968-8d59-79d7b4730cb3,ab66b178-317a-43bd-b6da-70da8fe155b9,4,10,full,no
3113c5d2-29b3-4968-8d59-79d7b4730cb3,ab66b178-317a-43bd-b6da-70da8fe155b9,5,10,full,no
3113c5d2-29b3-4968-8d59-79d7b4730cb3,ab66b178-317a-43bd-b6da-70da8fe155b9,6,10,full,no
3113c5d2-29b3-4968-8d59-79d7b4730cb3,ab66b178-317a-43bd-b6da-70da8fe155b9,7,10,full,no
3113c5d2-29b3-4968-8d59-79d7b4730cb3,ab66b178-317a-43bd-b6da-70da8fe155b9,8,10,full,no
3113c5d2-29b3-4968-8d59-79d7b4730cb3,ab66b178-317a-43bd-b6da-70da8fe155b9,9,10,full,no
3113c5d2-29b3-4968-8d59-79d7b4730cb3,8019c4c1-f562-43f0-8f0a-9e04f6da43b7,0,10,10,no
3113c5d2-29b3-4968-8d59-79d7b4730cb3,8019c4c1-f562-43f0-8f0a-9e04f6da43b7,1,10,10,no
3113c5d2-29b3-4968-8d59-79d7b4730cb3,8019c4c1-f562-43f0-8f0a-9e04f6da43b7,2,10,10,no
3113c5d2-29b3-4968-8d59-79d7b4730cb3,8019c4c1-f562-43f0-8f0a-9e04f6da43b7,3,10,10,no
3113c5d2-29b3-4968-8d59-79d7b4730cb3,8019c4c1-f562-43f0-8f0a-9e04f6da43b7,4,10,10,no
3113c5d2-29b3-4968-8d59-79d7b4730cb3,8019c4c1-f562-43f0-8f0a-9e04f6da43b7,5,10,10,no
3113c5d2-29b3-4968-8d59-79d7b4730cb3,8019c4c1-f562-43f0-8f0a-9e04f6da43b7,6,10,10,no
3113c5d2-29b3-4968-8d59-79d7b4730cb3,8019c4c1-f562-43f0-8f0a-9e04f6da43b7,7,10,10,no
3113c5d2-29b3-4968-8d59-79d7b4730cb3,8019c4c1-f562-43f0-8f0a-9e04f6da43b7,8,10,10,no
3113c5d2-29b3-4968-8d59-79d7b4730cb3,8019c4c1-f562-43f0-8f0a-9e04f6da43b7,9,10,10,no
3113c5d2-29b3-4968-8d59-79d7b4730cb3,8019c4c1-f562-43f0-8f0a-9e04f6da43b7,0,10,50,no
3113c5d2-29b3-4968-8d59-79d7b4730cb3,8019c4c1-f562-43f0-8f0a-9e04f6da43b7,1,10,50,no
3113c5d2-29b3-4968-8d59-79d7b4730cb3,8019c4c1-f562-43f0-8f0a-9e04f6da43b7,2,10,50,no
3113c5d2-29b3-4968-8d59-79d7b4730cb3,8019c4c1-f562-43f0-8f0a-9e04f6da43b7,3,10,50,no
3113c5d2-29b3-4968-8d59-79d7b4730cb3,8019c4c1-f562-43f0-8f0a-9e04f6da43b7,4,10,50,no
3113c5d2-29b3-4968-8d59-79d7b4730cb3,8019c4c1-f562-43f0-8f0a-9e04f6da43b7,5,10,50,no
3113c5d2-29b3-4968-8d59-79d7b4730cb3,8019c4c1-f562-43f0-8f0a-9e04f6da43b7,6,10,50,no
3113c5d2-29b3-4968-8d59-79d7b4730cb3,8019c4c1-f562-43f0-8f0a-9e04f6da43b7,7,10,50,no
3113c5d2-29b3-4968-8d59-79d7b4730cb3,8019c4c1-f562-43f0-8f0a-9e04f6da43b7,8,10,50,no
3113c5d2-29b3-4968-8d59-79d7b4730cb3,8019c4c1-f562-43f0-8f0a-9e04f6da43b7,9,10,50,no
3113c5d2-29b3-4968-8d59-79d7b4730cb3,8019c4c1-f562-43f0-8f0a-9e04f6da43b7,0,10,100,no
3113c5d2-29b3-4968-8d59-79d7b4730cb3,8019c4c1-f562-43f0-8f0a-9e04f6da43b7,1,10,100,no
3113c5d2-29b3-4968-8d59-79d7b4730cb3,8019c4c1-f562-43f0-8f0a-9e04f6da43b7,2,10,100,no
3113c5d2-29b3-4968-8d59-79d7b4730cb3,8019c4c1-f562-43f0-8f0a-9e04f6da43b7,3,10,100,no
3113c5d2-29b3-4968-8d59-79d7b4730cb3,8019c4c1-f562-43f0-8f0a-9e04f6da43b7,4,10,100,no
3113c5d2-29b3-4968-8d59-79d7b4730cb3,8019c4c1-f562-43f0-8f0a-9e04f6da43b7,5,10,100,no
3113c5d2-29b3-4968-8d59-79d7b4730cb3,8019c4c1-f562-43f0-8f0a-9e04f6da43b7,6,10,100,no
3113c5d2-29b3-4968-8d59-79d7b4730cb3,8019c4c1-f562-43f0-8f0a-9e04f6da43b7,7,10,100,no
3113c5d2-29b3-4968-8d59-79d7b4730cb3,8019c4c1-f562-43f0-8f0a-9e04f6da43b7,8,10,100,no
3113c5d2-29b3-4968-8d59-79d7b4730cb3,8019c4c1-f562-43f0-8f0a-9e04f6da43b7,9,10,100,no
3113c5d2-29b3-4968-8d59-79d7b4730cb3,8019c4c1-f562-43f0-8f0a-9e04f6da43b7,0,10,full,no
3113c5d2-29b3-4968-8d59-79d7b4730cb3,8019c4c1-f562-43f0-8f0a-9e04f6da43b7,1,10,full,no
3113c5d2-29b3-4968-8d59-79d7b4730cb3,8019c4c1-f562-43f0-8f0a-9e04f6da43b7,2,10,full,no
3113c5d2-29b3-4968-8d59-79d7b4730cb3,8019c4c1-f562-43f0-8f0a-9e04f6da43b7,3,10,full,no
3113c5d2-29b3-4968-8d59-79d7b4730cb3,8019c4c1-f562-43f0-8f0a-9e04f6da43b7,4,10,full,no
3113c5d2-29b3-4968-8d59-79d7b4730cb3,8019c4c1-f562-43f0-8f0a-9e04f6da43b7,5,10,full,no
3113c5d2-29b3-4968-8d59-79d7b4730cb3,8019c4c1-f562-43f0-8f0a-9e04f6da43b7,6,10,full,no
3113c5d2-29b3-4968-8d59-79d7b4730cb3,8019c4c1-f562-43f0-8f0a-9e04f6da43b7,7,10,full,no
3113c5d2-29b3-4968-8d59-79d7b4730cb3,8019c4c1-f562-43f0-8f0a-9e04f6da43b7,8,10,full,no
3113c5d2-29b3-4968-8d59-79d7b4730cb3,8019c4c1-f562-43f0-8f0a-9e04f6da43b7,9,10,full,no
e25cad75-6db5-4d61-8217-293312c01378,f7186b93-98e9-4410-9266-3e83342eaeca,0,10,10,no
e25cad75-6db5-4d61-8217-293312c01378,f7186b93-98e9-4410-9266-3e83342eaeca,1,10,10,no
e25cad75-6db5-4d61-8217-293312c01378,f7186b93-98e9-4410-9266-3e83342eaeca,2,10,10,no
e25cad75-6db5-4d61-8217-293312c01378,f7186b93-98e9-4410-9266-3e83342eaeca,3,10,10,no
e25cad75-6db5-4d61-8217-293312c01378,f7186b93-98e9-4410-9266-3e83342eaeca,4,10,10,no
e25cad75-6db5-4d61-8217-293312c01378,f7186b93-98e9-4410-9266-3e83342eaeca,5,10,10,no
e25cad75-6db5-4d61-8217-293312c01378,f7186b93-98e9-4410-9266-3e83342eaeca,6,10,10,no
e25cad75-6db5-4d61-8217-293312c01378,f7186b93-98e9-4410-9266-3e83342eaeca,7,10,10,no
e25cad75-6db5-4d61-8217-293312c01378,f7186b93-98e9-4410-9266-3e83342eaeca,8,10,10,no
e25cad75-6db5-4d61-8217-293312c01378,f7186b93-98e9-4410-9266-3e83342eaeca,9,10,10,no
e25cad75-6db5-4d61-8217-293312c01378,f7186b93-98e9-4410-9266-3e83342eaeca,0,10,50,no
e25cad75-6db5-4d61-8217-293312c01378,f7186b93-98e9-4410-9266-3e83342eaeca,1,10,50,no
e25cad75-6db5-4d61-8217-293312c01378,f7186b93-98e9-4410-9266-3e83342eaeca,2,10,50,no
e25cad75-6db5-4d61-8217-293312c01378,f7186b93-98e9-4410-9266-3e83342eaeca,3,10,50,no
e25cad75-6db5-4d61-8217-293312c01378,f7186b93-98e9-4410-9266-3e83342eaeca,4,10,50,no
e25cad75-6db5-4d61-8217-293312c01378,f7186b93-98e9-4410-9266-3e83342eaeca,5,10,50,yes
e25cad75-6db5-4d61-8217-293312c01378,f7186b93-98e9-4410-9266-3e83342eaeca,6,10,50,yes
e25cad75-6db5-4d61-8217-293312c01378,f7186b93-98e9-4410-9266-3e83342eaeca,7,10,50,yes
e25cad75-6db5-4d61-8217-293312c01378,f7186b93-98e9-4410-9266-3e83342eaeca,8,10,50,yes
e25cad75-6db5-4d61-8217-293312c01378,f7186b93-98e9-4410-9266-3e83342eaeca,9,10,50,yes
e25cad75-6db5-4d61-8217-293312c01378,f7186b93-98e9-4410-9266-3e83342eaeca,0,10,100,yes
e25cad75-6db5-4d61-8217-293312c01378,f7186b93-98e9-4410-9266-3e83342eaeca,1,10,100,yes
e25cad75-6db5-4d61-8217-293312c01378,f7186b93-98e9-4410-9266-3e83342eaeca,2,10,100,yes
e25cad75-6db5-4d61-8217-293312c01378,f7186b93-98e9-4410-9266-3e83342eaeca,3,10,100,yes
e25cad75-6db5-4d61-8217-293312c01378,f7186b93-98e9-4410-9266-3e83342eaeca,4,10,100,yes
e25cad75-6db5-4d61-8217-293312c01378,f7186b93-98e9-4410-9266-3e83342eaeca,5,10,100,yes
e25cad75-6db5-4d61-8217-293312c01378,f7186b93-98e9-4410-9266-3e83342eaeca,6,10,100,yes
e25cad75-6db5-4d61-8217-293312c01378,f7186b93-98e9-4410-9266-3e83342eaeca,7,10,100,yes
e25cad75-6db5-4d61-8217-293312c01378,f7186b93-98e9-4410-9266-3e83342eaeca,8,10,100,yes
e25cad75-6db5-4d61-8217-293312c01378,f7186b93-98e9-4410-9266-3e83342eaeca,9,10,100,yes
e25cad75-6db5-4d61-8217-293312c01378,f7186b93-98e9-4410-9266-3e83342eaeca,0,10,full,yes
e25cad75-6db5-4d61-8217-293312c01378,f7186b93-98e9-4410-9266-3e83342eaeca,1,10,full,yes
e25cad75-6db5-4d61-8217-293312c01378,f7186b93-98e9-4410-9266-3e83342eaeca,2,10,full,yes
e25cad75-6db5-4d61-8217-293312c01378,f7186b93-98e9-4410-9266-3e83342eaeca,3,10,full,yes
e25cad75-6db5-4d61-8217-293312c01378,f7186b93-98e9-4410-9266-3e83342eaeca,4,10,full,yes
e25cad75-6db5-4d61-8217-293312c01378,f7186b93-98e9-4410-9266-3e83342eaeca,5,10,full,yes
e25cad75-6db5-4d61-8217-293312c01378,f7186b93-98e9-4410-9266-3e83342eaeca,6,10,full,yes
e25cad75-6db5-4d61-8217-293312c01378,f7186b93-98e9-4410-9266-3e83342eaeca,7,10,full,yes
e25cad75-6db5-4d61-8217-293312c01378,f7186b93-98e9-4410-9266-3e83342eaeca,8,10,full,yes
e25cad75-6db5-4d61-8217-293312c01378,f7186b93-98e9-4410-9266-3e83342eaeca,9,10,full,no
e25cad75-6db5-4d61-8217-293312c01378,9ed2a16d-c4d3-409c-b7b1-8679a5b01a3e,0,10,10,no
e25cad75-6db5-4d61-8217-293312c01378,9ed2a16d-c4d3-409c-b7b1-8679a5b01a3e,1,10,10,no
e25cad75-6db5-4d61-8217-293312c01378,9ed2a16d-c4d3-409c-b7b1-8679a5b01a3e,2,10,10,no
e25cad75-6db5-4d61-8217-293312c01378,9ed2a16d-c4d3-409c-b7b1-8679a5b01a3e,3,10,10,no
e25cad75-6db5-4d61-8217-293312c01378,9ed2a16d-c4d3-409c-b7b1-8679a5b01a3e,4,10,10,no
e25cad75-6db5-4d61-8217-293312c01378,9ed2a16d-c4d3-409c-b7b1-8679a5b01a3e,5,10,10,no
e25cad75-6db5-4d61-8217-293312c01378,9ed2a16d-c4d3-409c-b7b1-8679a5b01a3e,6,10,10,no
e25cad75-6db5-4d61-8217-293312c01378,9ed2a16d-c4d3-409c-b7b1-8679a5b01a3e,7,10,10,no
e25cad75-6db5-4d61-8217-293312c01378,9ed2a16d-c4d3-409c-b7b1-8679a5b01a3e,8,10,10,no
e25cad75-6db5-4d61-8217-293312c01378,9ed2a16d-c4d3-409c-b7b1-8679a5b01a3e,9,10,10,no
e25cad75-6db5-4d61-8217-293312c01378,9ed2a16d-c4d3-409c-b7b1-8679a5b01a3e,0,10,50,no
e25cad75-6db5-4d61-8217-293312c01378,9ed2a16d-c4d3-409c-b7b1-8679a5b01a3e,1,10,50,no
e25cad75-6db5-4d61-8217-293312c01378,9ed2a16d-c4d3-409c-b7b1-8679a5b01a3e,2,10,50,no
e25cad75-6db5-4d61-8217-293312c01378,9ed2a16d-c4d3-409c-b7b1-8679a5b01a3e,3,10,50,no
e25cad75-6db5-4d61-8217-293312c01378,9ed2a16d-c4d3-409c-b7b1-8679a5b01a3e,4,10,50,yes
e25cad75-6db5-4d61-8217-293312c01378,9ed2a16d-c4d3-409c-b7b1-8679a5b01a3e,5,10,50,yes
e25cad75-6db5-4d61-8217-293312c01378,9ed2a16d-c4d3-409c-b7b1-8679a5b01a3e,6,10,50,yes
e25cad75-6db5-4d61-8217-293312c01378,9ed2a16d-c4d3-409c-b7b1-8679a5b01a3e,7,10,50,yes
e25cad75-6db5-4d61-8217-293312c01378,9ed2a16d-c4d3-409c-b7b1-8679a5b01a3e,8,10,50,yes
e25cad75-6db5-4d61-8217-293312c01378,9ed2a16d-c4d3-409c-b7b1-8679a5b01a3e,9,10,50,yes
e25cad75-6db5-4d61-8217-293312c01378,9ed2a16d-c4d3-409c-b7b1-8679a5b01a3e,0,10,100,yes
e25cad75-6db5-4d61-8217-293312c01378,9ed2a16d-c4d3-409c-b7b1-8679a5b01a3e,1,10,100,yes
e25cad75-6db5-4d61-8217-293312c01378,9ed2a16d-c4d3-409c-b7b1-8679a5b01a3e,2,10,100,yes
e25cad75-6db5-4d61-8217-293312c01378,9ed2a16d-c4d3-409c-b7b1-8679a5b01a3e,3,10,100,no
e25cad75-6db5-4d61-8217-293312c01378,9ed2a16d-c4d3-409c-b7b1-8679a5b01a3e,4,10,100,no
e25cad75-6db5-4d61-8217-293312c01378,9ed2a16d-c4d3-409c-b7b1-8679a5b01a3e,5,10,100,no
e25cad75-6db5-4d61-8217-293312c01378,9ed2a16d-c4d3-409c-b7b1-8679a5b01a3e,6,10,100,no
e25cad75-6db5-4d61-8217-293312c01378,9ed2a16d-c4d3-409c-b7b1-8679a5b01a3e,7,10,100,no
e25cad75-6db5-4d61-8217-293312c01378,9ed2a16d-c4d3-409c-b7b1-8679a5b01a3e,8,10,100,no
e25cad75-6db5-4d61-8217-293312c01378,9ed2a16d-c4d3-409c-b7b1-8679a5b01a3e,9,10,100,no
e25cad75-6db5-4d61-8217-293312c01378,9ed2a16d-c4d3-409c-b7b1-8679a5b01a3e,0,10,full,yes
e25cad75-6db5-4d61-8217-293312c01378,9ed2a16d-c4d3-409c-b7b1-8679a5b01a3e,1,10,full,yes
e25cad75-6db5-4d61-8217-293312c01378,9ed2a16d-c4d3-409c-b7b1-8679a5b01a3e,2,10,full,yes
e25cad75-6db5-4d61-8217-293312c01378,9ed2a16d-c4d3-409c-b7b1-8679a5b01a3e,3,10,full,no
e25cad75-6db5-4d61-8217-293312c01378,9ed2a16d-c4d3-409c-b7b1-8679a5b01a3e,4,10,full,no
e25cad75-6db5-4d61-8217-293312c01378,9ed2a16d-c4d3-409c-b7b1-8679a5b01a3e,5,10,full,no
e25cad75-6db5-4d61-8217-293312c01378,9ed2a16d-c4d3-409c-b7b1-8679a5b01a3e,6,10,full,no
e25cad75-6db5-4d61-8217-293312c01378,9ed2a16d-c4d3-409c-b7b1-8679a5b01a3e,7,10,full,no
e25cad75-6db5-4d61-8217-293312c01378,9ed2a16d-c4d3-409c-b7b1-8679a5b01a3e,8,10,full,no
e25cad75-6db5-4d61-8217-293312c01378,9ed2a16d-c4d3-409c-b7b1-8679a5b01a3e,9,10,full,no
7eb3d672-9c08-4a15-97ec-49b5dbfc2946,780b06a6-6c35-45c9-b42a-fdb449a029be,0,10,10,no
7eb3d672-9c08-4a15-97ec-49b5dbfc2946,780b06a6-6c35-45c9-b42a-fdb449a029be,1,10,10,no
7eb3d672-9c08-4a15-97ec-49b5dbfc2946,780b06a6-6c35-45c9-b42a-fdb449a029be,2,10,10,no
7eb3d672-9c08-4a15-97ec-49b5dbfc2946,780b06a6-6c35-45c9-b42a-fdb449a029be,3,10,10,no
7eb3d672-9c08-4a15-97ec-49b5dbfc2946,780b06a6-6c35-45c9-b42a-fdb449a029be,4,10,10,no
7eb3d672-9c08-4a15-97ec-49b5dbfc2946,780b06a6-6c35-45c9-b42a-fdb449a029be,5,10,10,no
7eb3d672-9c08-4a15-97ec-49b5dbfc2946,780b06a6-6c35-45c9-b42a-fdb449a029be,6,10,10,no
7eb3d672-9c08-4a15-97ec-49b5dbfc2946,780b06a6-6c35-45c9-b42a-fdb449a029be,7,10,10,no
7eb3d672-9c08-4a15-97ec-49b5dbfc2946,780b06a6-6c35-45c9-b42a-fdb449a029be,8,10,10,no
7eb3d672-9c08-4a15-97ec-49b5dbfc2946,780b06a6-6c35-45c9-b42a-fdb449a029be,9,10,10,no
7eb3d672-9c08-4a15-97ec-49b5dbfc2946,780b06a6-6c35-45c9-b42a-fdb449a029be,0,10,50,no
7eb3d672-9c08-4a15-97ec-49b5dbfc2946,780b06a6-6c35-45c9-b42a-fdb449a029be,1,10,50,no
7eb3d672-9c08-4a15-97ec-49b5dbfc2946,780b06a6-6c35-45c9-b42a-fdb449a029be,2,10,50,no
7eb3d672-9c08-4a15-97ec-49b5dbfc2946,780b06a6-6c35-45c9-b42a-fdb449a029be,3,10,50,no
7eb3d672-9c08-4a15-97ec-49b5dbfc2946,780b06a6-6c35-45c9-b42a-fdb449a029be,4,10,50,no
7eb3d672-9c08-4a15-97ec-49b5dbfc2946,780b06a6-6c35-45c9-b42a-fdb449a029be,5,10,50,no
7eb3d672-9c08-4a15-97ec-49b5dbfc2946,780b06a6-6c35-45c9-b42a-fdb449a029be,6,10,50,no
7eb3d672-9c08-4a15-97ec-49b5dbfc2946,780b06a6-6c35-45c9-b42a-fdb449a029be,7,10,50,yes
7eb3d672-9c08-4a15-97ec-49b5dbfc2946,780b06a6-6c35-45c9-b42a-fdb449a029be,8,10,50,no
7eb3d672-9c08-4a15-97ec-49b5dbfc2946,780b06a6-6c35-45c9-b42a-fdb449a029be,9,10,50,no
7eb3d672-9c08-4a15-97ec-49b5dbfc2946,780b06a6-6c35-45c9-b42a-fdb449a029be,0,10,100,yes
7eb3d672-9c08-4a15-97ec-49b5dbfc2946,780b06a6-6c35-45c9-b42a-fdb449a029be,1,10,100,yes
7eb3d672-9c08-4a15-97ec-49b5dbfc2946,780b06a6-6c35-45c9-b42a-fdb449a029be,2,10,100,yes
7eb3d672-9c08-4a15-97ec-49b5dbfc2946,780b06a6-6c35-45c9-b42a-fdb449a029be,3,10,100,no
7eb3d672-9c08-4a15-97ec-49b5dbfc2946,780b06a6-6c35-45c9-b42a-fdb449a029be,4,10,100,yes
7eb3d672-9c08-4a15-97ec-49b5dbfc2946,780b06a6-6c35-45c9-b42a-fdb449a029be,5,10,100,yes
7eb3d672-9c08-4a15-97ec-49b5dbfc2946,780b06a6-6c35-45c9-b42a-fdb449a029be,6,10,100,yes
7eb3d672-9c08-4a15-97ec-49b5dbfc2946,780b06a6-6c35-45c9-b42a-fdb449a029be,7,10,100,yes
7eb3d672-9c08-4a15-97ec-49b5dbfc2946,780b06a6-6c35-45c9-b42a-fdb449a029be,8,10,100,no
7eb3d672-9c08-4a15-97ec-49b5dbfc2946,780b06a6-6c35-45c9-b42a-fdb449a029be,9,10,100,yes
7eb3d672-9c08-4a15-97ec-49b5dbfc2946,780b06a6-6c35-45c9-b42a-fdb449a029be,0,10,full,yes
7eb3d672-9c08-4a15-97ec-49b5dbfc2946,780b06a6-6c35-45c9-b42a-fdb449a029be,1,10,full,yes
7eb3d672-9c08-4a15-97ec-49b5dbfc2946,780b06a6-6c35-45c9-b42a-fdb449a029be,2,10,full,yes
7eb3d672-9c08-4a15-97ec-49b5dbfc2946,780b06a6-6c35-45c9-b42a-fdb449a029be,3,10,full,no
7eb3d672-9c08-4a15-97ec-49b5dbfc2946,780b06a6-6c35-45c9-b42a-fdb449a029be,4,10,full,yes
7eb3d672-9c08-4a15-97ec-49b5dbfc2946,780b06a6-6c35-45c9-b42a-fdb449a029be,5,10,full,yes
7eb3d672-9c08-4a15-97ec-49b5dbfc2946,780b06a6-6c35-45c9-b42a-fdb449a029be,6,10,full,yes
7eb3d672-9c08-4a15-97ec-49b5dbfc2946,780b06a6-6c35-45c9-b42a-fdb449a029be,7,10,full,yes
7eb3d672-9c08-4a15-97ec-49b5dbfc2946,780b06a6-6c35-45c9-b42a-fdb449a029be,8,10,full,yes
7eb3d672-9c08-4a15-97ec-49b5dbfc2946,780b06a6-6c35-45c9-b42a-fdb449a029be,9,10,full,yes
7eb3d672-9c08-4a15-97ec-49b5dbfc2946,e44cfb32-b886-48dd-b920-c989cb71fa91,0,10,10,no
7eb3d672-9c08-4a15-97ec-49b5dbfc2946,e44cfb32-b886-48dd-b920-c989cb71fa91,1,10,10,no
7eb3d672-9c08-4a15-97ec-49b5dbfc2946,e44cfb32-b886-48dd-b920-c989cb71fa91,2,10,10,no
7eb3d672-9c08-4a15-97ec-49b5dbfc2946,e44cfb32-b886-48dd-b920-c989cb71fa91,3,10,10,no
7eb3d672-9c08-4a15-97ec-49b5dbfc2946,e44cfb32-b886-48dd-b920-c989cb71fa91,4,10,10,no
7eb3d672-9c08-4a15-97ec-49b5dbfc2946,e44cfb32-b886-48dd-b920-c989cb71fa91,5,10,10,no
7eb3d672-9c08-4a15-97ec-49b5dbfc2946,e44cfb32-b886-48dd-b920-c989cb71fa91,6,10,10,no
7eb3d672-9c08-4a15-97ec-49b5dbfc2946,e44cfb32-b886-48dd-b920-c989cb71fa91,7,10,10,no
7eb3d672-9c08-4a15-97ec-49b5dbfc2946,e44cfb32-b886-48dd-b920-c989cb71fa91,8,10,10,no
7eb3d672-9c08-4a15-97ec-49b5dbfc2946,e44cfb32-b886-48dd-b920-c989cb71fa91,9,10,10,no
7eb3d672-9c08-4a15-97ec-49b5dbfc2946,e44cfb32-b886-48dd-b920-c989cb71fa91,0,10,50,no
7eb3d672-9c08-4a15-97ec-49b5dbfc2946,e44cfb32-b886-48dd-b920-c989cb71fa91,1,10,50,yes
7eb3d672-9c08-4a15-97ec-49b5dbfc2946,e44cfb32-b886-48dd-b920-c989cb71fa91,2,10,50,no
7eb3d672-9c08-4a15-97ec-49b5dbfc2946,e44cfb32-b886-48dd-b920-c989cb71fa91,3,10,50,yes
7eb3d672-9c08-4a15-97ec-49b5dbfc2946,e44cfb32-b886-48dd-b920-c989cb71fa91,4,10,50,yes
7eb3d672-9c08-4a15-97ec-49b5dbfc2946,e44cfb32-b886-48dd-b920-c989cb71fa91,5,10,50,yes
7eb3d672-9c08-4a15-97ec-49b5dbfc2946,e44cfb32-b886-48dd-b920-c989cb71fa91,6,10,50,no
7eb3d672-9c08-4a15-97ec-49b5dbfc2946,e44cfb32-b886-48dd-b920-c989cb71fa91,7,10,50,no
7eb3d672-9c08-4a15-97ec-49b5dbfc2946,e44cfb32-b886-48dd-b920-c989cb71fa91,8,10,50,no
7eb3d672-9c08-4a15-97ec-49b5dbfc2946,e44cfb32-b886-48dd-b920-c989cb71fa91,9,10,50,no
7eb3d672-9c08-4a15-97ec-49b5dbfc2946,e44cfb32-b886-48dd-b920-c989cb71fa91,0,10,100,yes
7eb3d672-9c08-4a15-97ec-49b5dbfc2946,e44cfb32-b886-48dd-b920-c989cb71fa91,1,10,100,no
7eb3d672-9c08-4a15-97ec-49b5dbfc2946,e44cfb32-b886-48dd-b920-c989cb71fa91,2,10,100,yes
7eb3d672-9c08-4a15-97ec-49b5dbfc2946,e44cfb32-b886-48dd-b920-c989cb71fa91,3,10,100,no
7eb3d672-9c08-4a15-97ec-49b5dbfc2946,e44cfb32-b886-48dd-b920-c989cb71fa91,4,10,100,yes
7eb3d672-9c08-4a15-97ec-49b5dbfc2946,e44cfb32-b886-48dd-b920-c989cb71fa91,5,10,100,no
7eb3d672-9c08-4a15-97ec-49b5dbfc2946,e44cfb32-b886-48dd-b920-c989cb71fa91,6,10,100,no
7eb3d672-9c08-4a15-97ec-49b5dbfc2946,e44cfb32-b886-48dd-b920-c989cb71fa91,7,10,100,no
7eb3d672-9c08-4a15-97ec-49b5dbfc2946,e44cfb32-b886-48dd-b920-c989cb71fa91,8,10,100,yes
7eb3d672-9c08-4a15-97ec-49b5dbfc2946,e44cfb32-b886-48dd-b920-c989cb71fa91,9,10,100,no
7eb3d672-9c08-4a15-97ec-49b5dbfc2946,e44cfb32-b886-48dd-b920-c989cb71fa91,0,10,full,yes
7eb3d672-9c08-4a15-97ec-49b5dbfc2946,e44cfb32-b886-48dd-b920-c989cb71fa91,1,10,full,no
7eb3d672-9c08-4a15-97ec-49b5dbfc2946,e44cfb32-b886-48dd-b920-c989cb71fa91,2,10,full,yes
7eb3d672-9c08-4a15-97ec-49b5dbfc2946,e44cfb32-b886-48dd-b920-c989cb71fa91,3,10,full,no
7eb3d672-9c08-4a15-97ec-49b5dbfc2946,e44cfb32-b886-48dd-b920-c989cb71fa91,4,10,full,yes
7eb3d672-9c08-4a15-97ec-49b5dbfc2946,e44cfb32-b886-48dd-b920-c989cb71fa91,5,10,full,no
7eb3d672-9c08-4a15-97ec-49b5dbfc2946,e44cfb32-b886-48dd-b920-c989cb71fa91,6,10,full,no
7eb3d672-9c08-4a15-97ec-49b5dbfc2946,e44cfb32-b886-48dd-b920-c989cb71fa91,7,10,full,no
7eb3d672-9c08-4a15-97ec-49b5dbfc2946,e44cfb32-b886-48dd-b920-c989cb71fa91,8,10,full,yes
7eb3d672-9c08-4a15-97ec-49b5dbfc2946,e44cfb32-b886-48dd-b920-c989cb71fa91,9,10,full,no
fbad35ff-750c-4227-bbfc-2563ae420faa,a10c50d0-6b2a-4d16-8ba4-dc9eb0774c46,0,10,10,no
fbad35ff-750c-4227-bbfc-2563ae420faa,a10c50d0-6b2a-4d16-8ba4-dc9eb0774c46,1,10,10,no
fbad35ff-750c-4227-bbfc-2563ae420faa,a10c50d0-6b2a-4d16-8ba4-dc9eb0774c46,2,10,10,no
fbad35ff-750c-4227-bbfc-2563ae420faa,a10c50d0-6b2a-4d16-8ba4-dc9eb0774c46,3,10,10,no
fbad35ff-750c-4227-bbfc-2563ae420faa,a10c50d0-6b2a-4d16-8ba4-dc9eb0774c46,4,10,10,no
fbad35ff-750c-4227-bbfc-2563ae420faa,a10c50d0-6b2a-4d16-8ba4-dc9eb0774c46,5,10,10,no
fbad35ff-750c-4227-bbfc-2563ae420faa,a10c50d0-6b2a-4d16-8ba4-dc9eb0774c46,6,10,10,no
fbad35ff-750c-4227-bbfc-2563ae420faa,a10c50d0-6b2a-4d16-8ba4-dc9eb0774c46,7,10,10,no
fbad35ff-750c-4227-bbfc-2563ae420faa,a10c50d0-6b2a-4d16-8ba4-dc9eb0774c46,8,10,10,no
fbad35ff-750c-4227-bbfc-2563ae420faa,a10c50d0-6b2a-4d16-8ba4-dc9eb0774c46,9,10,10,no
fbad35ff-750c-4227-bbfc-2563ae420faa,a10c50d0-6b2a-4d16-8ba4-dc9eb0774c46,0,10,50,no
fbad35ff-750c-4227-bbfc-2563ae420faa,a10c50d0-6b2a-4d16-8ba4-dc9eb0774c46,1,10,50,no
fbad35ff-750c-4227-bbfc-2563ae420faa,a10c50d0-6b2a-4d16-8ba4-dc9eb0774c46,2,10,50,no
fbad35ff-750c-4227-bbfc-2563ae420faa,a10c50d0-6b2a-4d16-8ba4-dc9eb0774c46,3,10,50,no
fbad35ff-750c-4227-bbfc-2563ae420faa,a10c50d0-6b2a-4d16-8ba4-dc9eb0774c46,4,10,50,no
fbad35ff-750c-4227-bbfc-2563ae420faa,a10c50d0-6b2a-4d16-8ba4-dc9eb0774c46,5,10,50,no
fbad35ff-750c-4227-bbfc-2563ae420faa,a10c50d0-6b2a-4d16-8ba4-dc9eb0774c46,6,10,50,no
fbad35ff-750c-4227-bbfc-2563ae420faa,a10c50d0-6b2a-4d16-8ba4-dc9eb0774c46,7,10,50,no
fbad35ff-750c-4227-bbfc-2563ae420faa,a10c50d0-6b2a-4d16-8ba4-dc9eb0774c46,8,10,50,no
fbad35ff-750c-4227-bbfc-2563ae420faa,a10c50d0-6b2a-4d16-8ba4-dc9eb0774c46,9,10,50,no
fbad35ff-750c-4227-bbfc-2563ae420faa,a10c50d0-6b2a-4d16-8ba4-dc9eb0774c46,0,10,100,no
fbad35ff-750c-4227-bbfc-2563ae420faa,a10c50d0-6b2a-4d16-8ba4-dc9eb0774c46,1,10,100,no
fbad35ff-750c-4227-bbfc-2563ae420faa,a10c50d0-6b2a-4d16-8ba4-dc9eb0774c46,2,10,100,no
fbad35ff-750c-4227-bbfc-2563ae420faa,a10c50d0-6b2a-4d16-8ba4-dc9eb0774c46,3,10,100,no
fbad35ff-750c-4227-bbfc-2563ae420faa,a10c50d0-6b2a-4d16-8ba4-dc9eb0774c46,4,10,100,no
fbad35ff-750c-4227-bbfc-2563ae420faa,a10c50d0-6b2a-4d16-8ba4-dc9eb0774c46,5,10,100,no
fbad35ff-750c-4227-bbfc-2563ae420faa,a10c50d0-6b2a-4d16-8ba4-dc9eb0774c46,6,10,100,no
fbad35ff-750c-4227-bbfc-2563ae420faa,a10c50d0-6b2a-4d16-8ba4-dc9eb0774c46,7,10,100,no
fbad35ff-750c-4227-bbfc-2563ae420faa,a10c50d0-6b2a-4d16-8ba4-dc9eb0774c46,8,10,100,no
fbad35ff-750c-4227-bbfc-2563ae420faa,a10c50d0-6b2a-4d16-8ba4-dc9eb0774c46,9,10,100,no
fbad35ff-750c-4227-bbfc-2563ae420faa,a10c50d0-6b2a-4d16-8ba4-dc9eb0774c46,0,10,full,no
fbad35ff-750c-4227-bbfc-2563ae420faa,a10c50d0-6b2a-4d16-8ba4-dc9eb0774c46,1,10,full,no
fbad35ff-750c-4227-bbfc-2563ae420faa,a10c50d0-6b2a-4d16-8ba4-dc9eb0774c46,2,10,full,no
fbad35ff-750c-4227-bbfc-2563ae420faa,a10c50d0-6b2a-4d16-8ba4-dc9eb0774c46,3,10,full,no
fbad35ff-750c-4227-bbfc-2563ae420faa,a10c50d0-6b2a-4d16-8ba4-dc9eb0774c46,4,10,full,no
fbad35ff-750c-4227-bbfc-2563ae420faa,a10c50d0-6b2a-4d16-8ba4-dc9eb0774c46,5,10,full,no
fbad35ff-750c-4227-bbfc-2563ae420faa,a10c50d0-6b2a-4d16-8ba4-dc9eb0774c46,6,10,full,no
fbad35ff-750c-4227-bbfc-2563ae420faa,a10c50d0-6b2a-4d16-8ba4-dc9eb0774c46,7,10,full,no
fbad35ff-750c-4227-bbfc-2563ae420faa,a10c50d0-6b2a-4d16-8ba4-dc9eb0774c46,8,10,full,no
fbad35ff-750c-4227-bbfc-2563ae420faa,a10c50d0-6b2a-4d16-8ba4-dc9eb0774c46,9,10,full,no
fbad35ff-750c-4227-bbfc-2563ae420faa,64806bf6-10e9-4b3b-bfc4-68b0eeeb3cd4,0,10,10,no
fbad35ff-750c-4227-bbfc-2563ae420faa,64806bf6-10e9-4b3b-bfc4-68b0eeeb3cd4,1,10,10,no
fbad35ff-750c-4227-bbfc-2563ae420faa,64806bf6-10e9-4b3b-bfc4-68b0eeeb3cd4,2,10,10,no
fbad35ff-750c-4227-bbfc-2563ae420faa,64806bf6-10e9-4b3b-bfc4-68b0eeeb3cd4,3,10,10,no
fbad35ff-750c-4227-bbfc-2563ae420faa,64806bf6-10e9-4b3b-bfc4-68b0eeeb3cd4,4,10,10,no
fbad35ff-750c-4227-bbfc-2563ae420faa,64806bf6-10e9-4b3b-bfc4-68b0eeeb3cd4,5,10,10,no
fbad35ff-750c-4227-bbfc-2563ae420faa,64806bf6-10e9-4b3b-bfc4-68b0eeeb3cd4,6,10,10,no
fbad35ff-750c-4227-bbfc-2563ae420faa,64806bf6-10e9-4b3b-bfc4-68b0eeeb3cd4,7,10,10,no
fbad35ff-750c-4227-bbfc-2563ae420faa,64806bf6-10e9-4b3b-bfc4-68b0eeeb3cd4,8,10,10,no
fbad35ff-750c-4227-bbfc-2563ae420faa,64806bf6-10e9-4b3b-bfc4-68b0eeeb3cd4,9,10,10,no
fbad35ff-750c-4227-bbfc-2563ae420faa,64806bf6-10e9-4b3b-bfc4-68b0eeeb3cd4,0,10,50,no
fbad35ff-750c-4227-bbfc-2563ae420faa,64806bf6-10e9-4b3b-bfc4-68b0eeeb3cd4,1,10,50,no
fbad35ff-750c-4227-bbfc-2563ae420faa,64806bf6-10e9-4b3b-bfc4-68b0eeeb3cd4,2,10,50,no
fbad35ff-750c-4227-bbfc-2563ae420faa,64806bf6-10e9-4b3b-bfc4-68b0eeeb3cd4,3,10,50,no
fbad35ff-750c-4227-bbfc-2563ae420faa,64806bf6-10e9-4b3b-bfc4-68b0eeeb3cd4,4,10,50,no
fbad35ff-750c-4227-bbfc-2563ae420faa,64806bf6-10e9-4b3b-bfc4-68b0eeeb3cd4,5,10,50,no
fbad35ff-750c-4227-bbfc-2563ae420faa,64806bf6-10e9-4b3b-bfc4-68b0eeeb3cd4,6,10,50,no
fbad35ff-750c-4227-bbfc-2563ae420faa,64806bf6-10e9-4b3b-bfc4-68b0eeeb3cd4,7,10,50,no
fbad35ff-750c-4227-bbfc-2563ae420faa,64806bf6-10e9-4b3b-bfc4-68b0eeeb3cd4,8,10,50,no
fbad35ff-750c-4227-bbfc-2563ae420faa,64806bf6-10e9-4b3b-bfc4-68b0eeeb3cd4,9,10,50,no
fbad35ff-750c-4227-bbfc-2563ae420faa,64806bf6-10e9-4b3b-bfc4-68b0eeeb3cd4,0,10,100,no
fbad35ff-750c-4227-bbfc-2563ae420faa,64806bf6-10e9-4b3b-bfc4-68b0eeeb3cd4,1,10,100,no
fbad35ff-750c-4227-bbfc-2563ae420faa,64806bf6-10e9-4b3b-bfc4-68b0eeeb3cd4,2,10,100,no
fbad35ff-750c-4227-bbfc-2563ae420faa,64806bf6-10e9-4b3b-bfc4-68b0eeeb3cd4,3,10,100,no
fbad35ff-750c-4227-bbfc-2563ae420faa,64806bf6-10e9-4b3b-bfc4-68b0eeeb3cd4,4,10,100,no
fbad35ff-750c-4227-bbfc-2563ae420faa,64806bf6-10e9-4b3b-bfc4-68b0eeeb3cd4,5,10,100,no
fbad35ff-750c-4227-bbfc-2563ae420faa,64806bf6-10e9-4b3b-bfc4-68b0eeeb3cd4,6,10,100,no
fbad35ff-750c-4227-bbfc-2563ae420faa,64806bf6-10e9-4b3b-bfc4-68b0eeeb3cd4,7,10,100,no
fbad35ff-750c-4227-bbfc-2563ae420faa,64806bf6-10e9-4b3b-bfc4-68b0eeeb3cd4,8,10,100,no
fbad35ff-750c-4227-bbfc-2563ae420faa,64806bf6-10e9-4b3b-bfc4-68b0eeeb3cd4,9,10,100,no
fbad35ff-750c-4227-bbfc-2563ae420faa,64806bf6-10e9-4b3b-bfc4-68b0eeeb3cd4,0,10,full,no
fbad35ff-750c-4227-bbfc-2563ae420faa,64806bf6-10e9-4b3b-bfc4-68b0eeeb3cd4,1,10,full,no
fbad35ff-750c-4227-bbfc-2563ae420faa,64806bf6-10e9-4b3b-bfc4-68b0eeeb3cd4,2,10,full,no
fbad35ff-750c-4227-bbfc-2563ae420faa,64806bf6-10e9-4b3b-bfc4-68b0eeeb3cd4,3,10,full,no
fbad35ff-750c-4227-bbfc-2563ae420faa,64806bf6-10e9-4b3b-bfc4-68b0eeeb3cd4,4,10,full,no
fbad35ff-750c-4227-bbfc-2563ae420faa,64806bf6-10e9-4b3b-bfc4-68b0eeeb3cd4,5,10,full,no
fbad35ff-750c-4227-bbfc-2563ae420faa,64806bf6-10e9-4b3b-bfc4-68b0eeeb3cd4,6,10,full,no
fbad35ff-750c-4227-bbfc-2563ae420faa,64806bf6-10e9-4b3b-bfc4-68b0eeeb3cd4,7,10,full,no
fbad35ff-750c-4227-bbfc-2563ae420faa,64806bf6-10e9-4b3b-bfc4-68b0eeeb3cd4,8,10,full,no
fbad35ff-750c-4227-bbfc-2563ae420faa,64806bf6-10e9-4b3b-bfc4-68b0eeeb3cd4,9,10,full,no
48347532-c2e1-4813-afd5-7776250a5328,e416f307-c56a-4b24-917b-71c342a68f6b,0,10,10,no
48347532-c2e1-4813-afd5-7776250a5328,e416f307-c56a-4b24-917b-71c342a68f6b,1,10,10,no
48347532-c2e1-4813-afd5-7776250a5328,e416f307-c56a-4b24-917b-71c342a68f6b,2,10,10,no
48347532-c2e1-4813-afd5-7776250a5328,e416f307-c56a-4b24-917b-71c342a68f6b,3,10,10,no
48347532-c2e1-4813-afd5-7776250a5328,e416f307-c56a-4b24-917b-71c342a68f6b,4,10,10,no
48347532-c2e1-4813-afd5-7776250a5328,e416f307-c56a-4b24-917b-71c342a68f6b,5,10,10,no
48347532-c2e1-4813-afd5-7776250a5328,e416f307-c56a-4b24-917b-71c342a68f6b,6,10,10,no
48347532-c2e1-4813-afd5-7776250a5328,e416f307-c56a-4b24-917b-71c342a68f6b,7,10,10,no
48347532-c2e1-4813-afd5-7776250a5328,e416f307-c56a-4b24-917b-71c342a68f6b,8,10,10,no
48347532-c2e1-4813-afd5-7776250a5328,e416f307-c56a-4b24-917b-71c342a68f6b,9,10,10,no
48347532-c2e1-4813-afd5-7776250a5328,e416f307-c56a-4b24-917b-71c342a68f6b,0,10,50,no
48347532-c2e1-4813-afd5-7776250a5328,e416f307-c56a-4b24-917b-71c342a68f6b,1,10,50,no
48347532-c2e1-4813-afd5-7776250a5328,e416f307-c56a-4b24-917b-71c342a68f6b,2,10,50,no
48347532-c2e1-4813-afd5-7776250a5328,e416f307-c56a-4b24-917b-71c342a68f6b,3,10,50,no
48347532-c2e1-4813-afd5-7776250a5328,e416f307-c56a-4b24-917b-71c342a68f6b,4,10,50,no
48347532-c2e1-4813-afd5-7776250a5328,e416f307-c56a-4b24-917b-71c342a68f6b,5,10,50,no
48347532-c2e1-4813-afd5-7776250a5328,e416f307-c56a-4b24-917b-71c342a68f6b,6,10,50,no
48347532-c2e1-4813-afd5-7776250a5328,e416f307-c56a-4b24-917b-71c342a68f6b,7,10,50,no
48347532-c2e1-4813-afd5-7776250a5328,e416f307-c56a-4b24-917b-71c342a68f6b,8,10,50,no
48347532-c2e1-4813-afd5-7776250a5328,e416f307-c56a-4b24-917b-71c342a68f6b,9,10,50,no
48347532-c2e1-4813-afd5-7776250a5328,e416f307-c56a-4b24-917b-71c342a68f6b,0,10,100,no
48347532-c2e1-4813-afd5-7776250a5328,e416f307-c56a-4b24-917b-71c342a68f6b,1,10,100,no
48347532-c2e1-4813-afd5-7776250a5328,e416f307-c56a-4b24-917b-71c342a68f6b,2,10,100,no
48347532-c2e1-4813-afd5-7776250a5328,e416f307-c56a-4b24-917b-71c342a68f6b,3,10,100,no
48347532-c2e1-4813-afd5-7776250a5328,e416f307-c56a-4b24-917b-71c342a68f6b,4,10,100,no
48347532-c2e1-4813-afd5-7776250a5328,e416f307-c56a-4b24-917b-71c342a68f6b,5,10,100,no
48347532-c2e1-4813-afd5-7776250a5328,e416f307-c56a-4b24-917b-71c342a68f6b,6,10,100,no
48347532-c2e1-4813-afd5-7776250a5328,e416f307-c56a-4b24-917b-71c342a68f6b,7,10,100,no
48347532-c2e1-4813-afd5-7776250a5328,e416f307-c56a-4b24-917b-71c342a68f6b,8,10,100,no
48347532-c2e1-4813-afd5-7776250a5328,e416f307-c56a-4b24-917b-71c342a68f6b,9,10,100,no
48347532-c2e1-4813-afd5-7776250a5328,e416f307-c56a-4b24-917b-71c342a68f6b,0,10,full,no
48347532-c2e1-4813-afd5-7776250a5328,e416f307-c56a-4b24-917b-71c342a68f6b,1,10,full,no
48347532-c2e1-4813-afd5-7776250a5328,e416f307-c56a-4b24-917b-71c342a68f6b,2,10,full,no
48347532-c2e1-4813-afd5-7776250a5328,e416f307-c56a-4b24-917b-71c342a68f6b,3,10,full,no
48347532-c2e1-4813-afd5-7776250a5328,e416f307-c56a-4b24-917b-71c342a68f6b,4,10,full,no
48347532-c2e1-4813-afd5-7776250a5328,e416f307-c56a-4b24-917b-71c342a68f6b,5,10,full,no
48347532-c2e1-4813-afd5-7776250a5328,e416f307-c56a-4b24-917b-71c342a68f6b,6,10,full,no
48347532-c2e1-4813-afd5-7776250a5328,e416f307-c56a-4b24-917b-71c342a68f6b,7,10,full,no
48347532-c2e1-4813-afd5-7776250a5328,e416f307-c56a-4b24-917b-71c342a68f6b,8,10,full,no
48347532-c2e1-4813-afd5-7776250a5328,e416f307-c56a-4b24-917b-71c342a68f6b,9,10,full,no
48347532-c2e1-4813-afd5-7776250a5328,6790e508-ecdb-4e1d-b59c-01abd3086403,0,10,10,no
48347532-c2e1-4813-afd5-7776250a5328,6790e508-ecdb-4e1d-b59c-01abd3086403,1,10,10,no
48347532-c2e1-4813-afd5-7776250a5328,6790e508-ecdb-4e1d-b59c-01abd3086403,2,10,10,no
48347532-c2e1-4813-afd5-7776250a5328,6790e508-ecdb-4e1d-b59c-01abd3086403,3,10,10,no
48347532-c2e1-4813-afd5-7776250a5328,6790e508-ecdb-4e1d-b59c-01abd3086403,4,10,10,no
48347532-c2e1-4813-afd5-7776250a5328,6790e508-ecdb-4e1d-b59c-01abd3086403,5,10,10,no
48347532-c2e1-4813-afd5-7776250a5328,6790e508-ecdb-4e1d-b59c-01abd3086403,6,10,10,no
48347532-c2e1-4813-afd5-7776250a5328,6790e508-ecdb-4e1d-b59c-01abd3086403,7,10,10,no
48347532-c2e1-4813-afd5-7776250a5328,6790e508-ecdb-4e1d-b59c-01abd3086403,8,10,10,no
48347532-c2e1-4813-afd5-7776250a5328,6790e508-ecdb-4e1d-b59c-01abd3086403,9,10,10,no
48347532-c2e1-4813-afd5-7776250a5328,6790e508-ecdb-4e1d-b59c-01abd3086403,0,10,50,no
48347532-c2e1-4813-afd5-7776250a5328,6790e508-ecdb-4e1d-b59c-01abd3086403,1,10,50,no
48347532-c2e1-4813-afd5-7776250a5328,6790e508-ecdb-4e1d-b59c-01abd3086403,2,10,50,no
48347532-c2e1-4813-afd5-7776250a5328,6790e508-ecdb-4e1d-b59c-01abd3086403,3,10,50,no
48347532-c2e1-4813-afd5-7776250a5328,6790e508-ecdb-4e1d-b59c-01abd3086403,4,10,50,no
48347532-c2e1-4813-afd5-7776250a5328,6790e508-ecdb-4e1d-b59c-01abd3086403,5,10,50,no
48347532-c2e1-4813-afd5-7776250a5328,6790e508-ecdb-4e1d-b59c-01abd3086403,6,10,50,no
48347532-c2e1-4813-afd5-7776250a5328,6790e508-ecdb-4e1d-b59c-01abd3086403,7,10,50,no
48347532-c2e1-4813-afd5-7776250a5328,6790e508-ecdb-4e1d-b59c-01abd3086403,8,10,50,no
48347532-c2e1-4813-afd5-7776250a5328,6790e508-ecdb-4e1d-b59c-01abd3086403,9,10,50,no
48347532-c2e1-4813-afd5-7776250a5328,6790e508-ecdb-4e1d-b59c-01abd3086403,0,10,100,no
48347532-c2e1-4813-afd5-7776250a5328,6790e508-ecdb-4e1d-b59c-01abd3086403,1,10,100,no
48347532-c2e1-4813-afd5-7776250a5328,6790e508-ecdb-4e1d-b59c-01abd3086403,2,10,100,no
48347532-c2e1-4813-afd5-7776250a5328,6790e508-ecdb-4e1d-b59c-01abd3086403,3,10,100,no
48347532-c2e1-4813-afd5-7776250a5328,6790e508-ecdb-4e1d-b59c-01abd3086403,4,10,100,no
48347532-c2e1-4813-afd5-7776250a5328,6790e508-ecdb-4e1d-b59c-01abd3086403,5,10,100,no
48347532-c2e1-4813-afd5-7776250a5328,6790e508-ecdb-4e1d-b59c-01abd3086403,6,10,100,no
48347532-c2e1-4813-afd5-7776250a5328,6790e508-ecdb-4e1d-b59c-01abd3086403,7,10,100,no
48347532-c2e1-4813-afd5-7776250a5328,6790e508-ecdb-4e1d-b59c-01abd3086403,8,10,100,no
48347532-c2e1-4813-afd5-7776250a5328,6790e508-ecdb-4e1d-b59c-01abd3086403,9,10,100,no
48347532-c2e1-4813-afd5-7776250a5328,6790e508-ecdb-4e1d-b59c-01abd3086403,0,10,full,no
48347532-c2e1-4813-afd5-7776250a5328,6790e508-ecdb-4e1d-b59c-01abd3086403,1,10,full,no
48347532-c2e1-4813-afd5-7776250a5328,6790e508-ecdb-4e1d-b59c-01abd3086403,2,10,full,no
48347532-c2e1-4813-afd5-7776250a5328,6790e508-ecdb-4e1d-b59c-01abd3086403,3,10,full,no
48347532-c2e1-4813-afd5-7776250a5328,6790e508-ecdb-4e1d-b59c-01abd3086403,4,10,full,no
48347532-c2e1-4813-afd5-7776250a5328,6790e508-ecdb-4e1d-b59c-01abd3086403,5,10,full,no
48347532-c2e1-4813-afd5-7776250a5328,6790e508-ecdb-4e1d-b59c-01abd3086403,6,10,full,no
48347532-c2e1-4813-afd5-7776250a5328,6790e508-ecdb-4e1d-b59c-01abd3086403,7,10,full,no
48347532-c2e1-4813-afd5-7776250a5328,6790e508-ecdb-4e1d-b59c-01abd3086403,8,10,full,no
48347532-c2e1-4813-afd5-7776250a5328,6790e508-ecdb-4e1d-b59c-01abd3086403,9,10,full,no
30cdbbe8-ac43-4913-b34f-4d10b50f71e3,198bbd0b-afe9-41b9-a714-09d8f773b30a,0,10,10,no
30cdbbe8-ac43-4913-b34f-4d10b50f71e3,198bbd0b-afe9-41b9-a714-09d8f773b30a,1,10,10,no
30cdbbe8-ac43-4913-b34f-4d10b50f71e3,198bbd0b-afe9-41b9-a714-09d8f773b30a,2,10,10,yes
30cdbbe8-ac43-4913-b34f-4d10b50f71e3,198bbd0b-afe9-41b9-a714-09d8f773b30a,3,10,10,yes
30cdbbe8-ac43-4913-b34f-4d10b50f71e3,198bbd0b-afe9-41b9-a714-09d8f773b30a,4,10,10,no
30cdbbe8-ac43-4913-b34f-4d10b50f71e3,198bbd0b-afe9-41b9-a714-09d8f773b30a,5,10,10,no
30cdbbe8-ac43-4913-b34f-4d10b50f71e3,198bbd0b-afe9-41b9-a714-09d8f773b30a,6,10,10,yes
30cdbbe8-ac43-4913-b34f-4d10b50f71e3,198bbd0b-afe9-41b9-a714-09d8f773b30a,7,10,10,no
30cdbbe8-ac43-4913-b34f-4d10b50f71e3,198bbd0b-afe9-41b9-a714-09d8f773b30a,8,10,10,no
30cdbbe8-ac43-4913-b34f-4d10b50f71e3,198bbd0b-afe9-41b9-a714-09d8f773b30a,9,10,10,no
30cdbbe8-ac43-4913-b34f-4d10b50f71e3,198bbd0b-afe9-41b9-a714-09d8f773b30a,0,10,50,no
30cdbbe8-ac43-4913-b34f-4d10b50f71e3,198bbd0b-afe9-41b9-a714-09d8f773b30a,1,10,50,no
30cdbbe8-ac43-4913-b34f-4d10b50f71e3,198bbd0b-afe9-41b9-a714-09d8f773b30a,2,10,50,yes
30cdbbe8-ac43-4913-b34f-4d10b50f71e3,198bbd0b-afe9-41b9-a714-09d8f773b30a,3,10,50,no
30cdbbe8-ac43-4913-b34f-4d10b50f71e3,198bbd0b-afe9-41b9-a714-09d8f773b30a,4,10,50,no
30cdbbe8-ac43-4913-b34f-4d10b50f71e3,198bbd0b-afe9-41b9-a714-09d8f773b30a,5,10,50,no
30cdbbe8-ac43-4913-b34f-4d10b50f71e3,198bbd0b-afe9-41b9-a714-09d8f773b30a,6,10,50,no
30cdbbe8-ac43-4913-b34f-4d10b50f71e3,198bbd0b-afe9-41b9-a714-09d8f773b30a,7,10,50,no
30cdbbe8-ac43-4913-b34f-4d10b50f71e3,198bbd0b-afe9-41b9-a714-09d8f773b30a,8,10,50,no
30cdbbe8-ac43-4913-b34f-4d10b50f71e3,198bbd0b-afe9-41b9-a714-09d8f773b30a,9,10,50,no
30cdbbe8-ac43-4913-b34f-4d10b50f71e3,198bbd0b-afe9-41b9-a714-09d8f773b30a,0,10,100,no
30cdbbe8-ac43-4913-b34f-4d10b50f71e3,198bbd0b-afe9-41b9-a714-09d8f773b30a,1,10,100,yes
30cdbbe8-ac43-4913-b34f-4d10b50f71e3,198bbd0b-afe9-41b9-a714-09d8f773b30a,2,10,100,no
30cdbbe8-ac43-4913-b34f-4d10b50f71e3,198bbd0b-afe9-41b9-a714-09d8f773b30a,3,10,100,no
30cdbbe8-ac43-4913-b34f-4d10b50f71e3,198bbd0b-afe9-41b9-a714-09d8f773b30a,4,10,100,no
30cdbbe8-ac43-4913-b34f-4d10b50f71e3,198bbd0b-afe9-41b9-a714-09d8f773b30a,5,10,100,no
30cdbbe8-ac43-4913-b34f-4d10b50f71e3,198bbd0b-afe9-41b9-a714-09d8f773b30a,6,10,100,no
30cdbbe8-ac43-4913-b34f-4d10b50f71e3,198bbd0b-afe9-41b9-a714-09d8f773b30a,7,10,100,no
30cdbbe8-ac43-4913-b34f-4d10b50f71e3,198bbd0b-afe9-41b9-a714-09d8f773b30a,8,10,100,no
30cdbbe8-ac43-4913-b34f-4d10b50f71e3,198bbd0b-afe9-41b9-a714-09d8f773b30a,9,10,100,no
30cdbbe8-ac43-4913-b34f-4d10b50f71e3,198bbd0b-afe9-41b9-a714-09d8f773b30a,0,10,full,no
30cdbbe8-ac43-4913-b34f-4d10b50f71e3,198bbd0b-afe9-41b9-a714-09d8f773b30a,1,10,full,yes
30cdbbe8-ac43-4913-b34f-4d10b50f71e3,198bbd0b-afe9-41b9-a714-09d8f773b30a,2,10,full,no
30cdbbe8-ac43-4913-b34f-4d10b50f71e3,198bbd0b-afe9-41b9-a714-09d8f773b30a,3,10,full,no
30cdbbe8-ac43-4913-b34f-4d10b50f71e3,198bbd0b-afe9-41b9-a714-09d8f773b30a,4,10,full,no
30cdbbe8-ac43-4913-b34f-4d10b50f71e3,198bbd0b-afe9-41b9-a714-09d8f773b30a,5,10,full,no
30cdbbe8-ac43-4913-b34f-4d10b50f71e3,198bbd0b-afe9-41b9-a714-09d8f773b30a,6,10,full,no
30cdbbe8-ac43-4913-b34f-4d10b50f71e3,198bbd0b-afe9-41b9-a714-09d8f773b30a,7,10,full,no
30cdbbe8-ac43-4913-b34f-4d10b50f71e3,198bbd0b-afe9-41b9-a714-09d8f773b30a,8,10,full,yes
30cdbbe8-ac43-4913-b34f-4d10b50f71e3,198bbd0b-afe9-41b9-a714-09d8f773b30a,9,10,full,no
30cdbbe8-ac43-4913-b34f-4d10b50f71e3,530ab850-70c0-4a33-819c-c638477bb3f3,0,10,10,no
30cdbbe8-ac43-4913-b34f-4d10b50f71e3,530ab850-70c0-4a33-819c-c638477bb3f3,1,10,10,no
30cdbbe8-ac43-4913-b34f-4d10b50f71e3,530ab850-70c0-4a33-819c-c638477bb3f3,2,10,10,no
30cdbbe8-ac43-4913-b34f-4d10b50f71e3,530ab850-70c0-4a33-819c-c638477bb3f3,3,10,10,yes
30cdbbe8-ac43-4913-b34f-4d10b50f71e3,530ab850-70c0-4a33-819c-c638477bb3f3,4,10,10,yes
30cdbbe8-ac43-4913-b34f-4d10b50f71e3,530ab850-70c0-4a33-819c-c638477bb3f3,5,10,10,yes
30cdbbe8-ac43-4913-b34f-4d10b50f71e3,530ab850-70c0-4a33-819c-c638477bb3f3,6,10,10,no
30cdbbe8-ac43-4913-b34f-4d10b50f71e3,530ab850-70c0-4a33-819c-c638477bb3f3,7,10,10,no
30cdbbe8-ac43-4913-b34f-4d10b50f71e3,530ab850-70c0-4a33-819c-c638477bb3f3,8,10,10,no
30cdbbe8-ac43-4913-b34f-4d10b50f71e3,530ab850-70c0-4a33-819c-c638477bb3f3,9,10,10,yes
30cdbbe8-ac43-4913-b34f-4d10b50f71e3,530ab850-70c0-4a33-819c-c638477bb3f3,0,10,50,no
30cdbbe8-ac43-4913-b34f-4d10b50f71e3,530ab850-70c0-4a33-819c-c638477bb3f3,1,10,50,no
30cdbbe8-ac43-4913-b34f-4d10b50f71e3,530ab850-70c0-4a33-819c-c638477bb3f3,2,10,50,no
30cdbbe8-ac43-4913-b34f-4d10b50f71e3,530ab850-70c0-4a33-819c-c638477bb3f3,3,10,50,yes
30cdbbe8-ac43-4913-b34f-4d10b50f71e3,530ab850-70c0-4a33-819c-c638477bb3f3,4,10,50,no
30cdbbe8-ac43-4913-b34f-4d10b50f71e3,530ab850-70c0-4a33-819c-c638477bb3f3,5,10,50,no
30cdbbe8-ac43-4913-b34f-4d10b50f71e3,530ab850-70c0-4a33-819c-c638477bb3f3,6,10,50,no
30cdbbe8-ac43-4913-b34f-4d10b50f71e3,530ab850-70c0-4a33-819c-c638477bb3f3,7,10,50,no
30cdbbe8-ac43-4913-b34f-4d10b50f71e3,530ab850-70c0-4a33-819c-c638477bb3f3,8,10,50,no
30cdbbe8-ac43-4913-b34f-4d10b50f71e3,530ab850-70c0-4a33-819c-c638477bb3f3,9,10,50,no
30cdbbe8-ac43-4913-b34f-4d10b50f71e3,530ab850-70c0-4a33-819c-c638477bb3f3,0,10,100,no
30cdbbe8-ac43-4913-b34f-4d10b50f71e3,530ab850-70c0-4a33-819c-c638477bb3f3,1,10,100,no
30cdbbe8-ac43-4913-b34f-4d10b50f71e3,530ab850-70c0-4a33-819c-c638477bb3f3,2,10,100,no
30cdbbe8-ac43-4913-b34f-4d10b50f71e3,530ab850-70c0-4a33-819c-c638477bb3f3,3,10,100,no
30cdbbe8-ac43-4913-b34f-4d10b50f71e3,530ab850-70c0-4a33-819c-c638477bb3f3,4,10,100,no
30cdbbe8-ac43-4913-b34f-4d10b50f71e3,530ab850-70c0-4a33-819c-c638477bb3f3,5,10,100,no
30cdbbe8-ac43-4913-b34f-4d10b50f71e3,530ab850-70c0-4a33-819c-c638477bb3f3,6,10,100,no
30cdbbe8-ac43-4913-b34f-4d10b50f71e3,530ab850-70c0-4a33-819c-c638477bb3f3,7,10,100,no
30cdbbe8-ac43-4913-b34f-4d10b50f71e3,530ab850-70c0-4a33-819c-c638477bb3f3,8,10,100,no
30cdbbe8-ac43-4913-b34f-4d10b50f71e3,530ab850-70c0-4a33-819c-c638477bb3f3,9,10,100,no
30cdbbe8-ac43-4913-b34f-4d10b50f71e3,530ab850-70c0-4a33-819c-c638477bb3f3,0,10,full,no
30cdbbe8-ac43-4913-b34f-4d10b50f71e3,530ab850-70c0-4a33-819c-c638477bb3f3,1,10,full,no
30cdbbe8-ac43-4913-b34f-4d10b50f71e3,530ab850-70c0-4a33-819c-c638477bb3f3,2,10,full,no
30cdbbe8-ac43-4913-b34f-4d10b50f71e3,530ab850-70c0-4a33-819c-c638477bb3f3,3,10,full,no
30cdbbe8-ac43-4913-b34f-4d10b50f71e3,530ab850-70c0-4a33-819c-c638477bb3f3,4,10,full,no
30cdbbe8-ac43-4913-b34f-4d10b50f71e3,530ab850-70c0-4a33-819c-c638477bb3f3,5,10,full,no
30cdbbe8-ac43-4913-b34f-4d10b50f71e3,530ab850-70c0-4a33-819c-c638477bb3f3,6,10,full,no
30cdbbe8-ac43-4913-b34f-4d10b50f71e3,530ab850-70c0-4a33-819c-c638477bb3f3,7,10,full,yes
30cdbbe8-ac43-4913-b34f-4d10b50f71e3,530ab850-70c0-4a33-819c-c638477bb3f3,8,10,full,no
30cdbbe8-ac43-4913-b34f-4d10b50f71e3,530ab850-70c0-4a33-819c-c638477bb3f3,9,10,full,no
fb40bef1-7318-4fb2-8aa3-6811377f3c64,0a24427b-64cc-43b0-b525-529cce258e6c,0,10,10,no
fb40bef1-7318-4fb2-8aa3-6811377f3c64,0a24427b-64cc-43b0-b525-529cce258e6c,1,10,10,no
fb40bef1-7318-4fb2-8aa3-6811377f3c64,0a24427b-64cc-43b0-b525-529cce258e6c,2,10,10,no
fb40bef1-7318-4fb2-8aa3-6811377f3c64,0a24427b-64cc-43b0-b525-529cce258e6c,3,10,10,no
fb40bef1-7318-4fb2-8aa3-6811377f3c64,0a24427b-64cc-43b0-b525-529cce258e6c,4,10,10,yes
fb40bef1-7318-4fb2-8aa3-6811377f3c64,0a24427b-64cc-43b0-b525-529cce258e6c,5,10,10,yes
fb40bef1-7318-4fb2-8aa3-6811377f3c64,0a24427b-64cc-43b0-b525-529cce258e6c,6,10,10,no
fb40bef1-7318-4fb2-8aa3-6811377f3c64,0a24427b-64cc-43b0-b525-529cce258e6c,7,10,10,no
fb40bef1-7318-4fb2-8aa3-6811377f3c64,0a24427b-64cc-43b0-b525-529cce258e6c,8,10,10,no
fb40bef1-7318-4fb2-8aa3-6811377f3c64,0a24427b-64cc-43b0-b525-529cce258e6c,9,10,10,no
fb40bef1-7318-4fb2-8aa3-6811377f3c64,0a24427b-64cc-43b0-b525-529cce258e6c,0,10,50,no
fb40bef1-7318-4fb2-8aa3-6811377f3c64,0a24427b-64cc-43b0-b525-529cce258e6c,1,10,50,no
fb40bef1-7318-4fb2-8aa3-6811377f3c64,0a24427b-64cc-43b0-b525-529cce258e6c,2,10,50,no
fb40bef1-7318-4fb2-8aa3-6811377f3c64,0a24427b-64cc-43b0-b525-529cce258e6c,3,10,50,no
fb40bef1-7318-4fb2-8aa3-6811377f3c64,0a24427b-64cc-43b0-b525-529cce258e6c,4,10,50,no
fb40bef1-7318-4fb2-8aa3-6811377f3c64,0a24427b-64cc-43b0-b525-529cce258e6c,5,10,50,no
fb40bef1-7318-4fb2-8aa3-6811377f3c64,0a24427b-64cc-43b0-b525-529cce258e6c,6,10,50,no
fb40bef1-7318-4fb2-8aa3-6811377f3c64,0a24427b-64cc-43b0-b525-529cce258e6c,7,10,50,no
fb40bef1-7318-4fb2-8aa3-6811377f3c64,0a24427b-64cc-43b0-b525-529cce258e6c,8,10,50,no
fb40bef1-7318-4fb2-8aa3-6811377f3c64,0a24427b-64cc-43b0-b525-529cce258e6c,9,10,50,no
fb40bef1-7318-4fb2-8aa3-6811377f3c64,0a24427b-64cc-43b0-b525-529cce258e6c,0,10,100,no
fb40bef1-7318-4fb2-8aa3-6811377f3c64,0a24427b-64cc-43b0-b525-529cce258e6c,1,10,100,no
fb40bef1-7318-4fb2-8aa3-6811377f3c64,0a24427b-64cc-43b0-b525-529cce258e6c,2,10,100,yes
fb40bef1-7318-4fb2-8aa3-6811377f3c64,0a24427b-64cc-43b0-b525-529cce258e6c,3,10,100,no
fb40bef1-7318-4fb2-8aa3-6811377f3c64,0a24427b-64cc-43b0-b525-529cce258e6c,4,10,100,no
fb40bef1-7318-4fb2-8aa3-6811377f3c64,0a24427b-64cc-43b0-b525-529cce258e6c,5,10,100,no
fb40bef1-7318-4fb2-8aa3-6811377f3c64,0a24427b-64cc-43b0-b525-529cce258e6c,6,10,100,no
fb40bef1-7318-4fb2-8aa3-6811377f3c64,0a24427b-64cc-43b0-b525-529cce258e6c,7,10,100,no
fb40bef1-7318-4fb2-8aa3-6811377f3c64,0a24427b-64cc-43b0-b525-529cce258e6c,8,10,100,no
fb40bef1-7318-4fb2-8aa3-6811377f3c64,0a24427b-64cc-43b0-b525-529cce258e6c,9,10,100,no
fb40bef1-7318-4fb2-8aa3-6811377f3c64,0a24427b-64cc-43b0-b525-529cce258e6c,0,10,full,no
fb40bef1-7318-4fb2-8aa3-6811377f3c64,0a24427b-64cc-43b0-b525-529cce258e6c,1,10,full,no
fb40bef1-7318-4fb2-8aa3-6811377f3c64,0a24427b-64cc-43b0-b525-529cce258e6c,2,10,full,yes
fb40bef1-7318-4fb2-8aa3-6811377f3c64,0a24427b-64cc-43b0-b525-529cce258e6c,3,10,full,no
fb40bef1-7318-4fb2-8aa3-6811377f3c64,0a24427b-64cc-43b0-b525-529cce258e6c,4,10,full,no
fb40bef1-7318-4fb2-8aa3-6811377f3c64,0a24427b-64cc-43b0-b525-529cce258e6c,5,10,full,no
fb40bef1-7318-4fb2-8aa3-6811377f3c64,0a24427b-64cc-43b0-b525-529cce258e6c,6,10,full,no
fb40bef1-7318-4fb2-8aa3-6811377f3c64,0a24427b-64cc-43b0-b525-529cce258e6c,7,10,full,no
fb40bef1-7318-4fb2-8aa3-6811377f3c64,0a24427b-64cc-43b0-b525-529cce258e6c,8,10,full,no
fb40bef1-7318-4fb2-8aa3-6811377f3c64,0a24427b-64cc-43b0-b525-529cce258e6c,9,10,full,no
fb40bef1-7318-4fb2-8aa3-6811377f3c64,c40033dd-289e-4e79-b0a4-e4fd62a8da97,0,10,10,no
fb40bef1-7318-4fb2-8aa3-6811377f3c64,c40033dd-289e-4e79-b0a4-e4fd62a8da97,1,10,10,no
fb40bef1-7318-4fb2-8aa3-6811377f3c64,c40033dd-289e-4e79-b0a4-e4fd62a8da97,2,10,10,yes
fb40bef1-7318-4fb2-8aa3-6811377f3c64,c40033dd-289e-4e79-b0a4-e4fd62a8da97,3,10,10,yes
fb40bef1-7318-4fb2-8aa3-6811377f3c64,c40033dd-289e-4e79-b0a4-e4fd62a8da97,4,10,10,no
fb40bef1-7318-4fb2-8aa3-6811377f3c64,c40033dd-289e-4e79-b0a4-e4fd62a8da97,5,10,10,no
fb40bef1-7318-4fb2-8aa3-6811377f3c64,c40033dd-289e-4e79-b0a4-e4fd62a8da97,6,10,10,no
fb40bef1-7318-4fb2-8aa3-6811377f3c64,c40033dd-289e-4e79-b0a4-e4fd62a8da97,7,10,10,yes
fb40bef1-7318-4fb2-8aa3-6811377f3c64,c40033dd-289e-4e79-b0a4-e4fd62a8da97,8,10,10,yes
fb40bef1-7318-4fb2-8aa3-6811377f3c64,c40033dd-289e-4e79-b0a4-e4fd62a8da97,9,10,10,no
fb40bef1-7318-4fb2-8aa3-6811377f3c64,c40033dd-289e-4e79-b0a4-e4fd62a8da97,0,10,50,no
fb40bef1-7318-4fb2-8aa3-6811377f3c64,c40033dd-289e-4e79-b0a4-e4fd62a8da97,1,10,50,no
fb40bef1-7318-4fb2-8aa3-6811377f3c64,c40033dd-289e-4e79-b0a4-e4fd62a8da97,2,10,50,yes
fb40bef1-7318-4fb2-8aa3-6811377f3c64,c40033dd-289e-4e79-b0a4-e4fd62a8da97,3,10,50,yes
fb40bef1-7318-4fb2-8aa3-6811377f3c64,c40033dd-289e-4e79-b0a4-e4fd62a8da97,4,10,50,no
fb40bef1-7318-4fb2-8aa3-6811377f3c64,c40033dd-289e-4e79-b0a4-e4fd62a8da97,5,10,50,no
fb40bef1-7318-4fb2-8aa3-6811377f3c64,c40033dd-289e-4e79-b0a4-e4fd62a8da97,6,10,50,no
fb40bef1-7318-4fb2-8aa3-6811377f3c64,c40033dd-289e-4e79-b0a4-e4fd62a8da97,7,10,50,no
fb40bef1-7318-4fb2-8aa3-6811377f3c64,c40033dd-289e-4e79-b0a4-e4fd62a8da97,8,10,50,no
fb40bef1-7318-4fb2-8aa3-6811377f3c64,c40033dd-289e-4e79-b0a4-e4fd62a8da97,9,10,50,no
fb40bef1-7318-4fb2-8aa3-6811377f3c64,c40033dd-289e-4e79-b0a4-e4fd62a8da97,0,10,100,no
fb40bef1-7318-4fb2-8aa3-6811377f3c64,c40033dd-289e-4e79-b0a4-e4fd62a8da97,1,10,100,no
fb40bef1-7318-4fb2-8aa3-6811377f3c64,c40033dd-289e-4e79-b0a4-e4fd62a8da97,2,10,100,no
fb40bef1-7318-4fb2-8aa3-6811377f3c64,c40033dd-289e-4e79-b0a4-e4fd62a8da97,3,10,100,no
fb40bef1-7318-4fb2-8aa3-6811377f3c64,c40033dd-289e-4e79-b0a4-e4fd62a8da97,4,10,100,no
fb40bef1-7318-4fb2-8aa3-6811377f3c64,c40033dd-289e-4e79-b0a4-e4fd62a8da97,5,10,100,no
fb40bef1-7318-4fb2-8aa3-6811377f3c64,c40033dd-289e-4e79-b0a4-e4fd62a8da97,6,10,100,no
fb40bef1-7318-4fb2-8aa3-6811377f3c64,c40033dd-289e-4e79-b0a4-e4fd62a8da97,7,10,100,no
fb40bef1-7318-4fb2-8aa3-6811377f3c64,c40033dd-289e-4e79-b0a4-e4fd62a8da97,8,10,100,no
fb40bef1-7318-4fb2-8aa3-6811377f3c64,c40033dd-289e-4e79-b0a4-e4fd62a8da97,9,10,100,no
fb40bef1-7318-4fb2-8aa3-6811377f3c64,c40033dd-289e-4e79-b0a4-e4fd62a8da97,0,10,full,no
fb40bef1-7318-4fb2-8aa3-6811377f3c64,c40033dd-289e-4e79-b0a4-e4fd62a8da97,1,10,full,no
fb40bef1-7318-4fb2-8aa3-6811377f3c64,c40033dd-289e-4e79-b0a4-e4fd62a8da97,2,10,full,no
fb40bef1-7318-4fb2-8aa3-6811377f3c64,c40033dd-289e-4e79-b0a4-e4fd62a8da97,3,10,full,no
fb40bef1-7318-4fb2-8aa3-6811377f3c64,c40033dd-289e-4e79-b0a4-e4fd62a8da97,4,10,full,yes
fb40bef1-7318-4fb2-8aa3-6811377f3c64,c40033dd-289e-4e79-b0a4-e4fd62a8da97,5,10,full,no
fb40bef1-7318-4fb2-8aa3-6811377f3c64,c40033dd-289e-4e79-b0a4-e4fd62a8da97,6,10,full,no
fb40bef1-7318-4fb2-8aa3-6811377f3c64,c40033dd-289e-4e79-b0a4-e4fd62a8da97,7,10,full,no
fb40bef1-7318-4fb2-8aa3-6811377f3c64,c40033dd-289e-4e79-b0a4-e4fd62a8da97,8,10,full,no
fb40bef1-7318-4fb2-8aa3-6811377f3c64,c40033dd-289e-4e79-b0a4-e4fd62a8da97,9,10,full,no
06fa6c3f-bd69-4e21-aea5-3b30c758cdac,22b23c8d-cf13-44c6-99c0-f6da535d7c30,0,10,10,no
06fa6c3f-bd69-4e21-aea5-3b30c758cdac,22b23c8d-cf13-44c6-99c0-f6da535d7c30,1,10,10,no
06fa6c3f-bd69-4e21-aea5-3b30c758cdac,22b23c8d-cf13-44c6-99c0-f6da535d7c30,2,10,10,no
06fa6c3f-bd69-4e21-aea5-3b30c758cdac,22b23c8d-cf13-44c6-99c0-f6da535d7c30,3,10,10,no
06fa6c3f-bd69-4e21-aea5-3b30c758cdac,22b23c8d-cf13-44c6-99c0-f6da535d7c30,4,10,10,no
06fa6c3f-bd69-4e21-aea5-3b30c758cdac,22b23c8d-cf13-44c6-99c0-f6da535d7c30,5,10,10,no
06fa6c3f-bd69-4e21-aea5-3b30c758cdac,22b23c8d-cf13-44c6-99c0-f6da535d7c30,6,10,10,no
06fa6c3f-bd69-4e21-aea5-3b30c758cdac,22b23c8d-cf13-44c6-99c0-f6da535d7c30,7,10,10,no
06fa6c3f-bd69-4e21-aea5-3b30c758cdac,22b23c8d-cf13-44c6-99c0-f6da535d7c30,8,10,10,no
06fa6c3f-bd69-4e21-aea5-3b30c758cdac,22b23c8d-cf13-44c6-99c0-f6da535d7c30,9,10,10,no
06fa6c3f-bd69-4e21-aea5-3b30c758cdac,22b23c8d-cf13-44c6-99c0-f6da535d7c30,0,10,50,yes
06fa6c3f-bd69-4e21-aea5-3b30c758cdac,22b23c8d-cf13-44c6-99c0-f6da535d7c30,1,10,50,yes
06fa6c3f-bd69-4e21-aea5-3b30c758cdac,22b23c8d-cf13-44c6-99c0-f6da535d7c30,2,10,50,yes
06fa6c3f-bd69-4e21-aea5-3b30c758cdac,22b23c8d-cf13-44c6-99c0-f6da535d7c30,3,10,50,no
06fa6c3f-bd69-4e21-aea5-3b30c758cdac,22b23c8d-cf13-44c6-99c0-f6da535d7c30,4,10,50,yes
06fa6c3f-bd69-4e21-aea5-3b30c758cdac,22b23c8d-cf13-44c6-99c0-f6da535d7c30,5,10,50,no
06fa6c3f-bd69-4e21-aea5-3b30c758cdac,22b23c8d-cf13-44c6-99c0-f6da535d7c30,6,10,50,no
06fa6c3f-bd69-4e21-aea5-3b30c758cdac,22b23c8d-cf13-44c6-99c0-f6da535d7c30,7,10,50,no
06fa6c3f-bd69-4e21-aea5-3b30c758cdac,22b23c8d-cf13-44c6-99c0-f6da535d7c30,8,10,50,no
06fa6c3f-bd69-4e21-aea5-3b30c758cdac,22b23c8d-cf13-44c6-99c0-f6da535d7c30,9,10,50,no
06fa6c3f-bd69-4e21-aea5-3b30c758cdac,22b23c8d-cf13-44c6-99c0-f6da535d7c30,0,10,100,yes
06fa6c3f-bd69-4e21-aea5-3b30c758cdac,22b23c8d-cf13-44c6-99c0-f6da535d7c30,1,10,100,yes
06fa6c3f-bd69-4e21-aea5-3b30c758cdac,22b23c8d-cf13-44c6-99c0-f6da535d7c30,2,10,100,yes
06fa6c3f-bd69-4e21-aea5-3b30c758cdac,22b23c8d-cf13-44c6-99c0-f6da535d7c30,3,10,100,yes
06fa6c3f-bd69-4e21-aea5-3b30c758cdac,22b23c8d-cf13-44c6-99c0-f6da535d7c30,4,10,100,yes
06fa6c3f-bd69-4e21-aea5-3b30c758cdac,22b23c8d-cf13-44c6-99c0-f6da535d7c30,5,10,100,no
06fa6c3f-bd69-4e21-aea5-3b30c758cdac,22b23c8d-cf13-44c6-99c0-f6da535d7c30,6,10,100,yes
06fa6c3f-bd69-4e21-aea5-3b30c758cdac,22b23c8d-cf13-44c6-99c0-f6da535d7c30,7,10,100,no
06fa6c3f-bd69-4e21-aea5-3b30c758cdac,22b23c8d-cf13-44c6-99c0-f6da535d7c30,8,10,100,no
06fa6c3f-bd69-4e21-aea5-3b30c758cdac,22b23c8d-cf13-44c6-99c0-f6da535d7c30,9,10,100,no
06fa6c3f-bd69-4e21-aea5-3b30c758cdac,22b23c8d-cf13-44c6-99c0-f6da535d7c30,0,10,full,yes
06fa6c3f-bd69-4e21-aea5-3b30c758cdac,22b23c8d-cf13-44c6-99c0-f6da535d7c30,1,10,full,yes
06fa6c3f-bd69-4e21-aea5-3b30c758cdac,22b23c8d-cf13-44c6-99c0-f6da535d7c30,2,10,full,yes
06fa6c3f-bd69-4e21-aea5-3b30c758cdac,22b23c8d-cf13-44c6-99c0-f6da535d7c30,3,10,full,yes
06fa6c3f-bd69-4e21-aea5-3b30c758cdac,22b23c8d-cf13-44c6-99c0-f6da535d7c30,4,10,full,yes
06fa6c3f-bd69-4e21-aea5-3b30c758cdac,22b23c8d-cf13-44c6-99c0-f6da535d7c30,5,10,full,no
06fa6c3f-bd69-4e21-aea5-3b30c758cdac,22b23c8d-cf13-44c6-99c0-f6da535d7c30,6,10,full,yes
06fa6c3f-bd69-4e21-aea5-3b30c758cdac,22b23c8d-cf13-44c6-99c0-f6da535d7c30,7,10,full,no
06fa6c3f-bd69-4e21-aea5-3b30c758cdac,22b23c8d-cf13-44c6-99c0-f6da535d7c30,8,10,full,no
06fa6c3f-bd69-4e21-aea5-3b30c758cdac,22b23c8d-cf13-44c6-99c0-f6da535d7c30,9,10,full,no
06fa6c3f-bd69-4e21-aea5-3b30c758cdac,23877fa4-56b9-4043-aa3e-1d52c266a0fa,0,10,10,no
06fa6c3f-bd69-4e21-aea5-3b30c758cdac,23877fa4-56b9-4043-aa3e-1d52c266a0fa,1,10,10,no
06fa6c3f-bd69-4e21-aea5-3b30c758cdac,23877fa4-56b9-4043-aa3e-1d52c266a0fa,2,10,10,no
06fa6c3f-bd69-4e21-aea5-3b30c758cdac,23877fa4-56b9-4043-aa3e-1d52c266a0fa,3,10,10,no
06fa6c3f-bd69-4e21-aea5-3b30c758cdac,23877fa4-56b9-4043-aa3e-1d52c266a0fa,4,10,10,no
06fa6c3f-bd69-4e21-aea5-3b30c758cdac,23877fa4-56b9-4043-aa3e-1d52c266a0fa,5,10,10,no
06fa6c3f-bd69-4e21-aea5-3b30c758cdac,23877fa4-56b9-4043-aa3e-1d52c266a0fa,6,10,10,no
06fa6c3f-bd69-4e21-aea5-3b30c758cdac,23877fa4-56b9-4043-aa3e-1d52c266a0fa,7,10,10,no
06fa6c3f-bd69-4e21-aea5-3b30c758cdac,23877fa4-56b9-4043-aa3e-1d52c266a0fa,8,10,10,no
06fa6c3f-bd69-4e21-aea5-3b30c758cdac,23877fa4-56b9-4043-aa3e-1d52c266a0fa,9,10,10,no
06fa6c3f-bd69-4e21-aea5-3b30c758cdac,23877fa4-56b9-4043-aa3e-1d52c266a0fa,0,10,50,no
06fa6c3f-bd69-4e21-aea5-3b30c758cdac,23877fa4-56b9-4043-aa3e-1d52c266a0fa,1,10,50,yes
06fa6c3f-bd69-4e21-aea5-3b30c758cdac,23877fa4-56b9-4043-aa3e-1d52c266a0fa,2,10,50,yes
06fa6c3f-bd69-4e21-aea5-3b30c758cdac,23877fa4-56b9-4043-aa3e-1d52c266a0fa,3,10,50,no
06fa6c3f-bd69-4e21-aea5-3b30c758cdac,23877fa4-56b9-4043-aa3e-1d52c266a0fa,4,10,50,no
06fa6c3f-bd69-4e21-aea5-3b30c758cdac,23877fa4-56b9-4043-aa3e-1d52c266a0fa,5,10,50,no
06fa6c3f-bd69-4e21-aea5-3b30c758cdac,23877fa4-56b9-4043-aa3e-1d52c266a0fa,6,10,50,no
06fa6c3f-bd69-4e21-aea5-3b30c758cdac,23877fa4-56b9-4043-aa3e-1d52c266a0fa,7,10,50,no
06fa6c3f-bd69-4e21-aea5-3b30c758cdac,23877fa4-56b9-4043-aa3e-1d52c266a0fa,8,10,50,yes
06fa6c3f-bd69-4e21-aea5-3b30c758cdac,23877fa4-56b9-4043-aa3e-1d52c266a0fa,9,10,50,yes
06fa6c3f-bd69-4e21-aea5-3b30c758cdac,23877fa4-56b9-4043-aa3e-1d52c266a0fa,0,10,100,yes
06fa6c3f-bd69-4e21-aea5-3b30c758cdac,23877fa4-56b9-4043-aa3e-1d52c266a0fa,1,10,100,yes
06fa6c3f-bd69-4e21-aea5-3b30c758cdac,23877fa4-56b9-4043-aa3e-1d52c266a0fa,2,10,100,yes
06fa6c3f-bd69-4e21-aea5-3b30c758cdac,23877fa4-56b9-4043-aa3e-1d52c266a0fa,3,10,100,no
06fa6c3f-bd69-4e21-aea5-3b30c758cdac,23877fa4-56b9-4043-aa3e-1d52c266a0fa,4,10,100,yes
06fa6c3f-bd69-4e21-aea5-3b30c758cdac,23877fa4-56b9-4043-aa3e-1d52c266a0fa,5,10,100,no
06fa6c3f-bd69-4e21-aea5-3b30c758cdac,23877fa4-56b9-4043-aa3e-1d52c266a0fa,6,10,100,no
06fa6c3f-bd69-4e21-aea5-3b30c758cdac,23877fa4-56b9-4043-aa3e-1d52c266a0fa,7,10,100,yes
06fa6c3f-bd69-4e21-aea5-3b30c758cdac,23877fa4-56b9-4043-aa3e-1d52c266a0fa,8,10,100,no
06fa6c3f-bd69-4e21-aea5-3b30c758cdac,23877fa4-56b9-4043-aa3e-1d52c266a0fa,9,10,100,no
06fa6c3f-bd69-4e21-aea5-3b30c758cdac,23877fa4-56b9-4043-aa3e-1d52c266a0fa,0,10,full,yes
06fa6c3f-bd69-4e21-aea5-3b30c758cdac,23877fa4-56b9-4043-aa3e-1d52c266a0fa,1,10,full,yes
06fa6c3f-bd69-4e21-aea5-3b30c758cdac,23877fa4-56b9-4043-aa3e-1d52c266a0fa,2,10,full,yes
06fa6c3f-bd69-4e21-aea5-3b30c758cdac,23877fa4-56b9-4043-aa3e-1d52c266a0fa,3,10,full,no
06fa6c3f-bd69-4e21-aea5-3b30c758cdac,23877fa4-56b9-4043-aa3e-1d52c266a0fa,4,10,full,yes
06fa6c3f-bd69-4e21-aea5-3b30c758cdac,23877fa4-56b9-4043-aa3e-1d52c266a0fa,5,10,full,no
06fa6c3f-bd69-4e21-aea5-3b30c758cdac,23877fa4-56b9-4043-aa3e-1d52c266a0fa,6,10,full,no
06fa6c3f-bd69-4e21-aea5-3b30c758cdac,23877fa4-56b9-4043-aa3e-1d52c266a0fa,7,10,full,yes
06fa6c3f-bd69-4e21-aea5-3b30c758cdac,23877fa4-56b9-4043-aa3e-1d52c266a0fa,8,10,full,no
06fa6c3f-bd69-4e21-aea5-3b30c758cdac,23877fa4-56b9-4043-aa3e-1d52c266a0fa,9,10,full,no
55b54989-740c-47a9-b33d-19afda9f8753,6eb93c38-c3fb-432a-a232-93207240f77c,0,10,10,no
55b54989-740c-47a9-b33d-19afda9f8753,6eb93c38-c3fb-432a-a232-93207240f77c,1,10,10,no
55b54989-740c-47a9-b33d-19afda9f8753,6eb93c38-c3fb-432a-a232-93207240f77c,2,10,10,no
55b54989-740c-47a9-b33d-19afda9f8753,6eb93c38-c3fb-432a-a232-93207240f77c,3,10,10,no
55b54989-740c-47a9-b33d-19afda9f8753,6eb93c38-c3fb-432a-a232-93207240f77c,4,10,10,no
55b54989-740c-47a9-b33d-19afda9f8753,6eb93c38-c3fb-432a-a232-93207240f77c,5,10,10,no
55b54989-740c-47a9-b33d-19afda9f8753,6eb93c38-c3fb-432a-a232-93207240f77c,6,10,10,no
55b54989-740c-47a9-b33d-19afda9f8753,6eb93c38-c3fb-432a-a232-93207240f77c,7,10,10,no
55b54989-740c-47a9-b33d-19afda9f8753,6eb93c38-c3fb-432a-a232-93207240f77c,8,10,10,no
55b54989-740c-47a9-b33d-19afda9f8753,6eb93c38-c3fb-432a-a232-93207240f77c,9,10,10,no
55b54989-740c-47a9-b33d-19afda9f8753,6eb93c38-c3fb-432a-a232-93207240f77c,0,10,50,no
55b54989-740c-47a9-b33d-19afda9f8753,6eb93c38-c3fb-432a-a232-93207240f77c,1,10,50,no
55b54989-740c-47a9-b33d-19afda9f8753,6eb93c38-c3fb-432a-a232-93207240f77c,2,10,50,no
55b54989-740c-47a9-b33d-19afda9f8753,6eb93c38-c3fb-432a-a232-93207240f77c,3,10,50,no
55b54989-740c-47a9-b33d-19afda9f8753,6eb93c38-c3fb-432a-a232-93207240f77c,4,10,50,no
55b54989-740c-47a9-b33d-19afda9f8753,6eb93c38-c3fb-432a-a232-93207240f77c,5,10,50,no
55b54989-740c-47a9-b33d-19afda9f8753,6eb93c38-c3fb-432a-a232-93207240f77c,6,10,50,no
55b54989-740c-47a9-b33d-19afda9f8753,6eb93c38-c3fb-432a-a232-93207240f77c,7,10,50,no
55b54989-740c-47a9-b33d-19afda9f8753,6eb93c38-c3fb-432a-a232-93207240f77c,8,10,50,no
55b54989-740c-47a9-b33d-19afda9f8753,6eb93c38-c3fb-432a-a232-93207240f77c,9,10,50,no
55b54989-740c-47a9-b33d-19afda9f8753,6eb93c38-c3fb-432a-a232-93207240f77c,0,10,100,no
55b54989-740c-47a9-b33d-19afda9f8753,6eb93c38-c3fb-432a-a232-93207240f77c,1,10,100,no
55b54989-740c-47a9-b33d-19afda9f8753,6eb93c38-c3fb-432a-a232-93207240f77c,2,10,100,no
55b54989-740c-47a9-b33d-19afda9f8753,6eb93c38-c3fb-432a-a232-93207240f77c,3,10,100,no
55b54989-740c-47a9-b33d-19afda9f8753,6eb93c38-c3fb-432a-a232-93207240f77c,4,10,100,no
55b54989-740c-47a9-b33d-19afda9f8753,6eb93c38-c3fb-432a-a232-93207240f77c,5,10,100,no
55b54989-740c-47a9-b33d-19afda9f8753,6eb93c38-c3fb-432a-a232-93207240f77c,6,10,100,no
55b54989-740c-47a9-b33d-19afda9f8753,6eb93c38-c3fb-432a-a232-93207240f77c,7,10,100,no
55b54989-740c-47a9-b33d-19afda9f8753,6eb93c38-c3fb-432a-a232-93207240f77c,8,10,100,no
55b54989-740c-47a9-b33d-19afda9f8753,6eb93c38-c3fb-432a-a232-93207240f77c,9,10,100,no
55b54989-740c-47a9-b33d-19afda9f8753,6eb93c38-c3fb-432a-a232-93207240f77c,0,10,full,no
55b54989-740c-47a9-b33d-19afda9f8753,6eb93c38-c3fb-432a-a232-93207240f77c,1,10,full,no
55b54989-740c-47a9-b33d-19afda9f8753,6eb93c38-c3fb-432a-a232-93207240f77c,2,10,full,no
55b54989-740c-47a9-b33d-19afda9f8753,6eb93c38-c3fb-432a-a232-93207240f77c,3,10,full,no
55b54989-740c-47a9-b33d-19afda9f8753,6eb93c38-c3fb-432a-a232-93207240f77c,4,10,full,no
55b54989-740c-47a9-b33d-19afda9f8753,6eb93c38-c3fb-432a-a232-93207240f77c,5,10,full,no
55b54989-740c-47a9-b33d-19afda9f8753,6eb93c38-c3fb-432a-a232-93207240f77c,6,10,full,no
55b54989-740c-47a9-b33d-19afda9f8753,6eb93c38-c3fb-432a-a232-93207240f77c,7,10,full,no
55b54989-740c-47a9-b33d-19afda9f8753,6eb93c38-c3fb-432a-a232-93207240f77c,8,10,full,no
55b54989-740c-47a9-b33d-19afda9f8753,6eb93c38-c3fb-432a-a232-93207240f77c,9,10,full,no
55b54989-740c-47a9-b33d-19afda9f8753,a86e3979-8f37-4d4f-92ae-8969d2056fbc,0,10,10,no
55b54989-740c-47a9-b33d-19afda9f8753,a86e3979-8f37-4d4f-92ae-8969d2056fbc,1,10,10,no
55b54989-740c-47a9-b33d-19afda9f8753,a86e3979-8f37-4d4f-92ae-8969d2056fbc,2,10,10,no
55b54989-740c-47a9-b33d-19afda9f8753,a86e3979-8f37-4d4f-92ae-8969d2056fbc,3,10,10,no
55b54989-740c-47a9-b33d-19afda9f8753,a86e3979-8f37-4d4f-92ae-8969d2056fbc,4,10,10,no
55b54989-740c-47a9-b33d-19afda9f8753,a86e3979-8f37-4d4f-92ae-8969d2056fbc,5,10,10,no
55b54989-740c-47a9-b33d-19afda9f8753,a86e3979-8f37-4d4f-92ae-8969d2056fbc,6,10,10,no
55b54989-740c-47a9-b33d-19afda9f8753,a86e3979-8f37-4d4f-92ae-8969d2056fbc,7,10,10,no
55b54989-740c-47a9-b33d-19afda9f8753,a86e3979-8f37-4d4f-92ae-8969d2056fbc,8,10,10,no
55b54989-740c-47a9-b33d-19afda9f8753,a86e3979-8f37-4d4f-92ae-8969d2056fbc,9,10,10,no
55b54989-740c-47a9-b33d-19afda9f8753,a86e3979-8f37-4d4f-92ae-8969d2056fbc,0,10,50,no
55b54989-740c-47a9-b33d-19afda9f8753,a86e3979-8f37-4d4f-92ae-8969d2056fbc,1,10,50,no
55b54989-740c-47a9-b33d-19afda9f8753,a86e3979-8f37-4d4f-92ae-8969d2056fbc,2,10,50,no
55b54989-740c-47a9-b33d-19afda9f8753,a86e3979-8f37-4d4f-92ae-8969d2056fbc,3,10,50,yes
55b54989-740c-47a9-b33d-19afda9f8753,a86e3979-8f37-4d4f-92ae-8969d2056fbc,4,10,50,no
55b54989-740c-47a9-b33d-19afda9f8753,a86e3979-8f37-4d4f-92ae-8969d2056fbc,5,10,50,no
55b54989-740c-47a9-b33d-19afda9f8753,a86e3979-8f37-4d4f-92ae-8969d2056fbc,6,10,50,no
55b54989-740c-47a9-b33d-19afda9f8753,a86e3979-8f37-4d4f-92ae-8969d2056fbc,7,10,50,yes
55b54989-740c-47a9-b33d-19afda9f8753,a86e3979-8f37-4d4f-92ae-8969d2056fbc,8,10,50,no
55b54989-740c-47a9-b33d-19afda9f8753,a86e3979-8f37-4d4f-92ae-8969d2056fbc,9,10,50,yes
55b54989-740c-47a9-b33d-19afda9f8753,a86e3979-8f37-4d4f-92ae-8969d2056fbc,0,10,100,yes
55b54989-740c-47a9-b33d-19afda9f8753,a86e3979-8f37-4d4f-92ae-8969d2056fbc,1,10,100,yes
55b54989-740c-47a9-b33d-19afda9f8753,a86e3979-8f37-4d4f-92ae-8969d2056fbc,2,10,100,yes
55b54989-740c-47a9-b33d-19afda9f8753,a86e3979-8f37-4d4f-92ae-8969d2056fbc,3,10,100,yes
55b54989-740c-47a9-b33d-19afda9f8753,a86e3979-8f37-4d4f-92ae-8969d2056fbc,4,10,100,yes
55b54989-740c-47a9-b33d-19afda9f8753,a86e3979-8f37-4d4f-92ae-8969d2056fbc,5,10,100,yes
55b54989-740c-47a9-b33d-19afda9f8753,a86e3979-8f37-4d4f-92ae-8969d2056fbc,6,10,100,no
55b54989-740c-47a9-b33d-19afda9f8753,a86e3979-8f37-4d4f-92ae-8969d2056fbc,7,10,100,yes
55b54989-740c-47a9-b33d-19afda9f8753,a86e3979-8f37-4d4f-92ae-8969d2056fbc,8,10,100,no
55b54989-740c-47a9-b33d-19afda9f8753,a86e3979-8f37-4d4f-92ae-8969d2056fbc,9,10,100,no
55b54989-740c-47a9-b33d-19afda9f8753,a86e3979-8f37-4d4f-92ae-8969d2056fbc,0,10,full,yes
55b54989-740c-47a9-b33d-19afda9f8753,a86e3979-8f37-4d4f-92ae-8969d2056fbc,1,10,full,yes
55b54989-740c-47a9-b33d-19afda9f8753,a86e3979-8f37-4d4f-92ae-8969d2056fbc,2,10,full,yes
55b54989-740c-47a9-b33d-19afda9f8753,a86e3979-8f37-4d4f-92ae-8969d2056fbc,3,10,full,yes
55b54989-740c-47a9-b33d-19afda9f8753,a86e3979-8f37-4d4f-92ae-8969d2056fbc,4,10,full,yes
55b54989-740c-47a9-b33d-19afda9f8753,a86e3979-8f37-4d4f-92ae-8969d2056fbc,5,10,full,yes
55b54989-740c-47a9-b33d-19afda9f8753,a86e3979-8f37-4d4f-92ae-8969d2056fbc,6,10,full,no
55b54989-740c-47a9-b33d-19afda9f8753,a86e3979-8f37-4d4f-92ae-8969d2056fbc,7,10,full,no
55b54989-740c-47a9-b33d-19afda9f8753,a86e3979-8f37-4d4f-92ae-8969d2056fbc,8,10,full,no
55b54989-740c-47a9-b33d-19afda9f8753,a86e3979-8f37-4d4f-92ae-8969d2056fbc,9,10,full,no
56bba3ef-1420-4874-9f21-c624d27a7066,d5fab82d-4423-45e6-bdba-aea92cbf7832,0,10,10,no
56bba3ef-1420-4874-9f21-c624d27a7066,d5fab82d-4423-45e6-bdba-aea92cbf7832,1,10,10,no
56bba3ef-1420-4874-9f21-c624d27a7066,d5fab82d-4423-45e6-bdba-aea92cbf7832,2,10,10,no
56bba3ef-1420-4874-9f21-c624d27a7066,d5fab82d-4423-45e6-bdba-aea92cbf7832,3,10,10,no
56bba3ef-1420-4874-9f21-c624d27a7066,d5fab82d-4423-45e6-bdba-aea92cbf7832,4,10,10,no
56bba3ef-1420-4874-9f21-c624d27a7066,d5fab82d-4423-45e6-bdba-aea92cbf7832,5,10,10,no
56bba3ef-1420-4874-9f21-c624d27a7066,d5fab82d-4423-45e6-bdba-aea92cbf7832,6,10,10,no
56bba3ef-1420-4874-9f21-c624d27a7066,d5fab82d-4423-45e6-bdba-aea92cbf7832,7,10,10,no
56bba3ef-1420-4874-9f21-c624d27a7066,d5fab82d-4423-45e6-bdba-aea92cbf7832,8,10,10,no
56bba3ef-1420-4874-9f21-c624d27a7066,d5fab82d-4423-45e6-bdba-aea92cbf7832,9,10,10,no
56bba3ef-1420-4874-9f21-c624d27a7066,d5fab82d-4423-45e6-bdba-aea92cbf7832,0,10,50,no
56bba3ef-1420-4874-9f21-c624d27a7066,d5fab82d-4423-45e6-bdba-aea92cbf7832,1,10,50,no
56bba3ef-1420-4874-9f21-c624d27a7066,d5fab82d-4423-45e6-bdba-aea92cbf7832,2,10,50,no
56bba3ef-1420-4874-9f21-c624d27a7066,d5fab82d-4423-45e6-bdba-aea92cbf7832,3,10,50,no
56bba3ef-1420-4874-9f21-c624d27a7066,d5fab82d-4423-45e6-bdba-aea92cbf7832,4,10,50,no
56bba3ef-1420-4874-9f21-c624d27a7066,d5fab82d-4423-45e6-bdba-aea92cbf7832,5,10,50,no
56bba3ef-1420-4874-9f21-c624d27a7066,d5fab82d-4423-45e6-bdba-aea92cbf7832,6,10,50,yes
56bba3ef-1420-4874-9f21-c624d27a7066,d5fab82d-4423-45e6-bdba-aea92cbf7832,7,10,50,yes
56bba3ef-1420-4874-9f21-c624d27a7066,d5fab82d-4423-45e6-bdba-aea92cbf7832,8,10,50,no
56bba3ef-1420-4874-9f21-c624d27a7066,d5fab82d-4423-45e6-bdba-aea92cbf7832,9,10,50,no
56bba3ef-1420-4874-9f21-c624d27a7066,d5fab82d-4423-45e6-bdba-aea92cbf7832,0,10,100,no
56bba3ef-1420-4874-9f21-c624d27a7066,d5fab82d-4423-45e6-bdba-aea92cbf7832,1,10,100,no
56bba3ef-1420-4874-9f21-c624d27a7066,d5fab82d-4423-45e6-bdba-aea92cbf7832,2,10,100,no
56bba3ef-1420-4874-9f21-c624d27a7066,d5fab82d-4423-45e6-bdba-aea92cbf7832,3,10,100,yes
56bba3ef-1420-4874-9f21-c624d27a7066,d5fab82d-4423-45e6-bdba-aea92cbf7832,4,10,100,yes
56bba3ef-1420-4874-9f21-c624d27a7066,d5fab82d-4423-45e6-bdba-aea92cbf7832,5,10,100,no
56bba3ef-1420-4874-9f21-c624d27a7066,d5fab82d-4423-45e6-bdba-aea92cbf7832,6,10,100,no
56bba3ef-1420-4874-9f21-c624d27a7066,d5fab82d-4423-45e6-bdba-aea92cbf7832,7,10,100,yes
56bba3ef-1420-4874-9f21-c624d27a7066,d5fab82d-4423-45e6-bdba-aea92cbf7832,8,10,100,yes
56bba3ef-1420-4874-9f21-c624d27a7066,d5fab82d-4423-45e6-bdba-aea92cbf7832,9,10,100,yes
56bba3ef-1420-4874-9f21-c624d27a7066,d5fab82d-4423-45e6-bdba-aea92cbf7832,0,10,full,no
56bba3ef-1420-4874-9f21-c624d27a7066,d5fab82d-4423-45e6-bdba-aea92cbf7832,1,10,full,no
56bba3ef-1420-4874-9f21-c624d27a7066,d5fab82d-4423-45e6-bdba-aea92cbf7832,2,10,full,no
56bba3ef-1420-4874-9f21-c624d27a7066,d5fab82d-4423-45e6-bdba-aea92cbf7832,3,10,full,yes
56bba3ef-1420-4874-9f21-c624d27a7066,d5fab82d-4423-45e6-bdba-aea92cbf7832,4,10,full,yes
56bba3ef-1420-4874-9f21-c624d27a7066,d5fab82d-4423-45e6-bdba-aea92cbf7832,5,10,full,no
56bba3ef-1420-4874-9f21-c624d27a7066,d5fab82d-4423-45e6-bdba-aea92cbf7832,6,10,full,no
56bba3ef-1420-4874-9f21-c624d27a7066,d5fab82d-4423-45e6-bdba-aea92cbf7832,7,10,full,yes
56bba3ef-1420-4874-9f21-c624d27a7066,d5fab82d-4423-45e6-bdba-aea92cbf7832,8,10,full,yes
56bba3ef-1420-4874-9f21-c624d27a7066,d5fab82d-4423-45e6-bdba-aea92cbf7832,9,10,full,yes
56bba3ef-1420-4874-9f21-c624d27a7066,db0ccf59-602c-45bc-8a49-4a334853400c,0,10,10,no
56bba3ef-1420-4874-9f21-c624d27a7066,db0ccf59-602c-45bc-8a49-4a334853400c,1,10,10,no
56bba3ef-1420-4874-9f21-c624d27a7066,db0ccf59-602c-45bc-8a49-4a334853400c,2,10,10,no
56bba3ef-1420-4874-9f21-c624d27a7066,db0ccf59-602c-45bc-8a49-4a334853400c,3,10,10,no
56bba3ef-1420-4874-9f21-c624d27a7066,db0ccf59-602c-45bc-8a49-4a334853400c,4,10,10,no
56bba3ef-1420-4874-9f21-c624d27a7066,db0ccf59-602c-45bc-8a49-4a334853400c,5,10,10,no
56bba3ef-1420-4874-9f21-c624d27a7066,db0ccf59-602c-45bc-8a49-4a334853400c,6,10,10,no
56bba3ef-1420-4874-9f21-c624d27a7066,db0ccf59-602c-45bc-8a49-4a334853400c,7,10,10,no
56bba3ef-1420-4874-9f21-c624d27a7066,db0ccf59-602c-45bc-8a49-4a334853400c,8,10,10,no
56bba3ef-1420-4874-9f21-c624d27a7066,db0ccf59-602c-45bc-8a49-4a334853400c,9,10,10,no
56bba3ef-1420-4874-9f21-c624d27a7066,db0ccf59-602c-45bc-8a49-4a334853400c,0,10,50,no
56bba3ef-1420-4874-9f21-c624d27a7066,db0ccf59-602c-45bc-8a49-4a334853400c,1,10,50,no
56bba3ef-1420-4874-9f21-c624d27a7066,db0ccf59-602c-45bc-8a49-4a334853400c,2,10,50,no
56bba3ef-1420-4874-9f21-c624d27a7066,db0ccf59-602c-45bc-8a49-4a334853400c,3,10,50,no
56bba3ef-1420-4874-9f21-c624d27a7066,db0ccf59-602c-45bc-8a49-4a334853400c,4,10,50,no
56bba3ef-1420-4874-9f21-c624d27a7066,db0ccf59-602c-45bc-8a49-4a334853400c,5,10,50,no
56bba3ef-1420-4874-9f21-c624d27a7066,db0ccf59-602c-45bc-8a49-4a334853400c,6,10,50,no
56bba3ef-1420-4874-9f21-c624d27a7066,db0ccf59-602c-45bc-8a49-4a334853400c,7,10,50,no
56bba3ef-1420-4874-9f21-c624d27a7066,db0ccf59-602c-45bc-8a49-4a334853400c,8,10,50,no
56bba3ef-1420-4874-9f21-c624d27a7066,db0ccf59-602c-45bc-8a49-4a334853400c,9,10,50,no
56bba3ef-1420-4874-9f21-c624d27a7066,db0ccf59-602c-45bc-8a49-4a334853400c,0,10,100,no
56bba3ef-1420-4874-9f21-c624d27a7066,db0ccf59-602c-45bc-8a49-4a334853400c,1,10,100,no
56bba3ef-1420-4874-9f21-c624d27a7066,db0ccf59-602c-45bc-8a49-4a334853400c,2,10,100,no
56bba3ef-1420-4874-9f21-c624d27a7066,db0ccf59-602c-45bc-8a49-4a334853400c,3,10,100,yes
56bba3ef-1420-4874-9f21-c624d27a7066,db0ccf59-602c-45bc-8a49-4a334853400c,4,10,100,no
56bba3ef-1420-4874-9f21-c624d27a7066,db0ccf59-602c-45bc-8a49-4a334853400c,5,10,100,yes
56bba3ef-1420-4874-9f21-c624d27a7066,db0ccf59-602c-45bc-8a49-4a334853400c,6,10,100,no
56bba3ef-1420-4874-9f21-c624d27a7066,db0ccf59-602c-45bc-8a49-4a334853400c,7,10,100,yes
56bba3ef-1420-4874-9f21-c624d27a7066,db0ccf59-602c-45bc-8a49-4a334853400c,8,10,100,yes
56bba3ef-1420-4874-9f21-c624d27a7066,db0ccf59-602c-45bc-8a49-4a334853400c,9,10,100,yes
56bba3ef-1420-4874-9f21-c624d27a7066,db0ccf59-602c-45bc-8a49-4a334853400c,0,10,full,no
56bba3ef-1420-4874-9f21-c624d27a7066,db0ccf59-602c-45bc-8a49-4a334853400c,1,10,full,no
56bba3ef-1420-4874-9f21-c624d27a7066,db0ccf59-602c-45bc-8a49-4a334853400c,2,10,full,no
56bba3ef-1420-4874-9f21-c624d27a7066,db0ccf59-602c-45bc-8a49-4a334853400c,3,10,full,yes
56bba3ef-1420-4874-9f21-c624d27a7066,db0ccf59-602c-45bc-8a49-4a334853400c,4,10,full,no
56bba3ef-1420-4874-9f21-c624d27a7066,db0ccf59-602c-45bc-8a49-4a334853400c,5,10,full,no
56bba3ef-1420-4874-9f21-c624d27a7066,db0ccf59-602c-45bc-8a49-4a334853400c,6,10,full,no
56bba3ef-1420-4874-9f21-c624d27a7066,db0ccf59-602c-45bc-8a49-4a334853400c,7,10,full,yes
56bba3ef-1420-4874-9f21-c624d27a7066,db0ccf59-602c-45bc-8a49-4a334853400c,8,10,full,yes
56bba3ef-1420-4874-9f21-c624d27a7066,db0ccf59-602c-45bc-8a49-4a334853400c,9,10,full,yes
4092d50b-9e15-484d-89f1-56a49edc2eeb,f856950a-93b7-443f-8e06-7e1088e04376,0,10,10,no
4092d50b-9e15-484d-89f1-56a49edc2eeb,f856950a-93b7-443f-8e06-7e1088e04376,1,10,10,no
4092d50b-9e15-484d-89f1-56a49edc2eeb,f856950a-93b7-443f-8e06-7e1088e04376,2,10,10,no
4092d50b-9e15-484d-89f1-56a49edc2eeb,f856950a-93b7-443f-8e06-7e1088e04376,3,10,10,no
4092d50b-9e15-484d-89f1-56a49edc2eeb,f856950a-93b7-443f-8e06-7e1088e04376,4,10,10,no
4092d50b-9e15-484d-89f1-56a49edc2eeb,f856950a-93b7-443f-8e06-7e1088e04376,5,10,10,no
4092d50b-9e15-484d-89f1-56a49edc2eeb,f856950a-93b7-443f-8e06-7e1088e04376,6,10,10,no
4092d50b-9e15-484d-89f1-56a49edc2eeb,f856950a-93b7-443f-8e06-7e1088e04376,7,10,10,no
4092d50b-9e15-484d-89f1-56a49edc2eeb,f856950a-93b7-443f-8e06-7e1088e04376,8,10,10,no
4092d50b-9e15-484d-89f1-56a49edc2eeb,f856950a-93b7-443f-8e06-7e1088e04376,9,10,10,no
4092d50b-9e15-484d-89f1-56a49edc2eeb,f856950a-93b7-443f-8e06-7e1088e04376,0,10,50,yes
4092d50b-9e15-484d-89f1-56a49edc2eeb,f856950a-93b7-443f-8e06-7e1088e04376,1,10,50,no
4092d50b-9e15-484d-89f1-56a49edc2eeb,f856950a-93b7-443f-8e06-7e1088e04376,2,10,50,no
4092d50b-9e15-484d-89f1-56a49edc2eeb,f856950a-93b7-443f-8e06-7e1088e04376,3,10,50,no
4092d50b-9e15-484d-89f1-56a49edc2eeb,f856950a-93b7-443f-8e06-7e1088e04376,4,10,50,no
4092d50b-9e15-484d-89f1-56a49edc2eeb,f856950a-93b7-443f-8e06-7e1088e04376,5,10,50,no
4092d50b-9e15-484d-89f1-56a49edc2eeb,f856950a-93b7-443f-8e06-7e1088e04376,6,10,50,no
4092d50b-9e15-484d-89f1-56a49edc2eeb,f856950a-93b7-443f-8e06-7e1088e04376,7,10,50,yes
4092d50b-9e15-484d-89f1-56a49edc2eeb,f856950a-93b7-443f-8e06-7e1088e04376,8,10,50,no
4092d50b-9e15-484d-89f1-56a49edc2eeb,f856950a-93b7-443f-8e06-7e1088e04376,9,10,50,no
4092d50b-9e15-484d-89f1-56a49edc2eeb,f856950a-93b7-443f-8e06-7e1088e04376,0,10,100,yes
4092d50b-9e15-484d-89f1-56a49edc2eeb,f856950a-93b7-443f-8e06-7e1088e04376,1,10,100,yes
4092d50b-9e15-484d-89f1-56a49edc2eeb,f856950a-93b7-443f-8e06-7e1088e04376,2,10,100,yes
4092d50b-9e15-484d-89f1-56a49edc2eeb,f856950a-93b7-443f-8e06-7e1088e04376,3,10,100,yes
4092d50b-9e15-484d-89f1-56a49edc2eeb,f856950a-93b7-443f-8e06-7e1088e04376,4,10,100,no
4092d50b-9e15-484d-89f1-56a49edc2eeb,f856950a-93b7-443f-8e06-7e1088e04376,5,10,100,no
4092d50b-9e15-484d-89f1-56a49edc2eeb,f856950a-93b7-443f-8e06-7e1088e04376,6,10,100,yes
4092d50b-9e15-484d-89f1-56a49edc2eeb,f856950a-93b7-443f-8e06-7e1088e04376,7,10,100,yes
4092d50b-9e15-484d-89f1-56a49edc2eeb,f856950a-93b7-443f-8e06-7e1088e04376,8,10,100,yes
4092d50b-9e15-484d-89f1-56a49edc2eeb,f856950a-93b7-443f-8e06-7e1088e04376,9,10,100,yes
4092d50b-9e15-484d-89f1-56a49edc2eeb,f856950a-93b7-443f-8e06-7e1088e04376,0,10,full,yes
4092d50b-9e15-484d-89f1-56a49edc2eeb,f856950a-93b7-443f-8e06-7e1088e04376,1,10,full,yes
4092d50b-9e15-484d-89f1-56a49edc2eeb,f856950a-93b7-443f-8e06-7e1088e04376,2,10,full,yes
4092d50b-9e15-484d-89f1-56a49edc2eeb,f856950a-93b7-443f-8e06-7e1088e04376,3,10,full,yes
4092d50b-9e15-484d-89f1-56a49edc2eeb,f856950a-93b7-443f-8e06-7e1088e04376,4,10,full,no
4092d50b-9e15-484d-89f1-56a49edc2eeb,f856950a-93b7-443f-8e06-7e1088e04376,5,10,full,no
4092d50b-9e15-484d-89f1-56a49edc2eeb,f856950a-93b7-443f-8e06-7e1088e04376,6,10,full,yes
4092d50b-9e15-484d-89f1-56a49edc2eeb,f856950a-93b7-443f-8e06-7e1088e04376,7,10,full,yes
4092d50b-9e15-484d-89f1-56a49edc2eeb,f856950a-93b7-443f-8e06-7e1088e04376,8,10,full,yes
4092d50b-9e15-484d-89f1-56a49edc2eeb,f856950a-93b7-443f-8e06-7e1088e04376,9,10,full,yes
4092d50b-9e15-484d-89f1-56a49edc2eeb,c46680d9-7db6-4cf7-9710-5fee077e33e0,0,10,10,no
4092d50b-9e15-484d-89f1-56a49edc2eeb,c46680d9-7db6-4cf7-9710-5fee077e33e0,1,10,10,no
4092d50b-9e15-484d-89f1-56a49edc2eeb,c46680d9-7db6-4cf7-9710-5fee077e33e0,2,10,10,no
4092d50b-9e15-484d-89f1-56a49edc2eeb,c46680d9-7db6-4cf7-9710-5fee077e33e0,3,10,10,no
4092d50b-9e15-484d-89f1-56a49edc2eeb,c46680d9-7db6-4cf7-9710-5fee077e33e0,4,10,10,no
4092d50b-9e15-484d-89f1-56a49edc2eeb,c46680d9-7db6-4cf7-9710-5fee077e33e0,5,10,10,no
4092d50b-9e15-484d-89f1-56a49edc2eeb,c46680d9-7db6-4cf7-9710-5fee077e33e0,6,10,10,no
4092d50b-9e15-484d-89f1-56a49edc2eeb,c46680d9-7db6-4cf7-9710-5fee077e33e0,7,10,10,no
4092d50b-9e15-484d-89f1-56a49edc2eeb,c46680d9-7db6-4cf7-9710-5fee077e33e0,8,10,10,no
4092d50b-9e15-484d-89f1-56a49edc2eeb,c46680d9-7db6-4cf7-9710-5fee077e33e0,9,10,10,no
4092d50b-9e15-484d-89f1-56a49edc2eeb,c46680d9-7db6-4cf7-9710-5fee077e33e0,0,10,50,no
4092d50b-9e15-484d-89f1-56a49edc2eeb,c46680d9-7db6-4cf7-9710-5fee077e33e0,1,10,50,yes
4092d50b-9e15-484d-89f1-56a49edc2eeb,c46680d9-7db6-4cf7-9710-5fee077e33e0,2,10,50,no
4092d50b-9e15-484d-89f1-56a49edc2eeb,c46680d9-7db6-4cf7-9710-5fee077e33e0,3,10,50,no
4092d50b-9e15-484d-89f1-56a49edc2eeb,c46680d9-7db6-4cf7-9710-5fee077e33e0,4,10,50,no
4092d50b-9e15-484d-89f1-56a49edc2eeb,c46680d9-7db6-4cf7-9710-5fee077e33e0,5,10,50,yes
4092d50b-9e15-484d-89f1-56a49edc2eeb,c46680d9-7db6-4cf7-9710-5fee077e33e0,6,10,50,no
4092d50b-9e15-484d-89f1-56a49edc2eeb,c46680d9-7db6-4cf7-9710-5fee077e33e0,7,10,50,yes
4092d50b-9e15-484d-89f1-56a49edc2eeb,c46680d9-7db6-4cf7-9710-5fee077e33e0,8,10,50,yes
4092d50b-9e15-484d-89f1-56a49edc2eeb,c46680d9-7db6-4cf7-9710-5fee077e33e0,9,10,50,no
4092d50b-9e15-484d-89f1-56a49edc2eeb,c46680d9-7db6-4cf7-9710-5fee077e33e0,0,10,100,yes
4092d50b-9e15-484d-89f1-56a49edc2eeb,c46680d9-7db6-4cf7-9710-5fee077e33e0,1,10,100,yes
4092d50b-9e15-484d-89f1-56a49edc2eeb,c46680d9-7db6-4cf7-9710-5fee077e33e0,2,10,100,yes
4092d50b-9e15-484d-89f1-56a49edc2eeb,c46680d9-7db6-4cf7-9710-5fee077e33e0,3,10,100,yes
4092d50b-9e15-484d-89f1-56a49edc2eeb,c46680d9-7db6-4cf7-9710-5fee077e33e0,4,10,100,yes
4092d50b-9e15-484d-89f1-56a49edc2eeb,c46680d9-7db6-4cf7-9710-5fee077e33e0,5,10,100,yes
4092d50b-9e15-484d-89f1-56a49edc2eeb,c46680d9-7db6-4cf7-9710-5fee077e33e0,6,10,100,yes
4092d50b-9e15-484d-89f1-56a49edc2eeb,c46680d9-7db6-4cf7-9710-5fee077e33e0,7,10,100,yes
4092d50b-9e15-484d-89f1-56a49edc2eeb,c46680d9-7db6-4cf7-9710-5fee077e33e0,8,10,100,no
4092d50b-9e15-484d-89f1-56a49edc2eeb,c46680d9-7db6-4cf7-9710-5fee077e33e0,9,10,100,no
4092d50b-9e15-484d-89f1-56a49edc2eeb,c46680d9-7db6-4cf7-9710-5fee077e33e0,0,10,full,yes
4092d50b-9e15-484d-89f1-56a49edc2eeb,c46680d9-7db6-4cf7-9710-5fee077e33e0,1,10,full,yes
4092d50b-9e15-484d-89f1-56a49edc2eeb,c46680d9-7db6-4cf7-9710-5fee077e33e0,2,10,full,yes
4092d50b-9e15-484d-89f1-56a49edc2eeb,c46680d9-7db6-4cf7-9710-5fee077e33e0,3,10,full,yes
4092d50b-9e15-484d-89f1-56a49edc2eeb,c46680d9-7db6-4cf7-9710-5fee077e33e0,4,10,full,yes
4092d50b-9e15-484d-89f1-56a49edc2eeb,c46680d9-7db6-4cf7-9710-5fee077e33e0,5,10,full,yes
4092d50b-9e15-484d-89f1-56a49edc2eeb,c46680d9-7db6-4cf7-9710-5fee077e33e0,6,10,full,yes
4092d50b-9e15-484d-89f1-56a49edc2eeb,c46680d9-7db6-4cf7-9710-5fee077e33e0,7,10,full,yes
4092d50b-9e15-484d-89f1-56a49edc2eeb,c46680d9-7db6-4cf7-9710-5fee077e33e0,8,10,full,no
4092d50b-9e15-484d-89f1-56a49edc2eeb,c46680d9-7db6-4cf7-9710-5fee077e33e0,9,10,full,yes
0083d0bb-74c9-44b4-aa37-76aa6421652c,517b14a6-e014-49e5-815b-9aee535c6f3c,0,10,10,no
0083d0bb-74c9-44b4-aa37-76aa6421652c,517b14a6-e014-49e5-815b-9aee535c6f3c,1,10,10,no
0083d0bb-74c9-44b4-aa37-76aa6421652c,517b14a6-e014-49e5-815b-9aee535c6f3c,2,10,10,no
0083d0bb-74c9-44b4-aa37-76aa6421652c,517b14a6-e014-49e5-815b-9aee535c6f3c,3,10,10,no
0083d0bb-74c9-44b4-aa37-76aa6421652c,517b14a6-e014-49e5-815b-9aee535c6f3c,4,10,10,no
0083d0bb-74c9-44b4-aa37-76aa6421652c,517b14a6-e014-49e5-815b-9aee535c6f3c,5,10,10,no
0083d0bb-74c9-44b4-aa37-76aa6421652c,517b14a6-e014-49e5-815b-9aee535c6f3c,6,10,10,no
0083d0bb-74c9-44b4-aa37-76aa6421652c,517b14a6-e014-49e5-815b-9aee535c6f3c,7,10,10,no
0083d0bb-74c9-44b4-aa37-76aa6421652c,517b14a6-e014-49e5-815b-9aee535c6f3c,8,10,10,no
0083d0bb-74c9-44b4-aa37-76aa6421652c,517b14a6-e014-49e5-815b-9aee535c6f3c,9,10,10,no
0083d0bb-74c9-44b4-aa37-76aa6421652c,517b14a6-e014-49e5-815b-9aee535c6f3c,0,10,50,no
0083d0bb-74c9-44b4-aa37-76aa6421652c,517b14a6-e014-49e5-815b-9aee535c6f3c,1,10,50,no
0083d0bb-74c9-44b4-aa37-76aa6421652c,517b14a6-e014-49e5-815b-9aee535c6f3c,2,10,50,no
0083d0bb-74c9-44b4-aa37-76aa6421652c,517b14a6-e014-49e5-815b-9aee535c6f3c,3,10,50,no
0083d0bb-74c9-44b4-aa37-76aa6421652c,517b14a6-e014-49e5-815b-9aee535c6f3c,4,10,50,no
0083d0bb-74c9-44b4-aa37-76aa6421652c,517b14a6-e014-49e5-815b-9aee535c6f3c,5,10,50,no
0083d0bb-74c9-44b4-aa37-76aa6421652c,517b14a6-e014-49e5-815b-9aee535c6f3c,6,10,50,no
0083d0bb-74c9-44b4-aa37-76aa6421652c,517b14a6-e014-49e5-815b-9aee535c6f3c,7,10,50,no
0083d0bb-74c9-44b4-aa37-76aa6421652c,517b14a6-e014-49e5-815b-9aee535c6f3c,8,10,50,no
0083d0bb-74c9-44b4-aa37-76aa6421652c,517b14a6-e014-49e5-815b-9aee535c6f3c,9,10,50,no
0083d0bb-74c9-44b4-aa37-76aa6421652c,517b14a6-e014-49e5-815b-9aee535c6f3c,0,10,100,no
0083d0bb-74c9-44b4-aa37-76aa6421652c,517b14a6-e014-49e5-815b-9aee535c6f3c,1,10,100,no
0083d0bb-74c9-44b4-aa37-76aa6421652c,517b14a6-e014-49e5-815b-9aee535c6f3c,2,10,100,no
0083d0bb-74c9-44b4-aa37-76aa6421652c,517b14a6-e014-49e5-815b-9aee535c6f3c,3,10,100,no
0083d0bb-74c9-44b4-aa37-76aa6421652c,517b14a6-e014-49e5-815b-9aee535c6f3c,4,10,100,no
0083d0bb-74c9-44b4-aa37-76aa6421652c,517b14a6-e014-49e5-815b-9aee535c6f3c,5,10,100,no
0083d0bb-74c9-44b4-aa37-76aa6421652c,517b14a6-e014-49e5-815b-9aee535c6f3c,6,10,100,no
0083d0bb-74c9-44b4-aa37-76aa6421652c,517b14a6-e014-49e5-815b-9aee535c6f3c,7,10,100,no
0083d0bb-74c9-44b4-aa37-76aa6421652c,517b14a6-e014-49e5-815b-9aee535c6f3c,8,10,100,no
0083d0bb-74c9-44b4-aa37-76aa6421652c,517b14a6-e014-49e5-815b-9aee535c6f3c,9,10,100,no
0083d0bb-74c9-44b4-aa37-76aa6421652c,517b14a6-e014-49e5-815b-9aee535c6f3c,0,10,full,no
0083d0bb-74c9-44b4-aa37-76aa6421652c,517b14a6-e014-49e5-815b-9aee535c6f3c,1,10,full,no
0083d0bb-74c9-44b4-aa37-76aa6421652c,517b14a6-e014-49e5-815b-9aee535c6f3c,2,10,full,no
0083d0bb-74c9-44b4-aa37-76aa6421652c,517b14a6-e014-49e5-815b-9aee535c6f3c,3,10,full,no
0083d0bb-74c9-44b4-aa37-76aa6421652c,517b14a6-e014-49e5-815b-9aee535c6f3c,4,10,full,no
0083d0bb-74c9-44b4-aa37-76aa6421652c,517b14a6-e014-49e5-815b-9aee535c6f3c,5,10,full,no
0083d0bb-74c9-44b4-aa37-76aa6421652c,517b14a6-e014-49e5-815b-9aee535c6f3c,6,10,full,no
0083d0bb-74c9-44b4-aa37-76aa6421652c,517b14a6-e014-49e5-815b-9aee535c6f3c,7,10,full,no
0083d0bb-74c9-44b4-aa37-76aa6421652c,517b14a6-e014-49e5-815b-9aee535c6f3c,8,10,full,no
0083d0bb-74c9-44b4-aa37-76aa6421652c,517b14a6-e014-49e5-815b-9aee535c6f3c,9,10,full,no
0083d0bb-74c9-44b4-aa37-76aa6421652c,210c79e9-f8db-48a7-ad72-414605ca7f90,0,10,10,no
0083d0bb-74c9-44b4-aa37-76aa6421652c,210c79e9-f8db-48a7-ad72-414605ca7f90,1,10,10,no
0083d0bb-74c9-44b4-aa37-76aa6421652c,210c79e9-f8db-48a7-ad72-414605ca7f90,2,10,10,no
0083d0bb-74c9-44b4-aa37-76aa6421652c,210c79e9-f8db-48a7-ad72-414605ca7f90,3,10,10,no
0083d0bb-74c9-44b4-aa37-76aa6421652c,210c79e9-f8db-48a7-ad72-414605ca7f90,4,10,10,no
0083d0bb-74c9-44b4-aa37-76aa6421652c,210c79e9-f8db-48a7-ad72-414605ca7f90,5,10,10,no
0083d0bb-74c9-44b4-aa37-76aa6421652c,210c79e9-f8db-48a7-ad72-414605ca7f90,6,10,10,no
0083d0bb-74c9-44b4-aa37-76aa6421652c,210c79e9-f8db-48a7-ad72-414605ca7f90,7,10,10,no
0083d0bb-74c9-44b4-aa37-76aa6421652c,210c79e9-f8db-48a7-ad72-414605ca7f90,8,10,10,no
0083d0bb-74c9-44b4-aa37-76aa6421652c,210c79e9-f8db-48a7-ad72-414605ca7f90,9,10,10,no
0083d0bb-74c9-44b4-aa37-76aa6421652c,210c79e9-f8db-48a7-ad72-414605ca7f90,0,10,50,no
0083d0bb-74c9-44b4-aa37-76aa6421652c,210c79e9-f8db-48a7-ad72-414605ca7f90,1,10,50,no
0083d0bb-74c9-44b4-aa37-76aa6421652c,210c79e9-f8db-48a7-ad72-414605ca7f90,2,10,50,no
0083d0bb-74c9-44b4-aa37-76aa6421652c,210c79e9-f8db-48a7-ad72-414605ca7f90,3,10,50,no
0083d0bb-74c9-44b4-aa37-76aa6421652c,210c79e9-f8db-48a7-ad72-414605ca7f90,4,10,50,no
0083d0bb-74c9-44b4-aa37-76aa6421652c,210c79e9-f8db-48a7-ad72-414605ca7f90,5,10,50,no
0083d0bb-74c9-44b4-aa37-76aa6421652c,210c79e9-f8db-48a7-ad72-414605ca7f90,6,10,50,no
0083d0bb-74c9-44b4-aa37-76aa6421652c,210c79e9-f8db-48a7-ad72-414605ca7f90,7,10,50,no
0083d0bb-74c9-44b4-aa37-76aa6421652c,210c79e9-f8db-48a7-ad72-414605ca7f90,8,10,50,no
0083d0bb-74c9-44b4-aa37-76aa6421652c,210c79e9-f8db-48a7-ad72-414605ca7f90,9,10,50,no
0083d0bb-74c9-44b4-aa37-76aa6421652c,210c79e9-f8db-48a7-ad72-414605ca7f90,0,10,100,no
0083d0bb-74c9-44b4-aa37-76aa6421652c,210c79e9-f8db-48a7-ad72-414605ca7f90,1,10,100,no
0083d0bb-74c9-44b4-aa37-76aa6421652c,210c79e9-f8db-48a7-ad72-414605ca7f90,2,10,100,no
0083d0bb-74c9-44b4-aa37-76aa6421652c,210c79e9-f8db-48a7-ad72-414605ca7f90,3,10,100,no
0083d0bb-74c9-44b4-aa37-76aa6421652c,210c79e9-f8db-48a7-ad72-414605ca7f90,4,10,100,no
0083d0bb-74c9-44b4-aa37-76aa6421652c,210c79e9-f8db-48a7-ad72-414605ca7f90,5,10,100,no
0083d0bb-74c9-44b4-aa37-76aa6421652c,210c79e9-f8db-48a7-ad72-414605ca7f90,6,10,100,no
0083d0bb-74c9-44b4-aa37-76aa6421652c,210c79e9-f8db-48a7-ad72-414605ca7f90,7,10,100,no
0083d0bb-74c9-44b4-aa37-76aa6421652c,210c79e9-f8db-48a7-ad72-414605ca7f90,8,10,100,no
0083d0bb-74c9-44b4-aa37-76aa6421652c,210c79e9-f8db-48a7-ad72-414605ca7f90,9,10,100,no
0083d0bb-74c9-44b4-aa37-76aa6421652c,210c79e9-f8db-48a7-ad72-414605ca7f90,0,10,full,no
0083d0bb-74c9-44b4-aa37-76aa6421652c,210c79e9-f8db-48a7-ad72-414605ca7f90,1,10,full,no
0083d0bb-74c9-44b4-aa37-76aa6421652c,210c79e9-f8db-48a7-ad72-414605ca7f90,2,10,full,no
0083d0bb-74c9-44b4-aa37-76aa6421652c,210c79e9-f8db-48a7-ad72-414605ca7f90,3,10,full,no
0083d0bb-74c9-44b4-aa37-76aa6421652c,210c79e9-f8db-48a7-ad72-414605ca7f90,4,10,full,no
0083d0bb-74c9-44b4-aa37-76aa6421652c,210c79e9-f8db-48a7-ad72-414605ca7f90,5,10,full,no
0083d0bb-74c9-44b4-aa37-76aa6421652c,210c79e9-f8db-48a7-ad72-414605ca7f90,6,10,full,no
0083d0bb-74c9-44b4-aa37-76aa6421652c,210c79e9-f8db-48a7-ad72-414605ca7f90,7,10,full,no
0083d0bb-74c9-44b4-aa37-76aa6421652c,210c79e9-f8db-48a7-ad72-414605ca7f90,8,10,full,no
0083d0bb-74c9-44b4-aa37-76aa6421652c,210c79e9-f8db-48a7-ad72-414605ca7f90,9,10,full,no
a3eea625-18fb-42ab-b89a-fa90eb7428b1,1a3761e3-991c-41ae-8d59-7e06104019b4,0,10,10,no
a3eea625-18fb-42ab-b89a-fa90eb7428b1,1a3761e3-991c-41ae-8d59-7e06104019b4,1,10,10,no
a3eea625-18fb-42ab-b89a-fa90eb7428b1,1a3761e3-991c-41ae-8d59-7e06104019b4,2,10,10,no
a3eea625-18fb-42ab-b89a-fa90eb7428b1,1a3761e3-991c-41ae-8d59-7e06104019b4,3,10,10,no
a3eea625-18fb-42ab-b89a-fa90eb7428b1,1a3761e3-991c-41ae-8d59-7e06104019b4,4,10,10,no
a3eea625-18fb-42ab-b89a-fa90eb7428b1,1a3761e3-991c-41ae-8d59-7e06104019b4,5,10,10,no
a3eea625-18fb-42ab-b89a-fa90eb7428b1,1a3761e3-991c-41ae-8d59-7e06104019b4,6,10,10,no
a3eea625-18fb-42ab-b89a-fa90eb7428b1,1a3761e3-991c-41ae-8d59-7e06104019b4,7,10,10,no
a3eea625-18fb-42ab-b89a-fa90eb7428b1,1a3761e3-991c-41ae-8d59-7e06104019b4,8,10,10,no
a3eea625-18fb-42ab-b89a-fa90eb7428b1,1a3761e3-991c-41ae-8d59-7e06104019b4,9,10,10,no
a3eea625-18fb-42ab-b89a-fa90eb7428b1,1a3761e3-991c-41ae-8d59-7e06104019b4,0,10,50,no
a3eea625-18fb-42ab-b89a-fa90eb7428b1,1a3761e3-991c-41ae-8d59-7e06104019b4,1,10,50,no
a3eea625-18fb-42ab-b89a-fa90eb7428b1,1a3761e3-991c-41ae-8d59-7e06104019b4,2,10,50,no
a3eea625-18fb-42ab-b89a-fa90eb7428b1,1a3761e3-991c-41ae-8d59-7e06104019b4,3,10,50,no
a3eea625-18fb-42ab-b89a-fa90eb7428b1,1a3761e3-991c-41ae-8d59-7e06104019b4,4,10,50,no
a3eea625-18fb-42ab-b89a-fa90eb7428b1,1a3761e3-991c-41ae-8d59-7e06104019b4,5,10,50,no
a3eea625-18fb-42ab-b89a-fa90eb7428b1,1a3761e3-991c-41ae-8d59-7e06104019b4,6,10,50,no
a3eea625-18fb-42ab-b89a-fa90eb7428b1,1a3761e3-991c-41ae-8d59-7e06104019b4,7,10,50,no
a3eea625-18fb-42ab-b89a-fa90eb7428b1,1a3761e3-991c-41ae-8d59-7e06104019b4,8,10,50,no
a3eea625-18fb-42ab-b89a-fa90eb7428b1,1a3761e3-991c-41ae-8d59-7e06104019b4,9,10,50,no
a3eea625-18fb-42ab-b89a-fa90eb7428b1,1a3761e3-991c-41ae-8d59-7e06104019b4,0,10,100,no
a3eea625-18fb-42ab-b89a-fa90eb7428b1,1a3761e3-991c-41ae-8d59-7e06104019b4,1,10,100,no
a3eea625-18fb-42ab-b89a-fa90eb7428b1,1a3761e3-991c-41ae-8d59-7e06104019b4,2,10,100,no
a3eea625-18fb-42ab-b89a-fa90eb7428b1,1a3761e3-991c-41ae-8d59-7e06104019b4,3,10,100,no
a3eea625-18fb-42ab-b89a-fa90eb7428b1,1a3761e3-991c-41ae-8d59-7e06104019b4,4,10,100,no
a3eea625-18fb-42ab-b89a-fa90eb7428b1,1a3761e3-991c-41ae-8d59-7e06104019b4,5,10,100,no
a3eea625-18fb-42ab-b89a-fa90eb7428b1,1a3761e3-991c-41ae-8d59-7e06104019b4,6,10,100,no
a3eea625-18fb-42ab-b89a-fa90eb7428b1,1a3761e3-991c-41ae-8d59-7e06104019b4,7,10,100,no
a3eea625-18fb-42ab-b89a-fa90eb7428b1,1a3761e3-991c-41ae-8d59-7e06104019b4,8,10,100,no
a3eea625-18fb-42ab-b89a-fa90eb7428b1,1a3761e3-991c-41ae-8d59-7e06104019b4,9,10,100,no
a3eea625-18fb-42ab-b89a-fa90eb7428b1,1a3761e3-991c-41ae-8d59-7e06104019b4,0,10,full,no
a3eea625-18fb-42ab-b89a-fa90eb7428b1,1a3761e3-991c-41ae-8d59-7e06104019b4,1,10,full,no
a3eea625-18fb-42ab-b89a-fa90eb7428b1,1a3761e3-991c-41ae-8d59-7e06104019b4,2,10,full,no
a3eea625-18fb-42ab-b89a-fa90eb7428b1,1a3761e3-991c-41ae-8d59-7e06104019b4,3,10,full,no
a3eea625-18fb-42ab-b89a-fa90eb7428b1,1a3761e3-991c-41ae-8d59-7e06104019b4,4,10,full,no
a3eea625-18fb-42ab-b89a-fa90eb7428b1,1a3761e3-991c-41ae-8d59-7e06104019b4,5,10,full,no
a3eea625-18fb-42ab-b89a-fa90eb7428b1,1a3761e3-991c-41ae-8d59-7e06104019b4,6,10,full,no
a3eea625-18fb-42ab-b89a-fa90eb7428b1,1a3761e3-991c-41ae-8d59-7e06104019b4,7,10,full,no
a3eea625-18fb-42ab-b89a-fa90eb7428b1,1a3761e3-991c-41ae-8d59-7e06104019b4,8,10,full,no
a3eea625-18fb-42ab-b89a-fa90eb7428b1,1a3761e3-991c-41ae-8d59-7e06104019b4,9,10,full,no
a3eea625-18fb-42ab-b89a-fa90eb7428b1,300af3e0-149b-4b05-804c-141a221e22ad,0,10,10,no
a3eea625-18fb-42ab-b89a-fa90eb7428b1,300af3e0-149b-4b05-804c-141a221e22ad,1,10,10,no
a3eea625-18fb-42ab-b89a-fa90eb7428b1,300af3e0-149b-4b05-804c-141a221e22ad,2,10,10,no
a3eea625-18fb-42ab-b89a-fa90eb7428b1,300af3e0-149b-4b05-804c-141a221e22ad,3,10,10,no
a3eea625-18fb-42ab-b89a-fa90eb7428b1,300af3e0-149b-4b05-804c-141a221e22ad,4,10,10,no
a3eea625-18fb-42ab-b89a-fa90eb7428b1,300af3e0-149b-4b05-804c-141a221e22ad,5,10,10,no
a3eea625-18fb-42ab-b89a-fa90eb7428b1,300af3e0-149b-4b05-804c-141a221e22ad,6,10,10,no
a3eea625-18fb-42ab-b89a-fa90eb7428b1,300af3e0-149b-4b05-804c-141a221e22ad,7,10,10,no
a3eea625-18fb-42ab-b89a-fa90eb7428b1,300af3e0-149b-4b05-804c-141a221e22ad,8,10,10,no
a3eea625-18fb-42ab-b89a-fa90eb7428b1,300af3e0-149b-4b05-804c-141a221e22ad,9,10,10,no
a3eea625-18fb-42ab-b89a-fa90eb7428b1,300af3e0-149b-4b05-804c-141a221e22ad,0,10,50,no
a3eea625-18fb-42ab-b89a-fa90eb7428b1,300af3e0-149b-4b05-804c-141a221e22ad,1,10,50,no
a3eea625-18fb-42ab-b89a-fa90eb7428b1,300af3e0-149b-4b05-804c-141a221e22ad,2,10,50,no
a3eea625-18fb-42ab-b89a-fa90eb7428b1,300af3e0-149b-4b05-804c-141a221e22ad,3,10,50,no
a3eea625-18fb-42ab-b89a-fa90eb7428b1,300af3e0-149b-4b05-804c-141a221e22ad,4,10,50,no
a3eea625-18fb-42ab-b89a-fa90eb7428b1,300af3e0-149b-4b05-804c-141a221e22ad,5,10,50,no
a3eea625-18fb-42ab-b89a-fa90eb7428b1,300af3e0-149b-4b05-804c-141a221e22ad,6,10,50,no
a3eea625-18fb-42ab-b89a-fa90eb7428b1,300af3e0-149b-4b05-804c-141a221e22ad,7,10,50,no
a3eea625-18fb-42ab-b89a-fa90eb7428b1,300af3e0-149b-4b05-804c-141a221e22ad,8,10,50,no
a3eea625-18fb-42ab-b89a-fa90eb7428b1,300af3e0-149b-4b05-804c-141a221e22ad,9,10,50,no
a3eea625-18fb-42ab-b89a-fa90eb7428b1,300af3e0-149b-4b05-804c-141a221e22ad,0,10,100,no
a3eea625-18fb-42ab-b89a-fa90eb7428b1,300af3e0-149b-4b05-804c-141a221e22ad,1,10,100,no
a3eea625-18fb-42ab-b89a-fa90eb7428b1,300af3e0-149b-4b05-804c-141a221e22ad,2,10,100,no
a3eea625-18fb-42ab-b89a-fa90eb7428b1,300af3e0-149b-4b05-804c-141a221e22ad,3,10,100,no
a3eea625-18fb-42ab-b89a-fa90eb7428b1,300af3e0-149b-4b05-804c-141a221e22ad,4,10,100,no
a3eea625-18fb-42ab-b89a-fa90eb7428b1,300af3e0-149b-4b05-804c-141a221e22ad,5,10,100,no
a3eea625-18fb-42ab-b89a-fa90eb7428b1,300af3e0-149b-4b05-804c-141a221e22ad,6,10,100,no
a3eea625-18fb-42ab-b89a-fa90eb7428b1,300af3e0-149b-4b05-804c-141a221e22ad,7,10,100,no
a3eea625-18fb-42ab-b89a-fa90eb7428b1,300af3e0-149b-4b05-804c-141a221e22ad,8,10,100,no
a3eea625-18fb-42ab-b89a-fa90eb7428b1,300af3e0-149b-4b05-804c-141a221e22ad,9,10,100,no
a3eea625-18fb-42ab-b89a-fa90eb7428b1,300af3e0-149b-4b05-804c-141a221e22ad,0,10,full,no
a3eea625-18fb-42ab-b89a-fa90eb7428b1,300af3e0-149b-4b05-804c-141a221e22ad,1,10,full,no
a3eea625-18fb-42ab-b89a-fa90eb7428b1,300af3e0-149b-4b05-804c-141a221e22ad,2,10,full,no
a3eea625-18fb-42ab-b89a-fa90eb7428b1,300af3e0-149b-4b05-804c-141a221e22ad,3,10,full,no
a3eea625-18fb-42ab-b89a-fa90eb7428b1,300af3e0-149b-4b05-804c-141a221e22ad,4,10,full,no
a3eea625-18fb-42ab-b89a-fa90eb7428b1,300af3e0-149b-4b05-804c-141a221e22ad,5,10,full,no
a3eea625-18fb-42ab-b89a-fa90eb7428b1,300af3e0-149b-4b05-804c-141a221e22ad,6,10,full,no
a3eea625-18fb-42ab-b89a-fa90eb7428b1,300af3e0-149b-4b05-804c-141a221e22ad,7,10,full,no
a3eea625-18fb-42ab-b89a-fa90eb7428b1,300af3e0-149b-4b05-804c-141a221e22ad,8,10,full,no
a3eea625-18fb-42ab-b89a-fa90eb7428b1,300af3e0-149b-4b05-804c-141a221e22ad,9,10,full,no
5173efe2-20d5-4131-a67e-8cfbd90a6eef,60402fe5-d6a8-4746-971a-8ce846c1f126,1,10,10,no
5173efe2-20d5-4131-a67e-8cfbd90a6eef,60402fe5-d6a8-4746-971a-8ce846c1f126,2,10,10,no
5173efe2-20d5-4131-a67e-8cfbd90a6eef,60402fe5-d6a8-4746-971a-8ce846c1f126,3,10,10,no
5173efe2-20d5-4131-a67e-8cfbd90a6eef,60402fe5-d6a8-4746-971a-8ce846c1f126,4,10,10,no
5173efe2-20d5-4131-a67e-8cfbd90a6eef,60402fe5-d6a8-4746-971a-8ce846c1f126,5,10,10,no
5173efe2-20d5-4131-a67e-8cfbd90a6eef,60402fe5-d6a8-4746-971a-8ce846c1f126,6,10,10,no
5173efe2-20d5-4131-a67e-8cfbd90a6eef,60402fe5-d6a8-4746-971a-8ce846c1f126,7,10,10,no
5173efe2-20d5-4131-a67e-8cfbd90a6eef,60402fe5-d6a8-4746-971a-8ce846c1f126,8,10,10,no
5173efe2-20d5-4131-a67e-8cfbd90a6eef,60402fe5-d6a8-4746-971a-8ce846c1f126,9,10,10,no
5173efe2-20d5-4131-a67e-8cfbd90a6eef,60402fe5-d6a8-4746-971a-8ce846c1f126,1,10,50,no
5173efe2-20d5-4131-a67e-8cfbd90a6eef,60402fe5-d6a8-4746-971a-8ce846c1f126,2,10,50,no
5173efe2-20d5-4131-a67e-8cfbd90a6eef,60402fe5-d6a8-4746-971a-8ce846c1f126,3,10,50,no
5173efe2-20d5-4131-a67e-8cfbd90a6eef,60402fe5-d6a8-4746-971a-8ce846c1f126,4,10,50,no
5173efe2-20d5-4131-a67e-8cfbd90a6eef,60402fe5-d6a8-4746-971a-8ce846c1f126,5,10,50,no
5173efe2-20d5-4131-a67e-8cfbd90a6eef,60402fe5-d6a8-4746-971a-8ce846c1f126,6,10,50,no
5173efe2-20d5-4131-a67e-8cfbd90a6eef,60402fe5-d6a8-4746-971a-8ce846c1f126,7,10,50,no
5173efe2-20d5-4131-a67e-8cfbd90a6eef,60402fe5-d6a8-4746-971a-8ce846c1f126,8,10,50,no
5173efe2-20d5-4131-a67e-8cfbd90a6eef,60402fe5-d6a8-4746-971a-8ce846c1f126,9,10,50,no
5173efe2-20d5-4131-a67e-8cfbd90a6eef,60402fe5-d6a8-4746-971a-8ce846c1f126,1,10,100,no
5173efe2-20d5-4131-a67e-8cfbd90a6eef,60402fe5-d6a8-4746-971a-8ce846c1f126,2,10,100,no
5173efe2-20d5-4131-a67e-8cfbd90a6eef,60402fe5-d6a8-4746-971a-8ce846c1f126,3,10,100,no
5173efe2-20d5-4131-a67e-8cfbd90a6eef,60402fe5-d6a8-4746-971a-8ce846c1f126,4,10,100,no
5173efe2-20d5-4131-a67e-8cfbd90a6eef,60402fe5-d6a8-4746-971a-8ce846c1f126,5,10,100,yes
5173efe2-20d5-4131-a67e-8cfbd90a6eef,60402fe5-d6a8-4746-971a-8ce846c1f126,6,10,100,yes
5173efe2-20d5-4131-a67e-8cfbd90a6eef,60402fe5-d6a8-4746-971a-8ce846c1f126,7,10,100,no
5173efe2-20d5-4131-a67e-8cfbd90a6eef,60402fe5-d6a8-4746-971a-8ce846c1f126,8,10,100,yes
5173efe2-20d5-4131-a67e-8cfbd90a6eef,60402fe5-d6a8-4746-971a-8ce846c1f126,9,10,100,no
5173efe2-20d5-4131-a67e-8cfbd90a6eef,60402fe5-d6a8-4746-971a-8ce846c1f126,1,10,full,no
5173efe2-20d5-4131-a67e-8cfbd90a6eef,60402fe5-d6a8-4746-971a-8ce846c1f126,2,10,full,no
5173efe2-20d5-4131-a67e-8cfbd90a6eef,60402fe5-d6a8-4746-971a-8ce846c1f126,3,10,full,yes
5173efe2-20d5-4131-a67e-8cfbd90a6eef,60402fe5-d6a8-4746-971a-8ce846c1f126,4,10,full,no
5173efe2-20d5-4131-a67e-8cfbd90a6eef,60402fe5-d6a8-4746-971a-8ce846c1f126,5,10,full,yes
5173efe2-20d5-4131-a67e-8cfbd90a6eef,60402fe5-d6a8-4746-971a-8ce846c1f126,6,10,full,yes
5173efe2-20d5-4131-a67e-8cfbd90a6eef,60402fe5-d6a8-4746-971a-8ce846c1f126,7,10,full,no
5173efe2-20d5-4131-a67e-8cfbd90a6eef,60402fe5-d6a8-4746-971a-8ce846c1f126,8,10,full,yes
5173efe2-20d5-4131-a67e-8cfbd90a6eef,60402fe5-d6a8-4746-971a-8ce846c1f126,9,10,full,no
5173efe2-20d5-4131-a67e-8cfbd90a6eef,75c26e75-ee0d-448b-afa0-52a856f2ad5f,0,10,10,no
5173efe2-20d5-4131-a67e-8cfbd90a6eef,75c26e75-ee0d-448b-afa0-52a856f2ad5f,1,10,10,no
5173efe2-20d5-4131-a67e-8cfbd90a6eef,75c26e75-ee0d-448b-afa0-52a856f2ad5f,2,10,10,no
5173efe2-20d5-4131-a67e-8cfbd90a6eef,75c26e75-ee0d-448b-afa0-52a856f2ad5f,3,10,10,no
5173efe2-20d5-4131-a67e-8cfbd90a6eef,75c26e75-ee0d-448b-afa0-52a856f2ad5f,4,10,10,no
5173efe2-20d5-4131-a67e-8cfbd90a6eef,75c26e75-ee0d-448b-afa0-52a856f2ad5f,5,10,10,no
5173efe2-20d5-4131-a67e-8cfbd90a6eef,75c26e75-ee0d-448b-afa0-52a856f2ad5f,6,10,10,no
5173efe2-20d5-4131-a67e-8cfbd90a6eef,75c26e75-ee0d-448b-afa0-52a856f2ad5f,7,10,10,no
5173efe2-20d5-4131-a67e-8cfbd90a6eef,75c26e75-ee0d-448b-afa0-52a856f2ad5f,8,10,10,no
5173efe2-20d5-4131-a67e-8cfbd90a6eef,75c26e75-ee0d-448b-afa0-52a856f2ad5f,9,10,10,no
5173efe2-20d5-4131-a67e-8cfbd90a6eef,75c26e75-ee0d-448b-afa0-52a856f2ad5f,0,10,50,no
5173efe2-20d5-4131-a67e-8cfbd90a6eef,75c26e75-ee0d-448b-afa0-52a856f2ad5f,1,10,50,no
5173efe2-20d5-4131-a67e-8cfbd90a6eef,75c26e75-ee0d-448b-afa0-52a856f2ad5f,2,10,50,no
5173efe2-20d5-4131-a67e-8cfbd90a6eef,75c26e75-ee0d-448b-afa0-52a856f2ad5f,3,10,50,no
5173efe2-20d5-4131-a67e-8cfbd90a6eef,75c26e75-ee0d-448b-afa0-52a856f2ad5f,4,10,50,no
5173efe2-20d5-4131-a67e-8cfbd90a6eef,75c26e75-ee0d-448b-afa0-52a856f2ad5f,5,10,50,no
5173efe2-20d5-4131-a67e-8cfbd90a6eef,75c26e75-ee0d-448b-afa0-52a856f2ad5f,6,10,50,no
5173efe2-20d5-4131-a67e-8cfbd90a6eef,75c26e75-ee0d-448b-afa0-52a856f2ad5f,7,10,50,no
5173efe2-20d5-4131-a67e-8cfbd90a6eef,75c26e75-ee0d-448b-afa0-52a856f2ad5f,8,10,50,no
5173efe2-20d5-4131-a67e-8cfbd90a6eef,75c26e75-ee0d-448b-afa0-52a856f2ad5f,9,10,50,no
5173efe2-20d5-4131-a67e-8cfbd90a6eef,75c26e75-ee0d-448b-afa0-52a856f2ad5f,0,10,100,no
5173efe2-20d5-4131-a67e-8cfbd90a6eef,75c26e75-ee0d-448b-afa0-52a856f2ad5f,1,10,100,yes
5173efe2-20d5-4131-a67e-8cfbd90a6eef,75c26e75-ee0d-448b-afa0-52a856f2ad5f,2,10,100,yes
5173efe2-20d5-4131-a67e-8cfbd90a6eef,75c26e75-ee0d-448b-afa0-52a856f2ad5f,3,10,100,yes
5173efe2-20d5-4131-a67e-8cfbd90a6eef,75c26e75-ee0d-448b-afa0-52a856f2ad5f,4,10,100,no
5173efe2-20d5-4131-a67e-8cfbd90a6eef,75c26e75-ee0d-448b-afa0-52a856f2ad5f,5,10,100,no
5173efe2-20d5-4131-a67e-8cfbd90a6eef,75c26e75-ee0d-448b-afa0-52a856f2ad5f,6,10,100,no
5173efe2-20d5-4131-a67e-8cfbd90a6eef,75c26e75-ee0d-448b-afa0-52a856f2ad5f,7,10,100,no
5173efe2-20d5-4131-a67e-8cfbd90a6eef,75c26e75-ee0d-448b-afa0-52a856f2ad5f,8,10,100,no
5173efe2-20d5-4131-a67e-8cfbd90a6eef,75c26e75-ee0d-448b-afa0-52a856f2ad5f,9,10,100,no
5173efe2-20d5-4131-a67e-8cfbd90a6eef,75c26e75-ee0d-448b-afa0-52a856f2ad5f,0,10,full,no
5173efe2-20d5-4131-a67e-8cfbd90a6eef,75c26e75-ee0d-448b-afa0-52a856f2ad5f,1,10,full,yes
5173efe2-20d5-4131-a67e-8cfbd90a6eef,75c26e75-ee0d-448b-afa0-52a856f2ad5f,2,10,full,yes
5173efe2-20d5-4131-a67e-8cfbd90a6eef,75c26e75-ee0d-448b-afa0-52a856f2ad5f,3,10,full,yes
5173efe2-20d5-4131-a67e-8cfbd90a6eef,75c26e75-ee0d-448b-afa0-52a856f2ad5f,4,10,full,no
5173efe2-20d5-4131-a67e-8cfbd90a6eef,75c26e75-ee0d-448b-afa0-52a856f2ad5f,5,10,full,no
5173efe2-20d5-4131-a67e-8cfbd90a6eef,75c26e75-ee0d-448b-afa0-52a856f2ad5f,6,10,full,no
5173efe2-20d5-4131-a67e-8cfbd90a6eef,75c26e75-ee0d-448b-afa0-52a856f2ad5f,7,10,full,no
5173efe2-20d5-4131-a67e-8cfbd90a6eef,75c26e75-ee0d-448b-afa0-52a856f2ad5f,8,10,full,no
5173efe2-20d5-4131-a67e-8cfbd90a6eef,75c26e75-ee0d-448b-afa0-52a856f2ad5f,9,10,full,no
50e3de30-efbe-4d79-8da6-13a09c1a83a7,57d0cb1e-cda7-4851-8a62-b7662ec2002e,0,10,10,no
50e3de30-efbe-4d79-8da6-13a09c1a83a7,57d0cb1e-cda7-4851-8a62-b7662ec2002e,1,10,10,no
50e3de30-efbe-4d79-8da6-13a09c1a83a7,57d0cb1e-cda7-4851-8a62-b7662ec2002e,2,10,10,no
50e3de30-efbe-4d79-8da6-13a09c1a83a7,57d0cb1e-cda7-4851-8a62-b7662ec2002e,3,10,10,no
50e3de30-efbe-4d79-8da6-13a09c1a83a7,57d0cb1e-cda7-4851-8a62-b7662ec2002e,4,10,10,no
50e3de30-efbe-4d79-8da6-13a09c1a83a7,57d0cb1e-cda7-4851-8a62-b7662ec2002e,5,10,10,no
50e3de30-efbe-4d79-8da6-13a09c1a83a7,57d0cb1e-cda7-4851-8a62-b7662ec2002e,6,10,10,no
50e3de30-efbe-4d79-8da6-13a09c1a83a7,57d0cb1e-cda7-4851-8a62-b7662ec2002e,7,10,10,no
50e3de30-efbe-4d79-8da6-13a09c1a83a7,57d0cb1e-cda7-4851-8a62-b7662ec2002e,8,10,10,no
50e3de30-efbe-4d79-8da6-13a09c1a83a7,57d0cb1e-cda7-4851-8a62-b7662ec2002e,9,10,10,no
50e3de30-efbe-4d79-8da6-13a09c1a83a7,57d0cb1e-cda7-4851-8a62-b7662ec2002e,0,10,50,no
50e3de30-efbe-4d79-8da6-13a09c1a83a7,57d0cb1e-cda7-4851-8a62-b7662ec2002e,1,10,50,no
50e3de30-efbe-4d79-8da6-13a09c1a83a7,57d0cb1e-cda7-4851-8a62-b7662ec2002e,2,10,50,no
50e3de30-efbe-4d79-8da6-13a09c1a83a7,57d0cb1e-cda7-4851-8a62-b7662ec2002e,3,10,50,no
50e3de30-efbe-4d79-8da6-13a09c1a83a7,57d0cb1e-cda7-4851-8a62-b7662ec2002e,4,10,50,no
50e3de30-efbe-4d79-8da6-13a09c1a83a7,57d0cb1e-cda7-4851-8a62-b7662ec2002e,5,10,50,no
50e3de30-efbe-4d79-8da6-13a09c1a83a7,57d0cb1e-cda7-4851-8a62-b7662ec2002e,6,10,50,no
50e3de30-efbe-4d79-8da6-13a09c1a83a7,57d0cb1e-cda7-4851-8a62-b7662ec2002e,7,10,50,no
50e3de30-efbe-4d79-8da6-13a09c1a83a7,57d0cb1e-cda7-4851-8a62-b7662ec2002e,8,10,50,yes
50e3de30-efbe-4d79-8da6-13a09c1a83a7,57d0cb1e-cda7-4851-8a62-b7662ec2002e,9,10,50,yes
50e3de30-efbe-4d79-8da6-13a09c1a83a7,57d0cb1e-cda7-4851-8a62-b7662ec2002e,0,10,100,no
50e3de30-efbe-4d79-8da6-13a09c1a83a7,57d0cb1e-cda7-4851-8a62-b7662ec2002e,1,10,100,no
50e3de30-efbe-4d79-8da6-13a09c1a83a7,57d0cb1e-cda7-4851-8a62-b7662ec2002e,2,10,100,no
50e3de30-efbe-4d79-8da6-13a09c1a83a7,57d0cb1e-cda7-4851-8a62-b7662ec2002e,3,10,100,yes
50e3de30-efbe-4d79-8da6-13a09c1a83a7,57d0cb1e-cda7-4851-8a62-b7662ec2002e,4,10,100,no
50e3de30-efbe-4d79-8da6-13a09c1a83a7,57d0cb1e-cda7-4851-8a62-b7662ec2002e,5,10,100,yes
50e3de30-efbe-4d79-8da6-13a09c1a83a7,57d0cb1e-cda7-4851-8a62-b7662ec2002e,6,10,100,yes
50e3de30-efbe-4d79-8da6-13a09c1a83a7,57d0cb1e-cda7-4851-8a62-b7662ec2002e,7,10,100,yes
50e3de30-efbe-4d79-8da6-13a09c1a83a7,57d0cb1e-cda7-4851-8a62-b7662ec2002e,8,10,100,yes
50e3de30-efbe-4d79-8da6-13a09c1a83a7,57d0cb1e-cda7-4851-8a62-b7662ec2002e,9,10,100,yes
50e3de30-efbe-4d79-8da6-13a09c1a83a7,57d0cb1e-cda7-4851-8a62-b7662ec2002e,0,10,full,yes
50e3de30-efbe-4d79-8da6-13a09c1a83a7,57d0cb1e-cda7-4851-8a62-b7662ec2002e,1,10,full,no
50e3de30-efbe-4d79-8da6-13a09c1a83a7,57d0cb1e-cda7-4851-8a62-b7662ec2002e,2,10,full,no
50e3de30-efbe-4d79-8da6-13a09c1a83a7,57d0cb1e-cda7-4851-8a62-b7662ec2002e,3,10,full,yes
50e3de30-efbe-4d79-8da6-13a09c1a83a7,57d0cb1e-cda7-4851-8a62-b7662ec2002e,4,10,full,no
50e3de30-efbe-4d79-8da6-13a09c1a83a7,57d0cb1e-cda7-4851-8a62-b7662ec2002e,5,10,full,yes
50e3de30-efbe-4d79-8da6-13a09c1a83a7,57d0cb1e-cda7-4851-8a62-b7662ec2002e,6,10,full,yes
50e3de30-efbe-4d79-8da6-13a09c1a83a7,57d0cb1e-cda7-4851-8a62-b7662ec2002e,7,10,full,yes
50e3de30-efbe-4d79-8da6-13a09c1a83a7,57d0cb1e-cda7-4851-8a62-b7662ec2002e,8,10,full,yes
50e3de30-efbe-4d79-8da6-13a09c1a83a7,57d0cb1e-cda7-4851-8a62-b7662ec2002e,9,10,full,yes
50e3de30-efbe-4d79-8da6-13a09c1a83a7,544c0676-3d35-4521-9213-f200d01f6ab6,0,10,10,no
50e3de30-efbe-4d79-8da6-13a09c1a83a7,544c0676-3d35-4521-9213-f200d01f6ab6,1,10,10,no
50e3de30-efbe-4d79-8da6-13a09c1a83a7,544c0676-3d35-4521-9213-f200d01f6ab6,2,10,10,no
50e3de30-efbe-4d79-8da6-13a09c1a83a7,544c0676-3d35-4521-9213-f200d01f6ab6,3,10,10,no
50e3de30-efbe-4d79-8da6-13a09c1a83a7,544c0676-3d35-4521-9213-f200d01f6ab6,4,10,10,no
50e3de30-efbe-4d79-8da6-13a09c1a83a7,544c0676-3d35-4521-9213-f200d01f6ab6,5,10,10,no
50e3de30-efbe-4d79-8da6-13a09c1a83a7,544c0676-3d35-4521-9213-f200d01f6ab6,6,10,10,no
50e3de30-efbe-4d79-8da6-13a09c1a83a7,544c0676-3d35-4521-9213-f200d01f6ab6,7,10,10,no
50e3de30-efbe-4d79-8da6-13a09c1a83a7,544c0676-3d35-4521-9213-f200d01f6ab6,8,10,10,no
50e3de30-efbe-4d79-8da6-13a09c1a83a7,544c0676-3d35-4521-9213-f200d01f6ab6,9,10,10,no
50e3de30-efbe-4d79-8da6-13a09c1a83a7,544c0676-3d35-4521-9213-f200d01f6ab6,0,10,50,no
50e3de30-efbe-4d79-8da6-13a09c1a83a7,544c0676-3d35-4521-9213-f200d01f6ab6,1,10,50,no
50e3de30-efbe-4d79-8da6-13a09c1a83a7,544c0676-3d35-4521-9213-f200d01f6ab6,2,10,50,no
50e3de30-efbe-4d79-8da6-13a09c1a83a7,544c0676-3d35-4521-9213-f200d01f6ab6,3,10,50,yes
50e3de30-efbe-4d79-8da6-13a09c1a83a7,544c0676-3d35-4521-9213-f200d01f6ab6,4,10,50,no
50e3de30-efbe-4d79-8da6-13a09c1a83a7,544c0676-3d35-4521-9213-f200d01f6ab6,5,10,50,no
50e3de30-efbe-4d79-8da6-13a09c1a83a7,544c0676-3d35-4521-9213-f200d01f6ab6,6,10,50,no
50e3de30-efbe-4d79-8da6-13a09c1a83a7,544c0676-3d35-4521-9213-f200d01f6ab6,7,10,50,no
50e3de30-efbe-4d79-8da6-13a09c1a83a7,544c0676-3d35-4521-9213-f200d01f6ab6,8,10,50,no
50e3de30-efbe-4d79-8da6-13a09c1a83a7,544c0676-3d35-4521-9213-f200d01f6ab6,9,10,50,no
50e3de30-efbe-4d79-8da6-13a09c1a83a7,544c0676-3d35-4521-9213-f200d01f6ab6,0,10,100,no
50e3de30-efbe-4d79-8da6-13a09c1a83a7,544c0676-3d35-4521-9213-f200d01f6ab6,1,10,100,no
50e3de30-efbe-4d79-8da6-13a09c1a83a7,544c0676-3d35-4521-9213-f200d01f6ab6,2,10,100,yes
50e3de30-efbe-4d79-8da6-13a09c1a83a7,544c0676-3d35-4521-9213-f200d01f6ab6,3,10,100,yes
50e3de30-efbe-4d79-8da6-13a09c1a83a7,544c0676-3d35-4521-9213-f200d01f6ab6,4,10,100,yes
50e3de30-efbe-4d79-8da6-13a09c1a83a7,544c0676-3d35-4521-9213-f200d01f6ab6,5,10,100,yes
50e3de30-efbe-4d79-8da6-13a09c1a83a7,544c0676-3d35-4521-9213-f200d01f6ab6,6,10,100,no
50e3de30-efbe-4d79-8da6-13a09c1a83a7,544c0676-3d35-4521-9213-f200d01f6ab6,7,10,100,no
50e3de30-efbe-4d79-8da6-13a09c1a83a7,544c0676-3d35-4521-9213-f200d01f6ab6,8,10,100,yes
50e3de30-efbe-4d79-8da6-13a09c1a83a7,544c0676-3d35-4521-9213-f200d01f6ab6,9,10,100,yes
50e3de30-efbe-4d79-8da6-13a09c1a83a7,544c0676-3d35-4521-9213-f200d01f6ab6,0,10,full,no
50e3de30-efbe-4d79-8da6-13a09c1a83a7,544c0676-3d35-4521-9213-f200d01f6ab6,1,10,full,no
50e3de30-efbe-4d79-8da6-13a09c1a83a7,544c0676-3d35-4521-9213-f200d01f6ab6,2,10,full,yes
50e3de30-efbe-4d79-8da6-13a09c1a83a7,544c0676-3d35-4521-9213-f200d01f6ab6,3,10,full,yes
50e3de30-efbe-4d79-8da6-13a09c1a83a7,544c0676-3d35-4521-9213-f200d01f6ab6,4,10,full,yes
50e3de30-efbe-4d79-8da6-13a09c1a83a7,544c0676-3d35-4521-9213-f200d01f6ab6,5,10,full,yes
50e3de30-efbe-4d79-8da6-13a09c1a83a7,544c0676-3d35-4521-9213-f200d01f6ab6,6,10,full,no
50e3de30-efbe-4d79-8da6-13a09c1a83a7,544c0676-3d35-4521-9213-f200d01f6ab6,7,10,full,no
50e3de30-efbe-4d79-8da6-13a09c1a83a7,544c0676-3d35-4521-9213-f200d01f6ab6,8,10,full,yes
50e3de30-efbe-4d79-8da6-13a09c1a83a7,544c0676-3d35-4521-9213-f200d01f6ab6,9,10,full,yes
62146498-6d8b-4c39-a08b-62ea1e2bc0ec,b8bb508b-2fe0-44c6-8f94-bb857430e028,0,10,10,no
62146498-6d8b-4c39-a08b-62ea1e2bc0ec,b8bb508b-2fe0-44c6-8f94-bb857430e028,1,10,10,no
62146498-6d8b-4c39-a08b-62ea1e2bc0ec,b8bb508b-2fe0-44c6-8f94-bb857430e028,2,10,10,no
62146498-6d8b-4c39-a08b-62ea1e2bc0ec,b8bb508b-2fe0-44c6-8f94-bb857430e028,3,10,10,no
62146498-6d8b-4c39-a08b-62ea1e2bc0ec,b8bb508b-2fe0-44c6-8f94-bb857430e028,4,10,10,no
62146498-6d8b-4c39-a08b-62ea1e2bc0ec,b8bb508b-2fe0-44c6-8f94-bb857430e028,5,10,10,no
62146498-6d8b-4c39-a08b-62ea1e2bc0ec,b8bb508b-2fe0-44c6-8f94-bb857430e028,6,10,10,no
62146498-6d8b-4c39-a08b-62ea1e2bc0ec,b8bb508b-2fe0-44c6-8f94-bb857430e028,7,10,10,no
62146498-6d8b-4c39-a08b-62ea1e2bc0ec,b8bb508b-2fe0-44c6-8f94-bb857430e028,8,10,10,no
62146498-6d8b-4c39-a08b-62ea1e2bc0ec,b8bb508b-2fe0-44c6-8f94-bb857430e028,9,10,10,no
62146498-6d8b-4c39-a08b-62ea1e2bc0ec,b8bb508b-2fe0-44c6-8f94-bb857430e028,0,10,50,no
62146498-6d8b-4c39-a08b-62ea1e2bc0ec,b8bb508b-2fe0-44c6-8f94-bb857430e028,1,10,50,no
62146498-6d8b-4c39-a08b-62ea1e2bc0ec,b8bb508b-2fe0-44c6-8f94-bb857430e028,2,10,50,no
62146498-6d8b-4c39-a08b-62ea1e2bc0ec,b8bb508b-2fe0-44c6-8f94-bb857430e028,3,10,50,no
62146498-6d8b-4c39-a08b-62ea1e2bc0ec,b8bb508b-2fe0-44c6-8f94-bb857430e028,4,10,50,no
62146498-6d8b-4c39-a08b-62ea1e2bc0ec,b8bb508b-2fe0-44c6-8f94-bb857430e028,5,10,50,no
62146498-6d8b-4c39-a08b-62ea1e2bc0ec,b8bb508b-2fe0-44c6-8f94-bb857430e028,6,10,50,no
62146498-6d8b-4c39-a08b-62ea1e2bc0ec,b8bb508b-2fe0-44c6-8f94-bb857430e028,7,10,50,no
62146498-6d8b-4c39-a08b-62ea1e2bc0ec,b8bb508b-2fe0-44c6-8f94-bb857430e028,8,10,50,no
62146498-6d8b-4c39-a08b-62ea1e2bc0ec,b8bb508b-2fe0-44c6-8f94-bb857430e028,9,10,50,no
62146498-6d8b-4c39-a08b-62ea1e2bc0ec,b8bb508b-2fe0-44c6-8f94-bb857430e028,0,10,100,no
62146498-6d8b-4c39-a08b-62ea1e2bc0ec,b8bb508b-2fe0-44c6-8f94-bb857430e028,1,10,100,no
62146498-6d8b-4c39-a08b-62ea1e2bc0ec,b8bb508b-2fe0-44c6-8f94-bb857430e028,2,10,100,no
62146498-6d8b-4c39-a08b-62ea1e2bc0ec,b8bb508b-2fe0-44c6-8f94-bb857430e028,3,10,100,no
62146498-6d8b-4c39-a08b-62ea1e2bc0ec,b8bb508b-2fe0-44c6-8f94-bb857430e028,4,10,100,no
62146498-6d8b-4c39-a08b-62ea1e2bc0ec,b8bb508b-2fe0-44c6-8f94-bb857430e028,5,10,100,no
62146498-6d8b-4c39-a08b-62ea1e2bc0ec,b8bb508b-2fe0-44c6-8f94-bb857430e028,6,10,100,no
62146498-6d8b-4c39-a08b-62ea1e2bc0ec,b8bb508b-2fe0-44c6-8f94-bb857430e028,7,10,100,no
62146498-6d8b-4c39-a08b-62ea1e2bc0ec,b8bb508b-2fe0-44c6-8f94-bb857430e028,8,10,100,no
62146498-6d8b-4c39-a08b-62ea1e2bc0ec,b8bb508b-2fe0-44c6-8f94-bb857430e028,9,10,100,no
62146498-6d8b-4c39-a08b-62ea1e2bc0ec,b8bb508b-2fe0-44c6-8f94-bb857430e028,0,10,full,no
62146498-6d8b-4c39-a08b-62ea1e2bc0ec,b8bb508b-2fe0-44c6-8f94-bb857430e028,1,10,full,no
62146498-6d8b-4c39-a08b-62ea1e2bc0ec,b8bb508b-2fe0-44c6-8f94-bb857430e028,2,10,full,no
62146498-6d8b-4c39-a08b-62ea1e2bc0ec,b8bb508b-2fe0-44c6-8f94-bb857430e028,3,10,full,no
62146498-6d8b-4c39-a08b-62ea1e2bc0ec,b8bb508b-2fe0-44c6-8f94-bb857430e028,4,10,full,no
62146498-6d8b-4c39-a08b-62ea1e2bc0ec,b8bb508b-2fe0-44c6-8f94-bb857430e028,5,10,full,no
62146498-6d8b-4c39-a08b-62ea1e2bc0ec,b8bb508b-2fe0-44c6-8f94-bb857430e028,6,10,full,no
62146498-6d8b-4c39-a08b-62ea1e2bc0ec,b8bb508b-2fe0-44c6-8f94-bb857430e028,7,10,full,no
62146498-6d8b-4c39-a08b-62ea1e2bc0ec,b8bb508b-2fe0-44c6-8f94-bb857430e028,8,10,full,no
62146498-6d8b-4c39-a08b-62ea1e2bc0ec,b8bb508b-2fe0-44c6-8f94-bb857430e028,9,10,full,no
62146498-6d8b-4c39-a08b-62ea1e2bc0ec,eb7857d4-48b8-4f33-b44d-45b4814cfd34,0,10,10,no
62146498-6d8b-4c39-a08b-62ea1e2bc0ec,eb7857d4-48b8-4f33-b44d-45b4814cfd34,1,10,10,no
62146498-6d8b-4c39-a08b-62ea1e2bc0ec,eb7857d4-48b8-4f33-b44d-45b4814cfd34,2,10,10,no
62146498-6d8b-4c39-a08b-62ea1e2bc0ec,eb7857d4-48b8-4f33-b44d-45b4814cfd34,3,10,10,no
62146498-6d8b-4c39-a08b-62ea1e2bc0ec,eb7857d4-48b8-4f33-b44d-45b4814cfd34,4,10,10,no
62146498-6d8b-4c39-a08b-62ea1e2bc0ec,eb7857d4-48b8-4f33-b44d-45b4814cfd34,5,10,10,no
62146498-6d8b-4c39-a08b-62ea1e2bc0ec,eb7857d4-48b8-4f33-b44d-45b4814cfd34,6,10,10,no
62146498-6d8b-4c39-a08b-62ea1e2bc0ec,eb7857d4-48b8-4f33-b44d-45b4814cfd34,7,10,10,no
62146498-6d8b-4c39-a08b-62ea1e2bc0ec,eb7857d4-48b8-4f33-b44d-45b4814cfd34,8,10,10,no
62146498-6d8b-4c39-a08b-62ea1e2bc0ec,eb7857d4-48b8-4f33-b44d-45b4814cfd34,9,10,10,no
62146498-6d8b-4c39-a08b-62ea1e2bc0ec,eb7857d4-48b8-4f33-b44d-45b4814cfd34,0,10,50,no
62146498-6d8b-4c39-a08b-62ea1e2bc0ec,eb7857d4-48b8-4f33-b44d-45b4814cfd34,1,10,50,no
62146498-6d8b-4c39-a08b-62ea1e2bc0ec,eb7857d4-48b8-4f33-b44d-45b4814cfd34,2,10,50,no
62146498-6d8b-4c39-a08b-62ea1e2bc0ec,eb7857d4-48b8-4f33-b44d-45b4814cfd34,3,10,50,no
62146498-6d8b-4c39-a08b-62ea1e2bc0ec,eb7857d4-48b8-4f33-b44d-45b4814cfd34,4,10,50,no
62146498-6d8b-4c39-a08b-62ea1e2bc0ec,eb7857d4-48b8-4f33-b44d-45b4814cfd34,5,10,50,no
62146498-6d8b-4c39-a08b-62ea1e2bc0ec,eb7857d4-48b8-4f33-b44d-45b4814cfd34,6,10,50,no
62146498-6d8b-4c39-a08b-62ea1e2bc0ec,eb7857d4-48b8-4f33-b44d-45b4814cfd34,7,10,50,no
62146498-6d8b-4c39-a08b-62ea1e2bc0ec,eb7857d4-48b8-4f33-b44d-45b4814cfd34,8,10,50,no
62146498-6d8b-4c39-a08b-62ea1e2bc0ec,eb7857d4-48b8-4f33-b44d-45b4814cfd34,9,10,50,no
62146498-6d8b-4c39-a08b-62ea1e2bc0ec,eb7857d4-48b8-4f33-b44d-45b4814cfd34,0,10,100,no
62146498-6d8b-4c39-a08b-62ea1e2bc0ec,eb7857d4-48b8-4f33-b44d-45b4814cfd34,1,10,100,no
62146498-6d8b-4c39-a08b-62ea1e2bc0ec,eb7857d4-48b8-4f33-b44d-45b4814cfd34,2,10,100,no
62146498-6d8b-4c39-a08b-62ea1e2bc0ec,eb7857d4-48b8-4f33-b44d-45b4814cfd34,3,10,100,no
62146498-6d8b-4c39-a08b-62ea1e2bc0ec,eb7857d4-48b8-4f33-b44d-45b4814cfd34,4,10,100,no
62146498-6d8b-4c39-a08b-62ea1e2bc0ec,eb7857d4-48b8-4f33-b44d-45b4814cfd34,5,10,100,no
62146498-6d8b-4c39-a08b-62ea1e2bc0ec,eb7857d4-48b8-4f33-b44d-45b4814cfd34,6,10,100,no
62146498-6d8b-4c39-a08b-62ea1e2bc0ec,eb7857d4-48b8-4f33-b44d-45b4814cfd34,7,10,100,no
62146498-6d8b-4c39-a08b-62ea1e2bc0ec,eb7857d4-48b8-4f33-b44d-45b4814cfd34,8,10,100,no
62146498-6d8b-4c39-a08b-62ea1e2bc0ec,eb7857d4-48b8-4f33-b44d-45b4814cfd34,9,10,100,no
62146498-6d8b-4c39-a08b-62ea1e2bc0ec,eb7857d4-48b8-4f33-b44d-45b4814cfd34,0,10,full,no
62146498-6d8b-4c39-a08b-62ea1e2bc0ec,eb7857d4-48b8-4f33-b44d-45b4814cfd34,1,10,full,no
62146498-6d8b-4c39-a08b-62ea1e2bc0ec,eb7857d4-48b8-4f33-b44d-45b4814cfd34,2,10,full,no
62146498-6d8b-4c39-a08b-62ea1e2bc0ec,eb7857d4-48b8-4f33-b44d-45b4814cfd34,3,10,full,no
62146498-6d8b-4c39-a08b-62ea1e2bc0ec,eb7857d4-48b8-4f33-b44d-45b4814cfd34,4,10,full,no
62146498-6d8b-4c39-a08b-62ea1e2bc0ec,eb7857d4-48b8-4f33-b44d-45b4814cfd34,5,10,full,no
62146498-6d8b-4c39-a08b-62ea1e2bc0ec,eb7857d4-48b8-4f33-b44d-45b4814cfd34,6,10,full,no
62146498-6d8b-4c39-a08b-62ea1e2bc0ec,eb7857d4-48b8-4f33-b44d-45b4814cfd34,7,10,full,no
62146498-6d8b-4c39-a08b-62ea1e2bc0ec,eb7857d4-48b8-4f33-b44d-45b4814cfd34,8,10,full,no
62146498-6d8b-4c39-a08b-62ea1e2bc0ec,eb7857d4-48b8-4f33-b44d-45b4814cfd34,9,10,full,no
0b9b7cf0-c0ee-405a-8ed4-a11bba457525,7772fb98-9d0e-4fd5-8913-6e60d0b9c8db,0,10,10,no
0b9b7cf0-c0ee-405a-8ed4-a11bba457525,7772fb98-9d0e-4fd5-8913-6e60d0b9c8db,1,10,10,no
0b9b7cf0-c0ee-405a-8ed4-a11bba457525,7772fb98-9d0e-4fd5-8913-6e60d0b9c8db,2,10,10,no
0b9b7cf0-c0ee-405a-8ed4-a11bba457525,7772fb98-9d0e-4fd5-8913-6e60d0b9c8db,3,10,10,no
0b9b7cf0-c0ee-405a-8ed4-a11bba457525,7772fb98-9d0e-4fd5-8913-6e60d0b9c8db,4,10,10,no
0b9b7cf0-c0ee-405a-8ed4-a11bba457525,7772fb98-9d0e-4fd5-8913-6e60d0b9c8db,5,10,10,no
0b9b7cf0-c0ee-405a-8ed4-a11bba457525,7772fb98-9d0e-4fd5-8913-6e60d0b9c8db,6,10,10,no
0b9b7cf0-c0ee-405a-8ed4-a11bba457525,7772fb98-9d0e-4fd5-8913-6e60d0b9c8db,7,10,10,no
0b9b7cf0-c0ee-405a-8ed4-a11bba457525,7772fb98-9d0e-4fd5-8913-6e60d0b9c8db,8,10,10,no
0b9b7cf0-c0ee-405a-8ed4-a11bba457525,7772fb98-9d0e-4fd5-8913-6e60d0b9c8db,9,10,10,no
0b9b7cf0-c0ee-405a-8ed4-a11bba457525,7772fb98-9d0e-4fd5-8913-6e60d0b9c8db,0,10,50,no
0b9b7cf0-c0ee-405a-8ed4-a11bba457525,7772fb98-9d0e-4fd5-8913-6e60d0b9c8db,1,10,50,no
0b9b7cf0-c0ee-405a-8ed4-a11bba457525,7772fb98-9d0e-4fd5-8913-6e60d0b9c8db,2,10,50,no
0b9b7cf0-c0ee-405a-8ed4-a11bba457525,7772fb98-9d0e-4fd5-8913-6e60d0b9c8db,3,10,50,no
0b9b7cf0-c0ee-405a-8ed4-a11bba457525,7772fb98-9d0e-4fd5-8913-6e60d0b9c8db,4,10,50,no
0b9b7cf0-c0ee-405a-8ed4-a11bba457525,7772fb98-9d0e-4fd5-8913-6e60d0b9c8db,5,10,50,no
0b9b7cf0-c0ee-405a-8ed4-a11bba457525,7772fb98-9d0e-4fd5-8913-6e60d0b9c8db,6,10,50,no
0b9b7cf0-c0ee-405a-8ed4-a11bba457525,7772fb98-9d0e-4fd5-8913-6e60d0b9c8db,7,10,50,no
0b9b7cf0-c0ee-405a-8ed4-a11bba457525,7772fb98-9d0e-4fd5-8913-6e60d0b9c8db,8,10,50,no
0b9b7cf0-c0ee-405a-8ed4-a11bba457525,7772fb98-9d0e-4fd5-8913-6e60d0b9c8db,9,10,50,no
0b9b7cf0-c0ee-405a-8ed4-a11bba457525,7772fb98-9d0e-4fd5-8913-6e60d0b9c8db,0,10,100,no
0b9b7cf0-c0ee-405a-8ed4-a11bba457525,7772fb98-9d0e-4fd5-8913-6e60d0b9c8db,1,10,100,no
0b9b7cf0-c0ee-405a-8ed4-a11bba457525,7772fb98-9d0e-4fd5-8913-6e60d0b9c8db,2,10,100,no
0b9b7cf0-c0ee-405a-8ed4-a11bba457525,7772fb98-9d0e-4fd5-8913-6e60d0b9c8db,3,10,100,no
0b9b7cf0-c0ee-405a-8ed4-a11bba457525,7772fb98-9d0e-4fd5-8913-6e60d0b9c8db,4,10,100,no
0b9b7cf0-c0ee-405a-8ed4-a11bba457525,7772fb98-9d0e-4fd5-8913-6e60d0b9c8db,5,10,100,no
0b9b7cf0-c0ee-405a-8ed4-a11bba457525,7772fb98-9d0e-4fd5-8913-6e60d0b9c8db,6,10,100,no
0b9b7cf0-c0ee-405a-8ed4-a11bba457525,7772fb98-9d0e-4fd5-8913-6e60d0b9c8db,7,10,100,no
0b9b7cf0-c0ee-405a-8ed4-a11bba457525,7772fb98-9d0e-4fd5-8913-6e60d0b9c8db,8,10,100,no
0b9b7cf0-c0ee-405a-8ed4-a11bba457525,7772fb98-9d0e-4fd5-8913-6e60d0b9c8db,9,10,100,no
0b9b7cf0-c0ee-405a-8ed4-a11bba457525,7772fb98-9d0e-4fd5-8913-6e60d0b9c8db,0,10,full,no
0b9b7cf0-c0ee-405a-8ed4-a11bba457525,7772fb98-9d0e-4fd5-8913-6e60d0b9c8db,1,10,full,no
0b9b7cf0-c0ee-405a-8ed4-a11bba457525,7772fb98-9d0e-4fd5-8913-6e60d0b9c8db,2,10,full,no
0b9b7cf0-c0ee-405a-8ed4-a11bba457525,7772fb98-9d0e-4fd5-8913-6e60d0b9c8db,3,10,full,no
0b9b7cf0-c0ee-405a-8ed4-a11bba457525,7772fb98-9d0e-4fd5-8913-6e60d0b9c8db,4,10,full,no
0b9b7cf0-c0ee-405a-8ed4-a11bba457525,7772fb98-9d0e-4fd5-8913-6e60d0b9c8db,5,10,full,no
0b9b7cf0-c0ee-405a-8ed4-a11bba457525,7772fb98-9d0e-4fd5-8913-6e60d0b9c8db,6,10,full,no
0b9b7cf0-c0ee-405a-8ed4-a11bba457525,7772fb98-9d0e-4fd5-8913-6e60d0b9c8db,7,10,full,no
0b9b7cf0-c0ee-405a-8ed4-a11bba457525,7772fb98-9d0e-4fd5-8913-6e60d0b9c8db,8,10,full,no
0b9b7cf0-c0ee-405a-8ed4-a11bba457525,7772fb98-9d0e-4fd5-8913-6e60d0b9c8db,9,10,full,no
0b9b7cf0-c0ee-405a-8ed4-a11bba457525,ef30abd9-8e8d-421d-bdb7-6e62b2450206,0,10,10,no
0b9b7cf0-c0ee-405a-8ed4-a11bba457525,ef30abd9-8e8d-421d-bdb7-6e62b2450206,1,10,10,no
0b9b7cf0-c0ee-405a-8ed4-a11bba457525,ef30abd9-8e8d-421d-bdb7-6e62b2450206,2,10,10,no
0b9b7cf0-c0ee-405a-8ed4-a11bba457525,ef30abd9-8e8d-421d-bdb7-6e62b2450206,3,10,10,no
0b9b7cf0-c0ee-405a-8ed4-a11bba457525,ef30abd9-8e8d-421d-bdb7-6e62b2450206,4,10,10,no
0b9b7cf0-c0ee-405a-8ed4-a11bba457525,ef30abd9-8e8d-421d-bdb7-6e62b2450206,5,10,10,no
0b9b7cf0-c0ee-405a-8ed4-a11bba457525,ef30abd9-8e8d-421d-bdb7-6e62b2450206,6,10,10,no
0b9b7cf0-c0ee-405a-8ed4-a11bba457525,ef30abd9-8e8d-421d-bdb7-6e62b2450206,7,10,10,no
0b9b7cf0-c0ee-405a-8ed4-a11bba457525,ef30abd9-8e8d-421d-bdb7-6e62b2450206,8,10,10,no
0b9b7cf0-c0ee-405a-8ed4-a11bba457525,ef30abd9-8e8d-421d-bdb7-6e62b2450206,9,10,10,no
0b9b7cf0-c0ee-405a-8ed4-a11bba457525,ef30abd9-8e8d-421d-bdb7-6e62b2450206,0,10,50,no
0b9b7cf0-c0ee-405a-8ed4-a11bba457525,ef30abd9-8e8d-421d-bdb7-6e62b2450206,1,10,50,no
0b9b7cf0-c0ee-405a-8ed4-a11bba457525,ef30abd9-8e8d-421d-bdb7-6e62b2450206,2,10,50,no
0b9b7cf0-c0ee-405a-8ed4-a11bba457525,ef30abd9-8e8d-421d-bdb7-6e62b2450206,3,10,50,no
0b9b7cf0-c0ee-405a-8ed4-a11bba457525,ef30abd9-8e8d-421d-bdb7-6e62b2450206,4,10,50,no
0b9b7cf0-c0ee-405a-8ed4-a11bba457525,ef30abd9-8e8d-421d-bdb7-6e62b2450206,5,10,50,no
0b9b7cf0-c0ee-405a-8ed4-a11bba457525,ef30abd9-8e8d-421d-bdb7-6e62b2450206,6,10,50,no
0b9b7cf0-c0ee-405a-8ed4-a11bba457525,ef30abd9-8e8d-421d-bdb7-6e62b2450206,7,10,50,no
0b9b7cf0-c0ee-405a-8ed4-a11bba457525,ef30abd9-8e8d-421d-bdb7-6e62b2450206,8,10,50,no
0b9b7cf0-c0ee-405a-8ed4-a11bba457525,ef30abd9-8e8d-421d-bdb7-6e62b2450206,9,10,50,no
0b9b7cf0-c0ee-405a-8ed4-a11bba457525,ef30abd9-8e8d-421d-bdb7-6e62b2450206,0,10,100,no
0b9b7cf0-c0ee-405a-8ed4-a11bba457525,ef30abd9-8e8d-421d-bdb7-6e62b2450206,1,10,100,no
0b9b7cf0-c0ee-405a-8ed4-a11bba457525,ef30abd9-8e8d-421d-bdb7-6e62b2450206,2,10,100,no
0b9b7cf0-c0ee-405a-8ed4-a11bba457525,ef30abd9-8e8d-421d-bdb7-6e62b2450206,3,10,100,no
0b9b7cf0-c0ee-405a-8ed4-a11bba457525,ef30abd9-8e8d-421d-bdb7-6e62b2450206,4,10,100,no
0b9b7cf0-c0ee-405a-8ed4-a11bba457525,ef30abd9-8e8d-421d-bdb7-6e62b2450206,5,10,100,no
0b9b7cf0-c0ee-405a-8ed4-a11bba457525,ef30abd9-8e8d-421d-bdb7-6e62b2450206,6,10,100,no
0b9b7cf0-c0ee-405a-8ed4-a11bba457525,ef30abd9-8e8d-421d-bdb7-6e62b2450206,7,10,100,no
0b9b7cf0-c0ee-405a-8ed4-a11bba457525,ef30abd9-8e8d-421d-bdb7-6e62b2450206,8,10,100,no
0b9b7cf0-c0ee-405a-8ed4-a11bba457525,ef30abd9-8e8d-421d-bdb7-6e62b2450206,9,10,100,no
0b9b7cf0-c0ee-405a-8ed4-a11bba457525,ef30abd9-8e8d-421d-bdb7-6e62b2450206,0,10,full,no
0b9b7cf0-c0ee-405a-8ed4-a11bba457525,ef30abd9-8e8d-421d-bdb7-6e62b2450206,1,10,full,no
0b9b7cf0-c0ee-405a-8ed4-a11bba457525,ef30abd9-8e8d-421d-bdb7-6e62b2450206,2,10,full,no
0b9b7cf0-c0ee-405a-8ed4-a11bba457525,ef30abd9-8e8d-421d-bdb7-6e62b2450206,3,10,full,no
0b9b7cf0-c0ee-405a-8ed4-a11bba457525,ef30abd9-8e8d-421d-bdb7-6e62b2450206,4,10,full,no
0b9b7cf0-c0ee-405a-8ed4-a11bba457525,ef30abd9-8e8d-421d-bdb7-6e62b2450206,5,10,full,no
0b9b7cf0-c0ee-405a-8ed4-a11bba457525,ef30abd9-8e8d-421d-bdb7-6e62b2450206,6,10,full,no
0b9b7cf0-c0ee-405a-8ed4-a11bba457525,ef30abd9-8e8d-421d-bdb7-6e62b2450206,7,10,full,no
0b9b7cf0-c0ee-405a-8ed4-a11bba457525,ef30abd9-8e8d-421d-bdb7-6e62b2450206,8,10,full,no
0b9b7cf0-c0ee-405a-8ed4-a11bba457525,ef30abd9-8e8d-421d-bdb7-6e62b2450206,9,10,full,no
6d99272a-566b-4aac-87a6-80f1152e79f4,b88d8755-2b06-4a79-a4f3-1d772164f374,0,10,10,no
6d99272a-566b-4aac-87a6-80f1152e79f4,b88d8755-2b06-4a79-a4f3-1d772164f374,1,10,10,no
6d99272a-566b-4aac-87a6-80f1152e79f4,b88d8755-2b06-4a79-a4f3-1d772164f374,2,10,10,no
6d99272a-566b-4aac-87a6-80f1152e79f4,b88d8755-2b06-4a79-a4f3-1d772164f374,3,10,10,no
6d99272a-566b-4aac-87a6-80f1152e79f4,b88d8755-2b06-4a79-a4f3-1d772164f374,4,10,10,no
6d99272a-566b-4aac-87a6-80f1152e79f4,b88d8755-2b06-4a79-a4f3-1d772164f374,5,10,10,no
6d99272a-566b-4aac-87a6-80f1152e79f4,b88d8755-2b06-4a79-a4f3-1d772164f374,6,10,10,no
6d99272a-566b-4aac-87a6-80f1152e79f4,b88d8755-2b06-4a79-a4f3-1d772164f374,7,10,10,no
6d99272a-566b-4aac-87a6-80f1152e79f4,b88d8755-2b06-4a79-a4f3-1d772164f374,8,10,10,no
6d99272a-566b-4aac-87a6-80f1152e79f4,b88d8755-2b06-4a79-a4f3-1d772164f374,9,10,10,no
6d99272a-566b-4aac-87a6-80f1152e79f4,b88d8755-2b06-4a79-a4f3-1d772164f374,0,10,50,no
6d99272a-566b-4aac-87a6-80f1152e79f4,b88d8755-2b06-4a79-a4f3-1d772164f374,1,10,50,no
6d99272a-566b-4aac-87a6-80f1152e79f4,b88d8755-2b06-4a79-a4f3-1d772164f374,2,10,50,no
6d99272a-566b-4aac-87a6-80f1152e79f4,b88d8755-2b06-4a79-a4f3-1d772164f374,3,10,50,no
6d99272a-566b-4aac-87a6-80f1152e79f4,b88d8755-2b06-4a79-a4f3-1d772164f374,4,10,50,no
6d99272a-566b-4aac-87a6-80f1152e79f4,b88d8755-2b06-4a79-a4f3-1d772164f374,5,10,50,no
6d99272a-566b-4aac-87a6-80f1152e79f4,b88d8755-2b06-4a79-a4f3-1d772164f374,6,10,50,no
6d99272a-566b-4aac-87a6-80f1152e79f4,b88d8755-2b06-4a79-a4f3-1d772164f374,7,10,50,no
6d99272a-566b-4aac-87a6-80f1152e79f4,b88d8755-2b06-4a79-a4f3-1d772164f374,8,10,50,no
6d99272a-566b-4aac-87a6-80f1152e79f4,b88d8755-2b06-4a79-a4f3-1d772164f374,9,10,50,no
6d99272a-566b-4aac-87a6-80f1152e79f4,b88d8755-2b06-4a79-a4f3-1d772164f374,0,10,100,no
6d99272a-566b-4aac-87a6-80f1152e79f4,b88d8755-2b06-4a79-a4f3-1d772164f374,1,10,100,no
6d99272a-566b-4aac-87a6-80f1152e79f4,b88d8755-2b06-4a79-a4f3-1d772164f374,2,10,100,no
6d99272a-566b-4aac-87a6-80f1152e79f4,b88d8755-2b06-4a79-a4f3-1d772164f374,3,10,100,no
6d99272a-566b-4aac-87a6-80f1152e79f4,b88d8755-2b06-4a79-a4f3-1d772164f374,4,10,100,no
6d99272a-566b-4aac-87a6-80f1152e79f4,b88d8755-2b06-4a79-a4f3-1d772164f374,5,10,100,no
6d99272a-566b-4aac-87a6-80f1152e79f4,b88d8755-2b06-4a79-a4f3-1d772164f374,6,10,100,no
6d99272a-566b-4aac-87a6-80f1152e79f4,b88d8755-2b06-4a79-a4f3-1d772164f374,7,10,100,no
6d99272a-566b-4aac-87a6-80f1152e79f4,b88d8755-2b06-4a79-a4f3-1d772164f374,8,10,100,no
6d99272a-566b-4aac-87a6-80f1152e79f4,b88d8755-2b06-4a79-a4f3-1d772164f374,9,10,100,no
6d99272a-566b-4aac-87a6-80f1152e79f4,b88d8755-2b06-4a79-a4f3-1d772164f374,0,10,full,no
6d99272a-566b-4aac-87a6-80f1152e79f4,b88d8755-2b06-4a79-a4f3-1d772164f374,1,10,full,no
6d99272a-566b-4aac-87a6-80f1152e79f4,b88d8755-2b06-4a79-a4f3-1d772164f374,2,10,full,no
6d99272a-566b-4aac-87a6-80f1152e79f4,b88d8755-2b06-4a79-a4f3-1d772164f374,3,10,full,no
6d99272a-566b-4aac-87a6-80f1152e79f4,b88d8755-2b06-4a79-a4f3-1d772164f374,4,10,full,no
6d99272a-566b-4aac-87a6-80f1152e79f4,b88d8755-2b06-4a79-a4f3-1d772164f374,5,10,full,no
6d99272a-566b-4aac-87a6-80f1152e79f4,b88d8755-2b06-4a79-a4f3-1d772164f374,6,10,full,no
6d99272a-566b-4aac-87a6-80f1152e79f4,b88d8755-2b06-4a79-a4f3-1d772164f374,7,10,full,no
6d99272a-566b-4aac-87a6-80f1152e79f4,b88d8755-2b06-4a79-a4f3-1d772164f374,8,10,full,no
6d99272a-566b-4aac-87a6-80f1152e79f4,b88d8755-2b06-4a79-a4f3-1d772164f374,9,10,full,no
875f5273-bab0-467e-b1a1-0e03ef124b73,e427bc71-33e2-4342-8683-52bc508573e0,0,10,10,no
875f5273-bab0-467e-b1a1-0e03ef124b73,e427bc71-33e2-4342-8683-52bc508573e0,1,10,10,no
875f5273-bab0-467e-b1a1-0e03ef124b73,e427bc71-33e2-4342-8683-52bc508573e0,2,10,10,no
875f5273-bab0-467e-b1a1-0e03ef124b73,e427bc71-33e2-4342-8683-52bc508573e0,3,10,10,no
875f5273-bab0-467e-b1a1-0e03ef124b73,e427bc71-33e2-4342-8683-52bc508573e0,4,10,10,no
875f5273-bab0-467e-b1a1-0e03ef124b73,e427bc71-33e2-4342-8683-52bc508573e0,5,10,10,no
875f5273-bab0-467e-b1a1-0e03ef124b73,e427bc71-33e2-4342-8683-52bc508573e0,6,10,10,no
875f5273-bab0-467e-b1a1-0e03ef124b73,e427bc71-33e2-4342-8683-52bc508573e0,7,10,10,no
875f5273-bab0-467e-b1a1-0e03ef124b73,e427bc71-33e2-4342-8683-52bc508573e0,8,10,10,no
875f5273-bab0-467e-b1a1-0e03ef124b73,e427bc71-33e2-4342-8683-52bc508573e0,9,10,10,no
875f5273-bab0-467e-b1a1-0e03ef124b73,e427bc71-33e2-4342-8683-52bc508573e0,0,10,50,no
875f5273-bab0-467e-b1a1-0e03ef124b73,e427bc71-33e2-4342-8683-52bc508573e0,1,10,50,no
875f5273-bab0-467e-b1a1-0e03ef124b73,e427bc71-33e2-4342-8683-52bc508573e0,2,10,50,no
875f5273-bab0-467e-b1a1-0e03ef124b73,e427bc71-33e2-4342-8683-52bc508573e0,3,10,50,no
875f5273-bab0-467e-b1a1-0e03ef124b73,e427bc71-33e2-4342-8683-52bc508573e0,4,10,50,no
875f5273-bab0-467e-b1a1-0e03ef124b73,e427bc71-33e2-4342-8683-52bc508573e0,5,10,50,no
875f5273-bab0-467e-b1a1-0e03ef124b73,e427bc71-33e2-4342-8683-52bc508573e0,6,10,50,no
875f5273-bab0-467e-b1a1-0e03ef124b73,e427bc71-33e2-4342-8683-52bc508573e0,7,10,50,no
875f5273-bab0-467e-b1a1-0e03ef124b73,e427bc71-33e2-4342-8683-52bc508573e0,8,10,50,no
875f5273-bab0-467e-b1a1-0e03ef124b73,e427bc71-33e2-4342-8683-52bc508573e0,9,10,50,no
875f5273-bab0-467e-b1a1-0e03ef124b73,e427bc71-33e2-4342-8683-52bc508573e0,0,10,100,no
875f5273-bab0-467e-b1a1-0e03ef124b73,e427bc71-33e2-4342-8683-52bc508573e0,1,10,100,no
875f5273-bab0-467e-b1a1-0e03ef124b73,e427bc71-33e2-4342-8683-52bc508573e0,2,10,100,no
875f5273-bab0-467e-b1a1-0e03ef124b73,e427bc71-33e2-4342-8683-52bc508573e0,3,10,100,no
875f5273-bab0-467e-b1a1-0e03ef124b73,e427bc71-33e2-4342-8683-52bc508573e0,4,10,100,no
875f5273-bab0-467e-b1a1-0e03ef124b73,e427bc71-33e2-4342-8683-52bc508573e0,5,10,100,no
875f5273-bab0-467e-b1a1-0e03ef124b73,e427bc71-33e2-4342-8683-52bc508573e0,6,10,100,no
875f5273-bab0-467e-b1a1-0e03ef124b73,e427bc71-33e2-4342-8683-52bc508573e0,7,10,100,no
875f5273-bab0-467e-b1a1-0e03ef124b73,e427bc71-33e2-4342-8683-52bc508573e0,8,10,100,no
875f5273-bab0-467e-b1a1-0e03ef124b73,e427bc71-33e2-4342-8683-52bc508573e0,9,10,100,no
875f5273-bab0-467e-b1a1-0e03ef124b73,e427bc71-33e2-4342-8683-52bc508573e0,0,10,full,no
875f5273-bab0-467e-b1a1-0e03ef124b73,e427bc71-33e2-4342-8683-52bc508573e0,1,10,full,no
875f5273-bab0-467e-b1a1-0e03ef124b73,e427bc71-33e2-4342-8683-52bc508573e0,2,10,full,no
875f5273-bab0-467e-b1a1-0e03ef124b73,e427bc71-33e2-4342-8683-52bc508573e0,3,10,full,no
875f5273-bab0-467e-b1a1-0e03ef124b73,e427bc71-33e2-4342-8683-52bc508573e0,4,10,full,no
875f5273-bab0-467e-b1a1-0e03ef124b73,e427bc71-33e2-4342-8683-52bc508573e0,5,10,full,no
875f5273-bab0-467e-b1a1-0e03ef124b73,e427bc71-33e2-4342-8683-52bc508573e0,6,10,full,no
875f5273-bab0-467e-b1a1-0e03ef124b73,e427bc71-33e2-4342-8683-52bc508573e0,7,10,full,no
875f5273-bab0-467e-b1a1-0e03ef124b73,e427bc71-33e2-4342-8683-52bc508573e0,8,10,full,no
875f5273-bab0-467e-b1a1-0e03ef124b73,e427bc71-33e2-4342-8683-52bc508573e0,9,10,full,no
194b6fe7-6294-4564-91f8-63db94c08a87,88909834-c2f6-4070-bfb2-987725d5c101,0,10,10,no
194b6fe7-6294-4564-91f8-63db94c08a87,88909834-c2f6-4070-bfb2-987725d5c101,1,10,10,no
194b6fe7-6294-4564-91f8-63db94c08a87,88909834-c2f6-4070-bfb2-987725d5c101,2,10,10,no
194b6fe7-6294-4564-91f8-63db94c08a87,88909834-c2f6-4070-bfb2-987725d5c101,3,10,10,no
194b6fe7-6294-4564-91f8-63db94c08a87,88909834-c2f6-4070-bfb2-987725d5c101,4,10,10,no
194b6fe7-6294-4564-91f8-63db94c08a87,88909834-c2f6-4070-bfb2-987725d5c101,5,10,10,no
194b6fe7-6294-4564-91f8-63db94c08a87,88909834-c2f6-4070-bfb2-987725d5c101,6,10,10,no
194b6fe7-6294-4564-91f8-63db94c08a87,88909834-c2f6-4070-bfb2-987725d5c101,7,10,10,no
194b6fe7-6294-4564-91f8-63db94c08a87,88909834-c2f6-4070-bfb2-987725d5c101,8,10,10,no
194b6fe7-6294-4564-91f8-63db94c08a87,88909834-c2f6-4070-bfb2-987725d5c101,9,10,10,no
194b6fe7-6294-4564-91f8-63db94c08a87,88909834-c2f6-4070-bfb2-987725d5c101,0,10,50,no
194b6fe7-6294-4564-91f8-63db94c08a87,88909834-c2f6-4070-bfb2-987725d5c101,1,10,50,no
194b6fe7-6294-4564-91f8-63db94c08a87,88909834-c2f6-4070-bfb2-987725d5c101,2,10,50,no
194b6fe7-6294-4564-91f8-63db94c08a87,88909834-c2f6-4070-bfb2-987725d5c101,3,10,50,no
194b6fe7-6294-4564-91f8-63db94c08a87,88909834-c2f6-4070-bfb2-987725d5c101,4,10,50,no
194b6fe7-6294-4564-91f8-63db94c08a87,88909834-c2f6-4070-bfb2-987725d5c101,5,10,50,no
194b6fe7-6294-4564-91f8-63db94c08a87,88909834-c2f6-4070-bfb2-987725d5c101,6,10,50,no
194b6fe7-6294-4564-91f8-63db94c08a87,88909834-c2f6-4070-bfb2-987725d5c101,7,10,50,no
194b6fe7-6294-4564-91f8-63db94c08a87,88909834-c2f6-4070-bfb2-987725d5c101,8,10,50,no
194b6fe7-6294-4564-91f8-63db94c08a87,88909834-c2f6-4070-bfb2-987725d5c101,9,10,50,no
194b6fe7-6294-4564-91f8-63db94c08a87,88909834-c2f6-4070-bfb2-987725d5c101,0,10,100,no
194b6fe7-6294-4564-91f8-63db94c08a87,88909834-c2f6-4070-bfb2-987725d5c101,1,10,100,no
194b6fe7-6294-4564-91f8-63db94c08a87,88909834-c2f6-4070-bfb2-987725d5c101,2,10,100,no
194b6fe7-6294-4564-91f8-63db94c08a87,88909834-c2f6-4070-bfb2-987725d5c101,3,10,100,no
194b6fe7-6294-4564-91f8-63db94c08a87,88909834-c2f6-4070-bfb2-987725d5c101,4,10,100,no
194b6fe7-6294-4564-91f8-63db94c08a87,88909834-c2f6-4070-bfb2-987725d5c101,5,10,100,no
194b6fe7-6294-4564-91f8-63db94c08a87,88909834-c2f6-4070-bfb2-987725d5c101,6,10,100,no
194b6fe7-6294-4564-91f8-63db94c08a87,88909834-c2f6-4070-bfb2-987725d5c101,7,10,100,no
194b6fe7-6294-4564-91f8-63db94c08a87,88909834-c2f6-4070-bfb2-987725d5c101,8,10,100,no
194b6fe7-6294-4564-91f8-63db94c08a87,88909834-c2f6-4070-bfb2-987725d5c101,9,10,100,no
194b6fe7-6294-4564-91f8-63db94c08a87,88909834-c2f6-4070-bfb2-987725d5c101,0,10,full,no
194b6fe7-6294-4564-91f8-63db94c08a87,88909834-c2f6-4070-bfb2-987725d5c101,1,10,full,no
194b6fe7-6294-4564-91f8-63db94c08a87,88909834-c2f6-4070-bfb2-987725d5c101,2,10,full,no
194b6fe7-6294-4564-91f8-63db94c08a87,88909834-c2f6-4070-bfb2-987725d5c101,3,10,full,no
194b6fe7-6294-4564-91f8-63db94c08a87,88909834-c2f6-4070-bfb2-987725d5c101,4,10,full,no
194b6fe7-6294-4564-91f8-63db94c08a87,88909834-c2f6-4070-bfb2-987725d5c101,5,10,full,no
194b6fe7-6294-4564-91f8-63db94c08a87,88909834-c2f6-4070-bfb2-987725d5c101,6,10,full,no
194b6fe7-6294-4564-91f8-63db94c08a87,88909834-c2f6-4070-bfb2-987725d5c101,7,10,full,no
194b6fe7-6294-4564-91f8-63db94c08a87,88909834-c2f6-4070-bfb2-987725d5c101,8,10,full,no
194b6fe7-6294-4564-91f8-63db94c08a87,88909834-c2f6-4070-bfb2-987725d5c101,9,10,full,no
194b6fe7-6294-4564-91f8-63db94c08a87,312a0365-7d2b-45f0-add0-11c4a0e7a22c,0,10,10,no
194b6fe7-6294-4564-91f8-63db94c08a87,312a0365-7d2b-45f0-add0-11c4a0e7a22c,1,10,10,no
194b6fe7-6294-4564-91f8-63db94c08a87,312a0365-7d2b-45f0-add0-11c4a0e7a22c,2,10,10,no
194b6fe7-6294-4564-91f8-63db94c08a87,312a0365-7d2b-45f0-add0-11c4a0e7a22c,3,10,10,no
194b6fe7-6294-4564-91f8-63db94c08a87,312a0365-7d2b-45f0-add0-11c4a0e7a22c,4,10,10,no
194b6fe7-6294-4564-91f8-63db94c08a87,312a0365-7d2b-45f0-add0-11c4a0e7a22c,5,10,10,no
194b6fe7-6294-4564-91f8-63db94c08a87,312a0365-7d2b-45f0-add0-11c4a0e7a22c,6,10,10,no
194b6fe7-6294-4564-91f8-63db94c08a87,312a0365-7d2b-45f0-add0-11c4a0e7a22c,7,10,10,no
194b6fe7-6294-4564-91f8-63db94c08a87,312a0365-7d2b-45f0-add0-11c4a0e7a22c,8,10,10,no
194b6fe7-6294-4564-91f8-63db94c08a87,312a0365-7d2b-45f0-add0-11c4a0e7a22c,9,10,10,no
194b6fe7-6294-4564-91f8-63db94c08a87,312a0365-7d2b-45f0-add0-11c4a0e7a22c,0,10,50,no
194b6fe7-6294-4564-91f8-63db94c08a87,312a0365-7d2b-45f0-add0-11c4a0e7a22c,1,10,50,no
194b6fe7-6294-4564-91f8-63db94c08a87,312a0365-7d2b-45f0-add0-11c4a0e7a22c,2,10,50,no
194b6fe7-6294-4564-91f8-63db94c08a87,312a0365-7d2b-45f0-add0-11c4a0e7a22c,3,10,50,no
194b6fe7-6294-4564-91f8-63db94c08a87,312a0365-7d2b-45f0-add0-11c4a0e7a22c,4,10,50,no
194b6fe7-6294-4564-91f8-63db94c08a87,312a0365-7d2b-45f0-add0-11c4a0e7a22c,5,10,50,no
194b6fe7-6294-4564-91f8-63db94c08a87,312a0365-7d2b-45f0-add0-11c4a0e7a22c,6,10,50,no
194b6fe7-6294-4564-91f8-63db94c08a87,312a0365-7d2b-45f0-add0-11c4a0e7a22c,7,10,50,no
194b6fe7-6294-4564-91f8-63db94c08a87,312a0365-7d2b-45f0-add0-11c4a0e7a22c,8,10,50,no
194b6fe7-6294-4564-91f8-63db94c08a87,312a0365-7d2b-45f0-add0-11c4a0e7a22c,9,10,50,no
194b6fe7-6294-4564-91f8-63db94c08a87,312a0365-7d2b-45f0-add0-11c4a0e7a22c,0,10,100,no
194b6fe7-6294-4564-91f8-63db94c08a87,312a0365-7d2b-45f0-add0-11c4a0e7a22c,1,10,100,no
194b6fe7-6294-4564-91f8-63db94c08a87,312a0365-7d2b-45f0-add0-11c4a0e7a22c,2,10,100,no
194b6fe7-6294-4564-91f8-63db94c08a87,312a0365-7d2b-45f0-add0-11c4a0e7a22c,3,10,100,no
194b6fe7-6294-4564-91f8-63db94c08a87,312a0365-7d2b-45f0-add0-11c4a0e7a22c,4,10,100,no
194b6fe7-6294-4564-91f8-63db94c08a87,312a0365-7d2b-45f0-add0-11c4a0e7a22c,5,10,100,no
194b6fe7-6294-4564-91f8-63db94c08a87,312a0365-7d2b-45f0-add0-11c4a0e7a22c,6,10,100,no
194b6fe7-6294-4564-91f8-63db94c08a87,312a0365-7d2b-45f0-add0-11c4a0e7a22c,7,10,100,no
194b6fe7-6294-4564-91f8-63db94c08a87,312a0365-7d2b-45f0-add0-11c4a0e7a22c,8,10,100,no
194b6fe7-6294-4564-91f8-63db94c08a87,312a0365-7d2b-45f0-add0-11c4a0e7a22c,9,10,100,no
194b6fe7-6294-4564-91f8-63db94c08a87,312a0365-7d2b-45f0-add0-11c4a0e7a22c,0,10,full,no
194b6fe7-6294-4564-91f8-63db94c08a87,312a0365-7d2b-45f0-add0-11c4a0e7a22c,1,10,full,no
194b6fe7-6294-4564-91f8-63db94c08a87,312a0365-7d2b-45f0-add0-11c4a0e7a22c,2,10,full,no
194b6fe7-6294-4564-91f8-63db94c08a87,312a0365-7d2b-45f0-add0-11c4a0e7a22c,3,10,full,no
194b6fe7-6294-4564-91f8-63db94c08a87,312a0365-7d2b-45f0-add0-11c4a0e7a22c,4,10,full,no
194b6fe7-6294-4564-91f8-63db94c08a87,312a0365-7d2b-45f0-add0-11c4a0e7a22c,5,10,full,no
194b6fe7-6294-4564-91f8-63db94c08a87,312a0365-7d2b-45f0-add0-11c4a0e7a22c,6,10,full,no
194b6fe7-6294-4564-91f8-63db94c08a87,312a0365-7d2b-45f0-add0-11c4a0e7a22c,7,10,full,no
194b6fe7-6294-4564-91f8-63db94c08a87,312a0365-7d2b-45f0-add0-11c4a0e7a22c,8,10,full,no
194b6fe7-6294-4564-91f8-63db94c08a87,312a0365-7d2b-45f0-add0-11c4a0e7a22c,9,10,full,no
23971dd3-9346-452d-8fcc-8787633225a3,5d8af224-0d10-405b-a134-8635bd3e5d4d,0,10,10,no
23971dd3-9346-452d-8fcc-8787633225a3,5d8af224-0d10-405b-a134-8635bd3e5d4d,1,10,10,no
23971dd3-9346-452d-8fcc-8787633225a3,5d8af224-0d10-405b-a134-8635bd3e5d4d,2,10,10,no
23971dd3-9346-452d-8fcc-8787633225a3,5d8af224-0d10-405b-a134-8635bd3e5d4d,3,10,10,no
23971dd3-9346-452d-8fcc-8787633225a3,5d8af224-0d10-405b-a134-8635bd3e5d4d,4,10,10,no
23971dd3-9346-452d-8fcc-8787633225a3,5d8af224-0d10-405b-a134-8635bd3e5d4d,5,10,10,no
23971dd3-9346-452d-8fcc-8787633225a3,5d8af224-0d10-405b-a134-8635bd3e5d4d,6,10,10,no
23971dd3-9346-452d-8fcc-8787633225a3,5d8af224-0d10-405b-a134-8635bd3e5d4d,7,10,10,no
23971dd3-9346-452d-8fcc-8787633225a3,5d8af224-0d10-405b-a134-8635bd3e5d4d,8,10,10,no
23971dd3-9346-452d-8fcc-8787633225a3,5d8af224-0d10-405b-a134-8635bd3e5d4d,9,10,10,no
23971dd3-9346-452d-8fcc-8787633225a3,5d8af224-0d10-405b-a134-8635bd3e5d4d,0,10,50,no
23971dd3-9346-452d-8fcc-8787633225a3,5d8af224-0d10-405b-a134-8635bd3e5d4d,1,10,50,no
23971dd3-9346-452d-8fcc-8787633225a3,5d8af224-0d10-405b-a134-8635bd3e5d4d,2,10,50,no
23971dd3-9346-452d-8fcc-8787633225a3,5d8af224-0d10-405b-a134-8635bd3e5d4d,3,10,50,no
23971dd3-9346-452d-8fcc-8787633225a3,5d8af224-0d10-405b-a134-8635bd3e5d4d,4,10,50,no
23971dd3-9346-452d-8fcc-8787633225a3,5d8af224-0d10-405b-a134-8635bd3e5d4d,5,10,50,no
23971dd3-9346-452d-8fcc-8787633225a3,5d8af224-0d10-405b-a134-8635bd3e5d4d,6,10,50,no
23971dd3-9346-452d-8fcc-8787633225a3,5d8af224-0d10-405b-a134-8635bd3e5d4d,7,10,50,no
23971dd3-9346-452d-8fcc-8787633225a3,5d8af224-0d10-405b-a134-8635bd3e5d4d,8,10,50,no
23971dd3-9346-452d-8fcc-8787633225a3,5d8af224-0d10-405b-a134-8635bd3e5d4d,9,10,50,no
23971dd3-9346-452d-8fcc-8787633225a3,5d8af224-0d10-405b-a134-8635bd3e5d4d,0,10,100,no
23971dd3-9346-452d-8fcc-8787633225a3,5d8af224-0d10-405b-a134-8635bd3e5d4d,1,10,100,no
23971dd3-9346-452d-8fcc-8787633225a3,5d8af224-0d10-405b-a134-8635bd3e5d4d,2,10,100,no
23971dd3-9346-452d-8fcc-8787633225a3,5d8af224-0d10-405b-a134-8635bd3e5d4d,3,10,100,no
23971dd3-9346-452d-8fcc-8787633225a3,5d8af224-0d10-405b-a134-8635bd3e5d4d,4,10,100,no
23971dd3-9346-452d-8fcc-8787633225a3,5d8af224-0d10-405b-a134-8635bd3e5d4d,5,10,100,no
23971dd3-9346-452d-8fcc-8787633225a3,5d8af224-0d10-405b-a134-8635bd3e5d4d,6,10,100,no
23971dd3-9346-452d-8fcc-8787633225a3,5d8af224-0d10-405b-a134-8635bd3e5d4d,7,10,100,no
23971dd3-9346-452d-8fcc-8787633225a3,5d8af224-0d10-405b-a134-8635bd3e5d4d,8,10,100,no
23971dd3-9346-452d-8fcc-8787633225a3,5d8af224-0d10-405b-a134-8635bd3e5d4d,9,10,100,no
23971dd3-9346-452d-8fcc-8787633225a3,5d8af224-0d10-405b-a134-8635bd3e5d4d,0,10,full,no
23971dd3-9346-452d-8fcc-8787633225a3,5d8af224-0d10-405b-a134-8635bd3e5d4d,1,10,full,no
23971dd3-9346-452d-8fcc-8787633225a3,5d8af224-0d10-405b-a134-8635bd3e5d4d,2,10,full,no
23971dd3-9346-452d-8fcc-8787633225a3,5d8af224-0d10-405b-a134-8635bd3e5d4d,3,10,full,no
23971dd3-9346-452d-8fcc-8787633225a3,5d8af224-0d10-405b-a134-8635bd3e5d4d,4,10,full,no
23971dd3-9346-452d-8fcc-8787633225a3,5d8af224-0d10-405b-a134-8635bd3e5d4d,5,10,full,no
23971dd3-9346-452d-8fcc-8787633225a3,5d8af224-0d10-405b-a134-8635bd3e5d4d,6,10,full,no
23971dd3-9346-452d-8fcc-8787633225a3,5d8af224-0d10-405b-a134-8635bd3e5d4d,7,10,full,no
23971dd3-9346-452d-8fcc-8787633225a3,5d8af224-0d10-405b-a134-8635bd3e5d4d,8,10,full,no
23971dd3-9346-452d-8fcc-8787633225a3,5d8af224-0d10-405b-a134-8635bd3e5d4d,9,10,full,no
23971dd3-9346-452d-8fcc-8787633225a3,a14f7205-7557-412a-bdee-93ddf94c114d,0,10,10,no
23971dd3-9346-452d-8fcc-8787633225a3,a14f7205-7557-412a-bdee-93ddf94c114d,1,10,10,no
23971dd3-9346-452d-8fcc-8787633225a3,a14f7205-7557-412a-bdee-93ddf94c114d,2,10,10,no
23971dd3-9346-452d-8fcc-8787633225a3,a14f7205-7557-412a-bdee-93ddf94c114d,3,10,10,no
23971dd3-9346-452d-8fcc-8787633225a3,a14f7205-7557-412a-bdee-93ddf94c114d,4,10,10,no
23971dd3-9346-452d-8fcc-8787633225a3,a14f7205-7557-412a-bdee-93ddf94c114d,5,10,10,no
23971dd3-9346-452d-8fcc-8787633225a3,a14f7205-7557-412a-bdee-93ddf94c114d,6,10,10,no
23971dd3-9346-452d-8fcc-8787633225a3,a14f7205-7557-412a-bdee-93ddf94c114d,7,10,10,no
23971dd3-9346-452d-8fcc-8787633225a3,a14f7205-7557-412a-bdee-93ddf94c114d,8,10,10,no
23971dd3-9346-452d-8fcc-8787633225a3,a14f7205-7557-412a-bdee-93ddf94c114d,9,10,10,no
23971dd3-9346-452d-8fcc-8787633225a3,a14f7205-7557-412a-bdee-93ddf94c114d,0,10,50,no
23971dd3-9346-452d-8fcc-8787633225a3,a14f7205-7557-412a-bdee-93ddf94c114d,1,10,50,no
23971dd3-9346-452d-8fcc-8787633225a3,a14f7205-7557-412a-bdee-93ddf94c114d,2,10,50,no
23971dd3-9346-452d-8fcc-8787633225a3,a14f7205-7557-412a-bdee-93ddf94c114d,3,10,50,no
23971dd3-9346-452d-8fcc-8787633225a3,a14f7205-7557-412a-bdee-93ddf94c114d,4,10,50,no
23971dd3-9346-452d-8fcc-8787633225a3,a14f7205-7557-412a-bdee-93ddf94c114d,5,10,50,no
23971dd3-9346-452d-8fcc-8787633225a3,a14f7205-7557-412a-bdee-93ddf94c114d,6,10,50,no
23971dd3-9346-452d-8fcc-8787633225a3,a14f7205-7557-412a-bdee-93ddf94c114d,7,10,50,no
23971dd3-9346-452d-8fcc-8787633225a3,a14f7205-7557-412a-bdee-93ddf94c114d,8,10,50,no
23971dd3-9346-452d-8fcc-8787633225a3,a14f7205-7557-412a-bdee-93ddf94c114d,9,10,50,no
23971dd3-9346-452d-8fcc-8787633225a3,a14f7205-7557-412a-bdee-93ddf94c114d,0,10,100,no
23971dd3-9346-452d-8fcc-8787633225a3,a14f7205-7557-412a-bdee-93ddf94c114d,1,10,100,no
23971dd3-9346-452d-8fcc-8787633225a3,a14f7205-7557-412a-bdee-93ddf94c114d,2,10,100,no
23971dd3-9346-452d-8fcc-8787633225a3,a14f7205-7557-412a-bdee-93ddf94c114d,3,10,100,no
23971dd3-9346-452d-8fcc-8787633225a3,a14f7205-7557-412a-bdee-93ddf94c114d,4,10,100,no
23971dd3-9346-452d-8fcc-8787633225a3,a14f7205-7557-412a-bdee-93ddf94c114d,5,10,100,no
23971dd3-9346-452d-8fcc-8787633225a3,a14f7205-7557-412a-bdee-93ddf94c114d,6,10,100,no
23971dd3-9346-452d-8fcc-8787633225a3,a14f7205-7557-412a-bdee-93ddf94c114d,7,10,100,no
23971dd3-9346-452d-8fcc-8787633225a3,a14f7205-7557-412a-bdee-93ddf94c114d,8,10,100,no
23971dd3-9346-452d-8fcc-8787633225a3,a14f7205-7557-412a-bdee-93ddf94c114d,9,10,100,no
23971dd3-9346-452d-8fcc-8787633225a3,a14f7205-7557-412a-bdee-93ddf94c114d,0,10,full,no
23971dd3-9346-452d-8fcc-8787633225a3,a14f7205-7557-412a-bdee-93ddf94c114d,1,10,full,no
23971dd3-9346-452d-8fcc-8787633225a3,a14f7205-7557-412a-bdee-93ddf94c114d,2,10,full,no
23971dd3-9346-452d-8fcc-8787633225a3,a14f7205-7557-412a-bdee-93ddf94c114d,3,10,full,no
23971dd3-9346-452d-8fcc-8787633225a3,a14f7205-7557-412a-bdee-93ddf94c114d,4,10,full,no
23971dd3-9346-452d-8fcc-8787633225a3,a14f7205-7557-412a-bdee-93ddf94c114d,5,10,full,no
23971dd3-9346-452d-8fcc-8787633225a3,a14f7205-7557-412a-bdee-93ddf94c114d,6,10,full,no
23971dd3-9346-452d-8fcc-8787633225a3,a14f7205-7557-412a-bdee-93ddf94c114d,7,10,full,no
23971dd3-9346-452d-8fcc-8787633225a3,a14f7205-7557-412a-bdee-93ddf94c114d,8,10,full,no
23971dd3-9346-452d-8fcc-8787633225a3,a14f7205-7557-412a-bdee-93ddf94c114d,9,10,full,no
0995ff58-e2f1-4758-856a-199a1130cc48,750378f3-3e06-485d-8a2c-8fe16a9f1f84,0,10,10,no
0995ff58-e2f1-4758-856a-199a1130cc48,750378f3-3e06-485d-8a2c-8fe16a9f1f84,1,10,10,no
0995ff58-e2f1-4758-856a-199a1130cc48,750378f3-3e06-485d-8a2c-8fe16a9f1f84,2,10,10,no
0995ff58-e2f1-4758-856a-199a1130cc48,750378f3-3e06-485d-8a2c-8fe16a9f1f84,3,10,10,no
0995ff58-e2f1-4758-856a-199a1130cc48,750378f3-3e06-485d-8a2c-8fe16a9f1f84,4,10,10,no
0995ff58-e2f1-4758-856a-199a1130cc48,750378f3-3e06-485d-8a2c-8fe16a9f1f84,5,10,10,no
0995ff58-e2f1-4758-856a-199a1130cc48,750378f3-3e06-485d-8a2c-8fe16a9f1f84,6,10,10,no
0995ff58-e2f1-4758-856a-199a1130cc48,750378f3-3e06-485d-8a2c-8fe16a9f1f84,7,10,10,no
0995ff58-e2f1-4758-856a-199a1130cc48,750378f3-3e06-485d-8a2c-8fe16a9f1f84,8,10,10,no
0995ff58-e2f1-4758-856a-199a1130cc48,750378f3-3e06-485d-8a2c-8fe16a9f1f84,9,10,10,no
0995ff58-e2f1-4758-856a-199a1130cc48,750378f3-3e06-485d-8a2c-8fe16a9f1f84,0,10,50,no
0995ff58-e2f1-4758-856a-199a1130cc48,750378f3-3e06-485d-8a2c-8fe16a9f1f84,1,10,50,no
0995ff58-e2f1-4758-856a-199a1130cc48,750378f3-3e06-485d-8a2c-8fe16a9f1f84,2,10,50,no
0995ff58-e2f1-4758-856a-199a1130cc48,750378f3-3e06-485d-8a2c-8fe16a9f1f84,3,10,50,no
0995ff58-e2f1-4758-856a-199a1130cc48,750378f3-3e06-485d-8a2c-8fe16a9f1f84,4,10,50,no
0995ff58-e2f1-4758-856a-199a1130cc48,750378f3-3e06-485d-8a2c-8fe16a9f1f84,5,10,50,no
0995ff58-e2f1-4758-856a-199a1130cc48,750378f3-3e06-485d-8a2c-8fe16a9f1f84,6,10,50,no
0995ff58-e2f1-4758-856a-199a1130cc48,750378f3-3e06-485d-8a2c-8fe16a9f1f84,7,10,50,no
0995ff58-e2f1-4758-856a-199a1130cc48,750378f3-3e06-485d-8a2c-8fe16a9f1f84,8,10,50,no
0995ff58-e2f1-4758-856a-199a1130cc48,750378f3-3e06-485d-8a2c-8fe16a9f1f84,9,10,50,no
0995ff58-e2f1-4758-856a-199a1130cc48,750378f3-3e06-485d-8a2c-8fe16a9f1f84,0,10,100,no
0995ff58-e2f1-4758-856a-199a1130cc48,750378f3-3e06-485d-8a2c-8fe16a9f1f84,1,10,100,no
0995ff58-e2f1-4758-856a-199a1130cc48,750378f3-3e06-485d-8a2c-8fe16a9f1f84,2,10,100,no
0995ff58-e2f1-4758-856a-199a1130cc48,750378f3-3e06-485d-8a2c-8fe16a9f1f84,3,10,100,no
0995ff58-e2f1-4758-856a-199a1130cc48,750378f3-3e06-485d-8a2c-8fe16a9f1f84,4,10,100,no
0995ff58-e2f1-4758-856a-199a1130cc48,750378f3-3e06-485d-8a2c-8fe16a9f1f84,5,10,100,no
0995ff58-e2f1-4758-856a-199a1130cc48,750378f3-3e06-485d-8a2c-8fe16a9f1f84,6,10,100,no
0995ff58-e2f1-4758-856a-199a1130cc48,750378f3-3e06-485d-8a2c-8fe16a9f1f84,7,10,100,no
0995ff58-e2f1-4758-856a-199a1130cc48,750378f3-3e06-485d-8a2c-8fe16a9f1f84,8,10,100,no
0995ff58-e2f1-4758-856a-199a1130cc48,750378f3-3e06-485d-8a2c-8fe16a9f1f84,9,10,100,no
0995ff58-e2f1-4758-856a-199a1130cc48,750378f3-3e06-485d-8a2c-8fe16a9f1f84,0,10,full,no
0995ff58-e2f1-4758-856a-199a1130cc48,750378f3-3e06-485d-8a2c-8fe16a9f1f84,1,10,full,no
0995ff58-e2f1-4758-856a-199a1130cc48,750378f3-3e06-485d-8a2c-8fe16a9f1f84,2,10,full,no
0995ff58-e2f1-4758-856a-199a1130cc48,750378f3-3e06-485d-8a2c-8fe16a9f1f84,3,10,full,no
0995ff58-e2f1-4758-856a-199a1130cc48,750378f3-3e06-485d-8a2c-8fe16a9f1f84,4,10,full,no
0995ff58-e2f1-4758-856a-199a1130cc48,750378f3-3e06-485d-8a2c-8fe16a9f1f84,5,10,full,no
0995ff58-e2f1-4758-856a-199a1130cc48,750378f3-3e06-485d-8a2c-8fe16a9f1f84,6,10,full,no
0995ff58-e2f1-4758-856a-199a1130cc48,750378f3-3e06-485d-8a2c-8fe16a9f1f84,7,10,full,no
0995ff58-e2f1-4758-856a-199a1130cc48,750378f3-3e06-485d-8a2c-8fe16a9f1f84,8,10,full,no
0995ff58-e2f1-4758-856a-199a1130cc48,750378f3-3e06-485d-8a2c-8fe16a9f1f84,9,10,full,no
0995ff58-e2f1-4758-856a-199a1130cc48,0b063801-4312-4ae8-83dd-e317702afbcf,0,10,10,no
0995ff58-e2f1-4758-856a-199a1130cc48,0b063801-4312-4ae8-83dd-e317702afbcf,1,10,10,no
0995ff58-e2f1-4758-856a-199a1130cc48,0b063801-4312-4ae8-83dd-e317702afbcf,2,10,10,no
0995ff58-e2f1-4758-856a-199a1130cc48,0b063801-4312-4ae8-83dd-e317702afbcf,3,10,10,no
0995ff58-e2f1-4758-856a-199a1130cc48,0b063801-4312-4ae8-83dd-e317702afbcf,4,10,10,no
0995ff58-e2f1-4758-856a-199a1130cc48,0b063801-4312-4ae8-83dd-e317702afbcf,5,10,10,no
0995ff58-e2f1-4758-856a-199a1130cc48,0b063801-4312-4ae8-83dd-e317702afbcf,6,10,10,no
0995ff58-e2f1-4758-856a-199a1130cc48,0b063801-4312-4ae8-83dd-e317702afbcf,7,10,10,no
0995ff58-e2f1-4758-856a-199a1130cc48,0b063801-4312-4ae8-83dd-e317702afbcf,8,10,10,no
0995ff58-e2f1-4758-856a-199a1130cc48,0b063801-4312-4ae8-83dd-e317702afbcf,9,10,10,no
0995ff58-e2f1-4758-856a-199a1130cc48,0b063801-4312-4ae8-83dd-e317702afbcf,0,10,50,no
0995ff58-e2f1-4758-856a-199a1130cc48,0b063801-4312-4ae8-83dd-e317702afbcf,1,10,50,no
0995ff58-e2f1-4758-856a-199a1130cc48,0b063801-4312-4ae8-83dd-e317702afbcf,2,10,50,no
0995ff58-e2f1-4758-856a-199a1130cc48,0b063801-4312-4ae8-83dd-e317702afbcf,3,10,50,no
0995ff58-e2f1-4758-856a-199a1130cc48,0b063801-4312-4ae8-83dd-e317702afbcf,4,10,50,no
0995ff58-e2f1-4758-856a-199a1130cc48,0b063801-4312-4ae8-83dd-e317702afbcf,5,10,50,no
0995ff58-e2f1-4758-856a-199a1130cc48,0b063801-4312-4ae8-83dd-e317702afbcf,6,10,50,no
0995ff58-e2f1-4758-856a-199a1130cc48,0b063801-4312-4ae8-83dd-e317702afbcf,7,10,50,no
0995ff58-e2f1-4758-856a-199a1130cc48,0b063801-4312-4ae8-83dd-e317702afbcf,8,10,50,no
0995ff58-e2f1-4758-856a-199a1130cc48,0b063801-4312-4ae8-83dd-e317702afbcf,9,10,50,no
0995ff58-e2f1-4758-856a-199a1130cc48,0b063801-4312-4ae8-83dd-e317702afbcf,0,10,100,no
0995ff58-e2f1-4758-856a-199a1130cc48,0b063801-4312-4ae8-83dd-e317702afbcf,1,10,100,no
0995ff58-e2f1-4758-856a-199a1130cc48,0b063801-4312-4ae8-83dd-e317702afbcf,2,10,100,no
0995ff58-e2f1-4758-856a-199a1130cc48,0b063801-4312-4ae8-83dd-e317702afbcf,3,10,100,no
0995ff58-e2f1-4758-856a-199a1130cc48,0b063801-4312-4ae8-83dd-e317702afbcf,4,10,100,no
0995ff58-e2f1-4758-856a-199a1130cc48,0b063801-4312-4ae8-83dd-e317702afbcf,5,10,100,no
0995ff58-e2f1-4758-856a-199a1130cc48,0b063801-4312-4ae8-83dd-e317702afbcf,6,10,100,no
0995ff58-e2f1-4758-856a-199a1130cc48,0b063801-4312-4ae8-83dd-e317702afbcf,7,10,100,no
0995ff58-e2f1-4758-856a-199a1130cc48,0b063801-4312-4ae8-83dd-e317702afbcf,8,10,100,no
0995ff58-e2f1-4758-856a-199a1130cc48,0b063801-4312-4ae8-83dd-e317702afbcf,9,10,100,no
0995ff58-e2f1-4758-856a-199a1130cc48,0b063801-4312-4ae8-83dd-e317702afbcf,0,10,full,no
0995ff58-e2f1-4758-856a-199a1130cc48,0b063801-4312-4ae8-83dd-e317702afbcf,1,10,full,no
0995ff58-e2f1-4758-856a-199a1130cc48,0b063801-4312-4ae8-83dd-e317702afbcf,2,10,full,no
0995ff58-e2f1-4758-856a-199a1130cc48,0b063801-4312-4ae8-83dd-e317702afbcf,3,10,full,no
0995ff58-e2f1-4758-856a-199a1130cc48,0b063801-4312-4ae8-83dd-e317702afbcf,4,10,full,no
0995ff58-e2f1-4758-856a-199a1130cc48,0b063801-4312-4ae8-83dd-e317702afbcf,5,10,full,no
0995ff58-e2f1-4758-856a-199a1130cc48,0b063801-4312-4ae8-83dd-e317702afbcf,6,10,full,no
0995ff58-e2f1-4758-856a-199a1130cc48,0b063801-4312-4ae8-83dd-e317702afbcf,7,10,full,no
0995ff58-e2f1-4758-856a-199a1130cc48,0b063801-4312-4ae8-83dd-e317702afbcf,8,10,full,no
0995ff58-e2f1-4758-856a-199a1130cc48,0b063801-4312-4ae8-83dd-e317702afbcf,9,10,full,no
1555dffd-62cd-4024-bed5-42a0b2a4e0f7,dd144e66-a450-441f-88e6-2403277bccba,0,10,10,no
1555dffd-62cd-4024-bed5-42a0b2a4e0f7,dd144e66-a450-441f-88e6-2403277bccba,1,10,10,no
1555dffd-62cd-4024-bed5-42a0b2a4e0f7,dd144e66-a450-441f-88e6-2403277bccba,2,10,10,no
1555dffd-62cd-4024-bed5-42a0b2a4e0f7,dd144e66-a450-441f-88e6-2403277bccba,3,10,10,no
1555dffd-62cd-4024-bed5-42a0b2a4e0f7,dd144e66-a450-441f-88e6-2403277bccba,4,10,10,no
1555dffd-62cd-4024-bed5-42a0b2a4e0f7,dd144e66-a450-441f-88e6-2403277bccba,5,10,10,no
1555dffd-62cd-4024-bed5-42a0b2a4e0f7,dd144e66-a450-441f-88e6-2403277bccba,6,10,10,no
1555dffd-62cd-4024-bed5-42a0b2a4e0f7,dd144e66-a450-441f-88e6-2403277bccba,7,10,10,no
1555dffd-62cd-4024-bed5-42a0b2a4e0f7,dd144e66-a450-441f-88e6-2403277bccba,8,10,10,no
1555dffd-62cd-4024-bed5-42a0b2a4e0f7,dd144e66-a450-441f-88e6-2403277bccba,9,10,10,no
1555dffd-62cd-4024-bed5-42a0b2a4e0f7,dd144e66-a450-441f-88e6-2403277bccba,0,10,50,no
1555dffd-62cd-4024-bed5-42a0b2a4e0f7,dd144e66-a450-441f-88e6-2403277bccba,1,10,50,no
1555dffd-62cd-4024-bed5-42a0b2a4e0f7,dd144e66-a450-441f-88e6-2403277bccba,2,10,50,no
1555dffd-62cd-4024-bed5-42a0b2a4e0f7,dd144e66-a450-441f-88e6-2403277bccba,3,10,50,yes
1555dffd-62cd-4024-bed5-42a0b2a4e0f7,dd144e66-a450-441f-88e6-2403277bccba,4,10,50,no
1555dffd-62cd-4024-bed5-42a0b2a4e0f7,dd144e66-a450-441f-88e6-2403277bccba,5,10,50,yes
1555dffd-62cd-4024-bed5-42a0b2a4e0f7,dd144e66-a450-441f-88e6-2403277bccba,6,10,50,yes
1555dffd-62cd-4024-bed5-42a0b2a4e0f7,dd144e66-a450-441f-88e6-2403277bccba,7,10,50,no
1555dffd-62cd-4024-bed5-42a0b2a4e0f7,dd144e66-a450-441f-88e6-2403277bccba,8,10,50,yes
1555dffd-62cd-4024-bed5-42a0b2a4e0f7,dd144e66-a450-441f-88e6-2403277bccba,9,10,50,yes
1555dffd-62cd-4024-bed5-42a0b2a4e0f7,dd144e66-a450-441f-88e6-2403277bccba,0,10,100,yes
1555dffd-62cd-4024-bed5-42a0b2a4e0f7,dd144e66-a450-441f-88e6-2403277bccba,1,10,100,yes
1555dffd-62cd-4024-bed5-42a0b2a4e0f7,dd144e66-a450-441f-88e6-2403277bccba,2,10,100,yes
1555dffd-62cd-4024-bed5-42a0b2a4e0f7,dd144e66-a450-441f-88e6-2403277bccba,3,10,100,yes
1555dffd-62cd-4024-bed5-42a0b2a4e0f7,dd144e66-a450-441f-88e6-2403277bccba,4,10,100,yes
1555dffd-62cd-4024-bed5-42a0b2a4e0f7,dd144e66-a450-441f-88e6-2403277bccba,5,10,100,yes
1555dffd-62cd-4024-bed5-42a0b2a4e0f7,dd144e66-a450-441f-88e6-2403277bccba,6,10,100,yes
1555dffd-62cd-4024-bed5-42a0b2a4e0f7,dd144e66-a450-441f-88e6-2403277bccba,7,10,100,no
1555dffd-62cd-4024-bed5-42a0b2a4e0f7,dd144e66-a450-441f-88e6-2403277bccba,8,10,100,yes
1555dffd-62cd-4024-bed5-42a0b2a4e0f7,dd144e66-a450-441f-88e6-2403277bccba,9,10,100,yes
1555dffd-62cd-4024-bed5-42a0b2a4e0f7,dd144e66-a450-441f-88e6-2403277bccba,0,10,full,yes
1555dffd-62cd-4024-bed5-42a0b2a4e0f7,dd144e66-a450-441f-88e6-2403277bccba,1,10,full,yes
1555dffd-62cd-4024-bed5-42a0b2a4e0f7,dd144e66-a450-441f-88e6-2403277bccba,2,10,full,yes
1555dffd-62cd-4024-bed5-42a0b2a4e0f7,dd144e66-a450-441f-88e6-2403277bccba,3,10,full,yes
1555dffd-62cd-4024-bed5-42a0b2a4e0f7,dd144e66-a450-441f-88e6-2403277bccba,4,10,full,yes
1555dffd-62cd-4024-bed5-42a0b2a4e0f7,dd144e66-a450-441f-88e6-2403277bccba,5,10,full,yes
1555dffd-62cd-4024-bed5-42a0b2a4e0f7,dd144e66-a450-441f-88e6-2403277bccba,6,10,full,yes
1555dffd-62cd-4024-bed5-42a0b2a4e0f7,dd144e66-a450-441f-88e6-2403277bccba,7,10,full,no
1555dffd-62cd-4024-bed5-42a0b2a4e0f7,dd144e66-a450-441f-88e6-2403277bccba,8,10,full,yes
1555dffd-62cd-4024-bed5-42a0b2a4e0f7,dd144e66-a450-441f-88e6-2403277bccba,9,10,full,yes
1555dffd-62cd-4024-bed5-42a0b2a4e0f7,ce53945e-0bf2-44b2-a525-929291efb570,0,10,10,no
1555dffd-62cd-4024-bed5-42a0b2a4e0f7,ce53945e-0bf2-44b2-a525-929291efb570,1,10,10,no
1555dffd-62cd-4024-bed5-42a0b2a4e0f7,ce53945e-0bf2-44b2-a525-929291efb570,2,10,10,no
1555dffd-62cd-4024-bed5-42a0b2a4e0f7,ce53945e-0bf2-44b2-a525-929291efb570,3,10,10,no
1555dffd-62cd-4024-bed5-42a0b2a4e0f7,ce53945e-0bf2-44b2-a525-929291efb570,4,10,10,no
1555dffd-62cd-4024-bed5-42a0b2a4e0f7,ce53945e-0bf2-44b2-a525-929291efb570,5,10,10,no
1555dffd-62cd-4024-bed5-42a0b2a4e0f7,ce53945e-0bf2-44b2-a525-929291efb570,6,10,10,no
1555dffd-62cd-4024-bed5-42a0b2a4e0f7,ce53945e-0bf2-44b2-a525-929291efb570,7,10,10,no
1555dffd-62cd-4024-bed5-42a0b2a4e0f7,ce53945e-0bf2-44b2-a525-929291efb570,8,10,10,no
1555dffd-62cd-4024-bed5-42a0b2a4e0f7,ce53945e-0bf2-44b2-a525-929291efb570,9,10,10,no
1555dffd-62cd-4024-bed5-42a0b2a4e0f7,ce53945e-0bf2-44b2-a525-929291efb570,0,10,50,no
1555dffd-62cd-4024-bed5-42a0b2a4e0f7,ce53945e-0bf2-44b2-a525-929291efb570,1,10,50,no
1555dffd-62cd-4024-bed5-42a0b2a4e0f7,ce53945e-0bf2-44b2-a525-929291efb570,2,10,50,no
1555dffd-62cd-4024-bed5-42a0b2a4e0f7,ce53945e-0bf2-44b2-a525-929291efb570,3,10,50,yes
1555dffd-62cd-4024-bed5-42a0b2a4e0f7,ce53945e-0bf2-44b2-a525-929291efb570,4,10,50,no
1555dffd-62cd-4024-bed5-42a0b2a4e0f7,ce53945e-0bf2-44b2-a525-929291efb570,5,10,50,no
1555dffd-62cd-4024-bed5-42a0b2a4e0f7,ce53945e-0bf2-44b2-a525-929291efb570,6,10,50,no
1555dffd-62cd-4024-bed5-42a0b2a4e0f7,ce53945e-0bf2-44b2-a525-929291efb570,7,10,50,yes
1555dffd-62cd-4024-bed5-42a0b2a4e0f7,ce53945e-0bf2-44b2-a525-929291efb570,8,10,50,no
1555dffd-62cd-4024-bed5-42a0b2a4e0f7,ce53945e-0bf2-44b2-a525-929291efb570,9,10,50,no
1555dffd-62cd-4024-bed5-42a0b2a4e0f7,ce53945e-0bf2-44b2-a525-929291efb570,0,10,100,yes
1555dffd-62cd-4024-bed5-42a0b2a4e0f7,ce53945e-0bf2-44b2-a525-929291efb570,1,10,100,yes
1555dffd-62cd-4024-bed5-42a0b2a4e0f7,ce53945e-0bf2-44b2-a525-929291efb570,2,10,100,yes
1555dffd-62cd-4024-bed5-42a0b2a4e0f7,ce53945e-0bf2-44b2-a525-929291efb570,3,10,100,yes
1555dffd-62cd-4024-bed5-42a0b2a4e0f7,ce53945e-0bf2-44b2-a525-929291efb570,4,10,100,yes
1555dffd-62cd-4024-bed5-42a0b2a4e0f7,ce53945e-0bf2-44b2-a525-929291efb570,5,10,100,no
1555dffd-62cd-4024-bed5-42a0b2a4e0f7,ce53945e-0bf2-44b2-a525-929291efb570,6,10,100,no
1555dffd-62cd-4024-bed5-42a0b2a4e0f7,ce53945e-0bf2-44b2-a525-929291efb570,7,10,100,yes
1555dffd-62cd-4024-bed5-42a0b2a4e0f7,ce53945e-0bf2-44b2-a525-929291efb570,8,10,100,no
1555dffd-62cd-4024-bed5-42a0b2a4e0f7,ce53945e-0bf2-44b2-a525-929291efb570,9,10,100,yes
1555dffd-62cd-4024-bed5-42a0b2a4e0f7,ce53945e-0bf2-44b2-a525-929291efb570,0,10,full,yes
1555dffd-62cd-4024-bed5-42a0b2a4e0f7,ce53945e-0bf2-44b2-a525-929291efb570,1,10,full,yes
1555dffd-62cd-4024-bed5-42a0b2a4e0f7,ce53945e-0bf2-44b2-a525-929291efb570,2,10,full,yes
1555dffd-62cd-4024-bed5-42a0b2a4e0f7,ce53945e-0bf2-44b2-a525-929291efb570,3,10,full,yes
1555dffd-62cd-4024-bed5-42a0b2a4e0f7,ce53945e-0bf2-44b2-a525-929291efb570,4,10,full,yes
1555dffd-62cd-4024-bed5-42a0b2a4e0f7,ce53945e-0bf2-44b2-a525-929291efb570,5,10,full,no
1555dffd-62cd-4024-bed5-42a0b2a4e0f7,ce53945e-0bf2-44b2-a525-929291efb570,6,10,full,no
1555dffd-62cd-4024-bed5-42a0b2a4e0f7,ce53945e-0bf2-44b2-a525-929291efb570,7,10,full,yes
1555dffd-62cd-4024-bed5-42a0b2a4e0f7,ce53945e-0bf2-44b2-a525-929291efb570,8,10,full,no
1555dffd-62cd-4024-bed5-42a0b2a4e0f7,ce53945e-0bf2-44b2-a525-929291efb570,9,10,full,yes
d9ec93b7-a37b-4a66-89e1-b9e215e7c25d,7b912d1b-5b3b-4fad-89e5-adc5ffdcb4a8,0,10,10,no
d9ec93b7-a37b-4a66-89e1-b9e215e7c25d,7b912d1b-5b3b-4fad-89e5-adc5ffdcb4a8,1,10,10,no
d9ec93b7-a37b-4a66-89e1-b9e215e7c25d,7b912d1b-5b3b-4fad-89e5-adc5ffdcb4a8,2,10,10,no
d9ec93b7-a37b-4a66-89e1-b9e215e7c25d,7b912d1b-5b3b-4fad-89e5-adc5ffdcb4a8,3,10,10,no
d9ec93b7-a37b-4a66-89e1-b9e215e7c25d,7b912d1b-5b3b-4fad-89e5-adc5ffdcb4a8,4,10,10,no
d9ec93b7-a37b-4a66-89e1-b9e215e7c25d,7b912d1b-5b3b-4fad-89e5-adc5ffdcb4a8,5,10,10,no
d9ec93b7-a37b-4a66-89e1-b9e215e7c25d,7b912d1b-5b3b-4fad-89e5-adc5ffdcb4a8,6,10,10,no
d9ec93b7-a37b-4a66-89e1-b9e215e7c25d,7b912d1b-5b3b-4fad-89e5-adc5ffdcb4a8,7,10,10,no
d9ec93b7-a37b-4a66-89e1-b9e215e7c25d,7b912d1b-5b3b-4fad-89e5-adc5ffdcb4a8,8,10,10,no
d9ec93b7-a37b-4a66-89e1-b9e215e7c25d,7b912d1b-5b3b-4fad-89e5-adc5ffdcb4a8,9,10,10,no
d9ec93b7-a37b-4a66-89e1-b9e215e7c25d,7b912d1b-5b3b-4fad-89e5-adc5ffdcb4a8,0,10,50,no
d9ec93b7-a37b-4a66-89e1-b9e215e7c25d,7b912d1b-5b3b-4fad-89e5-adc5ffdcb4a8,1,10,50,no
d9ec93b7-a37b-4a66-89e1-b9e215e7c25d,7b912d1b-5b3b-4fad-89e5-adc5ffdcb4a8,2,10,50,no
d9ec93b7-a37b-4a66-89e1-b9e215e7c25d,7b912d1b-5b3b-4fad-89e5-adc5ffdcb4a8,3,10,50,no
d9ec93b7-a37b-4a66-89e1-b9e215e7c25d,7b912d1b-5b3b-4fad-89e5-adc5ffdcb4a8,4,10,50,no
d9ec93b7-a37b-4a66-89e1-b9e215e7c25d,7b912d1b-5b3b-4fad-89e5-adc5ffdcb4a8,5,10,50,no
d9ec93b7-a37b-4a66-89e1-b9e215e7c25d,7b912d1b-5b3b-4fad-89e5-adc5ffdcb4a8,6,10,50,no
d9ec93b7-a37b-4a66-89e1-b9e215e7c25d,7b912d1b-5b3b-4fad-89e5-adc5ffdcb4a8,7,10,50,no
d9ec93b7-a37b-4a66-89e1-b9e215e7c25d,7b912d1b-5b3b-4fad-89e5-adc5ffdcb4a8,8,10,50,no
d9ec93b7-a37b-4a66-89e1-b9e215e7c25d,7b912d1b-5b3b-4fad-89e5-adc5ffdcb4a8,9,10,50,no
d9ec93b7-a37b-4a66-89e1-b9e215e7c25d,7b912d1b-5b3b-4fad-89e5-adc5ffdcb4a8,0,10,100,no
d9ec93b7-a37b-4a66-89e1-b9e215e7c25d,7b912d1b-5b3b-4fad-89e5-adc5ffdcb4a8,1,10,100,yes
d9ec93b7-a37b-4a66-89e1-b9e215e7c25d,7b912d1b-5b3b-4fad-89e5-adc5ffdcb4a8,2,10,100,yes
d9ec93b7-a37b-4a66-89e1-b9e215e7c25d,7b912d1b-5b3b-4fad-89e5-adc5ffdcb4a8,3,10,100,yes
d9ec93b7-a37b-4a66-89e1-b9e215e7c25d,7b912d1b-5b3b-4fad-89e5-adc5ffdcb4a8,4,10,100,no
d9ec93b7-a37b-4a66-89e1-b9e215e7c25d,7b912d1b-5b3b-4fad-89e5-adc5ffdcb4a8,5,10,100,yes
d9ec93b7-a37b-4a66-89e1-b9e215e7c25d,7b912d1b-5b3b-4fad-89e5-adc5ffdcb4a8,6,10,100,no
d9ec93b7-a37b-4a66-89e1-b9e215e7c25d,7b912d1b-5b3b-4fad-89e5-adc5ffdcb4a8,7,10,100,no
d9ec93b7-a37b-4a66-89e1-b9e215e7c25d,7b912d1b-5b3b-4fad-89e5-adc5ffdcb4a8,8,10,100,no
d9ec93b7-a37b-4a66-89e1-b9e215e7c25d,7b912d1b-5b3b-4fad-89e5-adc5ffdcb4a8,9,10,100,no
d9ec93b7-a37b-4a66-89e1-b9e215e7c25d,7b912d1b-5b3b-4fad-89e5-adc5ffdcb4a8,0,10,full,no
d9ec93b7-a37b-4a66-89e1-b9e215e7c25d,7b912d1b-5b3b-4fad-89e5-adc5ffdcb4a8,1,10,full,yes
d9ec93b7-a37b-4a66-89e1-b9e215e7c25d,7b912d1b-5b3b-4fad-89e5-adc5ffdcb4a8,2,10,full,yes
d9ec93b7-a37b-4a66-89e1-b9e215e7c25d,7b912d1b-5b3b-4fad-89e5-adc5ffdcb4a8,3,10,full,yes
d9ec93b7-a37b-4a66-89e1-b9e215e7c25d,7b912d1b-5b3b-4fad-89e5-adc5ffdcb4a8,4,10,full,no
d9ec93b7-a37b-4a66-89e1-b9e215e7c25d,7b912d1b-5b3b-4fad-89e5-adc5ffdcb4a8,5,10,full,yes
d9ec93b7-a37b-4a66-89e1-b9e215e7c25d,7b912d1b-5b3b-4fad-89e5-adc5ffdcb4a8,6,10,full,no
d9ec93b7-a37b-4a66-89e1-b9e215e7c25d,7b912d1b-5b3b-4fad-89e5-adc5ffdcb4a8,7,10,full,no
d9ec93b7-a37b-4a66-89e1-b9e215e7c25d,7b912d1b-5b3b-4fad-89e5-adc5ffdcb4a8,8,10,full,no
d9ec93b7-a37b-4a66-89e1-b9e215e7c25d,7b912d1b-5b3b-4fad-89e5-adc5ffdcb4a8,9,10,full,no
d9ec93b7-a37b-4a66-89e1-b9e215e7c25d,60c2f62d-5c74-49bf-97cb-d19f1d318c0b,0,10,10,no
d9ec93b7-a37b-4a66-89e1-b9e215e7c25d,60c2f62d-5c74-49bf-97cb-d19f1d318c0b,1,10,10,no
d9ec93b7-a37b-4a66-89e1-b9e215e7c25d,60c2f62d-5c74-49bf-97cb-d19f1d318c0b,2,10,10,no
d9ec93b7-a37b-4a66-89e1-b9e215e7c25d,60c2f62d-5c74-49bf-97cb-d19f1d318c0b,3,10,10,no
d9ec93b7-a37b-4a66-89e1-b9e215e7c25d,60c2f62d-5c74-49bf-97cb-d19f1d318c0b,4,10,10,no
d9ec93b7-a37b-4a66-89e1-b9e215e7c25d,60c2f62d-5c74-49bf-97cb-d19f1d318c0b,5,10,10,no
d9ec93b7-a37b-4a66-89e1-b9e215e7c25d,60c2f62d-5c74-49bf-97cb-d19f1d318c0b,6,10,10,no
d9ec93b7-a37b-4a66-89e1-b9e215e7c25d,60c2f62d-5c74-49bf-97cb-d19f1d318c0b,7,10,10,no
d9ec93b7-a37b-4a66-89e1-b9e215e7c25d,60c2f62d-5c74-49bf-97cb-d19f1d318c0b,8,10,10,no
d9ec93b7-a37b-4a66-89e1-b9e215e7c25d,60c2f62d-5c74-49bf-97cb-d19f1d318c0b,9,10,10,no
d9ec93b7-a37b-4a66-89e1-b9e215e7c25d,60c2f62d-5c74-49bf-97cb-d19f1d318c0b,0,10,50,no
d9ec93b7-a37b-4a66-89e1-b9e215e7c25d,60c2f62d-5c74-49bf-97cb-d19f1d318c0b,1,10,50,no
d9ec93b7-a37b-4a66-89e1-b9e215e7c25d,60c2f62d-5c74-49bf-97cb-d19f1d318c0b,2,10,50,no
d9ec93b7-a37b-4a66-89e1-b9e215e7c25d,60c2f62d-5c74-49bf-97cb-d19f1d318c0b,3,10,50,no
d9ec93b7-a37b-4a66-89e1-b9e215e7c25d,60c2f62d-5c74-49bf-97cb-d19f1d318c0b,4,10,50,no
d9ec93b7-a37b-4a66-89e1-b9e215e7c25d,60c2f62d-5c74-49bf-97cb-d19f1d318c0b,5,10,50,no
d9ec93b7-a37b-4a66-89e1-b9e215e7c25d,60c2f62d-5c74-49bf-97cb-d19f1d318c0b,6,10,50,yes
d9ec93b7-a37b-4a66-89e1-b9e215e7c25d,60c2f62d-5c74-49bf-97cb-d19f1d318c0b,7,10,50,yes
d9ec93b7-a37b-4a66-89e1-b9e215e7c25d,60c2f62d-5c74-49bf-97cb-d19f1d318c0b,8,10,50,yes
d9ec93b7-a37b-4a66-89e1-b9e215e7c25d,60c2f62d-5c74-49bf-97cb-d19f1d318c0b,9,10,50,yes
d9ec93b7-a37b-4a66-89e1-b9e215e7c25d,60c2f62d-5c74-49bf-97cb-d19f1d318c0b,0,10,100,yes
d9ec93b7-a37b-4a66-89e1-b9e215e7c25d,60c2f62d-5c74-49bf-97cb-d19f1d318c0b,1,10,100,yes
d9ec93b7-a37b-4a66-89e1-b9e215e7c25d,60c2f62d-5c74-49bf-97cb-d19f1d318c0b,2,10,100,yes
d9ec93b7-a37b-4a66-89e1-b9e215e7c25d,60c2f62d-5c74-49bf-97cb-d19f1d318c0b,3,10,100,yes
d9ec93b7-a37b-4a66-89e1-b9e215e7c25d,60c2f62d-5c74-49bf-97cb-d19f1d318c0b,4,10,100,yes
d9ec93b7-a37b-4a66-89e1-b9e215e7c25d,60c2f62d-5c74-49bf-97cb-d19f1d318c0b,5,10,100,no
d9ec93b7-a37b-4a66-89e1-b9e215e7c25d,60c2f62d-5c74-49bf-97cb-d19f1d318c0b,6,10,100,no
d9ec93b7-a37b-4a66-89e1-b9e215e7c25d,60c2f62d-5c74-49bf-97cb-d19f1d318c0b,7,10,100,no
d9ec93b7-a37b-4a66-89e1-b9e215e7c25d,60c2f62d-5c74-49bf-97cb-d19f1d318c0b,8,10,100,no
d9ec93b7-a37b-4a66-89e1-b9e215e7c25d,60c2f62d-5c74-49bf-97cb-d19f1d318c0b,9,10,100,no
d9ec93b7-a37b-4a66-89e1-b9e215e7c25d,60c2f62d-5c74-49bf-97cb-d19f1d318c0b,0,10,full,yes
d9ec93b7-a37b-4a66-89e1-b9e215e7c25d,60c2f62d-5c74-49bf-97cb-d19f1d318c0b,1,10,full,yes
d9ec93b7-a37b-4a66-89e1-b9e215e7c25d,60c2f62d-5c74-49bf-97cb-d19f1d318c0b,2,10,full,yes
d9ec93b7-a37b-4a66-89e1-b9e215e7c25d,60c2f62d-5c74-49bf-97cb-d19f1d318c0b,3,10,full,yes
d9ec93b7-a37b-4a66-89e1-b9e215e7c25d,60c2f62d-5c74-49bf-97cb-d19f1d318c0b,4,10,full,yes
d9ec93b7-a37b-4a66-89e1-b9e215e7c25d,60c2f62d-5c74-49bf-97cb-d19f1d318c0b,5,10,full,no
d9ec93b7-a37b-4a66-89e1-b9e215e7c25d,60c2f62d-5c74-49bf-97cb-d19f1d318c0b,6,10,full,no
d9ec93b7-a37b-4a66-89e1-b9e215e7c25d,60c2f62d-5c74-49bf-97cb-d19f1d318c0b,7,10,full,no
d9ec93b7-a37b-4a66-89e1-b9e215e7c25d,60c2f62d-5c74-49bf-97cb-d19f1d318c0b,8,10,full,no
d9ec93b7-a37b-4a66-89e1-b9e215e7c25d,60c2f62d-5c74-49bf-97cb-d19f1d318c0b,9,10,full,no
27c30a3a-e893-4d49-a059-691a9c68d28a,c5b4f757-4e3d-4bf5-9392-ff798c5de974,0,10,10,no
27c30a3a-e893-4d49-a059-691a9c68d28a,c5b4f757-4e3d-4bf5-9392-ff798c5de974,1,10,10,no
27c30a3a-e893-4d49-a059-691a9c68d28a,c5b4f757-4e3d-4bf5-9392-ff798c5de974,2,10,10,no
27c30a3a-e893-4d49-a059-691a9c68d28a,c5b4f757-4e3d-4bf5-9392-ff798c5de974,3,10,10,no
27c30a3a-e893-4d49-a059-691a9c68d28a,c5b4f757-4e3d-4bf5-9392-ff798c5de974,4,10,10,no
27c30a3a-e893-4d49-a059-691a9c68d28a,c5b4f757-4e3d-4bf5-9392-ff798c5de974,5,10,10,no
27c30a3a-e893-4d49-a059-691a9c68d28a,c5b4f757-4e3d-4bf5-9392-ff798c5de974,6,10,10,no
27c30a3a-e893-4d49-a059-691a9c68d28a,c5b4f757-4e3d-4bf5-9392-ff798c5de974,7,10,10,no
27c30a3a-e893-4d49-a059-691a9c68d28a,c5b4f757-4e3d-4bf5-9392-ff798c5de974,8,10,10,no
27c30a3a-e893-4d49-a059-691a9c68d28a,c5b4f757-4e3d-4bf5-9392-ff798c5de974,9,10,10,no
27c30a3a-e893-4d49-a059-691a9c68d28a,c5b4f757-4e3d-4bf5-9392-ff798c5de974,0,10,50,no
27c30a3a-e893-4d49-a059-691a9c68d28a,c5b4f757-4e3d-4bf5-9392-ff798c5de974,1,10,50,no
27c30a3a-e893-4d49-a059-691a9c68d28a,c5b4f757-4e3d-4bf5-9392-ff798c5de974,2,10,50,no
27c30a3a-e893-4d49-a059-691a9c68d28a,c5b4f757-4e3d-4bf5-9392-ff798c5de974,3,10,50,no
27c30a3a-e893-4d49-a059-691a9c68d28a,c5b4f757-4e3d-4bf5-9392-ff798c5de974,4,10,50,no
27c30a3a-e893-4d49-a059-691a9c68d28a,c5b4f757-4e3d-4bf5-9392-ff798c5de974,5,10,50,yes
27c30a3a-e893-4d49-a059-691a9c68d28a,c5b4f757-4e3d-4bf5-9392-ff798c5de974,6,10,50,no
27c30a3a-e893-4d49-a059-691a9c68d28a,c5b4f757-4e3d-4bf5-9392-ff798c5de974,7,10,50,yes
27c30a3a-e893-4d49-a059-691a9c68d28a,c5b4f757-4e3d-4bf5-9392-ff798c5de974,8,10,50,no
27c30a3a-e893-4d49-a059-691a9c68d28a,c5b4f757-4e3d-4bf5-9392-ff798c5de974,9,10,50,no
27c30a3a-e893-4d49-a059-691a9c68d28a,c5b4f757-4e3d-4bf5-9392-ff798c5de974,0,10,100,yes
27c30a3a-e893-4d49-a059-691a9c68d28a,c5b4f757-4e3d-4bf5-9392-ff798c5de974,1,10,100,yes
27c30a3a-e893-4d49-a059-691a9c68d28a,c5b4f757-4e3d-4bf5-9392-ff798c5de974,2,10,100,yes
27c30a3a-e893-4d49-a059-691a9c68d28a,c5b4f757-4e3d-4bf5-9392-ff798c5de974,3,10,100,no
27c30a3a-e893-4d49-a059-691a9c68d28a,c5b4f757-4e3d-4bf5-9392-ff798c5de974,4,10,100,no
27c30a3a-e893-4d49-a059-691a9c68d28a,c5b4f757-4e3d-4bf5-9392-ff798c5de974,5,10,100,yes
27c30a3a-e893-4d49-a059-691a9c68d28a,c5b4f757-4e3d-4bf5-9392-ff798c5de974,6,10,100,yes
27c30a3a-e893-4d49-a059-691a9c68d28a,c5b4f757-4e3d-4bf5-9392-ff798c5de974,7,10,100,no
27c30a3a-e893-4d49-a059-691a9c68d28a,c5b4f757-4e3d-4bf5-9392-ff798c5de974,8,10,100,no
27c30a3a-e893-4d49-a059-691a9c68d28a,c5b4f757-4e3d-4bf5-9392-ff798c5de974,9,10,100,no
27c30a3a-e893-4d49-a059-691a9c68d28a,c5b4f757-4e3d-4bf5-9392-ff798c5de974,0,10,full,yes
27c30a3a-e893-4d49-a059-691a9c68d28a,c5b4f757-4e3d-4bf5-9392-ff798c5de974,1,10,full,yes
27c30a3a-e893-4d49-a059-691a9c68d28a,c5b4f757-4e3d-4bf5-9392-ff798c5de974,2,10,full,yes
27c30a3a-e893-4d49-a059-691a9c68d28a,c5b4f757-4e3d-4bf5-9392-ff798c5de974,3,10,full,no
27c30a3a-e893-4d49-a059-691a9c68d28a,c5b4f757-4e3d-4bf5-9392-ff798c5de974,4,10,full,no
27c30a3a-e893-4d49-a059-691a9c68d28a,c5b4f757-4e3d-4bf5-9392-ff798c5de974,5,10,full,yes
27c30a3a-e893-4d49-a059-691a9c68d28a,c5b4f757-4e3d-4bf5-9392-ff798c5de974,6,10,full,yes
27c30a3a-e893-4d49-a059-691a9c68d28a,c5b4f757-4e3d-4bf5-9392-ff798c5de974,7,10,full,no
27c30a3a-e893-4d49-a059-691a9c68d28a,c5b4f757-4e3d-4bf5-9392-ff798c5de974,8,10,full,yes
27c30a3a-e893-4d49-a059-691a9c68d28a,c5b4f757-4e3d-4bf5-9392-ff798c5de974,9,10,full,no
27c30a3a-e893-4d49-a059-691a9c68d28a,bb3e9226-f97d-4df5-8ed5-6e6b85816b91,0,10,10,no
27c30a3a-e893-4d49-a059-691a9c68d28a,bb3e9226-f97d-4df5-8ed5-6e6b85816b91,1,10,10,no
27c30a3a-e893-4d49-a059-691a9c68d28a,bb3e9226-f97d-4df5-8ed5-6e6b85816b91,2,10,10,no
27c30a3a-e893-4d49-a059-691a9c68d28a,bb3e9226-f97d-4df5-8ed5-6e6b85816b91,3,10,10,no
27c30a3a-e893-4d49-a059-691a9c68d28a,bb3e9226-f97d-4df5-8ed5-6e6b85816b91,4,10,10,no
27c30a3a-e893-4d49-a059-691a9c68d28a,bb3e9226-f97d-4df5-8ed5-6e6b85816b91,5,10,10,no
27c30a3a-e893-4d49-a059-691a9c68d28a,bb3e9226-f97d-4df5-8ed5-6e6b85816b91,6,10,10,no
27c30a3a-e893-4d49-a059-691a9c68d28a,bb3e9226-f97d-4df5-8ed5-6e6b85816b91,7,10,10,no
27c30a3a-e893-4d49-a059-691a9c68d28a,bb3e9226-f97d-4df5-8ed5-6e6b85816b91,8,10,10,no
27c30a3a-e893-4d49-a059-691a9c68d28a,bb3e9226-f97d-4df5-8ed5-6e6b85816b91,9,10,10,no
27c30a3a-e893-4d49-a059-691a9c68d28a,bb3e9226-f97d-4df5-8ed5-6e6b85816b91,0,10,50,yes
27c30a3a-e893-4d49-a059-691a9c68d28a,bb3e9226-f97d-4df5-8ed5-6e6b85816b91,1,10,50,no
27c30a3a-e893-4d49-a059-691a9c68d28a,bb3e9226-f97d-4df5-8ed5-6e6b85816b91,2,10,50,yes
27c30a3a-e893-4d49-a059-691a9c68d28a,bb3e9226-f97d-4df5-8ed5-6e6b85816b91,3,10,50,no
27c30a3a-e893-4d49-a059-691a9c68d28a,bb3e9226-f97d-4df5-8ed5-6e6b85816b91,4,10,50,no
27c30a3a-e893-4d49-a059-691a9c68d28a,bb3e9226-f97d-4df5-8ed5-6e6b85816b91,5,10,50,yes
27c30a3a-e893-4d49-a059-691a9c68d28a,bb3e9226-f97d-4df5-8ed5-6e6b85816b91,6,10,50,no
27c30a3a-e893-4d49-a059-691a9c68d28a,bb3e9226-f97d-4df5-8ed5-6e6b85816b91,7,10,50,no
27c30a3a-e893-4d49-a059-691a9c68d28a,bb3e9226-f97d-4df5-8ed5-6e6b85816b91,8,10,50,no
27c30a3a-e893-4d49-a059-691a9c68d28a,bb3e9226-f97d-4df5-8ed5-6e6b85816b91,9,10,50,no
27c30a3a-e893-4d49-a059-691a9c68d28a,bb3e9226-f97d-4df5-8ed5-6e6b85816b91,0,10,100,yes
27c30a3a-e893-4d49-a059-691a9c68d28a,bb3e9226-f97d-4df5-8ed5-6e6b85816b91,1,10,100,yes
27c30a3a-e893-4d49-a059-691a9c68d28a,bb3e9226-f97d-4df5-8ed5-6e6b85816b91,2,10,100,yes
27c30a3a-e893-4d49-a059-691a9c68d28a,bb3e9226-f97d-4df5-8ed5-6e6b85816b91,3,10,100,yes
27c30a3a-e893-4d49-a059-691a9c68d28a,bb3e9226-f97d-4df5-8ed5-6e6b85816b91,4,10,100,no
27c30a3a-e893-4d49-a059-691a9c68d28a,bb3e9226-f97d-4df5-8ed5-6e6b85816b91,5,10,100,yes
27c30a3a-e893-4d49-a059-691a9c68d28a,bb3e9226-f97d-4df5-8ed5-6e6b85816b91,6,10,100,no
27c30a3a-e893-4d49-a059-691a9c68d28a,bb3e9226-f97d-4df5-8ed5-6e6b85816b91,7,10,100,no
27c30a3a-e893-4d49-a059-691a9c68d28a,bb3e9226-f97d-4df5-8ed5-6e6b85816b91,8,10,100,no
27c30a3a-e893-4d49-a059-691a9c68d28a,bb3e9226-f97d-4df5-8ed5-6e6b85816b91,9,10,100,yes
27c30a3a-e893-4d49-a059-691a9c68d28a,bb3e9226-f97d-4df5-8ed5-6e6b85816b91,0,10,full,yes
27c30a3a-e893-4d49-a059-691a9c68d28a,bb3e9226-f97d-4df5-8ed5-6e6b85816b91,1,10,full,yes
27c30a3a-e893-4d49-a059-691a9c68d28a,bb3e9226-f97d-4df5-8ed5-6e6b85816b91,2,10,full,yes
27c30a3a-e893-4d49-a059-691a9c68d28a,bb3e9226-f97d-4df5-8ed5-6e6b85816b91,3,10,full,yes
27c30a3a-e893-4d49-a059-691a9c68d28a,bb3e9226-f97d-4df5-8ed5-6e6b85816b91,4,10,full,no
27c30a3a-e893-4d49-a059-691a9c68d28a,bb3e9226-f97d-4df5-8ed5-6e6b85816b91,5,10,full,yes
27c30a3a-e893-4d49-a059-691a9c68d28a,bb3e9226-f97d-4df5-8ed5-6e6b85816b91,6,10,full,no
27c30a3a-e893-4d49-a059-691a9c68d28a,bb3e9226-f97d-4df5-8ed5-6e6b85816b91,7,10,full,no
27c30a3a-e893-4d49-a059-691a9c68d28a,bb3e9226-f97d-4df5-8ed5-6e6b85816b91,8,10,full,no
27c30a3a-e893-4d49-a059-691a9c68d28a,bb3e9226-f97d-4df5-8ed5-6e6b85816b91,9,10,full,yes
764df5aa-ae55-46db-b185-6d43be3bd179,f0dc35a3-4e0d-4b5f-91a9-46388d113690,0,10,10,no
764df5aa-ae55-46db-b185-6d43be3bd179,f0dc35a3-4e0d-4b5f-91a9-46388d113690,1,10,10,no
764df5aa-ae55-46db-b185-6d43be3bd179,f0dc35a3-4e0d-4b5f-91a9-46388d113690,2,10,10,no
764df5aa-ae55-46db-b185-6d43be3bd179,f0dc35a3-4e0d-4b5f-91a9-46388d113690,3,10,10,no
764df5aa-ae55-46db-b185-6d43be3bd179,f0dc35a3-4e0d-4b5f-91a9-46388d113690,4,10,10,no
764df5aa-ae55-46db-b185-6d43be3bd179,f0dc35a3-4e0d-4b5f-91a9-46388d113690,5,10,10,no
764df5aa-ae55-46db-b185-6d43be3bd179,f0dc35a3-4e0d-4b5f-91a9-46388d113690,6,10,10,no
764df5aa-ae55-46db-b185-6d43be3bd179,f0dc35a3-4e0d-4b5f-91a9-46388d113690,7,10,10,no
764df5aa-ae55-46db-b185-6d43be3bd179,f0dc35a3-4e0d-4b5f-91a9-46388d113690,8,10,10,no
764df5aa-ae55-46db-b185-6d43be3bd179,f0dc35a3-4e0d-4b5f-91a9-46388d113690,9,10,10,no
764df5aa-ae55-46db-b185-6d43be3bd179,f0dc35a3-4e0d-4b5f-91a9-46388d113690,0,10,50,no
764df5aa-ae55-46db-b185-6d43be3bd179,f0dc35a3-4e0d-4b5f-91a9-46388d113690,1,10,50,no
764df5aa-ae55-46db-b185-6d43be3bd179,f0dc35a3-4e0d-4b5f-91a9-46388d113690,2,10,50,no
764df5aa-ae55-46db-b185-6d43be3bd179,f0dc35a3-4e0d-4b5f-91a9-46388d113690,3,10,50,no
764df5aa-ae55-46db-b185-6d43be3bd179,f0dc35a3-4e0d-4b5f-91a9-46388d113690,4,10,50,yes
764df5aa-ae55-46db-b185-6d43be3bd179,f0dc35a3-4e0d-4b5f-91a9-46388d113690,5,10,50,yes
764df5aa-ae55-46db-b185-6d43be3bd179,f0dc35a3-4e0d-4b5f-91a9-46388d113690,6,10,50,yes
764df5aa-ae55-46db-b185-6d43be3bd179,f0dc35a3-4e0d-4b5f-91a9-46388d113690,7,10,50,yes
764df5aa-ae55-46db-b185-6d43be3bd179,f0dc35a3-4e0d-4b5f-91a9-46388d113690,8,10,50,yes
764df5aa-ae55-46db-b185-6d43be3bd179,f0dc35a3-4e0d-4b5f-91a9-46388d113690,9,10,50,yes
764df5aa-ae55-46db-b185-6d43be3bd179,f0dc35a3-4e0d-4b5f-91a9-46388d113690,0,10,100,yes
764df5aa-ae55-46db-b185-6d43be3bd179,f0dc35a3-4e0d-4b5f-91a9-46388d113690,1,10,100,yes
764df5aa-ae55-46db-b185-6d43be3bd179,f0dc35a3-4e0d-4b5f-91a9-46388d113690,2,10,100,yes
764df5aa-ae55-46db-b185-6d43be3bd179,f0dc35a3-4e0d-4b5f-91a9-46388d113690,3,10,100,yes
764df5aa-ae55-46db-b185-6d43be3bd179,f0dc35a3-4e0d-4b5f-91a9-46388d113690,4,10,100,no
764df5aa-ae55-46db-b185-6d43be3bd179,f0dc35a3-4e0d-4b5f-91a9-46388d113690,5,10,100,no
764df5aa-ae55-46db-b185-6d43be3bd179,f0dc35a3-4e0d-4b5f-91a9-46388d113690,6,10,100,no
764df5aa-ae55-46db-b185-6d43be3bd179,f0dc35a3-4e0d-4b5f-91a9-46388d113690,7,10,100,no
764df5aa-ae55-46db-b185-6d43be3bd179,f0dc35a3-4e0d-4b5f-91a9-46388d113690,8,10,100,no
764df5aa-ae55-46db-b185-6d43be3bd179,f0dc35a3-4e0d-4b5f-91a9-46388d113690,9,10,100,yes
764df5aa-ae55-46db-b185-6d43be3bd179,f0dc35a3-4e0d-4b5f-91a9-46388d113690,0,10,full,yes
764df5aa-ae55-46db-b185-6d43be3bd179,f0dc35a3-4e0d-4b5f-91a9-46388d113690,1,10,full,yes
764df5aa-ae55-46db-b185-6d43be3bd179,f0dc35a3-4e0d-4b5f-91a9-46388d113690,2,10,full,yes
764df5aa-ae55-46db-b185-6d43be3bd179,f0dc35a3-4e0d-4b5f-91a9-46388d113690,3,10,full,yes
764df5aa-ae55-46db-b185-6d43be3bd179,f0dc35a3-4e0d-4b5f-91a9-46388d113690,4,10,full,no
764df5aa-ae55-46db-b185-6d43be3bd179,f0dc35a3-4e0d-4b5f-91a9-46388d113690,5,10,full,no
764df5aa-ae55-46db-b185-6d43be3bd179,f0dc35a3-4e0d-4b5f-91a9-46388d113690,6,10,full,no
764df5aa-ae55-46db-b185-6d43be3bd179,f0dc35a3-4e0d-4b5f-91a9-46388d113690,7,10,full,no
764df5aa-ae55-46db-b185-6d43be3bd179,f0dc35a3-4e0d-4b5f-91a9-46388d113690,8,10,full,no
764df5aa-ae55-46db-b185-6d43be3bd179,f0dc35a3-4e0d-4b5f-91a9-46388d113690,9,10,full,yes
764df5aa-ae55-46db-b185-6d43be3bd179,d186de20-a4da-4369-9864-3646ff421db6,0,10,10,no
764df5aa-ae55-46db-b185-6d43be3bd179,d186de20-a4da-4369-9864-3646ff421db6,1,10,10,no
764df5aa-ae55-46db-b185-6d43be3bd179,d186de20-a4da-4369-9864-3646ff421db6,2,10,10,no
764df5aa-ae55-46db-b185-6d43be3bd179,d186de20-a4da-4369-9864-3646ff421db6,3,10,10,no
764df5aa-ae55-46db-b185-6d43be3bd179,d186de20-a4da-4369-9864-3646ff421db6,4,10,10,no
764df5aa-ae55-46db-b185-6d43be3bd179,d186de20-a4da-4369-9864-3646ff421db6,5,10,10,no
764df5aa-ae55-46db-b185-6d43be3bd179,d186de20-a4da-4369-9864-3646ff421db6,6,10,10,no
764df5aa-ae55-46db-b185-6d43be3bd179,d186de20-a4da-4369-9864-3646ff421db6,7,10,10,no
764df5aa-ae55-46db-b185-6d43be3bd179,d186de20-a4da-4369-9864-3646ff421db6,8,10,10,no
764df5aa-ae55-46db-b185-6d43be3bd179,d186de20-a4da-4369-9864-3646ff421db6,9,10,10,no
764df5aa-ae55-46db-b185-6d43be3bd179,d186de20-a4da-4369-9864-3646ff421db6,0,10,50,no
764df5aa-ae55-46db-b185-6d43be3bd179,d186de20-a4da-4369-9864-3646ff421db6,1,10,50,no
764df5aa-ae55-46db-b185-6d43be3bd179,d186de20-a4da-4369-9864-3646ff421db6,2,10,50,no
764df5aa-ae55-46db-b185-6d43be3bd179,d186de20-a4da-4369-9864-3646ff421db6,3,10,50,no
764df5aa-ae55-46db-b185-6d43be3bd179,d186de20-a4da-4369-9864-3646ff421db6,4,10,50,no
764df5aa-ae55-46db-b185-6d43be3bd179,d186de20-a4da-4369-9864-3646ff421db6,5,10,50,no
764df5aa-ae55-46db-b185-6d43be3bd179,d186de20-a4da-4369-9864-3646ff421db6,6,10,50,no
764df5aa-ae55-46db-b185-6d43be3bd179,d186de20-a4da-4369-9864-3646ff421db6,7,10,50,no
764df5aa-ae55-46db-b185-6d43be3bd179,d186de20-a4da-4369-9864-3646ff421db6,8,10,50,yes
764df5aa-ae55-46db-b185-6d43be3bd179,d186de20-a4da-4369-9864-3646ff421db6,9,10,50,yes
764df5aa-ae55-46db-b185-6d43be3bd179,d186de20-a4da-4369-9864-3646ff421db6,0,10,100,yes
764df5aa-ae55-46db-b185-6d43be3bd179,d186de20-a4da-4369-9864-3646ff421db6,1,10,100,yes
764df5aa-ae55-46db-b185-6d43be3bd179,d186de20-a4da-4369-9864-3646ff421db6,2,10,100,yes
764df5aa-ae55-46db-b185-6d43be3bd179,d186de20-a4da-4369-9864-3646ff421db6,3,10,100,yes
764df5aa-ae55-46db-b185-6d43be3bd179,d186de20-a4da-4369-9864-3646ff421db6,4,10,100,no
764df5aa-ae55-46db-b185-6d43be3bd179,d186de20-a4da-4369-9864-3646ff421db6,5,10,100,yes
764df5aa-ae55-46db-b185-6d43be3bd179,d186de20-a4da-4369-9864-3646ff421db6,6,10,100,no
764df5aa-ae55-46db-b185-6d43be3bd179,d186de20-a4da-4369-9864-3646ff421db6,7,10,100,no
764df5aa-ae55-46db-b185-6d43be3bd179,d186de20-a4da-4369-9864-3646ff421db6,8,10,100,no
764df5aa-ae55-46db-b185-6d43be3bd179,d186de20-a4da-4369-9864-3646ff421db6,9,10,100,yes
764df5aa-ae55-46db-b185-6d43be3bd179,d186de20-a4da-4369-9864-3646ff421db6,0,10,full,yes
764df5aa-ae55-46db-b185-6d43be3bd179,d186de20-a4da-4369-9864-3646ff421db6,1,10,full,yes
764df5aa-ae55-46db-b185-6d43be3bd179,d186de20-a4da-4369-9864-3646ff421db6,2,10,full,no
764df5aa-ae55-46db-b185-6d43be3bd179,d186de20-a4da-4369-9864-3646ff421db6,3,10,full,yes
764df5aa-ae55-46db-b185-6d43be3bd179,d186de20-a4da-4369-9864-3646ff421db6,4,10,full,no
764df5aa-ae55-46db-b185-6d43be3bd179,d186de20-a4da-4369-9864-3646ff421db6,5,10,full,yes
764df5aa-ae55-46db-b185-6d43be3bd179,d186de20-a4da-4369-9864-3646ff421db6,6,10,full,no
764df5aa-ae55-46db-b185-6d43be3bd179,d186de20-a4da-4369-9864-3646ff421db6,7,10,full,no
764df5aa-ae55-46db-b185-6d43be3bd179,d186de20-a4da-4369-9864-3646ff421db6,8,10,full,no
764df5aa-ae55-46db-b185-6d43be3bd179,d186de20-a4da-4369-9864-3646ff421db6,9,10,full,yes
bd7c0ffe-0168-40d2-b8c2-fc5bb47063b6,882d53dd-4589-41d3-bc7a-179557a6db3c,0,10,10,no
bd7c0ffe-0168-40d2-b8c2-fc5bb47063b6,882d53dd-4589-41d3-bc7a-179557a6db3c,1,10,10,no
bd7c0ffe-0168-40d2-b8c2-fc5bb47063b6,882d53dd-4589-41d3-bc7a-179557a6db3c,2,10,10,no
bd7c0ffe-0168-40d2-b8c2-fc5bb47063b6,882d53dd-4589-41d3-bc7a-179557a6db3c,3,10,10,no
bd7c0ffe-0168-40d2-b8c2-fc5bb47063b6,882d53dd-4589-41d3-bc7a-179557a6db3c,4,10,10,no
bd7c0ffe-0168-40d2-b8c2-fc5bb47063b6,882d53dd-4589-41d3-bc7a-179557a6db3c,5,10,10,no
bd7c0ffe-0168-40d2-b8c2-fc5bb47063b6,882d53dd-4589-41d3-bc7a-179557a6db3c,6,10,10,no
bd7c0ffe-0168-40d2-b8c2-fc5bb47063b6,882d53dd-4589-41d3-bc7a-179557a6db3c,7,10,10,no
bd7c0ffe-0168-40d2-b8c2-fc5bb47063b6,882d53dd-4589-41d3-bc7a-179557a6db3c,8,10,10,no
bd7c0ffe-0168-40d2-b8c2-fc5bb47063b6,882d53dd-4589-41d3-bc7a-179557a6db3c,9,10,10,no
bd7c0ffe-0168-40d2-b8c2-fc5bb47063b6,882d53dd-4589-41d3-bc7a-179557a6db3c,0,10,50,no
bd7c0ffe-0168-40d2-b8c2-fc5bb47063b6,882d53dd-4589-41d3-bc7a-179557a6db3c,1,10,50,no
bd7c0ffe-0168-40d2-b8c2-fc5bb47063b6,882d53dd-4589-41d3-bc7a-179557a6db3c,2,10,50,no
bd7c0ffe-0168-40d2-b8c2-fc5bb47063b6,882d53dd-4589-41d3-bc7a-179557a6db3c,3,10,50,no
bd7c0ffe-0168-40d2-b8c2-fc5bb47063b6,882d53dd-4589-41d3-bc7a-179557a6db3c,4,10,50,no
bd7c0ffe-0168-40d2-b8c2-fc5bb47063b6,882d53dd-4589-41d3-bc7a-179557a6db3c,5,10,50,no
bd7c0ffe-0168-40d2-b8c2-fc5bb47063b6,882d53dd-4589-41d3-bc7a-179557a6db3c,6,10,50,no
bd7c0ffe-0168-40d2-b8c2-fc5bb47063b6,882d53dd-4589-41d3-bc7a-179557a6db3c,7,10,50,no
bd7c0ffe-0168-40d2-b8c2-fc5bb47063b6,882d53dd-4589-41d3-bc7a-179557a6db3c,8,10,50,no
bd7c0ffe-0168-40d2-b8c2-fc5bb47063b6,882d53dd-4589-41d3-bc7a-179557a6db3c,9,10,50,no
bd7c0ffe-0168-40d2-b8c2-fc5bb47063b6,882d53dd-4589-41d3-bc7a-179557a6db3c,0,10,100,no
bd7c0ffe-0168-40d2-b8c2-fc5bb47063b6,882d53dd-4589-41d3-bc7a-179557a6db3c,1,10,100,no
bd7c0ffe-0168-40d2-b8c2-fc5bb47063b6,882d53dd-4589-41d3-bc7a-179557a6db3c,2,10,100,no
bd7c0ffe-0168-40d2-b8c2-fc5bb47063b6,882d53dd-4589-41d3-bc7a-179557a6db3c,3,10,100,no
bd7c0ffe-0168-40d2-b8c2-fc5bb47063b6,882d53dd-4589-41d3-bc7a-179557a6db3c,4,10,100,no
bd7c0ffe-0168-40d2-b8c2-fc5bb47063b6,882d53dd-4589-41d3-bc7a-179557a6db3c,5,10,100,no
bd7c0ffe-0168-40d2-b8c2-fc5bb47063b6,882d53dd-4589-41d3-bc7a-179557a6db3c,6,10,100,no
bd7c0ffe-0168-40d2-b8c2-fc5bb47063b6,882d53dd-4589-41d3-bc7a-179557a6db3c,7,10,100,no
bd7c0ffe-0168-40d2-b8c2-fc5bb47063b6,882d53dd-4589-41d3-bc7a-179557a6db3c,8,10,100,no
bd7c0ffe-0168-40d2-b8c2-fc5bb47063b6,882d53dd-4589-41d3-bc7a-179557a6db3c,9,10,100,no
bd7c0ffe-0168-40d2-b8c2-fc5bb47063b6,882d53dd-4589-41d3-bc7a-179557a6db3c,0,10,full,no
bd7c0ffe-0168-40d2-b8c2-fc5bb47063b6,882d53dd-4589-41d3-bc7a-179557a6db3c,1,10,full,no
bd7c0ffe-0168-40d2-b8c2-fc5bb47063b6,882d53dd-4589-41d3-bc7a-179557a6db3c,2,10,full,no
bd7c0ffe-0168-40d2-b8c2-fc5bb47063b6,882d53dd-4589-41d3-bc7a-179557a6db3c,3,10,full,no
bd7c0ffe-0168-40d2-b8c2-fc5bb47063b6,882d53dd-4589-41d3-bc7a-179557a6db3c,4,10,full,no
bd7c0ffe-0168-40d2-b8c2-fc5bb47063b6,882d53dd-4589-41d3-bc7a-179557a6db3c,5,10,full,no
bd7c0ffe-0168-40d2-b8c2-fc5bb47063b6,882d53dd-4589-41d3-bc7a-179557a6db3c,6,10,full,no
bd7c0ffe-0168-40d2-b8c2-fc5bb47063b6,882d53dd-4589-41d3-bc7a-179557a6db3c,7,10,full,no
bd7c0ffe-0168-40d2-b8c2-fc5bb47063b6,882d53dd-4589-41d3-bc7a-179557a6db3c,8,10,full,no
bd7c0ffe-0168-40d2-b8c2-fc5bb47063b6,882d53dd-4589-41d3-bc7a-179557a6db3c,9,10,full,no
bd7c0ffe-0168-40d2-b8c2-fc5bb47063b6,f956fe34-1c6d-49b8-add7-ad96dbbc6704,0,10,10,no
bd7c0ffe-0168-40d2-b8c2-fc5bb47063b6,f956fe34-1c6d-49b8-add7-ad96dbbc6704,1,10,10,no
bd7c0ffe-0168-40d2-b8c2-fc5bb47063b6,f956fe34-1c6d-49b8-add7-ad96dbbc6704,2,10,10,no
bd7c0ffe-0168-40d2-b8c2-fc5bb47063b6,f956fe34-1c6d-49b8-add7-ad96dbbc6704,3,10,10,no
bd7c0ffe-0168-40d2-b8c2-fc5bb47063b6,f956fe34-1c6d-49b8-add7-ad96dbbc6704,4,10,10,no
bd7c0ffe-0168-40d2-b8c2-fc5bb47063b6,f956fe34-1c6d-49b8-add7-ad96dbbc6704,5,10,10,no
bd7c0ffe-0168-40d2-b8c2-fc5bb47063b6,f956fe34-1c6d-49b8-add7-ad96dbbc6704,6,10,10,no
bd7c0ffe-0168-40d2-b8c2-fc5bb47063b6,f956fe34-1c6d-49b8-add7-ad96dbbc6704,7,10,10,no
bd7c0ffe-0168-40d2-b8c2-fc5bb47063b6,f956fe34-1c6d-49b8-add7-ad96dbbc6704,8,10,10,no
bd7c0ffe-0168-40d2-b8c2-fc5bb47063b6,f956fe34-1c6d-49b8-add7-ad96dbbc6704,9,10,10,no
bd7c0ffe-0168-40d2-b8c2-fc5bb47063b6,f956fe34-1c6d-49b8-add7-ad96dbbc6704,0,10,50,no
bd7c0ffe-0168-40d2-b8c2-fc5bb47063b6,f956fe34-1c6d-49b8-add7-ad96dbbc6704,1,10,50,no
bd7c0ffe-0168-40d2-b8c2-fc5bb47063b6,f956fe34-1c6d-49b8-add7-ad96dbbc6704,2,10,50,no
bd7c0ffe-0168-40d2-b8c2-fc5bb47063b6,f956fe34-1c6d-49b8-add7-ad96dbbc6704,3,10,50,no
bd7c0ffe-0168-40d2-b8c2-fc5bb47063b6,f956fe34-1c6d-49b8-add7-ad96dbbc6704,4,10,50,no
bd7c0ffe-0168-40d2-b8c2-fc5bb47063b6,f956fe34-1c6d-49b8-add7-ad96dbbc6704,5,10,50,no
bd7c0ffe-0168-40d2-b8c2-fc5bb47063b6,f956fe34-1c6d-49b8-add7-ad96dbbc6704,6,10,50,no
bd7c0ffe-0168-40d2-b8c2-fc5bb47063b6,f956fe34-1c6d-49b8-add7-ad96dbbc6704,7,10,50,no
bd7c0ffe-0168-40d2-b8c2-fc5bb47063b6,f956fe34-1c6d-49b8-add7-ad96dbbc6704,8,10,50,no
bd7c0ffe-0168-40d2-b8c2-fc5bb47063b6,f956fe34-1c6d-49b8-add7-ad96dbbc6704,9,10,50,no
bd7c0ffe-0168-40d2-b8c2-fc5bb47063b6,f956fe34-1c6d-49b8-add7-ad96dbbc6704,0,10,100,no
bd7c0ffe-0168-40d2-b8c2-fc5bb47063b6,f956fe34-1c6d-49b8-add7-ad96dbbc6704,1,10,100,no
bd7c0ffe-0168-40d2-b8c2-fc5bb47063b6,f956fe34-1c6d-49b8-add7-ad96dbbc6704,2,10,100,no
bd7c0ffe-0168-40d2-b8c2-fc5bb47063b6,f956fe34-1c6d-49b8-add7-ad96dbbc6704,3,10,100,no
bd7c0ffe-0168-40d2-b8c2-fc5bb47063b6,f956fe34-1c6d-49b8-add7-ad96dbbc6704,4,10,100,no
bd7c0ffe-0168-40d2-b8c2-fc5bb47063b6,f956fe34-1c6d-49b8-add7-ad96dbbc6704,5,10,100,no
bd7c0ffe-0168-40d2-b8c2-fc5bb47063b6,f956fe34-1c6d-49b8-add7-ad96dbbc6704,6,10,100,no
bd7c0ffe-0168-40d2-b8c2-fc5bb47063b6,f956fe34-1c6d-49b8-add7-ad96dbbc6704,7,10,100,no
bd7c0ffe-0168-40d2-b8c2-fc5bb47063b6,f956fe34-1c6d-49b8-add7-ad96dbbc6704,8,10,100,no
bd7c0ffe-0168-40d2-b8c2-fc5bb47063b6,f956fe34-1c6d-49b8-add7-ad96dbbc6704,9,10,100,no
bd7c0ffe-0168-40d2-b8c2-fc5bb47063b6,f956fe34-1c6d-49b8-add7-ad96dbbc6704,0,10,full,no
bd7c0ffe-0168-40d2-b8c2-fc5bb47063b6,f956fe34-1c6d-49b8-add7-ad96dbbc6704,1,10,full,no
bd7c0ffe-0168-40d2-b8c2-fc5bb47063b6,f956fe34-1c6d-49b8-add7-ad96dbbc6704,2,10,full,no
bd7c0ffe-0168-40d2-b8c2-fc5bb47063b6,f956fe34-1c6d-49b8-add7-ad96dbbc6704,3,10,full,no
bd7c0ffe-0168-40d2-b8c2-fc5bb47063b6,f956fe34-1c6d-49b8-add7-ad96dbbc6704,4,10,full,no
bd7c0ffe-0168-40d2-b8c2-fc5bb47063b6,f956fe34-1c6d-49b8-add7-ad96dbbc6704,5,10,full,no
bd7c0ffe-0168-40d2-b8c2-fc5bb47063b6,f956fe34-1c6d-49b8-add7-ad96dbbc6704,6,10,full,no
bd7c0ffe-0168-40d2-b8c2-fc5bb47063b6,f956fe34-1c6d-49b8-add7-ad96dbbc6704,7,10,full,no
bd7c0ffe-0168-40d2-b8c2-fc5bb47063b6,f956fe34-1c6d-49b8-add7-ad96dbbc6704,8,10,full,no
bd7c0ffe-0168-40d2-b8c2-fc5bb47063b6,f956fe34-1c6d-49b8-add7-ad96dbbc6704,9,10,full,no
1f74596c-ef4b-4469-b225-391947f17174,ba69ad08-aa04-4401-9b76-53768b15554a,0,10,10,no
1f74596c-ef4b-4469-b225-391947f17174,ba69ad08-aa04-4401-9b76-53768b15554a,1,10,10,no
1f74596c-ef4b-4469-b225-391947f17174,ba69ad08-aa04-4401-9b76-53768b15554a,2,10,10,no
1f74596c-ef4b-4469-b225-391947f17174,ba69ad08-aa04-4401-9b76-53768b15554a,3,10,10,no
1f74596c-ef4b-4469-b225-391947f17174,ba69ad08-aa04-4401-9b76-53768b15554a,4,10,10,no
1f74596c-ef4b-4469-b225-391947f17174,ba69ad08-aa04-4401-9b76-53768b15554a,5,10,10,no
1f74596c-ef4b-4469-b225-391947f17174,ba69ad08-aa04-4401-9b76-53768b15554a,6,10,10,no
1f74596c-ef4b-4469-b225-391947f17174,ba69ad08-aa04-4401-9b76-53768b15554a,7,10,10,no
1f74596c-ef4b-4469-b225-391947f17174,ba69ad08-aa04-4401-9b76-53768b15554a,8,10,10,no
1f74596c-ef4b-4469-b225-391947f17174,ba69ad08-aa04-4401-9b76-53768b15554a,9,10,10,no
1f74596c-ef4b-4469-b225-391947f17174,ba69ad08-aa04-4401-9b76-53768b15554a,0,10,50,yes
1f74596c-ef4b-4469-b225-391947f17174,ba69ad08-aa04-4401-9b76-53768b15554a,1,10,50,no
1f74596c-ef4b-4469-b225-391947f17174,ba69ad08-aa04-4401-9b76-53768b15554a,2,10,50,no
1f74596c-ef4b-4469-b225-391947f17174,ba69ad08-aa04-4401-9b76-53768b15554a,3,10,50,no
1f74596c-ef4b-4469-b225-391947f17174,ba69ad08-aa04-4401-9b76-53768b15554a,4,10,50,no
1f74596c-ef4b-4469-b225-391947f17174,ba69ad08-aa04-4401-9b76-53768b15554a,5,10,50,no
1f74596c-ef4b-4469-b225-391947f17174,ba69ad08-aa04-4401-9b76-53768b15554a,6,10,50,no
1f74596c-ef4b-4469-b225-391947f17174,ba69ad08-aa04-4401-9b76-53768b15554a,7,10,50,no
1f74596c-ef4b-4469-b225-391947f17174,ba69ad08-aa04-4401-9b76-53768b15554a,8,10,50,no
1f74596c-ef4b-4469-b225-391947f17174,ba69ad08-aa04-4401-9b76-53768b15554a,9,10,50,no
1f74596c-ef4b-4469-b225-391947f17174,ba69ad08-aa04-4401-9b76-53768b15554a,0,10,100,no
1f74596c-ef4b-4469-b225-391947f17174,ba69ad08-aa04-4401-9b76-53768b15554a,1,10,100,no
1f74596c-ef4b-4469-b225-391947f17174,ba69ad08-aa04-4401-9b76-53768b15554a,2,10,100,no
1f74596c-ef4b-4469-b225-391947f17174,ba69ad08-aa04-4401-9b76-53768b15554a,3,10,100,no
1f74596c-ef4b-4469-b225-391947f17174,ba69ad08-aa04-4401-9b76-53768b15554a,4,10,100,no
1f74596c-ef4b-4469-b225-391947f17174,ba69ad08-aa04-4401-9b76-53768b15554a,5,10,100,no
1f74596c-ef4b-4469-b225-391947f17174,ba69ad08-aa04-4401-9b76-53768b15554a,6,10,100,no
1f74596c-ef4b-4469-b225-391947f17174,ba69ad08-aa04-4401-9b76-53768b15554a,7,10,100,no
1f74596c-ef4b-4469-b225-391947f17174,ba69ad08-aa04-4401-9b76-53768b15554a,8,10,100,no
1f74596c-ef4b-4469-b225-391947f17174,ba69ad08-aa04-4401-9b76-53768b15554a,9,10,100,no
1f74596c-ef4b-4469-b225-391947f17174,ba69ad08-aa04-4401-9b76-53768b15554a,0,10,full,no
1f74596c-ef4b-4469-b225-391947f17174,ba69ad08-aa04-4401-9b76-53768b15554a,1,10,full,no
1f74596c-ef4b-4469-b225-391947f17174,ba69ad08-aa04-4401-9b76-53768b15554a,2,10,full,no
1f74596c-ef4b-4469-b225-391947f17174,ba69ad08-aa04-4401-9b76-53768b15554a,3,10,full,no
1f74596c-ef4b-4469-b225-391947f17174,ba69ad08-aa04-4401-9b76-53768b15554a,4,10,full,no
1f74596c-ef4b-4469-b225-391947f17174,ba69ad08-aa04-4401-9b76-53768b15554a,5,10,full,no
1f74596c-ef4b-4469-b225-391947f17174,ba69ad08-aa04-4401-9b76-53768b15554a,6,10,full,no
1f74596c-ef4b-4469-b225-391947f17174,ba69ad08-aa04-4401-9b76-53768b15554a,7,10,full,no
1f74596c-ef4b-4469-b225-391947f17174,ba69ad08-aa04-4401-9b76-53768b15554a,8,10,full,no
1f74596c-ef4b-4469-b225-391947f17174,ba69ad08-aa04-4401-9b76-53768b15554a,9,10,full,no
1f74596c-ef4b-4469-b225-391947f17174,5a0c7500-f8d9-4fc2-b4aa-6417ad27ae1b,0,10,10,no
1f74596c-ef4b-4469-b225-391947f17174,5a0c7500-f8d9-4fc2-b4aa-6417ad27ae1b,1,10,10,no
1f74596c-ef4b-4469-b225-391947f17174,5a0c7500-f8d9-4fc2-b4aa-6417ad27ae1b,2,10,10,yes
1f74596c-ef4b-4469-b225-391947f17174,5a0c7500-f8d9-4fc2-b4aa-6417ad27ae1b,3,10,10,no
1f74596c-ef4b-4469-b225-391947f17174,5a0c7500-f8d9-4fc2-b4aa-6417ad27ae1b,4,10,10,no
1f74596c-ef4b-4469-b225-391947f17174,5a0c7500-f8d9-4fc2-b4aa-6417ad27ae1b,5,10,10,no
1f74596c-ef4b-4469-b225-391947f17174,5a0c7500-f8d9-4fc2-b4aa-6417ad27ae1b,6,10,10,yes
1f74596c-ef4b-4469-b225-391947f17174,5a0c7500-f8d9-4fc2-b4aa-6417ad27ae1b,7,10,10,no
1f74596c-ef4b-4469-b225-391947f17174,5a0c7500-f8d9-4fc2-b4aa-6417ad27ae1b,8,10,10,no
1f74596c-ef4b-4469-b225-391947f17174,5a0c7500-f8d9-4fc2-b4aa-6417ad27ae1b,9,10,10,no
1f74596c-ef4b-4469-b225-391947f17174,5a0c7500-f8d9-4fc2-b4aa-6417ad27ae1b,0,10,50,no
1f74596c-ef4b-4469-b225-391947f17174,5a0c7500-f8d9-4fc2-b4aa-6417ad27ae1b,1,10,50,yes
1f74596c-ef4b-4469-b225-391947f17174,5a0c7500-f8d9-4fc2-b4aa-6417ad27ae1b,2,10,50,yes
1f74596c-ef4b-4469-b225-391947f17174,5a0c7500-f8d9-4fc2-b4aa-6417ad27ae1b,3,10,50,no
1f74596c-ef4b-4469-b225-391947f17174,5a0c7500-f8d9-4fc2-b4aa-6417ad27ae1b,4,10,50,no
1f74596c-ef4b-4469-b225-391947f17174,5a0c7500-f8d9-4fc2-b4aa-6417ad27ae1b,5,10,50,yes
1f74596c-ef4b-4469-b225-391947f17174,5a0c7500-f8d9-4fc2-b4aa-6417ad27ae1b,6,10,50,yes
1f74596c-ef4b-4469-b225-391947f17174,5a0c7500-f8d9-4fc2-b4aa-6417ad27ae1b,7,10,50,no
1f74596c-ef4b-4469-b225-391947f17174,5a0c7500-f8d9-4fc2-b4aa-6417ad27ae1b,8,10,50,no
1f74596c-ef4b-4469-b225-391947f17174,5a0c7500-f8d9-4fc2-b4aa-6417ad27ae1b,9,10,50,no
1f74596c-ef4b-4469-b225-391947f17174,5a0c7500-f8d9-4fc2-b4aa-6417ad27ae1b,0,10,100,yes
1f74596c-ef4b-4469-b225-391947f17174,5a0c7500-f8d9-4fc2-b4aa-6417ad27ae1b,1,10,100,no
1f74596c-ef4b-4469-b225-391947f17174,5a0c7500-f8d9-4fc2-b4aa-6417ad27ae1b,2,10,100,yes
1f74596c-ef4b-4469-b225-391947f17174,5a0c7500-f8d9-4fc2-b4aa-6417ad27ae1b,3,10,100,no
1f74596c-ef4b-4469-b225-391947f17174,5a0c7500-f8d9-4fc2-b4aa-6417ad27ae1b,4,10,100,no
1f74596c-ef4b-4469-b225-391947f17174,5a0c7500-f8d9-4fc2-b4aa-6417ad27ae1b,5,10,100,no
1f74596c-ef4b-4469-b225-391947f17174,5a0c7500-f8d9-4fc2-b4aa-6417ad27ae1b,6,10,100,no
1f74596c-ef4b-4469-b225-391947f17174,5a0c7500-f8d9-4fc2-b4aa-6417ad27ae1b,7,10,100,no
1f74596c-ef4b-4469-b225-391947f17174,5a0c7500-f8d9-4fc2-b4aa-6417ad27ae1b,8,10,100,no
1f74596c-ef4b-4469-b225-391947f17174,5a0c7500-f8d9-4fc2-b4aa-6417ad27ae1b,9,10,100,no
1f74596c-ef4b-4469-b225-391947f17174,5a0c7500-f8d9-4fc2-b4aa-6417ad27ae1b,0,10,full,yes
1f74596c-ef4b-4469-b225-391947f17174,5a0c7500-f8d9-4fc2-b4aa-6417ad27ae1b,1,10,full,no
1f74596c-ef4b-4469-b225-391947f17174,5a0c7500-f8d9-4fc2-b4aa-6417ad27ae1b,2,10,full,yes
1f74596c-ef4b-4469-b225-391947f17174,5a0c7500-f8d9-4fc2-b4aa-6417ad27ae1b,3,10,full,no
1f74596c-ef4b-4469-b225-391947f17174,5a0c7500-f8d9-4fc2-b4aa-6417ad27ae1b,4,10,full,no
1f74596c-ef4b-4469-b225-391947f17174,5a0c7500-f8d9-4fc2-b4aa-6417ad27ae1b,5,10,full,no
1f74596c-ef4b-4469-b225-391947f17174,5a0c7500-f8d9-4fc2-b4aa-6417ad27ae1b,6,10,full,no
1f74596c-ef4b-4469-b225-391947f17174,5a0c7500-f8d9-4fc2-b4aa-6417ad27ae1b,7,10,full,no
1f74596c-ef4b-4469-b225-391947f17174,5a0c7500-f8d9-4fc2-b4aa-6417ad27ae1b,8,10,full,no
1f74596c-ef4b-4469-b225-391947f17174,5a0c7500-f8d9-4fc2-b4aa-6417ad27ae1b,9,10,full,no
aa710fdc-3432-4be0-a4d6-ffce3511c2ec,5509c73a-583c-4db9-8bc0-bbf2a97bd30a,0,10,10,no
aa710fdc-3432-4be0-a4d6-ffce3511c2ec,5509c73a-583c-4db9-8bc0-bbf2a97bd30a,1,10,10,no
aa710fdc-3432-4be0-a4d6-ffce3511c2ec,5509c73a-583c-4db9-8bc0-bbf2a97bd30a,2,10,10,no
aa710fdc-3432-4be0-a4d6-ffce3511c2ec,5509c73a-583c-4db9-8bc0-bbf2a97bd30a,3,10,10,no
aa710fdc-3432-4be0-a4d6-ffce3511c2ec,5509c73a-583c-4db9-8bc0-bbf2a97bd30a,4,10,10,no
aa710fdc-3432-4be0-a4d6-ffce3511c2ec,5509c73a-583c-4db9-8bc0-bbf2a97bd30a,5,10,10,no
aa710fdc-3432-4be0-a4d6-ffce3511c2ec,5509c73a-583c-4db9-8bc0-bbf2a97bd30a,6,10,10,no
aa710fdc-3432-4be0-a4d6-ffce3511c2ec,5509c73a-583c-4db9-8bc0-bbf2a97bd30a,7,10,10,no
aa710fdc-3432-4be0-a4d6-ffce3511c2ec,5509c73a-583c-4db9-8bc0-bbf2a97bd30a,8,10,10,no
aa710fdc-3432-4be0-a4d6-ffce3511c2ec,5509c73a-583c-4db9-8bc0-bbf2a97bd30a,9,10,10,no
aa710fdc-3432-4be0-a4d6-ffce3511c2ec,5509c73a-583c-4db9-8bc0-bbf2a97bd30a,0,10,50,no
aa710fdc-3432-4be0-a4d6-ffce3511c2ec,5509c73a-583c-4db9-8bc0-bbf2a97bd30a,1,10,50,no
aa710fdc-3432-4be0-a4d6-ffce3511c2ec,5509c73a-583c-4db9-8bc0-bbf2a97bd30a,2,10,50,no
aa710fdc-3432-4be0-a4d6-ffce3511c2ec,5509c73a-583c-4db9-8bc0-bbf2a97bd30a,3,10,50,no
aa710fdc-3432-4be0-a4d6-ffce3511c2ec,5509c73a-583c-4db9-8bc0-bbf2a97bd30a,4,10,50,no
aa710fdc-3432-4be0-a4d6-ffce3511c2ec,5509c73a-583c-4db9-8bc0-bbf2a97bd30a,5,10,50,no
aa710fdc-3432-4be0-a4d6-ffce3511c2ec,5509c73a-583c-4db9-8bc0-bbf2a97bd30a,6,10,50,no
aa710fdc-3432-4be0-a4d6-ffce3511c2ec,5509c73a-583c-4db9-8bc0-bbf2a97bd30a,7,10,50,no
aa710fdc-3432-4be0-a4d6-ffce3511c2ec,5509c73a-583c-4db9-8bc0-bbf2a97bd30a,8,10,50,no
aa710fdc-3432-4be0-a4d6-ffce3511c2ec,5509c73a-583c-4db9-8bc0-bbf2a97bd30a,9,10,50,no
aa710fdc-3432-4be0-a4d6-ffce3511c2ec,5509c73a-583c-4db9-8bc0-bbf2a97bd30a,0,10,100,no
aa710fdc-3432-4be0-a4d6-ffce3511c2ec,5509c73a-583c-4db9-8bc0-bbf2a97bd30a,1,10,100,no
aa710fdc-3432-4be0-a4d6-ffce3511c2ec,5509c73a-583c-4db9-8bc0-bbf2a97bd30a,2,10,100,no
aa710fdc-3432-4be0-a4d6-ffce3511c2ec,5509c73a-583c-4db9-8bc0-bbf2a97bd30a,3,10,100,no
aa710fdc-3432-4be0-a4d6-ffce3511c2ec,5509c73a-583c-4db9-8bc0-bbf2a97bd30a,4,10,100,no
aa710fdc-3432-4be0-a4d6-ffce3511c2ec,5509c73a-583c-4db9-8bc0-bbf2a97bd30a,5,10,100,no
aa710fdc-3432-4be0-a4d6-ffce3511c2ec,5509c73a-583c-4db9-8bc0-bbf2a97bd30a,6,10,100,no
aa710fdc-3432-4be0-a4d6-ffce3511c2ec,5509c73a-583c-4db9-8bc0-bbf2a97bd30a,7,10,100,no
aa710fdc-3432-4be0-a4d6-ffce3511c2ec,5509c73a-583c-4db9-8bc0-bbf2a97bd30a,8,10,100,no
aa710fdc-3432-4be0-a4d6-ffce3511c2ec,5509c73a-583c-4db9-8bc0-bbf2a97bd30a,9,10,100,no
aa710fdc-3432-4be0-a4d6-ffce3511c2ec,5509c73a-583c-4db9-8bc0-bbf2a97bd30a,0,10,full,no
aa710fdc-3432-4be0-a4d6-ffce3511c2ec,5509c73a-583c-4db9-8bc0-bbf2a97bd30a,1,10,full,no
aa710fdc-3432-4be0-a4d6-ffce3511c2ec,5509c73a-583c-4db9-8bc0-bbf2a97bd30a,2,10,full,no
aa710fdc-3432-4be0-a4d6-ffce3511c2ec,5509c73a-583c-4db9-8bc0-bbf2a97bd30a,3,10,full,no
aa710fdc-3432-4be0-a4d6-ffce3511c2ec,5509c73a-583c-4db9-8bc0-bbf2a97bd30a,4,10,full,no
aa710fdc-3432-4be0-a4d6-ffce3511c2ec,5509c73a-583c-4db9-8bc0-bbf2a97bd30a,5,10,full,no
aa710fdc-3432-4be0-a4d6-ffce3511c2ec,5509c73a-583c-4db9-8bc0-bbf2a97bd30a,6,10,full,no
aa710fdc-3432-4be0-a4d6-ffce3511c2ec,5509c73a-583c-4db9-8bc0-bbf2a97bd30a,7,10,full,no
aa710fdc-3432-4be0-a4d6-ffce3511c2ec,5509c73a-583c-4db9-8bc0-bbf2a97bd30a,8,10,full,no
aa710fdc-3432-4be0-a4d6-ffce3511c2ec,5509c73a-583c-4db9-8bc0-bbf2a97bd30a,9,10,full,no
aa710fdc-3432-4be0-a4d6-ffce3511c2ec,5fb9e803-0031-43c0-a2c4-9a251333eab3,0,10,10,no
aa710fdc-3432-4be0-a4d6-ffce3511c2ec,5fb9e803-0031-43c0-a2c4-9a251333eab3,1,10,10,no
aa710fdc-3432-4be0-a4d6-ffce3511c2ec,5fb9e803-0031-43c0-a2c4-9a251333eab3,2,10,10,no
aa710fdc-3432-4be0-a4d6-ffce3511c2ec,5fb9e803-0031-43c0-a2c4-9a251333eab3,3,10,10,no
aa710fdc-3432-4be0-a4d6-ffce3511c2ec,5fb9e803-0031-43c0-a2c4-9a251333eab3,4,10,10,no
aa710fdc-3432-4be0-a4d6-ffce3511c2ec,5fb9e803-0031-43c0-a2c4-9a251333eab3,5,10,10,no
aa710fdc-3432-4be0-a4d6-ffce3511c2ec,5fb9e803-0031-43c0-a2c4-9a251333eab3,6,10,10,no
aa710fdc-3432-4be0-a4d6-ffce3511c2ec,5fb9e803-0031-43c0-a2c4-9a251333eab3,7,10,10,no
aa710fdc-3432-4be0-a4d6-ffce3511c2ec,5fb9e803-0031-43c0-a2c4-9a251333eab3,8,10,10,no
aa710fdc-3432-4be0-a4d6-ffce3511c2ec,5fb9e803-0031-43c0-a2c4-9a251333eab3,9,10,10,yes
aa710fdc-3432-4be0-a4d6-ffce3511c2ec,5fb9e803-0031-43c0-a2c4-9a251333eab3,0,10,50,no
aa710fdc-3432-4be0-a4d6-ffce3511c2ec,5fb9e803-0031-43c0-a2c4-9a251333eab3,1,10,50,no
aa710fdc-3432-4be0-a4d6-ffce3511c2ec,5fb9e803-0031-43c0-a2c4-9a251333eab3,2,10,50,no
aa710fdc-3432-4be0-a4d6-ffce3511c2ec,5fb9e803-0031-43c0-a2c4-9a251333eab3,3,10,50,no
aa710fdc-3432-4be0-a4d6-ffce3511c2ec,5fb9e803-0031-43c0-a2c4-9a251333eab3,4,10,50,no
aa710fdc-3432-4be0-a4d6-ffce3511c2ec,5fb9e803-0031-43c0-a2c4-9a251333eab3,5,10,50,no
aa710fdc-3432-4be0-a4d6-ffce3511c2ec,5fb9e803-0031-43c0-a2c4-9a251333eab3,6,10,50,no
aa710fdc-3432-4be0-a4d6-ffce3511c2ec,5fb9e803-0031-43c0-a2c4-9a251333eab3,7,10,50,no
aa710fdc-3432-4be0-a4d6-ffce3511c2ec,5fb9e803-0031-43c0-a2c4-9a251333eab3,8,10,50,no
aa710fdc-3432-4be0-a4d6-ffce3511c2ec,5fb9e803-0031-43c0-a2c4-9a251333eab3,9,10,50,yes
aa710fdc-3432-4be0-a4d6-ffce3511c2ec,5fb9e803-0031-43c0-a2c4-9a251333eab3,0,10,100,no
aa710fdc-3432-4be0-a4d6-ffce3511c2ec,5fb9e803-0031-43c0-a2c4-9a251333eab3,1,10,100,no
aa710fdc-3432-4be0-a4d6-ffce3511c2ec,5fb9e803-0031-43c0-a2c4-9a251333eab3,2,10,100,no
aa710fdc-3432-4be0-a4d6-ffce3511c2ec,5fb9e803-0031-43c0-a2c4-9a251333eab3,3,10,100,no
aa710fdc-3432-4be0-a4d6-ffce3511c2ec,5fb9e803-0031-43c0-a2c4-9a251333eab3,4,10,100,no
aa710fdc-3432-4be0-a4d6-ffce3511c2ec,5fb9e803-0031-43c0-a2c4-9a251333eab3,5,10,100,no
aa710fdc-3432-4be0-a4d6-ffce3511c2ec,5fb9e803-0031-43c0-a2c4-9a251333eab3,6,10,100,no
aa710fdc-3432-4be0-a4d6-ffce3511c2ec,5fb9e803-0031-43c0-a2c4-9a251333eab3,7,10,100,no
aa710fdc-3432-4be0-a4d6-ffce3511c2ec,5fb9e803-0031-43c0-a2c4-9a251333eab3,8,10,100,no
aa710fdc-3432-4be0-a4d6-ffce3511c2ec,5fb9e803-0031-43c0-a2c4-9a251333eab3,9,10,100,yes
aa710fdc-3432-4be0-a4d6-ffce3511c2ec,5fb9e803-0031-43c0-a2c4-9a251333eab3,0,10,full,no
aa710fdc-3432-4be0-a4d6-ffce3511c2ec,5fb9e803-0031-43c0-a2c4-9a251333eab3,1,10,full,no
aa710fdc-3432-4be0-a4d6-ffce3511c2ec,5fb9e803-0031-43c0-a2c4-9a251333eab3,2,10,full,no
aa710fdc-3432-4be0-a4d6-ffce3511c2ec,5fb9e803-0031-43c0-a2c4-9a251333eab3,3,10,full,no
aa710fdc-3432-4be0-a4d6-ffce3511c2ec,5fb9e803-0031-43c0-a2c4-9a251333eab3,4,10,full,no
aa710fdc-3432-4be0-a4d6-ffce3511c2ec,5fb9e803-0031-43c0-a2c4-9a251333eab3,5,10,full,no
aa710fdc-3432-4be0-a4d6-ffce3511c2ec,5fb9e803-0031-43c0-a2c4-9a251333eab3,6,10,full,no
aa710fdc-3432-4be0-a4d6-ffce3511c2ec,5fb9e803-0031-43c0-a2c4-9a251333eab3,7,10,full,no
aa710fdc-3432-4be0-a4d6-ffce3511c2ec,5fb9e803-0031-43c0-a2c4-9a251333eab3,8,10,full,no
aa710fdc-3432-4be0-a4d6-ffce3511c2ec,5fb9e803-0031-43c0-a2c4-9a251333eab3,9,10,full,yes
75ab2357-a408-40d4-b6ae-8b15df90c15f,b64e9450-e294-4bd6-a13c-17545105f102,0,10,10,no
75ab2357-a408-40d4-b6ae-8b15df90c15f,b64e9450-e294-4bd6-a13c-17545105f102,1,10,10,no
75ab2357-a408-40d4-b6ae-8b15df90c15f,b64e9450-e294-4bd6-a13c-17545105f102,2,10,10,no
75ab2357-a408-40d4-b6ae-8b15df90c15f,b64e9450-e294-4bd6-a13c-17545105f102,3,10,10,yes
75ab2357-a408-40d4-b6ae-8b15df90c15f,b64e9450-e294-4bd6-a13c-17545105f102,4,10,10,no
75ab2357-a408-40d4-b6ae-8b15df90c15f,b64e9450-e294-4bd6-a13c-17545105f102,5,10,10,no
75ab2357-a408-40d4-b6ae-8b15df90c15f,b64e9450-e294-4bd6-a13c-17545105f102,6,10,10,yes
75ab2357-a408-40d4-b6ae-8b15df90c15f,b64e9450-e294-4bd6-a13c-17545105f102,7,10,10,no
75ab2357-a408-40d4-b6ae-8b15df90c15f,b64e9450-e294-4bd6-a13c-17545105f102,8,10,10,yes
75ab2357-a408-40d4-b6ae-8b15df90c15f,b64e9450-e294-4bd6-a13c-17545105f102,9,10,10,no
75ab2357-a408-40d4-b6ae-8b15df90c15f,b64e9450-e294-4bd6-a13c-17545105f102,0,10,50,no
75ab2357-a408-40d4-b6ae-8b15df90c15f,b64e9450-e294-4bd6-a13c-17545105f102,1,10,50,no
75ab2357-a408-40d4-b6ae-8b15df90c15f,b64e9450-e294-4bd6-a13c-17545105f102,2,10,50,yes
75ab2357-a408-40d4-b6ae-8b15df90c15f,b64e9450-e294-4bd6-a13c-17545105f102,3,10,50,no
75ab2357-a408-40d4-b6ae-8b15df90c15f,b64e9450-e294-4bd6-a13c-17545105f102,4,10,50,yes
75ab2357-a408-40d4-b6ae-8b15df90c15f,b64e9450-e294-4bd6-a13c-17545105f102,5,10,50,yes
75ab2357-a408-40d4-b6ae-8b15df90c15f,b64e9450-e294-4bd6-a13c-17545105f102,6,10,50,no
75ab2357-a408-40d4-b6ae-8b15df90c15f,b64e9450-e294-4bd6-a13c-17545105f102,7,10,50,no
75ab2357-a408-40d4-b6ae-8b15df90c15f,b64e9450-e294-4bd6-a13c-17545105f102,8,10,50,no
75ab2357-a408-40d4-b6ae-8b15df90c15f,b64e9450-e294-4bd6-a13c-17545105f102,9,10,50,no
75ab2357-a408-40d4-b6ae-8b15df90c15f,b64e9450-e294-4bd6-a13c-17545105f102,0,10,100,no
75ab2357-a408-40d4-b6ae-8b15df90c15f,b64e9450-e294-4bd6-a13c-17545105f102,1,10,100,no
75ab2357-a408-40d4-b6ae-8b15df90c15f,b64e9450-e294-4bd6-a13c-17545105f102,2,10,100,no
75ab2357-a408-40d4-b6ae-8b15df90c15f,b64e9450-e294-4bd6-a13c-17545105f102,3,10,100,no
75ab2357-a408-40d4-b6ae-8b15df90c15f,b64e9450-e294-4bd6-a13c-17545105f102,4,10,100,yes
75ab2357-a408-40d4-b6ae-8b15df90c15f,b64e9450-e294-4bd6-a13c-17545105f102,5,10,100,no
75ab2357-a408-40d4-b6ae-8b15df90c15f,b64e9450-e294-4bd6-a13c-17545105f102,6,10,100,no
75ab2357-a408-40d4-b6ae-8b15df90c15f,b64e9450-e294-4bd6-a13c-17545105f102,7,10,100,no
75ab2357-a408-40d4-b6ae-8b15df90c15f,b64e9450-e294-4bd6-a13c-17545105f102,8,10,100,no
75ab2357-a408-40d4-b6ae-8b15df90c15f,b64e9450-e294-4bd6-a13c-17545105f102,9,10,100,no
75ab2357-a408-40d4-b6ae-8b15df90c15f,b64e9450-e294-4bd6-a13c-17545105f102,0,10,full,no
75ab2357-a408-40d4-b6ae-8b15df90c15f,b64e9450-e294-4bd6-a13c-17545105f102,1,10,full,no
75ab2357-a408-40d4-b6ae-8b15df90c15f,b64e9450-e294-4bd6-a13c-17545105f102,2,10,full,no
75ab2357-a408-40d4-b6ae-8b15df90c15f,b64e9450-e294-4bd6-a13c-17545105f102,3,10,full,no
75ab2357-a408-40d4-b6ae-8b15df90c15f,b64e9450-e294-4bd6-a13c-17545105f102,4,10,full,yes
75ab2357-a408-40d4-b6ae-8b15df90c15f,b64e9450-e294-4bd6-a13c-17545105f102,5,10,full,no
75ab2357-a408-40d4-b6ae-8b15df90c15f,b64e9450-e294-4bd6-a13c-17545105f102,6,10,full,no
75ab2357-a408-40d4-b6ae-8b15df90c15f,b64e9450-e294-4bd6-a13c-17545105f102,7,10,full,no
75ab2357-a408-40d4-b6ae-8b15df90c15f,b64e9450-e294-4bd6-a13c-17545105f102,8,10,full,no
75ab2357-a408-40d4-b6ae-8b15df90c15f,b64e9450-e294-4bd6-a13c-17545105f102,9,10,full,no
75ab2357-a408-40d4-b6ae-8b15df90c15f,853eab54-9593-4467-91e7-1cd895cff0bf,0,10,10,no
75ab2357-a408-40d4-b6ae-8b15df90c15f,853eab54-9593-4467-91e7-1cd895cff0bf,1,10,10,no
75ab2357-a408-40d4-b6ae-8b15df90c15f,853eab54-9593-4467-91e7-1cd895cff0bf,2,10,10,no
75ab2357-a408-40d4-b6ae-8b15df90c15f,853eab54-9593-4467-91e7-1cd895cff0bf,3,10,10,no
75ab2357-a408-40d4-b6ae-8b15df90c15f,853eab54-9593-4467-91e7-1cd895cff0bf,4,10,10,no
75ab2357-a408-40d4-b6ae-8b15df90c15f,853eab54-9593-4467-91e7-1cd895cff0bf,5,10,10,no
75ab2357-a408-40d4-b6ae-8b15df90c15f,853eab54-9593-4467-91e7-1cd895cff0bf,6,10,10,no
75ab2357-a408-40d4-b6ae-8b15df90c15f,853eab54-9593-4467-91e7-1cd895cff0bf,7,10,10,no
75ab2357-a408-40d4-b6ae-8b15df90c15f,853eab54-9593-4467-91e7-1cd895cff0bf,8,10,10,no
75ab2357-a408-40d4-b6ae-8b15df90c15f,853eab54-9593-4467-91e7-1cd895cff0bf,9,10,10,no
75ab2357-a408-40d4-b6ae-8b15df90c15f,853eab54-9593-4467-91e7-1cd895cff0bf,0,10,50,no
75ab2357-a408-40d4-b6ae-8b15df90c15f,853eab54-9593-4467-91e7-1cd895cff0bf,1,10,50,yes
75ab2357-a408-40d4-b6ae-8b15df90c15f,853eab54-9593-4467-91e7-1cd895cff0bf,2,10,50,no
75ab2357-a408-40d4-b6ae-8b15df90c15f,853eab54-9593-4467-91e7-1cd895cff0bf,3,10,50,no
75ab2357-a408-40d4-b6ae-8b15df90c15f,853eab54-9593-4467-91e7-1cd895cff0bf,4,10,50,no
75ab2357-a408-40d4-b6ae-8b15df90c15f,853eab54-9593-4467-91e7-1cd895cff0bf,5,10,50,no
75ab2357-a408-40d4-b6ae-8b15df90c15f,853eab54-9593-4467-91e7-1cd895cff0bf,6,10,50,yes
75ab2357-a408-40d4-b6ae-8b15df90c15f,853eab54-9593-4467-91e7-1cd895cff0bf,7,10,50,no
75ab2357-a408-40d4-b6ae-8b15df90c15f,853eab54-9593-4467-91e7-1cd895cff0bf,8,10,50,no
75ab2357-a408-40d4-b6ae-8b15df90c15f,853eab54-9593-4467-91e7-1cd895cff0bf,9,10,50,no
75ab2357-a408-40d4-b6ae-8b15df90c15f,853eab54-9593-4467-91e7-1cd895cff0bf,0,10,100,no
75ab2357-a408-40d4-b6ae-8b15df90c15f,853eab54-9593-4467-91e7-1cd895cff0bf,1,10,100,yes
75ab2357-a408-40d4-b6ae-8b15df90c15f,853eab54-9593-4467-91e7-1cd895cff0bf,2,10,100,no
75ab2357-a408-40d4-b6ae-8b15df90c15f,853eab54-9593-4467-91e7-1cd895cff0bf,3,10,100,no
75ab2357-a408-40d4-b6ae-8b15df90c15f,853eab54-9593-4467-91e7-1cd895cff0bf,4,10,100,no
75ab2357-a408-40d4-b6ae-8b15df90c15f,853eab54-9593-4467-91e7-1cd895cff0bf,5,10,100,no
75ab2357-a408-40d4-b6ae-8b15df90c15f,853eab54-9593-4467-91e7-1cd895cff0bf,6,10,100,no
75ab2357-a408-40d4-b6ae-8b15df90c15f,853eab54-9593-4467-91e7-1cd895cff0bf,7,10,100,no
75ab2357-a408-40d4-b6ae-8b15df90c15f,853eab54-9593-4467-91e7-1cd895cff0bf,8,10,100,no
75ab2357-a408-40d4-b6ae-8b15df90c15f,853eab54-9593-4467-91e7-1cd895cff0bf,9,10,100,no
75ab2357-a408-40d4-b6ae-8b15df90c15f,853eab54-9593-4467-91e7-1cd895cff0bf,0,10,full,no
75ab2357-a408-40d4-b6ae-8b15df90c15f,853eab54-9593-4467-91e7-1cd895cff0bf,1,10,full,no
75ab2357-a408-40d4-b6ae-8b15df90c15f,853eab54-9593-4467-91e7-1cd895cff0bf,2,10,full,no
75ab2357-a408-40d4-b6ae-8b15df90c15f,853eab54-9593-4467-91e7-1cd895cff0bf,3,10,full,no
75ab2357-a408-40d4-b6ae-8b15df90c15f,853eab54-9593-4467-91e7-1cd895cff0bf,4,10,full,no
75ab2357-a408-40d4-b6ae-8b15df90c15f,853eab54-9593-4467-91e7-1cd895cff0bf,5,10,full,no
75ab2357-a408-40d4-b6ae-8b15df90c15f,853eab54-9593-4467-91e7-1cd895cff0bf,6,10,full,no
75ab2357-a408-40d4-b6ae-8b15df90c15f,853eab54-9593-4467-91e7-1cd895cff0bf,7,10,full,no
75ab2357-a408-40d4-b6ae-8b15df90c15f,853eab54-9593-4467-91e7-1cd895cff0bf,8,10,full,no
75ab2357-a408-40d4-b6ae-8b15df90c15f,853eab54-9593-4467-91e7-1cd895cff0bf,9,10,full,no
4c5bda2e-cf5b-4beb-8735-a712d13badaa,d5fa4f27-abd8-4a27-a8a8-61d50eb8ec3f,0,10,10,no
4c5bda2e-cf5b-4beb-8735-a712d13badaa,d5fa4f27-abd8-4a27-a8a8-61d50eb8ec3f,1,10,10,no
4c5bda2e-cf5b-4beb-8735-a712d13badaa,d5fa4f27-abd8-4a27-a8a8-61d50eb8ec3f,2,10,10,no
4c5bda2e-cf5b-4beb-8735-a712d13badaa,d5fa4f27-abd8-4a27-a8a8-61d50eb8ec3f,3,10,10,yes
4c5bda2e-cf5b-4beb-8735-a712d13badaa,d5fa4f27-abd8-4a27-a8a8-61d50eb8ec3f,4,10,10,no
4c5bda2e-cf5b-4beb-8735-a712d13badaa,d5fa4f27-abd8-4a27-a8a8-61d50eb8ec3f,5,10,10,no
4c5bda2e-cf5b-4beb-8735-a712d13badaa,d5fa4f27-abd8-4a27-a8a8-61d50eb8ec3f,6,10,10,no
4c5bda2e-cf5b-4beb-8735-a712d13badaa,d5fa4f27-abd8-4a27-a8a8-61d50eb8ec3f,7,10,10,no
4c5bda2e-cf5b-4beb-8735-a712d13badaa,d5fa4f27-abd8-4a27-a8a8-61d50eb8ec3f,8,10,10,no
4c5bda2e-cf5b-4beb-8735-a712d13badaa,d5fa4f27-abd8-4a27-a8a8-61d50eb8ec3f,9,10,10,no
4c5bda2e-cf5b-4beb-8735-a712d13badaa,d5fa4f27-abd8-4a27-a8a8-61d50eb8ec3f,0,10,50,no
4c5bda2e-cf5b-4beb-8735-a712d13badaa,d5fa4f27-abd8-4a27-a8a8-61d50eb8ec3f,1,10,50,yes
4c5bda2e-cf5b-4beb-8735-a712d13badaa,d5fa4f27-abd8-4a27-a8a8-61d50eb8ec3f,2,10,50,yes
4c5bda2e-cf5b-4beb-8735-a712d13badaa,d5fa4f27-abd8-4a27-a8a8-61d50eb8ec3f,3,10,50,no
4c5bda2e-cf5b-4beb-8735-a712d13badaa,d5fa4f27-abd8-4a27-a8a8-61d50eb8ec3f,4,10,50,no
4c5bda2e-cf5b-4beb-8735-a712d13badaa,d5fa4f27-abd8-4a27-a8a8-61d50eb8ec3f,5,10,50,no
4c5bda2e-cf5b-4beb-8735-a712d13badaa,d5fa4f27-abd8-4a27-a8a8-61d50eb8ec3f,6,10,50,no
4c5bda2e-cf5b-4beb-8735-a712d13badaa,d5fa4f27-abd8-4a27-a8a8-61d50eb8ec3f,7,10,50,no
4c5bda2e-cf5b-4beb-8735-a712d13badaa,d5fa4f27-abd8-4a27-a8a8-61d50eb8ec3f,8,10,50,no
4c5bda2e-cf5b-4beb-8735-a712d13badaa,d5fa4f27-abd8-4a27-a8a8-61d50eb8ec3f,9,10,50,no
4c5bda2e-cf5b-4beb-8735-a712d13badaa,d5fa4f27-abd8-4a27-a8a8-61d50eb8ec3f,0,10,100,no
4c5bda2e-cf5b-4beb-8735-a712d13badaa,d5fa4f27-abd8-4a27-a8a8-61d50eb8ec3f,1,10,100,yes
4c5bda2e-cf5b-4beb-8735-a712d13badaa,d5fa4f27-abd8-4a27-a8a8-61d50eb8ec3f,2,10,100,yes
4c5bda2e-cf5b-4beb-8735-a712d13badaa,d5fa4f27-abd8-4a27-a8a8-61d50eb8ec3f,3,10,100,no
4c5bda2e-cf5b-4beb-8735-a712d13badaa,d5fa4f27-abd8-4a27-a8a8-61d50eb8ec3f,4,10,100,no
4c5bda2e-cf5b-4beb-8735-a712d13badaa,d5fa4f27-abd8-4a27-a8a8-61d50eb8ec3f,5,10,100,no
4c5bda2e-cf5b-4beb-8735-a712d13badaa,d5fa4f27-abd8-4a27-a8a8-61d50eb8ec3f,6,10,100,yes
4c5bda2e-cf5b-4beb-8735-a712d13badaa,d5fa4f27-abd8-4a27-a8a8-61d50eb8ec3f,7,10,100,no
4c5bda2e-cf5b-4beb-8735-a712d13badaa,d5fa4f27-abd8-4a27-a8a8-61d50eb8ec3f,8,10,100,no
4c5bda2e-cf5b-4beb-8735-a712d13badaa,d5fa4f27-abd8-4a27-a8a8-61d50eb8ec3f,9,10,100,yes
4c5bda2e-cf5b-4beb-8735-a712d13badaa,d5fa4f27-abd8-4a27-a8a8-61d50eb8ec3f,0,10,full,no
4c5bda2e-cf5b-4beb-8735-a712d13badaa,d5fa4f27-abd8-4a27-a8a8-61d50eb8ec3f,1,10,full,yes
4c5bda2e-cf5b-4beb-8735-a712d13badaa,d5fa4f27-abd8-4a27-a8a8-61d50eb8ec3f,2,10,full,yes
4c5bda2e-cf5b-4beb-8735-a712d13badaa,d5fa4f27-abd8-4a27-a8a8-61d50eb8ec3f,3,10,full,no
4c5bda2e-cf5b-4beb-8735-a712d13badaa,d5fa4f27-abd8-4a27-a8a8-61d50eb8ec3f,4,10,full,no
4c5bda2e-cf5b-4beb-8735-a712d13badaa,d5fa4f27-abd8-4a27-a8a8-61d50eb8ec3f,5,10,full,no
4c5bda2e-cf5b-4beb-8735-a712d13badaa,d5fa4f27-abd8-4a27-a8a8-61d50eb8ec3f,6,10,full,no
4c5bda2e-cf5b-4beb-8735-a712d13badaa,d5fa4f27-abd8-4a27-a8a8-61d50eb8ec3f,7,10,full,no
4c5bda2e-cf5b-4beb-8735-a712d13badaa,d5fa4f27-abd8-4a27-a8a8-61d50eb8ec3f,8,10,full,no
4c5bda2e-cf5b-4beb-8735-a712d13badaa,d5fa4f27-abd8-4a27-a8a8-61d50eb8ec3f,9,10,full,yes
4c5bda2e-cf5b-4beb-8735-a712d13badaa,95649ddf-e6d1-433c-a1be-b5bfd0a5e0ad,0,10,10,no
4c5bda2e-cf5b-4beb-8735-a712d13badaa,95649ddf-e6d1-433c-a1be-b5bfd0a5e0ad,1,10,10,no
4c5bda2e-cf5b-4beb-8735-a712d13badaa,95649ddf-e6d1-433c-a1be-b5bfd0a5e0ad,2,10,10,no
4c5bda2e-cf5b-4beb-8735-a712d13badaa,95649ddf-e6d1-433c-a1be-b5bfd0a5e0ad,3,10,10,yes
4c5bda2e-cf5b-4beb-8735-a712d13badaa,95649ddf-e6d1-433c-a1be-b5bfd0a5e0ad,4,10,10,yes
4c5bda2e-cf5b-4beb-8735-a712d13badaa,95649ddf-e6d1-433c-a1be-b5bfd0a5e0ad,5,10,10,no
4c5bda2e-cf5b-4beb-8735-a712d13badaa,95649ddf-e6d1-433c-a1be-b5bfd0a5e0ad,6,10,10,no
4c5bda2e-cf5b-4beb-8735-a712d13badaa,95649ddf-e6d1-433c-a1be-b5bfd0a5e0ad,7,10,10,no
4c5bda2e-cf5b-4beb-8735-a712d13badaa,95649ddf-e6d1-433c-a1be-b5bfd0a5e0ad,8,10,10,no
4c5bda2e-cf5b-4beb-8735-a712d13badaa,95649ddf-e6d1-433c-a1be-b5bfd0a5e0ad,9,10,10,no
4c5bda2e-cf5b-4beb-8735-a712d13badaa,95649ddf-e6d1-433c-a1be-b5bfd0a5e0ad,0,10,50,no
4c5bda2e-cf5b-4beb-8735-a712d13badaa,95649ddf-e6d1-433c-a1be-b5bfd0a5e0ad,1,10,50,no
4c5bda2e-cf5b-4beb-8735-a712d13badaa,95649ddf-e6d1-433c-a1be-b5bfd0a5e0ad,2,10,50,yes
4c5bda2e-cf5b-4beb-8735-a712d13badaa,95649ddf-e6d1-433c-a1be-b5bfd0a5e0ad,3,10,50,no
4c5bda2e-cf5b-4beb-8735-a712d13badaa,95649ddf-e6d1-433c-a1be-b5bfd0a5e0ad,4,10,50,yes
4c5bda2e-cf5b-4beb-8735-a712d13badaa,95649ddf-e6d1-433c-a1be-b5bfd0a5e0ad,5,10,50,no
4c5bda2e-cf5b-4beb-8735-a712d13badaa,95649ddf-e6d1-433c-a1be-b5bfd0a5e0ad,6,10,50,no
4c5bda2e-cf5b-4beb-8735-a712d13badaa,95649ddf-e6d1-433c-a1be-b5bfd0a5e0ad,7,10,50,no
4c5bda2e-cf5b-4beb-8735-a712d13badaa,95649ddf-e6d1-433c-a1be-b5bfd0a5e0ad,8,10,50,no
4c5bda2e-cf5b-4beb-8735-a712d13badaa,95649ddf-e6d1-433c-a1be-b5bfd0a5e0ad,9,10,50,no
4c5bda2e-cf5b-4beb-8735-a712d13badaa,95649ddf-e6d1-433c-a1be-b5bfd0a5e0ad,0,10,100,yes
4c5bda2e-cf5b-4beb-8735-a712d13badaa,95649ddf-e6d1-433c-a1be-b5bfd0a5e0ad,1,10,100,no
4c5bda2e-cf5b-4beb-8735-a712d13badaa,95649ddf-e6d1-433c-a1be-b5bfd0a5e0ad,2,10,100,yes
4c5bda2e-cf5b-4beb-8735-a712d13badaa,95649ddf-e6d1-433c-a1be-b5bfd0a5e0ad,3,10,100,no
4c5bda2e-cf5b-4beb-8735-a712d13badaa,95649ddf-e6d1-433c-a1be-b5bfd0a5e0ad,4,10,100,yes
4c5bda2e-cf5b-4beb-8735-a712d13badaa,95649ddf-e6d1-433c-a1be-b5bfd0a5e0ad,5,10,100,no
4c5bda2e-cf5b-4beb-8735-a712d13badaa,95649ddf-e6d1-433c-a1be-b5bfd0a5e0ad,6,10,100,no
4c5bda2e-cf5b-4beb-8735-a712d13badaa,95649ddf-e6d1-433c-a1be-b5bfd0a5e0ad,7,10,100,no
4c5bda2e-cf5b-4beb-8735-a712d13badaa,95649ddf-e6d1-433c-a1be-b5bfd0a5e0ad,8,10,100,no
4c5bda2e-cf5b-4beb-8735-a712d13badaa,95649ddf-e6d1-433c-a1be-b5bfd0a5e0ad,9,10,100,no
4c5bda2e-cf5b-4beb-8735-a712d13badaa,95649ddf-e6d1-433c-a1be-b5bfd0a5e0ad,0,10,full,yes
4c5bda2e-cf5b-4beb-8735-a712d13badaa,95649ddf-e6d1-433c-a1be-b5bfd0a5e0ad,1,10,full,no
4c5bda2e-cf5b-4beb-8735-a712d13badaa,95649ddf-e6d1-433c-a1be-b5bfd0a5e0ad,2,10,full,yes
4c5bda2e-cf5b-4beb-8735-a712d13badaa,95649ddf-e6d1-433c-a1be-b5bfd0a5e0ad,3,10,full,no
4c5bda2e-cf5b-4beb-8735-a712d13badaa,95649ddf-e6d1-433c-a1be-b5bfd0a5e0ad,4,10,full,yes
4c5bda2e-cf5b-4beb-8735-a712d13badaa,95649ddf-e6d1-433c-a1be-b5bfd0a5e0ad,5,10,full,no
4c5bda2e-cf5b-4beb-8735-a712d13badaa,95649ddf-e6d1-433c-a1be-b5bfd0a5e0ad,6,10,full,no
4c5bda2e-cf5b-4beb-8735-a712d13badaa,95649ddf-e6d1-433c-a1be-b5bfd0a5e0ad,7,10,full,no
4c5bda2e-cf5b-4beb-8735-a712d13badaa,95649ddf-e6d1-433c-a1be-b5bfd0a5e0ad,8,10,full,no
4c5bda2e-cf5b-4beb-8735-a712d13badaa,95649ddf-e6d1-433c-a1be-b5bfd0a5e0ad,9,10,full,no
1b04431c-1f53-4eea-95bc-3d7c84cde6b0,fa8e7d91-f803-4f66-9844-492453bb183e,0,10,10,no
1b04431c-1f53-4eea-95bc-3d7c84cde6b0,fa8e7d91-f803-4f66-9844-492453bb183e,1,10,10,no
1b04431c-1f53-4eea-95bc-3d7c84cde6b0,fa8e7d91-f803-4f66-9844-492453bb183e,2,10,10,no
1b04431c-1f53-4eea-95bc-3d7c84cde6b0,fa8e7d91-f803-4f66-9844-492453bb183e,3,10,10,no
1b04431c-1f53-4eea-95bc-3d7c84cde6b0,fa8e7d91-f803-4f66-9844-492453bb183e,4,10,10,no
1b04431c-1f53-4eea-95bc-3d7c84cde6b0,fa8e7d91-f803-4f66-9844-492453bb183e,5,10,10,no
1b04431c-1f53-4eea-95bc-3d7c84cde6b0,fa8e7d91-f803-4f66-9844-492453bb183e,6,10,10,no
1b04431c-1f53-4eea-95bc-3d7c84cde6b0,fa8e7d91-f803-4f66-9844-492453bb183e,7,10,10,no
1b04431c-1f53-4eea-95bc-3d7c84cde6b0,fa8e7d91-f803-4f66-9844-492453bb183e,8,10,10,no
1b04431c-1f53-4eea-95bc-3d7c84cde6b0,fa8e7d91-f803-4f66-9844-492453bb183e,9,10,10,no
1b04431c-1f53-4eea-95bc-3d7c84cde6b0,fa8e7d91-f803-4f66-9844-492453bb183e,0,10,50,no
1b04431c-1f53-4eea-95bc-3d7c84cde6b0,fa8e7d91-f803-4f66-9844-492453bb183e,1,10,50,no
1b04431c-1f53-4eea-95bc-3d7c84cde6b0,fa8e7d91-f803-4f66-9844-492453bb183e,2,10,50,no
1b04431c-1f53-4eea-95bc-3d7c84cde6b0,fa8e7d91-f803-4f66-9844-492453bb183e,3,10,50,no
1b04431c-1f53-4eea-95bc-3d7c84cde6b0,fa8e7d91-f803-4f66-9844-492453bb183e,4,10,50,no
1b04431c-1f53-4eea-95bc-3d7c84cde6b0,fa8e7d91-f803-4f66-9844-492453bb183e,5,10,50,no
1b04431c-1f53-4eea-95bc-3d7c84cde6b0,fa8e7d91-f803-4f66-9844-492453bb183e,6,10,50,no
1b04431c-1f53-4eea-95bc-3d7c84cde6b0,fa8e7d91-f803-4f66-9844-492453bb183e,7,10,50,no
1b04431c-1f53-4eea-95bc-3d7c84cde6b0,fa8e7d91-f803-4f66-9844-492453bb183e,8,10,50,no
1b04431c-1f53-4eea-95bc-3d7c84cde6b0,fa8e7d91-f803-4f66-9844-492453bb183e,9,10,50,no
1b04431c-1f53-4eea-95bc-3d7c84cde6b0,fa8e7d91-f803-4f66-9844-492453bb183e,0,10,100,no
1b04431c-1f53-4eea-95bc-3d7c84cde6b0,fa8e7d91-f803-4f66-9844-492453bb183e,1,10,100,no
1b04431c-1f53-4eea-95bc-3d7c84cde6b0,fa8e7d91-f803-4f66-9844-492453bb183e,2,10,100,no
1b04431c-1f53-4eea-95bc-3d7c84cde6b0,fa8e7d91-f803-4f66-9844-492453bb183e,3,10,100,no
1b04431c-1f53-4eea-95bc-3d7c84cde6b0,fa8e7d91-f803-4f66-9844-492453bb183e,4,10,100,no
1b04431c-1f53-4eea-95bc-3d7c84cde6b0,fa8e7d91-f803-4f66-9844-492453bb183e,5,10,100,no
1b04431c-1f53-4eea-95bc-3d7c84cde6b0,fa8e7d91-f803-4f66-9844-492453bb183e,6,10,100,no
1b04431c-1f53-4eea-95bc-3d7c84cde6b0,fa8e7d91-f803-4f66-9844-492453bb183e,7,10,100,no
1b04431c-1f53-4eea-95bc-3d7c84cde6b0,fa8e7d91-f803-4f66-9844-492453bb183e,8,10,100,no
1b04431c-1f53-4eea-95bc-3d7c84cde6b0,fa8e7d91-f803-4f66-9844-492453bb183e,9,10,100,no
1b04431c-1f53-4eea-95bc-3d7c84cde6b0,fa8e7d91-f803-4f66-9844-492453bb183e,0,10,full,no
1b04431c-1f53-4eea-95bc-3d7c84cde6b0,fa8e7d91-f803-4f66-9844-492453bb183e,1,10,full,no
1b04431c-1f53-4eea-95bc-3d7c84cde6b0,fa8e7d91-f803-4f66-9844-492453bb183e,2,10,full,no
1b04431c-1f53-4eea-95bc-3d7c84cde6b0,fa8e7d91-f803-4f66-9844-492453bb183e,3,10,full,no
1b04431c-1f53-4eea-95bc-3d7c84cde6b0,fa8e7d91-f803-4f66-9844-492453bb183e,4,10,full,no
1b04431c-1f53-4eea-95bc-3d7c84cde6b0,fa8e7d91-f803-4f66-9844-492453bb183e,5,10,full,no
1b04431c-1f53-4eea-95bc-3d7c84cde6b0,fa8e7d91-f803-4f66-9844-492453bb183e,6,10,full,no
1b04431c-1f53-4eea-95bc-3d7c84cde6b0,fa8e7d91-f803-4f66-9844-492453bb183e,7,10,full,no
1b04431c-1f53-4eea-95bc-3d7c84cde6b0,fa8e7d91-f803-4f66-9844-492453bb183e,8,10,full,no
1b04431c-1f53-4eea-95bc-3d7c84cde6b0,fa8e7d91-f803-4f66-9844-492453bb183e,9,10,full,no
1b04431c-1f53-4eea-95bc-3d7c84cde6b0,38f82f7a-4230-47b8-a84e-266bb4c09998,0,10,10,no
1b04431c-1f53-4eea-95bc-3d7c84cde6b0,38f82f7a-4230-47b8-a84e-266bb4c09998,1,10,10,no
1b04431c-1f53-4eea-95bc-3d7c84cde6b0,38f82f7a-4230-47b8-a84e-266bb4c09998,2,10,10,no
1b04431c-1f53-4eea-95bc-3d7c84cde6b0,38f82f7a-4230-47b8-a84e-266bb4c09998,3,10,10,no
1b04431c-1f53-4eea-95bc-3d7c84cde6b0,38f82f7a-4230-47b8-a84e-266bb4c09998,4,10,10,no
1b04431c-1f53-4eea-95bc-3d7c84cde6b0,38f82f7a-4230-47b8-a84e-266bb4c09998,5,10,10,no
1b04431c-1f53-4eea-95bc-3d7c84cde6b0,38f82f7a-4230-47b8-a84e-266bb4c09998,6,10,10,no
1b04431c-1f53-4eea-95bc-3d7c84cde6b0,38f82f7a-4230-47b8-a84e-266bb4c09998,8,10,10,no
1b04431c-1f53-4eea-95bc-3d7c84cde6b0,38f82f7a-4230-47b8-a84e-266bb4c09998,9,10,10,no
1b04431c-1f53-4eea-95bc-3d7c84cde6b0,38f82f7a-4230-47b8-a84e-266bb4c09998,0,10,50,no
1b04431c-1f53-4eea-95bc-3d7c84cde6b0,38f82f7a-4230-47b8-a84e-266bb4c09998,1,10,50,no
1b04431c-1f53-4eea-95bc-3d7c84cde6b0,38f82f7a-4230-47b8-a84e-266bb4c09998,2,10,50,no
1b04431c-1f53-4eea-95bc-3d7c84cde6b0,38f82f7a-4230-47b8-a84e-266bb4c09998,3,10,50,no
1b04431c-1f53-4eea-95bc-3d7c84cde6b0,38f82f7a-4230-47b8-a84e-266bb4c09998,4,10,50,no
1b04431c-1f53-4eea-95bc-3d7c84cde6b0,38f82f7a-4230-47b8-a84e-266bb4c09998,5,10,50,no
1b04431c-1f53-4eea-95bc-3d7c84cde6b0,38f82f7a-4230-47b8-a84e-266bb4c09998,6,10,50,no
1b04431c-1f53-4eea-95bc-3d7c84cde6b0,38f82f7a-4230-47b8-a84e-266bb4c09998,8,10,50,no
1b04431c-1f53-4eea-95bc-3d7c84cde6b0,38f82f7a-4230-47b8-a84e-266bb4c09998,9,10,50,no
1b04431c-1f53-4eea-95bc-3d7c84cde6b0,38f82f7a-4230-47b8-a84e-266bb4c09998,0,10,100,no
1b04431c-1f53-4eea-95bc-3d7c84cde6b0,38f82f7a-4230-47b8-a84e-266bb4c09998,1,10,100,no
1b04431c-1f53-4eea-95bc-3d7c84cde6b0,38f82f7a-4230-47b8-a84e-266bb4c09998,2,10,100,no
1b04431c-1f53-4eea-95bc-3d7c84cde6b0,38f82f7a-4230-47b8-a84e-266bb4c09998,3,10,100,no
1b04431c-1f53-4eea-95bc-3d7c84cde6b0,38f82f7a-4230-47b8-a84e-266bb4c09998,4,10,100,no
1b04431c-1f53-4eea-95bc-3d7c84cde6b0,38f82f7a-4230-47b8-a84e-266bb4c09998,5,10,100,no
1b04431c-1f53-4eea-95bc-3d7c84cde6b0,38f82f7a-4230-47b8-a84e-266bb4c09998,6,10,100,no
1b04431c-1f53-4eea-95bc-3d7c84cde6b0,38f82f7a-4230-47b8-a84e-266bb4c09998,8,10,100,no
1b04431c-1f53-4eea-95bc-3d7c84cde6b0,38f82f7a-4230-47b8-a84e-266bb4c09998,9,10,100,no
1b04431c-1f53-4eea-95bc-3d7c84cde6b0,38f82f7a-4230-47b8-a84e-266bb4c09998,0,10,full,no
1b04431c-1f53-4eea-95bc-3d7c84cde6b0,38f82f7a-4230-47b8-a84e-266bb4c09998,1,10,full,no
1b04431c-1f53-4eea-95bc-3d7c84cde6b0,38f82f7a-4230-47b8-a84e-266bb4c09998,2,10,full,no
1b04431c-1f53-4eea-95bc-3d7c84cde6b0,38f82f7a-4230-47b8-a84e-266bb4c09998,3,10,full,no
1b04431c-1f53-4eea-95bc-3d7c84cde6b0,38f82f7a-4230-47b8-a84e-266bb4c09998,4,10,full,no
1b04431c-1f53-4eea-95bc-3d7c84cde6b0,38f82f7a-4230-47b8-a84e-266bb4c09998,5,10,full,no
1b04431c-1f53-4eea-95bc-3d7c84cde6b0,38f82f7a-4230-47b8-a84e-266bb4c09998,6,10,full,no
1b04431c-1f53-4eea-95bc-3d7c84cde6b0,38f82f7a-4230-47b8-a84e-266bb4c09998,8,10,full,no
1b04431c-1f53-4eea-95bc-3d7c84cde6b0,38f82f7a-4230-47b8-a84e-266bb4c09998,9,10,full,no
7c24c227-9f95-47f4-a1f5-aed45d741c1d,0dda668f-7681-4e7a-af57-caafca5f69b6,0,10,10,no
7c24c227-9f95-47f4-a1f5-aed45d741c1d,0dda668f-7681-4e7a-af57-caafca5f69b6,1,10,10,no
7c24c227-9f95-47f4-a1f5-aed45d741c1d,0dda668f-7681-4e7a-af57-caafca5f69b6,2,10,10,no
7c24c227-9f95-47f4-a1f5-aed45d741c1d,0dda668f-7681-4e7a-af57-caafca5f69b6,3,10,10,no
7c24c227-9f95-47f4-a1f5-aed45d741c1d,0dda668f-7681-4e7a-af57-caafca5f69b6,4,10,10,no
7c24c227-9f95-47f4-a1f5-aed45d741c1d,0dda668f-7681-4e7a-af57-caafca5f69b6,5,10,10,no
7c24c227-9f95-47f4-a1f5-aed45d741c1d,0dda668f-7681-4e7a-af57-caafca5f69b6,6,10,10,no
7c24c227-9f95-47f4-a1f5-aed45d741c1d,0dda668f-7681-4e7a-af57-caafca5f69b6,7,10,10,no
7c24c227-9f95-47f4-a1f5-aed45d741c1d,0dda668f-7681-4e7a-af57-caafca5f69b6,8,10,10,no
7c24c227-9f95-47f4-a1f5-aed45d741c1d,0dda668f-7681-4e7a-af57-caafca5f69b6,9,10,10,no
7c24c227-9f95-47f4-a1f5-aed45d741c1d,0dda668f-7681-4e7a-af57-caafca5f69b6,0,10,50,no
7c24c227-9f95-47f4-a1f5-aed45d741c1d,0dda668f-7681-4e7a-af57-caafca5f69b6,1,10,50,no
7c24c227-9f95-47f4-a1f5-aed45d741c1d,0dda668f-7681-4e7a-af57-caafca5f69b6,2,10,50,no
7c24c227-9f95-47f4-a1f5-aed45d741c1d,0dda668f-7681-4e7a-af57-caafca5f69b6,3,10,50,no
7c24c227-9f95-47f4-a1f5-aed45d741c1d,0dda668f-7681-4e7a-af57-caafca5f69b6,4,10,50,no
7c24c227-9f95-47f4-a1f5-aed45d741c1d,0dda668f-7681-4e7a-af57-caafca5f69b6,5,10,50,no
7c24c227-9f95-47f4-a1f5-aed45d741c1d,0dda668f-7681-4e7a-af57-caafca5f69b6,6,10,50,no
7c24c227-9f95-47f4-a1f5-aed45d741c1d,0dda668f-7681-4e7a-af57-caafca5f69b6,7,10,50,no
7c24c227-9f95-47f4-a1f5-aed45d741c1d,0dda668f-7681-4e7a-af57-caafca5f69b6,8,10,50,no
7c24c227-9f95-47f4-a1f5-aed45d741c1d,0dda668f-7681-4e7a-af57-caafca5f69b6,9,10,50,no
7c24c227-9f95-47f4-a1f5-aed45d741c1d,0dda668f-7681-4e7a-af57-caafca5f69b6,0,10,100,no
7c24c227-9f95-47f4-a1f5-aed45d741c1d,0dda668f-7681-4e7a-af57-caafca5f69b6,1,10,100,no
7c24c227-9f95-47f4-a1f5-aed45d741c1d,0dda668f-7681-4e7a-af57-caafca5f69b6,2,10,100,no
7c24c227-9f95-47f4-a1f5-aed45d741c1d,0dda668f-7681-4e7a-af57-caafca5f69b6,3,10,100,no
7c24c227-9f95-47f4-a1f5-aed45d741c1d,0dda668f-7681-4e7a-af57-caafca5f69b6,4,10,100,no
7c24c227-9f95-47f4-a1f5-aed45d741c1d,0dda668f-7681-4e7a-af57-caafca5f69b6,5,10,100,no
7c24c227-9f95-47f4-a1f5-aed45d741c1d,0dda668f-7681-4e7a-af57-caafca5f69b6,6,10,100,no
7c24c227-9f95-47f4-a1f5-aed45d741c1d,0dda668f-7681-4e7a-af57-caafca5f69b6,7,10,100,no
7c24c227-9f95-47f4-a1f5-aed45d741c1d,0dda668f-7681-4e7a-af57-caafca5f69b6,8,10,100,no
7c24c227-9f95-47f4-a1f5-aed45d741c1d,0dda668f-7681-4e7a-af57-caafca5f69b6,9,10,100,no
7c24c227-9f95-47f4-a1f5-aed45d741c1d,0dda668f-7681-4e7a-af57-caafca5f69b6,0,10,full,no
7c24c227-9f95-47f4-a1f5-aed45d741c1d,0dda668f-7681-4e7a-af57-caafca5f69b6,1,10,full,no
7c24c227-9f95-47f4-a1f5-aed45d741c1d,0dda668f-7681-4e7a-af57-caafca5f69b6,2,10,full,no
7c24c227-9f95-47f4-a1f5-aed45d741c1d,0dda668f-7681-4e7a-af57-caafca5f69b6,3,10,full,no
7c24c227-9f95-47f4-a1f5-aed45d741c1d,0dda668f-7681-4e7a-af57-caafca5f69b6,4,10,full,no
7c24c227-9f95-47f4-a1f5-aed45d741c1d,0dda668f-7681-4e7a-af57-caafca5f69b6,5,10,full,no
7c24c227-9f95-47f4-a1f5-aed45d741c1d,0dda668f-7681-4e7a-af57-caafca5f69b6,6,10,full,no
7c24c227-9f95-47f4-a1f5-aed45d741c1d,0dda668f-7681-4e7a-af57-caafca5f69b6,7,10,full,no
7c24c227-9f95-47f4-a1f5-aed45d741c1d,0dda668f-7681-4e7a-af57-caafca5f69b6,8,10,full,no
7c24c227-9f95-47f4-a1f5-aed45d741c1d,0dda668f-7681-4e7a-af57-caafca5f69b6,9,10,full,no
7c24c227-9f95-47f4-a1f5-aed45d741c1d,5dd2076f-224e-429a-bacc-38dcf541701e,0,10,10,no
7c24c227-9f95-47f4-a1f5-aed45d741c1d,5dd2076f-224e-429a-bacc-38dcf541701e,1,10,10,no
7c24c227-9f95-47f4-a1f5-aed45d741c1d,5dd2076f-224e-429a-bacc-38dcf541701e,2,10,10,no
7c24c227-9f95-47f4-a1f5-aed45d741c1d,5dd2076f-224e-429a-bacc-38dcf541701e,3,10,10,no
7c24c227-9f95-47f4-a1f5-aed45d741c1d,5dd2076f-224e-429a-bacc-38dcf541701e,4,10,10,no
7c24c227-9f95-47f4-a1f5-aed45d741c1d,5dd2076f-224e-429a-bacc-38dcf541701e,5,10,10,no
7c24c227-9f95-47f4-a1f5-aed45d741c1d,5dd2076f-224e-429a-bacc-38dcf541701e,6,10,10,no
7c24c227-9f95-47f4-a1f5-aed45d741c1d,5dd2076f-224e-429a-bacc-38dcf541701e,7,10,10,no
7c24c227-9f95-47f4-a1f5-aed45d741c1d,5dd2076f-224e-429a-bacc-38dcf541701e,8,10,10,no
7c24c227-9f95-47f4-a1f5-aed45d741c1d,5dd2076f-224e-429a-bacc-38dcf541701e,9,10,10,no
7c24c227-9f95-47f4-a1f5-aed45d741c1d,5dd2076f-224e-429a-bacc-38dcf541701e,0,10,50,no
7c24c227-9f95-47f4-a1f5-aed45d741c1d,5dd2076f-224e-429a-bacc-38dcf541701e,1,10,50,no
7c24c227-9f95-47f4-a1f5-aed45d741c1d,5dd2076f-224e-429a-bacc-38dcf541701e,2,10,50,no
7c24c227-9f95-47f4-a1f5-aed45d741c1d,5dd2076f-224e-429a-bacc-38dcf541701e,3,10,50,no
7c24c227-9f95-47f4-a1f5-aed45d741c1d,5dd2076f-224e-429a-bacc-38dcf541701e,4,10,50,no
7c24c227-9f95-47f4-a1f5-aed45d741c1d,5dd2076f-224e-429a-bacc-38dcf541701e,5,10,50,no
7c24c227-9f95-47f4-a1f5-aed45d741c1d,5dd2076f-224e-429a-bacc-38dcf541701e,6,10,50,no
7c24c227-9f95-47f4-a1f5-aed45d741c1d,5dd2076f-224e-429a-bacc-38dcf541701e,7,10,50,no
7c24c227-9f95-47f4-a1f5-aed45d741c1d,5dd2076f-224e-429a-bacc-38dcf541701e,8,10,50,no
7c24c227-9f95-47f4-a1f5-aed45d741c1d,5dd2076f-224e-429a-bacc-38dcf541701e,9,10,50,no
7c24c227-9f95-47f4-a1f5-aed45d741c1d,5dd2076f-224e-429a-bacc-38dcf541701e,0,10,100,no
7c24c227-9f95-47f4-a1f5-aed45d741c1d,5dd2076f-224e-429a-bacc-38dcf541701e,1,10,100,no
7c24c227-9f95-47f4-a1f5-aed45d741c1d,5dd2076f-224e-429a-bacc-38dcf541701e,2,10,100,no
7c24c227-9f95-47f4-a1f5-aed45d741c1d,5dd2076f-224e-429a-bacc-38dcf541701e,3,10,100,no
7c24c227-9f95-47f4-a1f5-aed45d741c1d,5dd2076f-224e-429a-bacc-38dcf541701e,4,10,100,no
7c24c227-9f95-47f4-a1f5-aed45d741c1d,5dd2076f-224e-429a-bacc-38dcf541701e,5,10,100,no
7c24c227-9f95-47f4-a1f5-aed45d741c1d,5dd2076f-224e-429a-bacc-38dcf541701e,6,10,100,no
7c24c227-9f95-47f4-a1f5-aed45d741c1d,5dd2076f-224e-429a-bacc-38dcf541701e,7,10,100,no
7c24c227-9f95-47f4-a1f5-aed45d741c1d,5dd2076f-224e-429a-bacc-38dcf541701e,8,10,100,no
7c24c227-9f95-47f4-a1f5-aed45d741c1d,5dd2076f-224e-429a-bacc-38dcf541701e,9,10,100,no
7c24c227-9f95-47f4-a1f5-aed45d741c1d,5dd2076f-224e-429a-bacc-38dcf541701e,0,10,full,no
7c24c227-9f95-47f4-a1f5-aed45d741c1d,5dd2076f-224e-429a-bacc-38dcf541701e,1,10,full,no
7c24c227-9f95-47f4-a1f5-aed45d741c1d,5dd2076f-224e-429a-bacc-38dcf541701e,2,10,full,no
7c24c227-9f95-47f4-a1f5-aed45d741c1d,5dd2076f-224e-429a-bacc-38dcf541701e,3,10,full,no
7c24c227-9f95-47f4-a1f5-aed45d741c1d,5dd2076f-224e-429a-bacc-38dcf541701e,4,10,full,no
7c24c227-9f95-47f4-a1f5-aed45d741c1d,5dd2076f-224e-429a-bacc-38dcf541701e,5,10,full,no
7c24c227-9f95-47f4-a1f5-aed45d741c1d,5dd2076f-224e-429a-bacc-38dcf541701e,6,10,full,no
7c24c227-9f95-47f4-a1f5-aed45d741c1d,5dd2076f-224e-429a-bacc-38dcf541701e,7,10,full,no
7c24c227-9f95-47f4-a1f5-aed45d741c1d,5dd2076f-224e-429a-bacc-38dcf541701e,8,10,full,no
7c24c227-9f95-47f4-a1f5-aed45d741c1d,5dd2076f-224e-429a-bacc-38dcf541701e,9,10,full,no
8dbdf583-3975-4f29-8294-c6068b3f6278,804d4927-32b9-401f-8343-eee21adabd31,0,10,10,no
8dbdf583-3975-4f29-8294-c6068b3f6278,804d4927-32b9-401f-8343-eee21adabd31,1,10,10,no
8dbdf583-3975-4f29-8294-c6068b3f6278,804d4927-32b9-401f-8343-eee21adabd31,2,10,10,no
8dbdf583-3975-4f29-8294-c6068b3f6278,804d4927-32b9-401f-8343-eee21adabd31,3,10,10,no
8dbdf583-3975-4f29-8294-c6068b3f6278,804d4927-32b9-401f-8343-eee21adabd31,4,10,10,yes
8dbdf583-3975-4f29-8294-c6068b3f6278,804d4927-32b9-401f-8343-eee21adabd31,5,10,10,yes
8dbdf583-3975-4f29-8294-c6068b3f6278,804d4927-32b9-401f-8343-eee21adabd31,6,10,10,no
8dbdf583-3975-4f29-8294-c6068b3f6278,804d4927-32b9-401f-8343-eee21adabd31,7,10,10,no
8dbdf583-3975-4f29-8294-c6068b3f6278,804d4927-32b9-401f-8343-eee21adabd31,8,10,10,no
8dbdf583-3975-4f29-8294-c6068b3f6278,804d4927-32b9-401f-8343-eee21adabd31,9,10,10,yes
8dbdf583-3975-4f29-8294-c6068b3f6278,804d4927-32b9-401f-8343-eee21adabd31,0,10,50,no
8dbdf583-3975-4f29-8294-c6068b3f6278,804d4927-32b9-401f-8343-eee21adabd31,1,10,50,yes
8dbdf583-3975-4f29-8294-c6068b3f6278,804d4927-32b9-401f-8343-eee21adabd31,2,10,50,yes
8dbdf583-3975-4f29-8294-c6068b3f6278,804d4927-32b9-401f-8343-eee21adabd31,3,10,50,yes
8dbdf583-3975-4f29-8294-c6068b3f6278,804d4927-32b9-401f-8343-eee21adabd31,4,10,50,no
8dbdf583-3975-4f29-8294-c6068b3f6278,804d4927-32b9-401f-8343-eee21adabd31,5,10,50,no
8dbdf583-3975-4f29-8294-c6068b3f6278,804d4927-32b9-401f-8343-eee21adabd31,6,10,50,no
8dbdf583-3975-4f29-8294-c6068b3f6278,804d4927-32b9-401f-8343-eee21adabd31,7,10,50,no
8dbdf583-3975-4f29-8294-c6068b3f6278,804d4927-32b9-401f-8343-eee21adabd31,8,10,50,no
8dbdf583-3975-4f29-8294-c6068b3f6278,804d4927-32b9-401f-8343-eee21adabd31,9,10,50,no
8dbdf583-3975-4f29-8294-c6068b3f6278,804d4927-32b9-401f-8343-eee21adabd31,0,10,100,no
8dbdf583-3975-4f29-8294-c6068b3f6278,804d4927-32b9-401f-8343-eee21adabd31,1,10,100,no
8dbdf583-3975-4f29-8294-c6068b3f6278,804d4927-32b9-401f-8343-eee21adabd31,2,10,100,yes
8dbdf583-3975-4f29-8294-c6068b3f6278,804d4927-32b9-401f-8343-eee21adabd31,3,10,100,no
8dbdf583-3975-4f29-8294-c6068b3f6278,804d4927-32b9-401f-8343-eee21adabd31,4,10,100,no
8dbdf583-3975-4f29-8294-c6068b3f6278,804d4927-32b9-401f-8343-eee21adabd31,5,10,100,yes
8dbdf583-3975-4f29-8294-c6068b3f6278,804d4927-32b9-401f-8343-eee21adabd31,6,10,100,yes
8dbdf583-3975-4f29-8294-c6068b3f6278,804d4927-32b9-401f-8343-eee21adabd31,7,10,100,no
8dbdf583-3975-4f29-8294-c6068b3f6278,804d4927-32b9-401f-8343-eee21adabd31,8,10,100,no
8dbdf583-3975-4f29-8294-c6068b3f6278,804d4927-32b9-401f-8343-eee21adabd31,9,10,100,no
8dbdf583-3975-4f29-8294-c6068b3f6278,804d4927-32b9-401f-8343-eee21adabd31,0,10,full,no
8dbdf583-3975-4f29-8294-c6068b3f6278,804d4927-32b9-401f-8343-eee21adabd31,1,10,full,no
8dbdf583-3975-4f29-8294-c6068b3f6278,804d4927-32b9-401f-8343-eee21adabd31,2,10,full,yes
8dbdf583-3975-4f29-8294-c6068b3f6278,804d4927-32b9-401f-8343-eee21adabd31,3,10,full,no
8dbdf583-3975-4f29-8294-c6068b3f6278,804d4927-32b9-401f-8343-eee21adabd31,4,10,full,no
8dbdf583-3975-4f29-8294-c6068b3f6278,804d4927-32b9-401f-8343-eee21adabd31,5,10,full,yes
8dbdf583-3975-4f29-8294-c6068b3f6278,804d4927-32b9-401f-8343-eee21adabd31,6,10,full,yes
8dbdf583-3975-4f29-8294-c6068b3f6278,804d4927-32b9-401f-8343-eee21adabd31,7,10,full,no
8dbdf583-3975-4f29-8294-c6068b3f6278,804d4927-32b9-401f-8343-eee21adabd31,8,10,full,no
8dbdf583-3975-4f29-8294-c6068b3f6278,804d4927-32b9-401f-8343-eee21adabd31,9,10,full,no
8dbdf583-3975-4f29-8294-c6068b3f6278,880f65ae-7f5a-4741-8ad5-e254c23c987b,0,10,10,no
8dbdf583-3975-4f29-8294-c6068b3f6278,880f65ae-7f5a-4741-8ad5-e254c23c987b,1,10,10,no
8dbdf583-3975-4f29-8294-c6068b3f6278,880f65ae-7f5a-4741-8ad5-e254c23c987b,2,10,10,no
8dbdf583-3975-4f29-8294-c6068b3f6278,880f65ae-7f5a-4741-8ad5-e254c23c987b,3,10,10,no
8dbdf583-3975-4f29-8294-c6068b3f6278,880f65ae-7f5a-4741-8ad5-e254c23c987b,4,10,10,no
8dbdf583-3975-4f29-8294-c6068b3f6278,880f65ae-7f5a-4741-8ad5-e254c23c987b,5,10,10,no
8dbdf583-3975-4f29-8294-c6068b3f6278,880f65ae-7f5a-4741-8ad5-e254c23c987b,6,10,10,no
8dbdf583-3975-4f29-8294-c6068b3f6278,880f65ae-7f5a-4741-8ad5-e254c23c987b,7,10,10,no
8dbdf583-3975-4f29-8294-c6068b3f6278,880f65ae-7f5a-4741-8ad5-e254c23c987b,8,10,10,yes
8dbdf583-3975-4f29-8294-c6068b3f6278,880f65ae-7f5a-4741-8ad5-e254c23c987b,9,10,10,yes
8dbdf583-3975-4f29-8294-c6068b3f6278,880f65ae-7f5a-4741-8ad5-e254c23c987b,0,10,50,yes
8dbdf583-3975-4f29-8294-c6068b3f6278,880f65ae-7f5a-4741-8ad5-e254c23c987b,1,10,50,no
8dbdf583-3975-4f29-8294-c6068b3f6278,880f65ae-7f5a-4741-8ad5-e254c23c987b,2,10,50,no
8dbdf583-3975-4f29-8294-c6068b3f6278,880f65ae-7f5a-4741-8ad5-e254c23c987b,3,10,50,no
8dbdf583-3975-4f29-8294-c6068b3f6278,880f65ae-7f5a-4741-8ad5-e254c23c987b,4,10,50,no
8dbdf583-3975-4f29-8294-c6068b3f6278,880f65ae-7f5a-4741-8ad5-e254c23c987b,5,10,50,no
8dbdf583-3975-4f29-8294-c6068b3f6278,880f65ae-7f5a-4741-8ad5-e254c23c987b,6,10,50,no
8dbdf583-3975-4f29-8294-c6068b3f6278,880f65ae-7f5a-4741-8ad5-e254c23c987b,7,10,50,no
8dbdf583-3975-4f29-8294-c6068b3f6278,880f65ae-7f5a-4741-8ad5-e254c23c987b,8,10,50,no
8dbdf583-3975-4f29-8294-c6068b3f6278,880f65ae-7f5a-4741-8ad5-e254c23c987b,9,10,50,no
8dbdf583-3975-4f29-8294-c6068b3f6278,880f65ae-7f5a-4741-8ad5-e254c23c987b,0,10,100,yes
8dbdf583-3975-4f29-8294-c6068b3f6278,880f65ae-7f5a-4741-8ad5-e254c23c987b,1,10,100,no
8dbdf583-3975-4f29-8294-c6068b3f6278,880f65ae-7f5a-4741-8ad5-e254c23c987b,2,10,100,no
8dbdf583-3975-4f29-8294-c6068b3f6278,880f65ae-7f5a-4741-8ad5-e254c23c987b,3,10,100,yes
8dbdf583-3975-4f29-8294-c6068b3f6278,880f65ae-7f5a-4741-8ad5-e254c23c987b,4,10,100,no
8dbdf583-3975-4f29-8294-c6068b3f6278,880f65ae-7f5a-4741-8ad5-e254c23c987b,5,10,100,yes
8dbdf583-3975-4f29-8294-c6068b3f6278,880f65ae-7f5a-4741-8ad5-e254c23c987b,6,10,100,yes
8dbdf583-3975-4f29-8294-c6068b3f6278,880f65ae-7f5a-4741-8ad5-e254c23c987b,7,10,100,no
8dbdf583-3975-4f29-8294-c6068b3f6278,880f65ae-7f5a-4741-8ad5-e254c23c987b,8,10,100,no
8dbdf583-3975-4f29-8294-c6068b3f6278,880f65ae-7f5a-4741-8ad5-e254c23c987b,9,10,100,yes
8dbdf583-3975-4f29-8294-c6068b3f6278,880f65ae-7f5a-4741-8ad5-e254c23c987b,0,10,full,yes
8dbdf583-3975-4f29-8294-c6068b3f6278,880f65ae-7f5a-4741-8ad5-e254c23c987b,1,10,full,no
8dbdf583-3975-4f29-8294-c6068b3f6278,880f65ae-7f5a-4741-8ad5-e254c23c987b,2,10,full,no
8dbdf583-3975-4f29-8294-c6068b3f6278,880f65ae-7f5a-4741-8ad5-e254c23c987b,3,10,full,yes
8dbdf583-3975-4f29-8294-c6068b3f6278,880f65ae-7f5a-4741-8ad5-e254c23c987b,4,10,full,no
8dbdf583-3975-4f29-8294-c6068b3f6278,880f65ae-7f5a-4741-8ad5-e254c23c987b,5,10,full,yes
8dbdf583-3975-4f29-8294-c6068b3f6278,880f65ae-7f5a-4741-8ad5-e254c23c987b,6,10,full,yes
8dbdf583-3975-4f29-8294-c6068b3f6278,880f65ae-7f5a-4741-8ad5-e254c23c987b,7,10,full,no
8dbdf583-3975-4f29-8294-c6068b3f6278,880f65ae-7f5a-4741-8ad5-e254c23c987b,8,10,full,no
8dbdf583-3975-4f29-8294-c6068b3f6278,880f65ae-7f5a-4741-8ad5-e254c23c987b,9,10,full,yes
ae51b993-7de7-4333-8b0c-b304aa2e14eb,84b03ce9-eb8e-4041-9e9e-d98b72757f20,0,10,10,no
ae51b993-7de7-4333-8b0c-b304aa2e14eb,84b03ce9-eb8e-4041-9e9e-d98b72757f20,1,10,10,no
ae51b993-7de7-4333-8b0c-b304aa2e14eb,84b03ce9-eb8e-4041-9e9e-d98b72757f20,2,10,10,yes
ae51b993-7de7-4333-8b0c-b304aa2e14eb,84b03ce9-eb8e-4041-9e9e-d98b72757f20,3,10,10,yes
ae51b993-7de7-4333-8b0c-b304aa2e14eb,84b03ce9-eb8e-4041-9e9e-d98b72757f20,4,10,10,yes
ae51b993-7de7-4333-8b0c-b304aa2e14eb,84b03ce9-eb8e-4041-9e9e-d98b72757f20,5,10,10,yes
ae51b993-7de7-4333-8b0c-b304aa2e14eb,84b03ce9-eb8e-4041-9e9e-d98b72757f20,6,10,10,yes
ae51b993-7de7-4333-8b0c-b304aa2e14eb,84b03ce9-eb8e-4041-9e9e-d98b72757f20,0,10,50,no
ae51b993-7de7-4333-8b0c-b304aa2e14eb,84b03ce9-eb8e-4041-9e9e-d98b72757f20,1,10,50,no
ae51b993-7de7-4333-8b0c-b304aa2e14eb,84b03ce9-eb8e-4041-9e9e-d98b72757f20,2,10,50,no
ae51b993-7de7-4333-8b0c-b304aa2e14eb,84b03ce9-eb8e-4041-9e9e-d98b72757f20,3,10,50,no
ae51b993-7de7-4333-8b0c-b304aa2e14eb,84b03ce9-eb8e-4041-9e9e-d98b72757f20,4,10,50,yes
ae51b993-7de7-4333-8b0c-b304aa2e14eb,84b03ce9-eb8e-4041-9e9e-d98b72757f20,5,10,50,no
ae51b993-7de7-4333-8b0c-b304aa2e14eb,84b03ce9-eb8e-4041-9e9e-d98b72757f20,6,10,50,no
ae51b993-7de7-4333-8b0c-b304aa2e14eb,84b03ce9-eb8e-4041-9e9e-d98b72757f20,0,10,100,no
ae51b993-7de7-4333-8b0c-b304aa2e14eb,84b03ce9-eb8e-4041-9e9e-d98b72757f20,1,10,100,no
ae51b993-7de7-4333-8b0c-b304aa2e14eb,84b03ce9-eb8e-4041-9e9e-d98b72757f20,2,10,100,no
ae51b993-7de7-4333-8b0c-b304aa2e14eb,84b03ce9-eb8e-4041-9e9e-d98b72757f20,3,10,100,no
ae51b993-7de7-4333-8b0c-b304aa2e14eb,84b03ce9-eb8e-4041-9e9e-d98b72757f20,4,10,100,no
ae51b993-7de7-4333-8b0c-b304aa2e14eb,84b03ce9-eb8e-4041-9e9e-d98b72757f20,5,10,100,no
ae51b993-7de7-4333-8b0c-b304aa2e14eb,84b03ce9-eb8e-4041-9e9e-d98b72757f20,6,10,100,no
ae51b993-7de7-4333-8b0c-b304aa2e14eb,84b03ce9-eb8e-4041-9e9e-d98b72757f20,0,10,full,no
ae51b993-7de7-4333-8b0c-b304aa2e14eb,84b03ce9-eb8e-4041-9e9e-d98b72757f20,1,10,full,no
ae51b993-7de7-4333-8b0c-b304aa2e14eb,84b03ce9-eb8e-4041-9e9e-d98b72757f20,2,10,full,no
ae51b993-7de7-4333-8b0c-b304aa2e14eb,84b03ce9-eb8e-4041-9e9e-d98b72757f20,3,10,full,no
ae51b993-7de7-4333-8b0c-b304aa2e14eb,84b03ce9-eb8e-4041-9e9e-d98b72757f20,4,10,full,no
ae51b993-7de7-4333-8b0c-b304aa2e14eb,84b03ce9-eb8e-4041-9e9e-d98b72757f20,5,10,full,no
ae51b993-7de7-4333-8b0c-b304aa2e14eb,84b03ce9-eb8e-4041-9e9e-d98b72757f20,6,10,full,no
ae51b993-7de7-4333-8b0c-b304aa2e14eb,17d14387-f757-4734-9211-5c9c08567a27,2,10,10,no
ae51b993-7de7-4333-8b0c-b304aa2e14eb,17d14387-f757-4734-9211-5c9c08567a27,3,10,10,no
ae51b993-7de7-4333-8b0c-b304aa2e14eb,17d14387-f757-4734-9211-5c9c08567a27,4,10,10,no
ae51b993-7de7-4333-8b0c-b304aa2e14eb,17d14387-f757-4734-9211-5c9c08567a27,5,10,10,no
ae51b993-7de7-4333-8b0c-b304aa2e14eb,17d14387-f757-4734-9211-5c9c08567a27,6,10,10,no
ae51b993-7de7-4333-8b0c-b304aa2e14eb,17d14387-f757-4734-9211-5c9c08567a27,7,10,10,no
ae51b993-7de7-4333-8b0c-b304aa2e14eb,17d14387-f757-4734-9211-5c9c08567a27,8,10,10,yes
ae51b993-7de7-4333-8b0c-b304aa2e14eb,17d14387-f757-4734-9211-5c9c08567a27,2,10,50,no
ae51b993-7de7-4333-8b0c-b304aa2e14eb,17d14387-f757-4734-9211-5c9c08567a27,3,10,50,no
ae51b993-7de7-4333-8b0c-b304aa2e14eb,17d14387-f757-4734-9211-5c9c08567a27,4,10,50,no
ae51b993-7de7-4333-8b0c-b304aa2e14eb,17d14387-f757-4734-9211-5c9c08567a27,5,10,50,yes
ae51b993-7de7-4333-8b0c-b304aa2e14eb,17d14387-f757-4734-9211-5c9c08567a27,6,10,50,yes
ae51b993-7de7-4333-8b0c-b304aa2e14eb,17d14387-f757-4734-9211-5c9c08567a27,7,10,50,no
ae51b993-7de7-4333-8b0c-b304aa2e14eb,17d14387-f757-4734-9211-5c9c08567a27,8,10,50,no
ae51b993-7de7-4333-8b0c-b304aa2e14eb,17d14387-f757-4734-9211-5c9c08567a27,2,10,100,yes
ae51b993-7de7-4333-8b0c-b304aa2e14eb,17d14387-f757-4734-9211-5c9c08567a27,3,10,100,no
ae51b993-7de7-4333-8b0c-b304aa2e14eb,17d14387-f757-4734-9211-5c9c08567a27,4,10,100,no
ae51b993-7de7-4333-8b0c-b304aa2e14eb,17d14387-f757-4734-9211-5c9c08567a27,5,10,100,no
ae51b993-7de7-4333-8b0c-b304aa2e14eb,17d14387-f757-4734-9211-5c9c08567a27,6,10,100,no
ae51b993-7de7-4333-8b0c-b304aa2e14eb,17d14387-f757-4734-9211-5c9c08567a27,7,10,100,no
ae51b993-7de7-4333-8b0c-b304aa2e14eb,17d14387-f757-4734-9211-5c9c08567a27,8,10,100,no
ae51b993-7de7-4333-8b0c-b304aa2e14eb,17d14387-f757-4734-9211-5c9c08567a27,2,10,full,yes
ae51b993-7de7-4333-8b0c-b304aa2e14eb,17d14387-f757-4734-9211-5c9c08567a27,3,10,full,no
ae51b993-7de7-4333-8b0c-b304aa2e14eb,17d14387-f757-4734-9211-5c9c08567a27,4,10,full,no
ae51b993-7de7-4333-8b0c-b304aa2e14eb,17d14387-f757-4734-9211-5c9c08567a27,5,10,full,no
ae51b993-7de7-4333-8b0c-b304aa2e14eb,17d14387-f757-4734-9211-5c9c08567a27,6,10,full,no
ae51b993-7de7-4333-8b0c-b304aa2e14eb,17d14387-f757-4734-9211-5c9c08567a27,7,10,full,no
ae51b993-7de7-4333-8b0c-b304aa2e14eb,17d14387-f757-4734-9211-5c9c08567a27,8,10,full,no
d244dc3a-186e-4af8-8970-1b83096e727c,c6c6149a-decf-41f2-a962-2027d9f62b02,0,10,10,no
d244dc3a-186e-4af8-8970-1b83096e727c,c6c6149a-decf-41f2-a962-2027d9f62b02,1,10,10,no
d244dc3a-186e-4af8-8970-1b83096e727c,c6c6149a-decf-41f2-a962-2027d9f62b02,3,10,10,no
d244dc3a-186e-4af8-8970-1b83096e727c,c6c6149a-decf-41f2-a962-2027d9f62b02,4,10,10,no
d244dc3a-186e-4af8-8970-1b83096e727c,c6c6149a-decf-41f2-a962-2027d9f62b02,5,10,10,no
d244dc3a-186e-4af8-8970-1b83096e727c,c6c6149a-decf-41f2-a962-2027d9f62b02,6,10,10,no
d244dc3a-186e-4af8-8970-1b83096e727c,c6c6149a-decf-41f2-a962-2027d9f62b02,7,10,10,no
d244dc3a-186e-4af8-8970-1b83096e727c,c6c6149a-decf-41f2-a962-2027d9f62b02,8,10,10,no
d244dc3a-186e-4af8-8970-1b83096e727c,c6c6149a-decf-41f2-a962-2027d9f62b02,9,10,10,no
d244dc3a-186e-4af8-8970-1b83096e727c,c6c6149a-decf-41f2-a962-2027d9f62b02,0,10,50,no
d244dc3a-186e-4af8-8970-1b83096e727c,c6c6149a-decf-41f2-a962-2027d9f62b02,1,10,50,no
d244dc3a-186e-4af8-8970-1b83096e727c,c6c6149a-decf-41f2-a962-2027d9f62b02,3,10,50,no
d244dc3a-186e-4af8-8970-1b83096e727c,c6c6149a-decf-41f2-a962-2027d9f62b02,4,10,50,no
d244dc3a-186e-4af8-8970-1b83096e727c,c6c6149a-decf-41f2-a962-2027d9f62b02,5,10,50,no
d244dc3a-186e-4af8-8970-1b83096e727c,c6c6149a-decf-41f2-a962-2027d9f62b02,6,10,50,no
d244dc3a-186e-4af8-8970-1b83096e727c,c6c6149a-decf-41f2-a962-2027d9f62b02,7,10,50,no
d244dc3a-186e-4af8-8970-1b83096e727c,c6c6149a-decf-41f2-a962-2027d9f62b02,8,10,50,no
d244dc3a-186e-4af8-8970-1b83096e727c,c6c6149a-decf-41f2-a962-2027d9f62b02,9,10,50,no
d244dc3a-186e-4af8-8970-1b83096e727c,c6c6149a-decf-41f2-a962-2027d9f62b02,0,10,100,no
d244dc3a-186e-4af8-8970-1b83096e727c,c6c6149a-decf-41f2-a962-2027d9f62b02,1,10,100,no
d244dc3a-186e-4af8-8970-1b83096e727c,c6c6149a-decf-41f2-a962-2027d9f62b02,3,10,100,no
d244dc3a-186e-4af8-8970-1b83096e727c,c6c6149a-decf-41f2-a962-2027d9f62b02,4,10,100,no
d244dc3a-186e-4af8-8970-1b83096e727c,c6c6149a-decf-41f2-a962-2027d9f62b02,5,10,100,no
d244dc3a-186e-4af8-8970-1b83096e727c,c6c6149a-decf-41f2-a962-2027d9f62b02,6,10,100,no
d244dc3a-186e-4af8-8970-1b83096e727c,c6c6149a-decf-41f2-a962-2027d9f62b02,7,10,100,no
d244dc3a-186e-4af8-8970-1b83096e727c,c6c6149a-decf-41f2-a962-2027d9f62b02,8,10,100,no
d244dc3a-186e-4af8-8970-1b83096e727c,c6c6149a-decf-41f2-a962-2027d9f62b02,9,10,100,no
d244dc3a-186e-4af8-8970-1b83096e727c,c6c6149a-decf-41f2-a962-2027d9f62b02,0,10,full,no
d244dc3a-186e-4af8-8970-1b83096e727c,c6c6149a-decf-41f2-a962-2027d9f62b02,1,10,full,no
d244dc3a-186e-4af8-8970-1b83096e727c,c6c6149a-decf-41f2-a962-2027d9f62b02,3,10,full,no
d244dc3a-186e-4af8-8970-1b83096e727c,c6c6149a-decf-41f2-a962-2027d9f62b02,4,10,full,no
d244dc3a-186e-4af8-8970-1b83096e727c,c6c6149a-decf-41f2-a962-2027d9f62b02,5,10,full,no
d244dc3a-186e-4af8-8970-1b83096e727c,c6c6149a-decf-41f2-a962-2027d9f62b02,6,10,full,no
d244dc3a-186e-4af8-8970-1b83096e727c,c6c6149a-decf-41f2-a962-2027d9f62b02,7,10,full,no
d244dc3a-186e-4af8-8970-1b83096e727c,c6c6149a-decf-41f2-a962-2027d9f62b02,8,10,full,no
d244dc3a-186e-4af8-8970-1b83096e727c,c6c6149a-decf-41f2-a962-2027d9f62b02,9,10,full,no
d244dc3a-186e-4af8-8970-1b83096e727c,316fb96f-c43e-43e7-bbaf-d853c61f41c1,0,10,10,no
d244dc3a-186e-4af8-8970-1b83096e727c,316fb96f-c43e-43e7-bbaf-d853c61f41c1,1,10,10,no
d244dc3a-186e-4af8-8970-1b83096e727c,316fb96f-c43e-43e7-bbaf-d853c61f41c1,2,10,10,no
d244dc3a-186e-4af8-8970-1b83096e727c,316fb96f-c43e-43e7-bbaf-d853c61f41c1,3,10,10,no
d244dc3a-186e-4af8-8970-1b83096e727c,316fb96f-c43e-43e7-bbaf-d853c61f41c1,4,10,10,no
d244dc3a-186e-4af8-8970-1b83096e727c,316fb96f-c43e-43e7-bbaf-d853c61f41c1,5,10,10,no
d244dc3a-186e-4af8-8970-1b83096e727c,316fb96f-c43e-43e7-bbaf-d853c61f41c1,6,10,10,no
d244dc3a-186e-4af8-8970-1b83096e727c,316fb96f-c43e-43e7-bbaf-d853c61f41c1,7,10,10,no
d244dc3a-186e-4af8-8970-1b83096e727c,316fb96f-c43e-43e7-bbaf-d853c61f41c1,8,10,10,yes
d244dc3a-186e-4af8-8970-1b83096e727c,316fb96f-c43e-43e7-bbaf-d853c61f41c1,9,10,10,no
d244dc3a-186e-4af8-8970-1b83096e727c,316fb96f-c43e-43e7-bbaf-d853c61f41c1,0,10,50,no
d244dc3a-186e-4af8-8970-1b83096e727c,316fb96f-c43e-43e7-bbaf-d853c61f41c1,1,10,50,no
d244dc3a-186e-4af8-8970-1b83096e727c,316fb96f-c43e-43e7-bbaf-d853c61f41c1,2,10,50,no
d244dc3a-186e-4af8-8970-1b83096e727c,316fb96f-c43e-43e7-bbaf-d853c61f41c1,3,10,50,no
d244dc3a-186e-4af8-8970-1b83096e727c,316fb96f-c43e-43e7-bbaf-d853c61f41c1,4,10,50,no
d244dc3a-186e-4af8-8970-1b83096e727c,316fb96f-c43e-43e7-bbaf-d853c61f41c1,5,10,50,no
d244dc3a-186e-4af8-8970-1b83096e727c,316fb96f-c43e-43e7-bbaf-d853c61f41c1,6,10,50,no
d244dc3a-186e-4af8-8970-1b83096e727c,316fb96f-c43e-43e7-bbaf-d853c61f41c1,7,10,50,no
d244dc3a-186e-4af8-8970-1b83096e727c,316fb96f-c43e-43e7-bbaf-d853c61f41c1,8,10,50,yes
d244dc3a-186e-4af8-8970-1b83096e727c,316fb96f-c43e-43e7-bbaf-d853c61f41c1,9,10,50,no
d244dc3a-186e-4af8-8970-1b83096e727c,316fb96f-c43e-43e7-bbaf-d853c61f41c1,0,10,100,no
d244dc3a-186e-4af8-8970-1b83096e727c,316fb96f-c43e-43e7-bbaf-d853c61f41c1,1,10,100,no
d244dc3a-186e-4af8-8970-1b83096e727c,316fb96f-c43e-43e7-bbaf-d853c61f41c1,2,10,100,no
d244dc3a-186e-4af8-8970-1b83096e727c,316fb96f-c43e-43e7-bbaf-d853c61f41c1,3,10,100,no
d244dc3a-186e-4af8-8970-1b83096e727c,316fb96f-c43e-43e7-bbaf-d853c61f41c1,4,10,100,no
d244dc3a-186e-4af8-8970-1b83096e727c,316fb96f-c43e-43e7-bbaf-d853c61f41c1,5,10,100,no
d244dc3a-186e-4af8-8970-1b83096e727c,316fb96f-c43e-43e7-bbaf-d853c61f41c1,6,10,100,no
d244dc3a-186e-4af8-8970-1b83096e727c,316fb96f-c43e-43e7-bbaf-d853c61f41c1,7,10,100,no
d244dc3a-186e-4af8-8970-1b83096e727c,316fb96f-c43e-43e7-bbaf-d853c61f41c1,8,10,100,yes
d244dc3a-186e-4af8-8970-1b83096e727c,316fb96f-c43e-43e7-bbaf-d853c61f41c1,9,10,100,no
d244dc3a-186e-4af8-8970-1b83096e727c,316fb96f-c43e-43e7-bbaf-d853c61f41c1,0,10,full,no
d244dc3a-186e-4af8-8970-1b83096e727c,316fb96f-c43e-43e7-bbaf-d853c61f41c1,1,10,full,no
d244dc3a-186e-4af8-8970-1b83096e727c,316fb96f-c43e-43e7-bbaf-d853c61f41c1,2,10,full,no
d244dc3a-186e-4af8-8970-1b83096e727c,316fb96f-c43e-43e7-bbaf-d853c61f41c1,3,10,full,no
d244dc3a-186e-4af8-8970-1b83096e727c,316fb96f-c43e-43e7-bbaf-d853c61f41c1,4,10,full,no
d244dc3a-186e-4af8-8970-1b83096e727c,316fb96f-c43e-43e7-bbaf-d853c61f41c1,5,10,full,no
d244dc3a-186e-4af8-8970-1b83096e727c,316fb96f-c43e-43e7-bbaf-d853c61f41c1,6,10,full,no
d244dc3a-186e-4af8-8970-1b83096e727c,316fb96f-c43e-43e7-bbaf-d853c61f41c1,7,10,full,no
d244dc3a-186e-4af8-8970-1b83096e727c,316fb96f-c43e-43e7-bbaf-d853c61f41c1,8,10,full,yes
d244dc3a-186e-4af8-8970-1b83096e727c,316fb96f-c43e-43e7-bbaf-d853c61f41c1,9,10,full,no
4d642642-b99a-4278-880c-164621d01abb,651ad2dd-5862-4bc5-bf0b-8d9aebcb570e,0,10,10,no
4d642642-b99a-4278-880c-164621d01abb,651ad2dd-5862-4bc5-bf0b-8d9aebcb570e,1,10,10,no
4d642642-b99a-4278-880c-164621d01abb,651ad2dd-5862-4bc5-bf0b-8d9aebcb570e,2,10,10,no
4d642642-b99a-4278-880c-164621d01abb,651ad2dd-5862-4bc5-bf0b-8d9aebcb570e,3,10,10,no
4d642642-b99a-4278-880c-164621d01abb,651ad2dd-5862-4bc5-bf0b-8d9aebcb570e,4,10,10,no
4d642642-b99a-4278-880c-164621d01abb,651ad2dd-5862-4bc5-bf0b-8d9aebcb570e,5,10,10,no
4d642642-b99a-4278-880c-164621d01abb,651ad2dd-5862-4bc5-bf0b-8d9aebcb570e,6,10,10,no
4d642642-b99a-4278-880c-164621d01abb,651ad2dd-5862-4bc5-bf0b-8d9aebcb570e,7,10,10,no
4d642642-b99a-4278-880c-164621d01abb,651ad2dd-5862-4bc5-bf0b-8d9aebcb570e,8,10,10,no
4d642642-b99a-4278-880c-164621d01abb,651ad2dd-5862-4bc5-bf0b-8d9aebcb570e,9,10,10,no
4d642642-b99a-4278-880c-164621d01abb,651ad2dd-5862-4bc5-bf0b-8d9aebcb570e,0,10,50,no
4d642642-b99a-4278-880c-164621d01abb,651ad2dd-5862-4bc5-bf0b-8d9aebcb570e,1,10,50,no
4d642642-b99a-4278-880c-164621d01abb,651ad2dd-5862-4bc5-bf0b-8d9aebcb570e,2,10,50,no
4d642642-b99a-4278-880c-164621d01abb,651ad2dd-5862-4bc5-bf0b-8d9aebcb570e,3,10,50,no
4d642642-b99a-4278-880c-164621d01abb,651ad2dd-5862-4bc5-bf0b-8d9aebcb570e,4,10,50,no
4d642642-b99a-4278-880c-164621d01abb,651ad2dd-5862-4bc5-bf0b-8d9aebcb570e,5,10,50,no
4d642642-b99a-4278-880c-164621d01abb,651ad2dd-5862-4bc5-bf0b-8d9aebcb570e,6,10,50,no
4d642642-b99a-4278-880c-164621d01abb,651ad2dd-5862-4bc5-bf0b-8d9aebcb570e,7,10,50,no
4d642642-b99a-4278-880c-164621d01abb,651ad2dd-5862-4bc5-bf0b-8d9aebcb570e,8,10,50,no
4d642642-b99a-4278-880c-164621d01abb,651ad2dd-5862-4bc5-bf0b-8d9aebcb570e,9,10,50,no
4d642642-b99a-4278-880c-164621d01abb,651ad2dd-5862-4bc5-bf0b-8d9aebcb570e,0,10,100,no
4d642642-b99a-4278-880c-164621d01abb,651ad2dd-5862-4bc5-bf0b-8d9aebcb570e,1,10,100,no
4d642642-b99a-4278-880c-164621d01abb,651ad2dd-5862-4bc5-bf0b-8d9aebcb570e,2,10,100,no
4d642642-b99a-4278-880c-164621d01abb,651ad2dd-5862-4bc5-bf0b-8d9aebcb570e,3,10,100,no
4d642642-b99a-4278-880c-164621d01abb,651ad2dd-5862-4bc5-bf0b-8d9aebcb570e,4,10,100,no
4d642642-b99a-4278-880c-164621d01abb,651ad2dd-5862-4bc5-bf0b-8d9aebcb570e,5,10,100,no
4d642642-b99a-4278-880c-164621d01abb,651ad2dd-5862-4bc5-bf0b-8d9aebcb570e,6,10,100,no
4d642642-b99a-4278-880c-164621d01abb,651ad2dd-5862-4bc5-bf0b-8d9aebcb570e,7,10,100,no
4d642642-b99a-4278-880c-164621d01abb,651ad2dd-5862-4bc5-bf0b-8d9aebcb570e,8,10,100,no
4d642642-b99a-4278-880c-164621d01abb,651ad2dd-5862-4bc5-bf0b-8d9aebcb570e,9,10,100,no
4d642642-b99a-4278-880c-164621d01abb,651ad2dd-5862-4bc5-bf0b-8d9aebcb570e,0,10,full,no
4d642642-b99a-4278-880c-164621d01abb,651ad2dd-5862-4bc5-bf0b-8d9aebcb570e,1,10,full,no
4d642642-b99a-4278-880c-164621d01abb,651ad2dd-5862-4bc5-bf0b-8d9aebcb570e,2,10,full,no
4d642642-b99a-4278-880c-164621d01abb,651ad2dd-5862-4bc5-bf0b-8d9aebcb570e,3,10,full,no
4d642642-b99a-4278-880c-164621d01abb,651ad2dd-5862-4bc5-bf0b-8d9aebcb570e,4,10,full,no
4d642642-b99a-4278-880c-164621d01abb,651ad2dd-5862-4bc5-bf0b-8d9aebcb570e,5,10,full,no
4d642642-b99a-4278-880c-164621d01abb,651ad2dd-5862-4bc5-bf0b-8d9aebcb570e,6,10,full,no
4d642642-b99a-4278-880c-164621d01abb,651ad2dd-5862-4bc5-bf0b-8d9aebcb570e,7,10,full,no
4d642642-b99a-4278-880c-164621d01abb,651ad2dd-5862-4bc5-bf0b-8d9aebcb570e,8,10,full,no
4d642642-b99a-4278-880c-164621d01abb,651ad2dd-5862-4bc5-bf0b-8d9aebcb570e,9,10,full,no
4d642642-b99a-4278-880c-164621d01abb,e8fe9bdf-6c63-4e7c-afa2-d69cd043ba7e,0,10,10,no
4d642642-b99a-4278-880c-164621d01abb,e8fe9bdf-6c63-4e7c-afa2-d69cd043ba7e,1,10,10,no
4d642642-b99a-4278-880c-164621d01abb,e8fe9bdf-6c63-4e7c-afa2-d69cd043ba7e,2,10,10,no
4d642642-b99a-4278-880c-164621d01abb,e8fe9bdf-6c63-4e7c-afa2-d69cd043ba7e,3,10,10,no
4d642642-b99a-4278-880c-164621d01abb,e8fe9bdf-6c63-4e7c-afa2-d69cd043ba7e,4,10,10,no
4d642642-b99a-4278-880c-164621d01abb,e8fe9bdf-6c63-4e7c-afa2-d69cd043ba7e,5,10,10,no
4d642642-b99a-4278-880c-164621d01abb,e8fe9bdf-6c63-4e7c-afa2-d69cd043ba7e,6,10,10,no
4d642642-b99a-4278-880c-164621d01abb,e8fe9bdf-6c63-4e7c-afa2-d69cd043ba7e,7,10,10,no
4d642642-b99a-4278-880c-164621d01abb,e8fe9bdf-6c63-4e7c-afa2-d69cd043ba7e,8,10,10,no
4d642642-b99a-4278-880c-164621d01abb,e8fe9bdf-6c63-4e7c-afa2-d69cd043ba7e,9,10,10,no
4d642642-b99a-4278-880c-164621d01abb,e8fe9bdf-6c63-4e7c-afa2-d69cd043ba7e,0,10,50,no
4d642642-b99a-4278-880c-164621d01abb,e8fe9bdf-6c63-4e7c-afa2-d69cd043ba7e,1,10,50,no
4d642642-b99a-4278-880c-164621d01abb,e8fe9bdf-6c63-4e7c-afa2-d69cd043ba7e,2,10,50,no
4d642642-b99a-4278-880c-164621d01abb,e8fe9bdf-6c63-4e7c-afa2-d69cd043ba7e,3,10,50,no
4d642642-b99a-4278-880c-164621d01abb,e8fe9bdf-6c63-4e7c-afa2-d69cd043ba7e,4,10,50,no
4d642642-b99a-4278-880c-164621d01abb,e8fe9bdf-6c63-4e7c-afa2-d69cd043ba7e,5,10,50,no
4d642642-b99a-4278-880c-164621d01abb,e8fe9bdf-6c63-4e7c-afa2-d69cd043ba7e,6,10,50,no
4d642642-b99a-4278-880c-164621d01abb,e8fe9bdf-6c63-4e7c-afa2-d69cd043ba7e,7,10,50,no
4d642642-b99a-4278-880c-164621d01abb,e8fe9bdf-6c63-4e7c-afa2-d69cd043ba7e,8,10,50,no
4d642642-b99a-4278-880c-164621d01abb,e8fe9bdf-6c63-4e7c-afa2-d69cd043ba7e,9,10,50,no
4d642642-b99a-4278-880c-164621d01abb,e8fe9bdf-6c63-4e7c-afa2-d69cd043ba7e,0,10,100,no
4d642642-b99a-4278-880c-164621d01abb,e8fe9bdf-6c63-4e7c-afa2-d69cd043ba7e,1,10,100,no
4d642642-b99a-4278-880c-164621d01abb,e8fe9bdf-6c63-4e7c-afa2-d69cd043ba7e,2,10,100,no
4d642642-b99a-4278-880c-164621d01abb,e8fe9bdf-6c63-4e7c-afa2-d69cd043ba7e,3,10,100,no
4d642642-b99a-4278-880c-164621d01abb,e8fe9bdf-6c63-4e7c-afa2-d69cd043ba7e,4,10,100,no
4d642642-b99a-4278-880c-164621d01abb,e8fe9bdf-6c63-4e7c-afa2-d69cd043ba7e,5,10,100,no
4d642642-b99a-4278-880c-164621d01abb,e8fe9bdf-6c63-4e7c-afa2-d69cd043ba7e,6,10,100,no
4d642642-b99a-4278-880c-164621d01abb,e8fe9bdf-6c63-4e7c-afa2-d69cd043ba7e,7,10,100,no
4d642642-b99a-4278-880c-164621d01abb,e8fe9bdf-6c63-4e7c-afa2-d69cd043ba7e,8,10,100,no
4d642642-b99a-4278-880c-164621d01abb,e8fe9bdf-6c63-4e7c-afa2-d69cd043ba7e,9,10,100,no
4d642642-b99a-4278-880c-164621d01abb,e8fe9bdf-6c63-4e7c-afa2-d69cd043ba7e,0,10,full,no
4d642642-b99a-4278-880c-164621d01abb,e8fe9bdf-6c63-4e7c-afa2-d69cd043ba7e,1,10,full,no
4d642642-b99a-4278-880c-164621d01abb,e8fe9bdf-6c63-4e7c-afa2-d69cd043ba7e,2,10,full,no
4d642642-b99a-4278-880c-164621d01abb,e8fe9bdf-6c63-4e7c-afa2-d69cd043ba7e,3,10,full,no
4d642642-b99a-4278-880c-164621d01abb,e8fe9bdf-6c63-4e7c-afa2-d69cd043ba7e,4,10,full,no
4d642642-b99a-4278-880c-164621d01abb,e8fe9bdf-6c63-4e7c-afa2-d69cd043ba7e,5,10,full,no
4d642642-b99a-4278-880c-164621d01abb,e8fe9bdf-6c63-4e7c-afa2-d69cd043ba7e,6,10,full,no
4d642642-b99a-4278-880c-164621d01abb,e8fe9bdf-6c63-4e7c-afa2-d69cd043ba7e,7,10,full,no
4d642642-b99a-4278-880c-164621d01abb,e8fe9bdf-6c63-4e7c-afa2-d69cd043ba7e,8,10,full,no
4d642642-b99a-4278-880c-164621d01abb,e8fe9bdf-6c63-4e7c-afa2-d69cd043ba7e,9,10,full,no
408fc2c0-a8eb-4503-9ee5-ccefb6896cad,c1cf686f-a822-4676-8227-2e8f33d70c33,0,10,10,no
408fc2c0-a8eb-4503-9ee5-ccefb6896cad,c1cf686f-a822-4676-8227-2e8f33d70c33,1,10,10,no
408fc2c0-a8eb-4503-9ee5-ccefb6896cad,c1cf686f-a822-4676-8227-2e8f33d70c33,2,10,10,no
408fc2c0-a8eb-4503-9ee5-ccefb6896cad,c1cf686f-a822-4676-8227-2e8f33d70c33,3,10,10,no
408fc2c0-a8eb-4503-9ee5-ccefb6896cad,c1cf686f-a822-4676-8227-2e8f33d70c33,4,10,10,no
408fc2c0-a8eb-4503-9ee5-ccefb6896cad,c1cf686f-a822-4676-8227-2e8f33d70c33,5,10,10,no
408fc2c0-a8eb-4503-9ee5-ccefb6896cad,c1cf686f-a822-4676-8227-2e8f33d70c33,6,10,10,no
408fc2c0-a8eb-4503-9ee5-ccefb6896cad,c1cf686f-a822-4676-8227-2e8f33d70c33,0,10,50,yes
408fc2c0-a8eb-4503-9ee5-ccefb6896cad,c1cf686f-a822-4676-8227-2e8f33d70c33,1,10,50,no
408fc2c0-a8eb-4503-9ee5-ccefb6896cad,c1cf686f-a822-4676-8227-2e8f33d70c33,2,10,50,yes
408fc2c0-a8eb-4503-9ee5-ccefb6896cad,c1cf686f-a822-4676-8227-2e8f33d70c33,3,10,50,no
408fc2c0-a8eb-4503-9ee5-ccefb6896cad,c1cf686f-a822-4676-8227-2e8f33d70c33,4,10,50,yes
408fc2c0-a8eb-4503-9ee5-ccefb6896cad,c1cf686f-a822-4676-8227-2e8f33d70c33,5,10,50,no
408fc2c0-a8eb-4503-9ee5-ccefb6896cad,c1cf686f-a822-4676-8227-2e8f33d70c33,6,10,50,no
408fc2c0-a8eb-4503-9ee5-ccefb6896cad,c1cf686f-a822-4676-8227-2e8f33d70c33,0,10,100,yes
408fc2c0-a8eb-4503-9ee5-ccefb6896cad,c1cf686f-a822-4676-8227-2e8f33d70c33,1,10,100,no
408fc2c0-a8eb-4503-9ee5-ccefb6896cad,c1cf686f-a822-4676-8227-2e8f33d70c33,2,10,100,no
408fc2c0-a8eb-4503-9ee5-ccefb6896cad,c1cf686f-a822-4676-8227-2e8f33d70c33,3,10,100,no
408fc2c0-a8eb-4503-9ee5-ccefb6896cad,c1cf686f-a822-4676-8227-2e8f33d70c33,4,10,100,no
408fc2c0-a8eb-4503-9ee5-ccefb6896cad,c1cf686f-a822-4676-8227-2e8f33d70c33,5,10,100,no
408fc2c0-a8eb-4503-9ee5-ccefb6896cad,c1cf686f-a822-4676-8227-2e8f33d70c33,6,10,100,no
408fc2c0-a8eb-4503-9ee5-ccefb6896cad,c1cf686f-a822-4676-8227-2e8f33d70c33,0,10,full,yes
408fc2c0-a8eb-4503-9ee5-ccefb6896cad,c1cf686f-a822-4676-8227-2e8f33d70c33,1,10,full,no
408fc2c0-a8eb-4503-9ee5-ccefb6896cad,c1cf686f-a822-4676-8227-2e8f33d70c33,2,10,full,no
408fc2c0-a8eb-4503-9ee5-ccefb6896cad,c1cf686f-a822-4676-8227-2e8f33d70c33,3,10,full,no
408fc2c0-a8eb-4503-9ee5-ccefb6896cad,c1cf686f-a822-4676-8227-2e8f33d70c33,4,10,full,no
408fc2c0-a8eb-4503-9ee5-ccefb6896cad,c1cf686f-a822-4676-8227-2e8f33d70c33,5,10,full,yes
408fc2c0-a8eb-4503-9ee5-ccefb6896cad,c1cf686f-a822-4676-8227-2e8f33d70c33,6,10,full,no
408fc2c0-a8eb-4503-9ee5-ccefb6896cad,90b9640b-e12c-41a1-978e-d2f488bf82a3,0,10,10,no
408fc2c0-a8eb-4503-9ee5-ccefb6896cad,90b9640b-e12c-41a1-978e-d2f488bf82a3,1,10,10,no
408fc2c0-a8eb-4503-9ee5-ccefb6896cad,90b9640b-e12c-41a1-978e-d2f488bf82a3,2,10,10,no
408fc2c0-a8eb-4503-9ee5-ccefb6896cad,90b9640b-e12c-41a1-978e-d2f488bf82a3,3,10,10,no
408fc2c0-a8eb-4503-9ee5-ccefb6896cad,90b9640b-e12c-41a1-978e-d2f488bf82a3,4,10,10,no
408fc2c0-a8eb-4503-9ee5-ccefb6896cad,90b9640b-e12c-41a1-978e-d2f488bf82a3,5,10,10,no
408fc2c0-a8eb-4503-9ee5-ccefb6896cad,90b9640b-e12c-41a1-978e-d2f488bf82a3,6,10,10,no
408fc2c0-a8eb-4503-9ee5-ccefb6896cad,90b9640b-e12c-41a1-978e-d2f488bf82a3,0,10,50,yes
408fc2c0-a8eb-4503-9ee5-ccefb6896cad,90b9640b-e12c-41a1-978e-d2f488bf82a3,1,10,50,no
408fc2c0-a8eb-4503-9ee5-ccefb6896cad,90b9640b-e12c-41a1-978e-d2f488bf82a3,2,10,50,yes
408fc2c0-a8eb-4503-9ee5-ccefb6896cad,90b9640b-e12c-41a1-978e-d2f488bf82a3,3,10,50,no
408fc2c0-a8eb-4503-9ee5-ccefb6896cad,90b9640b-e12c-41a1-978e-d2f488bf82a3,4,10,50,yes
408fc2c0-a8eb-4503-9ee5-ccefb6896cad,90b9640b-e12c-41a1-978e-d2f488bf82a3,5,10,50,no
408fc2c0-a8eb-4503-9ee5-ccefb6896cad,90b9640b-e12c-41a1-978e-d2f488bf82a3,6,10,50,yes
408fc2c0-a8eb-4503-9ee5-ccefb6896cad,90b9640b-e12c-41a1-978e-d2f488bf82a3,0,10,100,yes
408fc2c0-a8eb-4503-9ee5-ccefb6896cad,90b9640b-e12c-41a1-978e-d2f488bf82a3,1,10,100,no
408fc2c0-a8eb-4503-9ee5-ccefb6896cad,90b9640b-e12c-41a1-978e-d2f488bf82a3,2,10,100,yes
408fc2c0-a8eb-4503-9ee5-ccefb6896cad,90b9640b-e12c-41a1-978e-d2f488bf82a3,3,10,100,yes
408fc2c0-a8eb-4503-9ee5-ccefb6896cad,90b9640b-e12c-41a1-978e-d2f488bf82a3,4,10,100,no
408fc2c0-a8eb-4503-9ee5-ccefb6896cad,90b9640b-e12c-41a1-978e-d2f488bf82a3,5,10,100,no
408fc2c0-a8eb-4503-9ee5-ccefb6896cad,90b9640b-e12c-41a1-978e-d2f488bf82a3,6,10,100,no
408fc2c0-a8eb-4503-9ee5-ccefb6896cad,90b9640b-e12c-41a1-978e-d2f488bf82a3,0,10,full,yes
408fc2c0-a8eb-4503-9ee5-ccefb6896cad,90b9640b-e12c-41a1-978e-d2f488bf82a3,1,10,full,no
408fc2c0-a8eb-4503-9ee5-ccefb6896cad,90b9640b-e12c-41a1-978e-d2f488bf82a3,2,10,full,yes
408fc2c0-a8eb-4503-9ee5-ccefb6896cad,90b9640b-e12c-41a1-978e-d2f488bf82a3,3,10,full,yes
408fc2c0-a8eb-4503-9ee5-ccefb6896cad,90b9640b-e12c-41a1-978e-d2f488bf82a3,4,10,full,no
408fc2c0-a8eb-4503-9ee5-ccefb6896cad,90b9640b-e12c-41a1-978e-d2f488bf82a3,5,10,full,no
408fc2c0-a8eb-4503-9ee5-ccefb6896cad,90b9640b-e12c-41a1-978e-d2f488bf82a3,6,10,full,no
c2c89732-9315-4011-83df-e7531f6a0c2e,0890c051-ba3b-4b3a-9bdf-41fcc88c743c,0,10,10,no
c2c89732-9315-4011-83df-e7531f6a0c2e,0890c051-ba3b-4b3a-9bdf-41fcc88c743c,1,10,10,no
c2c89732-9315-4011-83df-e7531f6a0c2e,0890c051-ba3b-4b3a-9bdf-41fcc88c743c,2,10,10,no
c2c89732-9315-4011-83df-e7531f6a0c2e,0890c051-ba3b-4b3a-9bdf-41fcc88c743c,3,10,10,no
c2c89732-9315-4011-83df-e7531f6a0c2e,0890c051-ba3b-4b3a-9bdf-41fcc88c743c,4,10,10,no
c2c89732-9315-4011-83df-e7531f6a0c2e,0890c051-ba3b-4b3a-9bdf-41fcc88c743c,5,10,10,no
c2c89732-9315-4011-83df-e7531f6a0c2e,0890c051-ba3b-4b3a-9bdf-41fcc88c743c,6,10,10,no
c2c89732-9315-4011-83df-e7531f6a0c2e,0890c051-ba3b-4b3a-9bdf-41fcc88c743c,7,10,10,no
c2c89732-9315-4011-83df-e7531f6a0c2e,0890c051-ba3b-4b3a-9bdf-41fcc88c743c,8,10,10,no
c2c89732-9315-4011-83df-e7531f6a0c2e,0890c051-ba3b-4b3a-9bdf-41fcc88c743c,9,10,10,no
c2c89732-9315-4011-83df-e7531f6a0c2e,0890c051-ba3b-4b3a-9bdf-41fcc88c743c,0,10,50,no
c2c89732-9315-4011-83df-e7531f6a0c2e,0890c051-ba3b-4b3a-9bdf-41fcc88c743c,1,10,50,no
c2c89732-9315-4011-83df-e7531f6a0c2e,0890c051-ba3b-4b3a-9bdf-41fcc88c743c,2,10,50,no
c2c89732-9315-4011-83df-e7531f6a0c2e,0890c051-ba3b-4b3a-9bdf-41fcc88c743c,3,10,50,no
c2c89732-9315-4011-83df-e7531f6a0c2e,0890c051-ba3b-4b3a-9bdf-41fcc88c743c,4,10,50,no
c2c89732-9315-4011-83df-e7531f6a0c2e,0890c051-ba3b-4b3a-9bdf-41fcc88c743c,5,10,50,no
c2c89732-9315-4011-83df-e7531f6a0c2e,0890c051-ba3b-4b3a-9bdf-41fcc88c743c,6,10,50,no
c2c89732-9315-4011-83df-e7531f6a0c2e,0890c051-ba3b-4b3a-9bdf-41fcc88c743c,7,10,50,no
c2c89732-9315-4011-83df-e7531f6a0c2e,0890c051-ba3b-4b3a-9bdf-41fcc88c743c,8,10,50,no
c2c89732-9315-4011-83df-e7531f6a0c2e,0890c051-ba3b-4b3a-9bdf-41fcc88c743c,9,10,50,no
c2c89732-9315-4011-83df-e7531f6a0c2e,0890c051-ba3b-4b3a-9bdf-41fcc88c743c,0,10,100,no
c2c89732-9315-4011-83df-e7531f6a0c2e,0890c051-ba3b-4b3a-9bdf-41fcc88c743c,1,10,100,no
c2c89732-9315-4011-83df-e7531f6a0c2e,0890c051-ba3b-4b3a-9bdf-41fcc88c743c,2,10,100,no
c2c89732-9315-4011-83df-e7531f6a0c2e,0890c051-ba3b-4b3a-9bdf-41fcc88c743c,3,10,100,no
c2c89732-9315-4011-83df-e7531f6a0c2e,0890c051-ba3b-4b3a-9bdf-41fcc88c743c,4,10,100,no
c2c89732-9315-4011-83df-e7531f6a0c2e,0890c051-ba3b-4b3a-9bdf-41fcc88c743c,5,10,100,no
c2c89732-9315-4011-83df-e7531f6a0c2e,0890c051-ba3b-4b3a-9bdf-41fcc88c743c,6,10,100,no
c2c89732-9315-4011-83df-e7531f6a0c2e,0890c051-ba3b-4b3a-9bdf-41fcc88c743c,7,10,100,no
c2c89732-9315-4011-83df-e7531f6a0c2e,0890c051-ba3b-4b3a-9bdf-41fcc88c743c,8,10,100,no
c2c89732-9315-4011-83df-e7531f6a0c2e,0890c051-ba3b-4b3a-9bdf-41fcc88c743c,9,10,100,no
c2c89732-9315-4011-83df-e7531f6a0c2e,0890c051-ba3b-4b3a-9bdf-41fcc88c743c,0,10,full,no
c2c89732-9315-4011-83df-e7531f6a0c2e,0890c051-ba3b-4b3a-9bdf-41fcc88c743c,1,10,full,no
c2c89732-9315-4011-83df-e7531f6a0c2e,0890c051-ba3b-4b3a-9bdf-41fcc88c743c,2,10,full,no
c2c89732-9315-4011-83df-e7531f6a0c2e,0890c051-ba3b-4b3a-9bdf-41fcc88c743c,3,10,full,no
c2c89732-9315-4011-83df-e7531f6a0c2e,0890c051-ba3b-4b3a-9bdf-41fcc88c743c,4,10,full,no
c2c89732-9315-4011-83df-e7531f6a0c2e,0890c051-ba3b-4b3a-9bdf-41fcc88c743c,5,10,full,no
c2c89732-9315-4011-83df-e7531f6a0c2e,0890c051-ba3b-4b3a-9bdf-41fcc88c743c,6,10,full,no
c2c89732-9315-4011-83df-e7531f6a0c2e,0890c051-ba3b-4b3a-9bdf-41fcc88c743c,7,10,full,no
c2c89732-9315-4011-83df-e7531f6a0c2e,0890c051-ba3b-4b3a-9bdf-41fcc88c743c,8,10,full,no
c2c89732-9315-4011-83df-e7531f6a0c2e,0890c051-ba3b-4b3a-9bdf-41fcc88c743c,9,10,full,no
c2c89732-9315-4011-83df-e7531f6a0c2e,5baf384c-dfa8-4f82-a412-001ee0637d84,0,10,10,no
c2c89732-9315-4011-83df-e7531f6a0c2e,5baf384c-dfa8-4f82-a412-001ee0637d84,1,10,10,no
c2c89732-9315-4011-83df-e7531f6a0c2e,5baf384c-dfa8-4f82-a412-001ee0637d84,2,10,10,no
c2c89732-9315-4011-83df-e7531f6a0c2e,5baf384c-dfa8-4f82-a412-001ee0637d84,3,10,10,no
c2c89732-9315-4011-83df-e7531f6a0c2e,5baf384c-dfa8-4f82-a412-001ee0637d84,4,10,10,no
c2c89732-9315-4011-83df-e7531f6a0c2e,5baf384c-dfa8-4f82-a412-001ee0637d84,5,10,10,no
c2c89732-9315-4011-83df-e7531f6a0c2e,5baf384c-dfa8-4f82-a412-001ee0637d84,6,10,10,no
c2c89732-9315-4011-83df-e7531f6a0c2e,5baf384c-dfa8-4f82-a412-001ee0637d84,7,10,10,no
c2c89732-9315-4011-83df-e7531f6a0c2e,5baf384c-dfa8-4f82-a412-001ee0637d84,8,10,10,no
c2c89732-9315-4011-83df-e7531f6a0c2e,5baf384c-dfa8-4f82-a412-001ee0637d84,9,10,10,no
c2c89732-9315-4011-83df-e7531f6a0c2e,5baf384c-dfa8-4f82-a412-001ee0637d84,0,10,50,no
c2c89732-9315-4011-83df-e7531f6a0c2e,5baf384c-dfa8-4f82-a412-001ee0637d84,1,10,50,no
c2c89732-9315-4011-83df-e7531f6a0c2e,5baf384c-dfa8-4f82-a412-001ee0637d84,2,10,50,no
c2c89732-9315-4011-83df-e7531f6a0c2e,5baf384c-dfa8-4f82-a412-001ee0637d84,3,10,50,no
c2c89732-9315-4011-83df-e7531f6a0c2e,5baf384c-dfa8-4f82-a412-001ee0637d84,4,10,50,no
c2c89732-9315-4011-83df-e7531f6a0c2e,5baf384c-dfa8-4f82-a412-001ee0637d84,5,10,50,no
c2c89732-9315-4011-83df-e7531f6a0c2e,5baf384c-dfa8-4f82-a412-001ee0637d84,6,10,50,no
c2c89732-9315-4011-83df-e7531f6a0c2e,5baf384c-dfa8-4f82-a412-001ee0637d84,7,10,50,no
c2c89732-9315-4011-83df-e7531f6a0c2e,5baf384c-dfa8-4f82-a412-001ee0637d84,8,10,50,no
c2c89732-9315-4011-83df-e7531f6a0c2e,5baf384c-dfa8-4f82-a412-001ee0637d84,9,10,50,no
c2c89732-9315-4011-83df-e7531f6a0c2e,5baf384c-dfa8-4f82-a412-001ee0637d84,0,10,100,no
c2c89732-9315-4011-83df-e7531f6a0c2e,5baf384c-dfa8-4f82-a412-001ee0637d84,1,10,100,no
c2c89732-9315-4011-83df-e7531f6a0c2e,5baf384c-dfa8-4f82-a412-001ee0637d84,2,10,100,no
c2c89732-9315-4011-83df-e7531f6a0c2e,5baf384c-dfa8-4f82-a412-001ee0637d84,3,10,100,no
c2c89732-9315-4011-83df-e7531f6a0c2e,5baf384c-dfa8-4f82-a412-001ee0637d84,4,10,100,no
c2c89732-9315-4011-83df-e7531f6a0c2e,5baf384c-dfa8-4f82-a412-001ee0637d84,5,10,100,no
c2c89732-9315-4011-83df-e7531f6a0c2e,5baf384c-dfa8-4f82-a412-001ee0637d84,6,10,100,no
c2c89732-9315-4011-83df-e7531f6a0c2e,5baf384c-dfa8-4f82-a412-001ee0637d84,7,10,100,no
c2c89732-9315-4011-83df-e7531f6a0c2e,5baf384c-dfa8-4f82-a412-001ee0637d84,8,10,100,no
c2c89732-9315-4011-83df-e7531f6a0c2e,5baf384c-dfa8-4f82-a412-001ee0637d84,9,10,100,no
c2c89732-9315-4011-83df-e7531f6a0c2e,5baf384c-dfa8-4f82-a412-001ee0637d84,0,10,full,no
c2c89732-9315-4011-83df-e7531f6a0c2e,5baf384c-dfa8-4f82-a412-001ee0637d84,1,10,full,no
c2c89732-9315-4011-83df-e7531f6a0c2e,5baf384c-dfa8-4f82-a412-001ee0637d84,2,10,full,no
c2c89732-9315-4011-83df-e7531f6a0c2e,5baf384c-dfa8-4f82-a412-001ee0637d84,3,10,full,no
c2c89732-9315-4011-83df-e7531f6a0c2e,5baf384c-dfa8-4f82-a412-001ee0637d84,4,10,full,no
c2c89732-9315-4011-83df-e7531f6a0c2e,5baf384c-dfa8-4f82-a412-001ee0637d84,5,10,full,no
c2c89732-9315-4011-83df-e7531f6a0c2e,5baf384c-dfa8-4f82-a412-001ee0637d84,6,10,full,no
c2c89732-9315-4011-83df-e7531f6a0c2e,5baf384c-dfa8-4f82-a412-001ee0637d84,7,10,full,no
c2c89732-9315-4011-83df-e7531f6a0c2e,5baf384c-dfa8-4f82-a412-001ee0637d84,8,10,full,no
c2c89732-9315-4011-83df-e7531f6a0c2e,5baf384c-dfa8-4f82-a412-001ee0637d84,9,10,full,no
00aefe85-2182-4102-a7b9-68a31c0ffe87,5cd429dc-5cab-44d9-a6dc-7449907878e2,0,10,10,no
00aefe85-2182-4102-a7b9-68a31c0ffe87,5cd429dc-5cab-44d9-a6dc-7449907878e2,1,10,10,no
00aefe85-2182-4102-a7b9-68a31c0ffe87,5cd429dc-5cab-44d9-a6dc-7449907878e2,2,10,10,no
00aefe85-2182-4102-a7b9-68a31c0ffe87,5cd429dc-5cab-44d9-a6dc-7449907878e2,3,10,10,no
00aefe85-2182-4102-a7b9-68a31c0ffe87,5cd429dc-5cab-44d9-a6dc-7449907878e2,4,10,10,no
00aefe85-2182-4102-a7b9-68a31c0ffe87,5cd429dc-5cab-44d9-a6dc-7449907878e2,5,10,10,no
00aefe85-2182-4102-a7b9-68a31c0ffe87,5cd429dc-5cab-44d9-a6dc-7449907878e2,6,10,10,no
00aefe85-2182-4102-a7b9-68a31c0ffe87,5cd429dc-5cab-44d9-a6dc-7449907878e2,7,10,10,no
00aefe85-2182-4102-a7b9-68a31c0ffe87,5cd429dc-5cab-44d9-a6dc-7449907878e2,8,10,10,no
00aefe85-2182-4102-a7b9-68a31c0ffe87,5cd429dc-5cab-44d9-a6dc-7449907878e2,9,10,10,no
00aefe85-2182-4102-a7b9-68a31c0ffe87,5cd429dc-5cab-44d9-a6dc-7449907878e2,0,10,50,no
00aefe85-2182-4102-a7b9-68a31c0ffe87,5cd429dc-5cab-44d9-a6dc-7449907878e2,1,10,50,no
00aefe85-2182-4102-a7b9-68a31c0ffe87,5cd429dc-5cab-44d9-a6dc-7449907878e2,2,10,50,no
00aefe85-2182-4102-a7b9-68a31c0ffe87,5cd429dc-5cab-44d9-a6dc-7449907878e2,3,10,50,no
00aefe85-2182-4102-a7b9-68a31c0ffe87,5cd429dc-5cab-44d9-a6dc-7449907878e2,4,10,50,no
00aefe85-2182-4102-a7b9-68a31c0ffe87,5cd429dc-5cab-44d9-a6dc-7449907878e2,5,10,50,no
00aefe85-2182-4102-a7b9-68a31c0ffe87,5cd429dc-5cab-44d9-a6dc-7449907878e2,6,10,50,no
00aefe85-2182-4102-a7b9-68a31c0ffe87,5cd429dc-5cab-44d9-a6dc-7449907878e2,7,10,50,no
00aefe85-2182-4102-a7b9-68a31c0ffe87,5cd429dc-5cab-44d9-a6dc-7449907878e2,8,10,50,no
00aefe85-2182-4102-a7b9-68a31c0ffe87,5cd429dc-5cab-44d9-a6dc-7449907878e2,9,10,50,no
00aefe85-2182-4102-a7b9-68a31c0ffe87,5cd429dc-5cab-44d9-a6dc-7449907878e2,0,10,100,no
00aefe85-2182-4102-a7b9-68a31c0ffe87,5cd429dc-5cab-44d9-a6dc-7449907878e2,1,10,100,no
00aefe85-2182-4102-a7b9-68a31c0ffe87,5cd429dc-5cab-44d9-a6dc-7449907878e2,2,10,100,no
00aefe85-2182-4102-a7b9-68a31c0ffe87,5cd429dc-5cab-44d9-a6dc-7449907878e2,3,10,100,no
00aefe85-2182-4102-a7b9-68a31c0ffe87,5cd429dc-5cab-44d9-a6dc-7449907878e2,4,10,100,no
00aefe85-2182-4102-a7b9-68a31c0ffe87,5cd429dc-5cab-44d9-a6dc-7449907878e2,5,10,100,no
00aefe85-2182-4102-a7b9-68a31c0ffe87,5cd429dc-5cab-44d9-a6dc-7449907878e2,6,10,100,no
00aefe85-2182-4102-a7b9-68a31c0ffe87,5cd429dc-5cab-44d9-a6dc-7449907878e2,7,10,100,no
00aefe85-2182-4102-a7b9-68a31c0ffe87,5cd429dc-5cab-44d9-a6dc-7449907878e2,8,10,100,no
00aefe85-2182-4102-a7b9-68a31c0ffe87,5cd429dc-5cab-44d9-a6dc-7449907878e2,9,10,100,no
00aefe85-2182-4102-a7b9-68a31c0ffe87,5cd429dc-5cab-44d9-a6dc-7449907878e2,0,10,full,no
00aefe85-2182-4102-a7b9-68a31c0ffe87,5cd429dc-5cab-44d9-a6dc-7449907878e2,1,10,full,no
00aefe85-2182-4102-a7b9-68a31c0ffe87,5cd429dc-5cab-44d9-a6dc-7449907878e2,2,10,full,no
00aefe85-2182-4102-a7b9-68a31c0ffe87,5cd429dc-5cab-44d9-a6dc-7449907878e2,3,10,full,no
00aefe85-2182-4102-a7b9-68a31c0ffe87,5cd429dc-5cab-44d9-a6dc-7449907878e2,4,10,full,no
00aefe85-2182-4102-a7b9-68a31c0ffe87,5cd429dc-5cab-44d9-a6dc-7449907878e2,5,10,full,no
00aefe85-2182-4102-a7b9-68a31c0ffe87,5cd429dc-5cab-44d9-a6dc-7449907878e2,6,10,full,no
00aefe85-2182-4102-a7b9-68a31c0ffe87,5cd429dc-5cab-44d9-a6dc-7449907878e2,7,10,full,no
00aefe85-2182-4102-a7b9-68a31c0ffe87,5cd429dc-5cab-44d9-a6dc-7449907878e2,8,10,full,no
00aefe85-2182-4102-a7b9-68a31c0ffe87,5cd429dc-5cab-44d9-a6dc-7449907878e2,9,10,full,no
00aefe85-2182-4102-a7b9-68a31c0ffe87,19765f0e-cb5e-4c73-8dde-e1c419eb8d84,0,10,10,no
00aefe85-2182-4102-a7b9-68a31c0ffe87,19765f0e-cb5e-4c73-8dde-e1c419eb8d84,1,10,10,no
00aefe85-2182-4102-a7b9-68a31c0ffe87,19765f0e-cb5e-4c73-8dde-e1c419eb8d84,2,10,10,no
00aefe85-2182-4102-a7b9-68a31c0ffe87,19765f0e-cb5e-4c73-8dde-e1c419eb8d84,3,10,10,no
00aefe85-2182-4102-a7b9-68a31c0ffe87,19765f0e-cb5e-4c73-8dde-e1c419eb8d84,4,10,10,no
00aefe85-2182-4102-a7b9-68a31c0ffe87,19765f0e-cb5e-4c73-8dde-e1c419eb8d84,5,10,10,no
00aefe85-2182-4102-a7b9-68a31c0ffe87,19765f0e-cb5e-4c73-8dde-e1c419eb8d84,6,10,10,no
00aefe85-2182-4102-a7b9-68a31c0ffe87,19765f0e-cb5e-4c73-8dde-e1c419eb8d84,7,10,10,no
00aefe85-2182-4102-a7b9-68a31c0ffe87,19765f0e-cb5e-4c73-8dde-e1c419eb8d84,8,10,10,no
00aefe85-2182-4102-a7b9-68a31c0ffe87,19765f0e-cb5e-4c73-8dde-e1c419eb8d84,9,10,10,no
00aefe85-2182-4102-a7b9-68a31c0ffe87,19765f0e-cb5e-4c73-8dde-e1c419eb8d84,0,10,50,no
00aefe85-2182-4102-a7b9-68a31c0ffe87,19765f0e-cb5e-4c73-8dde-e1c419eb8d84,1,10,50,no
00aefe85-2182-4102-a7b9-68a31c0ffe87,19765f0e-cb5e-4c73-8dde-e1c419eb8d84,2,10,50,no
00aefe85-2182-4102-a7b9-68a31c0ffe87,19765f0e-cb5e-4c73-8dde-e1c419eb8d84,3,10,50,no
00aefe85-2182-4102-a7b9-68a31c0ffe87,19765f0e-cb5e-4c73-8dde-e1c419eb8d84,4,10,50,no
00aefe85-2182-4102-a7b9-68a31c0ffe87,19765f0e-cb5e-4c73-8dde-e1c419eb8d84,5,10,50,no
00aefe85-2182-4102-a7b9-68a31c0ffe87,19765f0e-cb5e-4c73-8dde-e1c419eb8d84,6,10,50,no
00aefe85-2182-4102-a7b9-68a31c0ffe87,19765f0e-cb5e-4c73-8dde-e1c419eb8d84,7,10,50,no
00aefe85-2182-4102-a7b9-68a31c0ffe87,19765f0e-cb5e-4c73-8dde-e1c419eb8d84,8,10,50,no
00aefe85-2182-4102-a7b9-68a31c0ffe87,19765f0e-cb5e-4c73-8dde-e1c419eb8d84,9,10,50,no
00aefe85-2182-4102-a7b9-68a31c0ffe87,19765f0e-cb5e-4c73-8dde-e1c419eb8d84,0,10,100,no
00aefe85-2182-4102-a7b9-68a31c0ffe87,19765f0e-cb5e-4c73-8dde-e1c419eb8d84,1,10,100,no
00aefe85-2182-4102-a7b9-68a31c0ffe87,19765f0e-cb5e-4c73-8dde-e1c419eb8d84,2,10,100,no
00aefe85-2182-4102-a7b9-68a31c0ffe87,19765f0e-cb5e-4c73-8dde-e1c419eb8d84,3,10,100,no
00aefe85-2182-4102-a7b9-68a31c0ffe87,19765f0e-cb5e-4c73-8dde-e1c419eb8d84,4,10,100,no
00aefe85-2182-4102-a7b9-68a31c0ffe87,19765f0e-cb5e-4c73-8dde-e1c419eb8d84,5,10,100,no
00aefe85-2182-4102-a7b9-68a31c0ffe87,19765f0e-cb5e-4c73-8dde-e1c419eb8d84,6,10,100,no
00aefe85-2182-4102-a7b9-68a31c0ffe87,19765f0e-cb5e-4c73-8dde-e1c419eb8d84,7,10,100,no
00aefe85-2182-4102-a7b9-68a31c0ffe87,19765f0e-cb5e-4c73-8dde-e1c419eb8d84,8,10,100,no
00aefe85-2182-4102-a7b9-68a31c0ffe87,19765f0e-cb5e-4c73-8dde-e1c419eb8d84,9,10,100,no
00aefe85-2182-4102-a7b9-68a31c0ffe87,19765f0e-cb5e-4c73-8dde-e1c419eb8d84,0,10,full,no
00aefe85-2182-4102-a7b9-68a31c0ffe87,19765f0e-cb5e-4c73-8dde-e1c419eb8d84,1,10,full,no
00aefe85-2182-4102-a7b9-68a31c0ffe87,19765f0e-cb5e-4c73-8dde-e1c419eb8d84,2,10,full,no
00aefe85-2182-4102-a7b9-68a31c0ffe87,19765f0e-cb5e-4c73-8dde-e1c419eb8d84,3,10,full,no
00aefe85-2182-4102-a7b9-68a31c0ffe87,19765f0e-cb5e-4c73-8dde-e1c419eb8d84,4,10,full,no
00aefe85-2182-4102-a7b9-68a31c0ffe87,19765f0e-cb5e-4c73-8dde-e1c419eb8d84,5,10,full,no
00aefe85-2182-4102-a7b9-68a31c0ffe87,19765f0e-cb5e-4c73-8dde-e1c419eb8d84,6,10,full,no
00aefe85-2182-4102-a7b9-68a31c0ffe87,19765f0e-cb5e-4c73-8dde-e1c419eb8d84,7,10,full,no
00aefe85-2182-4102-a7b9-68a31c0ffe87,19765f0e-cb5e-4c73-8dde-e1c419eb8d84,8,10,full,no
00aefe85-2182-4102-a7b9-68a31c0ffe87,19765f0e-cb5e-4c73-8dde-e1c419eb8d84,9,10,full,no
b1088d33-5118-4791-92d8-2764b1070355,4dc5f42f-8962-4831-a828-b021123d7b02,0,10,10,no
b1088d33-5118-4791-92d8-2764b1070355,4dc5f42f-8962-4831-a828-b021123d7b02,1,10,10,no
b1088d33-5118-4791-92d8-2764b1070355,4dc5f42f-8962-4831-a828-b021123d7b02,2,10,10,no
b1088d33-5118-4791-92d8-2764b1070355,4dc5f42f-8962-4831-a828-b021123d7b02,3,10,10,no
b1088d33-5118-4791-92d8-2764b1070355,4dc5f42f-8962-4831-a828-b021123d7b02,4,10,10,no
b1088d33-5118-4791-92d8-2764b1070355,4dc5f42f-8962-4831-a828-b021123d7b02,5,10,10,no
b1088d33-5118-4791-92d8-2764b1070355,4dc5f42f-8962-4831-a828-b021123d7b02,6,10,10,no
b1088d33-5118-4791-92d8-2764b1070355,4dc5f42f-8962-4831-a828-b021123d7b02,7,10,10,no
b1088d33-5118-4791-92d8-2764b1070355,4dc5f42f-8962-4831-a828-b021123d7b02,8,10,10,no
b1088d33-5118-4791-92d8-2764b1070355,4dc5f42f-8962-4831-a828-b021123d7b02,9,10,10,no
b1088d33-5118-4791-92d8-2764b1070355,4dc5f42f-8962-4831-a828-b021123d7b02,0,10,50,no
b1088d33-5118-4791-92d8-2764b1070355,4dc5f42f-8962-4831-a828-b021123d7b02,1,10,50,no
b1088d33-5118-4791-92d8-2764b1070355,4dc5f42f-8962-4831-a828-b021123d7b02,2,10,50,no
b1088d33-5118-4791-92d8-2764b1070355,4dc5f42f-8962-4831-a828-b021123d7b02,3,10,50,no
b1088d33-5118-4791-92d8-2764b1070355,4dc5f42f-8962-4831-a828-b021123d7b02,4,10,50,no
b1088d33-5118-4791-92d8-2764b1070355,4dc5f42f-8962-4831-a828-b021123d7b02,5,10,50,no
b1088d33-5118-4791-92d8-2764b1070355,4dc5f42f-8962-4831-a828-b021123d7b02,6,10,50,no
b1088d33-5118-4791-92d8-2764b1070355,4dc5f42f-8962-4831-a828-b021123d7b02,7,10,50,no
b1088d33-5118-4791-92d8-2764b1070355,4dc5f42f-8962-4831-a828-b021123d7b02,8,10,50,no
b1088d33-5118-4791-92d8-2764b1070355,4dc5f42f-8962-4831-a828-b021123d7b02,9,10,50,no
b1088d33-5118-4791-92d8-2764b1070355,4dc5f42f-8962-4831-a828-b021123d7b02,0,10,100,no
b1088d33-5118-4791-92d8-2764b1070355,4dc5f42f-8962-4831-a828-b021123d7b02,1,10,100,no
b1088d33-5118-4791-92d8-2764b1070355,4dc5f42f-8962-4831-a828-b021123d7b02,2,10,100,no
b1088d33-5118-4791-92d8-2764b1070355,4dc5f42f-8962-4831-a828-b021123d7b02,3,10,100,no
b1088d33-5118-4791-92d8-2764b1070355,4dc5f42f-8962-4831-a828-b021123d7b02,4,10,100,no
b1088d33-5118-4791-92d8-2764b1070355,4dc5f42f-8962-4831-a828-b021123d7b02,5,10,100,no
b1088d33-5118-4791-92d8-2764b1070355,4dc5f42f-8962-4831-a828-b021123d7b02,6,10,100,no
b1088d33-5118-4791-92d8-2764b1070355,4dc5f42f-8962-4831-a828-b021123d7b02,7,10,100,no
b1088d33-5118-4791-92d8-2764b1070355,4dc5f42f-8962-4831-a828-b021123d7b02,8,10,100,no
b1088d33-5118-4791-92d8-2764b1070355,4dc5f42f-8962-4831-a828-b021123d7b02,9,10,100,no
b1088d33-5118-4791-92d8-2764b1070355,4dc5f42f-8962-4831-a828-b021123d7b02,0,10,full,no
b1088d33-5118-4791-92d8-2764b1070355,4dc5f42f-8962-4831-a828-b021123d7b02,1,10,full,no
b1088d33-5118-4791-92d8-2764b1070355,4dc5f42f-8962-4831-a828-b021123d7b02,2,10,full,no
b1088d33-5118-4791-92d8-2764b1070355,4dc5f42f-8962-4831-a828-b021123d7b02,3,10,full,no
b1088d33-5118-4791-92d8-2764b1070355,4dc5f42f-8962-4831-a828-b021123d7b02,4,10,full,no
b1088d33-5118-4791-92d8-2764b1070355,4dc5f42f-8962-4831-a828-b021123d7b02,5,10,full,no
b1088d33-5118-4791-92d8-2764b1070355,4dc5f42f-8962-4831-a828-b021123d7b02,6,10,full,no
b1088d33-5118-4791-92d8-2764b1070355,4dc5f42f-8962-4831-a828-b021123d7b02,7,10,full,no
b1088d33-5118-4791-92d8-2764b1070355,4dc5f42f-8962-4831-a828-b021123d7b02,8,10,full,no
b1088d33-5118-4791-92d8-2764b1070355,4dc5f42f-8962-4831-a828-b021123d7b02,9,10,full,no
b1088d33-5118-4791-92d8-2764b1070355,83590a9f-1097-4efd-be32-8e97ea6197ca,0,10,10,no
b1088d33-5118-4791-92d8-2764b1070355,83590a9f-1097-4efd-be32-8e97ea6197ca,1,10,10,no
b1088d33-5118-4791-92d8-2764b1070355,83590a9f-1097-4efd-be32-8e97ea6197ca,2,10,10,no
b1088d33-5118-4791-92d8-2764b1070355,83590a9f-1097-4efd-be32-8e97ea6197ca,3,10,10,no
b1088d33-5118-4791-92d8-2764b1070355,83590a9f-1097-4efd-be32-8e97ea6197ca,4,10,10,no
b1088d33-5118-4791-92d8-2764b1070355,83590a9f-1097-4efd-be32-8e97ea6197ca,5,10,10,no
b1088d33-5118-4791-92d8-2764b1070355,83590a9f-1097-4efd-be32-8e97ea6197ca,6,10,10,no
b1088d33-5118-4791-92d8-2764b1070355,83590a9f-1097-4efd-be32-8e97ea6197ca,7,10,10,no
b1088d33-5118-4791-92d8-2764b1070355,83590a9f-1097-4efd-be32-8e97ea6197ca,8,10,10,no
b1088d33-5118-4791-92d8-2764b1070355,83590a9f-1097-4efd-be32-8e97ea6197ca,9,10,10,no
b1088d33-5118-4791-92d8-2764b1070355,83590a9f-1097-4efd-be32-8e97ea6197ca,0,10,50,no
b1088d33-5118-4791-92d8-2764b1070355,83590a9f-1097-4efd-be32-8e97ea6197ca,1,10,50,no
b1088d33-5118-4791-92d8-2764b1070355,83590a9f-1097-4efd-be32-8e97ea6197ca,2,10,50,no
b1088d33-5118-4791-92d8-2764b1070355,83590a9f-1097-4efd-be32-8e97ea6197ca,3,10,50,no
b1088d33-5118-4791-92d8-2764b1070355,83590a9f-1097-4efd-be32-8e97ea6197ca,4,10,50,no
b1088d33-5118-4791-92d8-2764b1070355,83590a9f-1097-4efd-be32-8e97ea6197ca,5,10,50,no
b1088d33-5118-4791-92d8-2764b1070355,83590a9f-1097-4efd-be32-8e97ea6197ca,6,10,50,no
b1088d33-5118-4791-92d8-2764b1070355,83590a9f-1097-4efd-be32-8e97ea6197ca,7,10,50,no
b1088d33-5118-4791-92d8-2764b1070355,83590a9f-1097-4efd-be32-8e97ea6197ca,8,10,50,no
b1088d33-5118-4791-92d8-2764b1070355,83590a9f-1097-4efd-be32-8e97ea6197ca,9,10,50,no
b1088d33-5118-4791-92d8-2764b1070355,83590a9f-1097-4efd-be32-8e97ea6197ca,0,10,100,no
b1088d33-5118-4791-92d8-2764b1070355,83590a9f-1097-4efd-be32-8e97ea6197ca,1,10,100,no
b1088d33-5118-4791-92d8-2764b1070355,83590a9f-1097-4efd-be32-8e97ea6197ca,2,10,100,no
b1088d33-5118-4791-92d8-2764b1070355,83590a9f-1097-4efd-be32-8e97ea6197ca,3,10,100,no
b1088d33-5118-4791-92d8-2764b1070355,83590a9f-1097-4efd-be32-8e97ea6197ca,4,10,100,no
b1088d33-5118-4791-92d8-2764b1070355,83590a9f-1097-4efd-be32-8e97ea6197ca,5,10,100,no
b1088d33-5118-4791-92d8-2764b1070355,83590a9f-1097-4efd-be32-8e97ea6197ca,6,10,100,no
b1088d33-5118-4791-92d8-2764b1070355,83590a9f-1097-4efd-be32-8e97ea6197ca,7,10,100,no
b1088d33-5118-4791-92d8-2764b1070355,83590a9f-1097-4efd-be32-8e97ea6197ca,8,10,100,no
b1088d33-5118-4791-92d8-2764b1070355,83590a9f-1097-4efd-be32-8e97ea6197ca,9,10,100,no
b1088d33-5118-4791-92d8-2764b1070355,83590a9f-1097-4efd-be32-8e97ea6197ca,0,10,full,no
b1088d33-5118-4791-92d8-2764b1070355,83590a9f-1097-4efd-be32-8e97ea6197ca,1,10,full,no
b1088d33-5118-4791-92d8-2764b1070355,83590a9f-1097-4efd-be32-8e97ea6197ca,2,10,full,no
b1088d33-5118-4791-92d8-2764b1070355,83590a9f-1097-4efd-be32-8e97ea6197ca,3,10,full,no
b1088d33-5118-4791-92d8-2764b1070355,83590a9f-1097-4efd-be32-8e97ea6197ca,4,10,full,no
b1088d33-5118-4791-92d8-2764b1070355,83590a9f-1097-4efd-be32-8e97ea6197ca,5,10,full,no
b1088d33-5118-4791-92d8-2764b1070355,83590a9f-1097-4efd-be32-8e97ea6197ca,6,10,full,no
b1088d33-5118-4791-92d8-2764b1070355,83590a9f-1097-4efd-be32-8e97ea6197ca,7,10,full,no
b1088d33-5118-4791-92d8-2764b1070355,83590a9f-1097-4efd-be32-8e97ea6197ca,8,10,full,no
b1088d33-5118-4791-92d8-2764b1070355,83590a9f-1097-4efd-be32-8e97ea6197ca,9,10,full,no
e628ffc4-d29d-4dcd-8270-4617109ac914,ae467b13-6d06-4b14-8553-6f1276d3acc6,0,10,10,no
e628ffc4-d29d-4dcd-8270-4617109ac914,ae467b13-6d06-4b14-8553-6f1276d3acc6,1,10,10,no
e628ffc4-d29d-4dcd-8270-4617109ac914,ae467b13-6d06-4b14-8553-6f1276d3acc6,2,10,10,no
e628ffc4-d29d-4dcd-8270-4617109ac914,ae467b13-6d06-4b14-8553-6f1276d3acc6,3,10,10,no
e628ffc4-d29d-4dcd-8270-4617109ac914,ae467b13-6d06-4b14-8553-6f1276d3acc6,4,10,10,no
e628ffc4-d29d-4dcd-8270-4617109ac914,ae467b13-6d06-4b14-8553-6f1276d3acc6,5,10,10,no
e628ffc4-d29d-4dcd-8270-4617109ac914,ae467b13-6d06-4b14-8553-6f1276d3acc6,6,10,10,no
e628ffc4-d29d-4dcd-8270-4617109ac914,ae467b13-6d06-4b14-8553-6f1276d3acc6,7,10,10,no
e628ffc4-d29d-4dcd-8270-4617109ac914,ae467b13-6d06-4b14-8553-6f1276d3acc6,8,10,10,no
e628ffc4-d29d-4dcd-8270-4617109ac914,ae467b13-6d06-4b14-8553-6f1276d3acc6,9,10,10,no
e628ffc4-d29d-4dcd-8270-4617109ac914,ae467b13-6d06-4b14-8553-6f1276d3acc6,0,10,50,no
e628ffc4-d29d-4dcd-8270-4617109ac914,ae467b13-6d06-4b14-8553-6f1276d3acc6,1,10,50,no
e628ffc4-d29d-4dcd-8270-4617109ac914,ae467b13-6d06-4b14-8553-6f1276d3acc6,2,10,50,no
e628ffc4-d29d-4dcd-8270-4617109ac914,ae467b13-6d06-4b14-8553-6f1276d3acc6,3,10,50,no
e628ffc4-d29d-4dcd-8270-4617109ac914,ae467b13-6d06-4b14-8553-6f1276d3acc6,4,10,50,no
e628ffc4-d29d-4dcd-8270-4617109ac914,ae467b13-6d06-4b14-8553-6f1276d3acc6,5,10,50,no
e628ffc4-d29d-4dcd-8270-4617109ac914,ae467b13-6d06-4b14-8553-6f1276d3acc6,6,10,50,no
e628ffc4-d29d-4dcd-8270-4617109ac914,ae467b13-6d06-4b14-8553-6f1276d3acc6,7,10,50,no
e628ffc4-d29d-4dcd-8270-4617109ac914,ae467b13-6d06-4b14-8553-6f1276d3acc6,8,10,50,no
e628ffc4-d29d-4dcd-8270-4617109ac914,ae467b13-6d06-4b14-8553-6f1276d3acc6,9,10,50,no
e628ffc4-d29d-4dcd-8270-4617109ac914,ae467b13-6d06-4b14-8553-6f1276d3acc6,0,10,100,no
e628ffc4-d29d-4dcd-8270-4617109ac914,ae467b13-6d06-4b14-8553-6f1276d3acc6,1,10,100,no
e628ffc4-d29d-4dcd-8270-4617109ac914,ae467b13-6d06-4b14-8553-6f1276d3acc6,2,10,100,no
e628ffc4-d29d-4dcd-8270-4617109ac914,ae467b13-6d06-4b14-8553-6f1276d3acc6,3,10,100,no
e628ffc4-d29d-4dcd-8270-4617109ac914,ae467b13-6d06-4b14-8553-6f1276d3acc6,4,10,100,no
e628ffc4-d29d-4dcd-8270-4617109ac914,ae467b13-6d06-4b14-8553-6f1276d3acc6,5,10,100,no
e628ffc4-d29d-4dcd-8270-4617109ac914,ae467b13-6d06-4b14-8553-6f1276d3acc6,6,10,100,no
e628ffc4-d29d-4dcd-8270-4617109ac914,ae467b13-6d06-4b14-8553-6f1276d3acc6,7,10,100,no
e628ffc4-d29d-4dcd-8270-4617109ac914,ae467b13-6d06-4b14-8553-6f1276d3acc6,8,10,100,no
e628ffc4-d29d-4dcd-8270-4617109ac914,ae467b13-6d06-4b14-8553-6f1276d3acc6,9,10,100,no
e628ffc4-d29d-4dcd-8270-4617109ac914,ae467b13-6d06-4b14-8553-6f1276d3acc6,0,10,full,no
e628ffc4-d29d-4dcd-8270-4617109ac914,ae467b13-6d06-4b14-8553-6f1276d3acc6,1,10,full,no
e628ffc4-d29d-4dcd-8270-4617109ac914,ae467b13-6d06-4b14-8553-6f1276d3acc6,2,10,full,no
e628ffc4-d29d-4dcd-8270-4617109ac914,ae467b13-6d06-4b14-8553-6f1276d3acc6,3,10,full,no
e628ffc4-d29d-4dcd-8270-4617109ac914,ae467b13-6d06-4b14-8553-6f1276d3acc6,4,10,full,no
e628ffc4-d29d-4dcd-8270-4617109ac914,ae467b13-6d06-4b14-8553-6f1276d3acc6,5,10,full,no
e628ffc4-d29d-4dcd-8270-4617109ac914,ae467b13-6d06-4b14-8553-6f1276d3acc6,6,10,full,no
e628ffc4-d29d-4dcd-8270-4617109ac914,ae467b13-6d06-4b14-8553-6f1276d3acc6,7,10,full,no
e628ffc4-d29d-4dcd-8270-4617109ac914,ae467b13-6d06-4b14-8553-6f1276d3acc6,8,10,full,no
e628ffc4-d29d-4dcd-8270-4617109ac914,ae467b13-6d06-4b14-8553-6f1276d3acc6,9,10,full,no
e628ffc4-d29d-4dcd-8270-4617109ac914,39c39f47-c73d-4d2a-9751-a63ea8e105c4,0,10,10,no
e628ffc4-d29d-4dcd-8270-4617109ac914,39c39f47-c73d-4d2a-9751-a63ea8e105c4,1,10,10,no
e628ffc4-d29d-4dcd-8270-4617109ac914,39c39f47-c73d-4d2a-9751-a63ea8e105c4,2,10,10,no
e628ffc4-d29d-4dcd-8270-4617109ac914,39c39f47-c73d-4d2a-9751-a63ea8e105c4,3,10,10,no
e628ffc4-d29d-4dcd-8270-4617109ac914,39c39f47-c73d-4d2a-9751-a63ea8e105c4,4,10,10,no
e628ffc4-d29d-4dcd-8270-4617109ac914,39c39f47-c73d-4d2a-9751-a63ea8e105c4,5,10,10,no
e628ffc4-d29d-4dcd-8270-4617109ac914,39c39f47-c73d-4d2a-9751-a63ea8e105c4,6,10,10,no
e628ffc4-d29d-4dcd-8270-4617109ac914,39c39f47-c73d-4d2a-9751-a63ea8e105c4,7,10,10,no
e628ffc4-d29d-4dcd-8270-4617109ac914,39c39f47-c73d-4d2a-9751-a63ea8e105c4,8,10,10,no
e628ffc4-d29d-4dcd-8270-4617109ac914,39c39f47-c73d-4d2a-9751-a63ea8e105c4,9,10,10,no
e628ffc4-d29d-4dcd-8270-4617109ac914,39c39f47-c73d-4d2a-9751-a63ea8e105c4,0,10,50,no
e628ffc4-d29d-4dcd-8270-4617109ac914,39c39f47-c73d-4d2a-9751-a63ea8e105c4,1,10,50,no
e628ffc4-d29d-4dcd-8270-4617109ac914,39c39f47-c73d-4d2a-9751-a63ea8e105c4,2,10,50,no
e628ffc4-d29d-4dcd-8270-4617109ac914,39c39f47-c73d-4d2a-9751-a63ea8e105c4,3,10,50,no
e628ffc4-d29d-4dcd-8270-4617109ac914,39c39f47-c73d-4d2a-9751-a63ea8e105c4,4,10,50,no
e628ffc4-d29d-4dcd-8270-4617109ac914,39c39f47-c73d-4d2a-9751-a63ea8e105c4,5,10,50,no
e628ffc4-d29d-4dcd-8270-4617109ac914,39c39f47-c73d-4d2a-9751-a63ea8e105c4,6,10,50,no
e628ffc4-d29d-4dcd-8270-4617109ac914,39c39f47-c73d-4d2a-9751-a63ea8e105c4,7,10,50,no
e628ffc4-d29d-4dcd-8270-4617109ac914,39c39f47-c73d-4d2a-9751-a63ea8e105c4,8,10,50,no
e628ffc4-d29d-4dcd-8270-4617109ac914,39c39f47-c73d-4d2a-9751-a63ea8e105c4,9,10,50,no
e628ffc4-d29d-4dcd-8270-4617109ac914,39c39f47-c73d-4d2a-9751-a63ea8e105c4,0,10,100,no
e628ffc4-d29d-4dcd-8270-4617109ac914,39c39f47-c73d-4d2a-9751-a63ea8e105c4,1,10,100,no
e628ffc4-d29d-4dcd-8270-4617109ac914,39c39f47-c73d-4d2a-9751-a63ea8e105c4,2,10,100,no
e628ffc4-d29d-4dcd-8270-4617109ac914,39c39f47-c73d-4d2a-9751-a63ea8e105c4,3,10,100,no
e628ffc4-d29d-4dcd-8270-4617109ac914,39c39f47-c73d-4d2a-9751-a63ea8e105c4,4,10,100,no
e628ffc4-d29d-4dcd-8270-4617109ac914,39c39f47-c73d-4d2a-9751-a63ea8e105c4,5,10,100,no
e628ffc4-d29d-4dcd-8270-4617109ac914,39c39f47-c73d-4d2a-9751-a63ea8e105c4,6,10,100,no
e628ffc4-d29d-4dcd-8270-4617109ac914,39c39f47-c73d-4d2a-9751-a63ea8e105c4,7,10,100,no
e628ffc4-d29d-4dcd-8270-4617109ac914,39c39f47-c73d-4d2a-9751-a63ea8e105c4,8,10,100,no
e628ffc4-d29d-4dcd-8270-4617109ac914,39c39f47-c73d-4d2a-9751-a63ea8e105c4,9,10,100,no
e628ffc4-d29d-4dcd-8270-4617109ac914,39c39f47-c73d-4d2a-9751-a63ea8e105c4,0,10,full,no
e628ffc4-d29d-4dcd-8270-4617109ac914,39c39f47-c73d-4d2a-9751-a63ea8e105c4,1,10,full,no
e628ffc4-d29d-4dcd-8270-4617109ac914,39c39f47-c73d-4d2a-9751-a63ea8e105c4,2,10,full,no
e628ffc4-d29d-4dcd-8270-4617109ac914,39c39f47-c73d-4d2a-9751-a63ea8e105c4,3,10,full,no
e628ffc4-d29d-4dcd-8270-4617109ac914,39c39f47-c73d-4d2a-9751-a63ea8e105c4,4,10,full,no
e628ffc4-d29d-4dcd-8270-4617109ac914,39c39f47-c73d-4d2a-9751-a63ea8e105c4,5,10,full,no
e628ffc4-d29d-4dcd-8270-4617109ac914,39c39f47-c73d-4d2a-9751-a63ea8e105c4,6,10,full,no
e628ffc4-d29d-4dcd-8270-4617109ac914,39c39f47-c73d-4d2a-9751-a63ea8e105c4,7,10,full,no
e628ffc4-d29d-4dcd-8270-4617109ac914,39c39f47-c73d-4d2a-9751-a63ea8e105c4,8,10,full,no
e628ffc4-d29d-4dcd-8270-4617109ac914,39c39f47-c73d-4d2a-9751-a63ea8e105c4,9,10,full,no
37f79e12-592e-4bdd-818b-1b68bb73280f,90dcd4ed-2387-43a4-9bcb-25d676c8ed0e,0,10,10,no
37f79e12-592e-4bdd-818b-1b68bb73280f,90dcd4ed-2387-43a4-9bcb-25d676c8ed0e,1,10,10,no
37f79e12-592e-4bdd-818b-1b68bb73280f,90dcd4ed-2387-43a4-9bcb-25d676c8ed0e,2,10,10,no
37f79e12-592e-4bdd-818b-1b68bb73280f,90dcd4ed-2387-43a4-9bcb-25d676c8ed0e,3,10,10,no
37f79e12-592e-4bdd-818b-1b68bb73280f,90dcd4ed-2387-43a4-9bcb-25d676c8ed0e,4,10,10,no
37f79e12-592e-4bdd-818b-1b68bb73280f,90dcd4ed-2387-43a4-9bcb-25d676c8ed0e,5,10,10,no
37f79e12-592e-4bdd-818b-1b68bb73280f,90dcd4ed-2387-43a4-9bcb-25d676c8ed0e,6,10,10,no
37f79e12-592e-4bdd-818b-1b68bb73280f,90dcd4ed-2387-43a4-9bcb-25d676c8ed0e,7,10,10,no
37f79e12-592e-4bdd-818b-1b68bb73280f,90dcd4ed-2387-43a4-9bcb-25d676c8ed0e,8,10,10,no
37f79e12-592e-4bdd-818b-1b68bb73280f,90dcd4ed-2387-43a4-9bcb-25d676c8ed0e,9,10,10,no
37f79e12-592e-4bdd-818b-1b68bb73280f,90dcd4ed-2387-43a4-9bcb-25d676c8ed0e,0,10,50,no
37f79e12-592e-4bdd-818b-1b68bb73280f,90dcd4ed-2387-43a4-9bcb-25d676c8ed0e,1,10,50,no
37f79e12-592e-4bdd-818b-1b68bb73280f,90dcd4ed-2387-43a4-9bcb-25d676c8ed0e,2,10,50,no
37f79e12-592e-4bdd-818b-1b68bb73280f,90dcd4ed-2387-43a4-9bcb-25d676c8ed0e,3,10,50,no
37f79e12-592e-4bdd-818b-1b68bb73280f,90dcd4ed-2387-43a4-9bcb-25d676c8ed0e,4,10,50,no
37f79e12-592e-4bdd-818b-1b68bb73280f,90dcd4ed-2387-43a4-9bcb-25d676c8ed0e,5,10,50,no
37f79e12-592e-4bdd-818b-1b68bb73280f,90dcd4ed-2387-43a4-9bcb-25d676c8ed0e,6,10,50,no
37f79e12-592e-4bdd-818b-1b68bb73280f,90dcd4ed-2387-43a4-9bcb-25d676c8ed0e,7,10,50,no
37f79e12-592e-4bdd-818b-1b68bb73280f,90dcd4ed-2387-43a4-9bcb-25d676c8ed0e,8,10,50,no
37f79e12-592e-4bdd-818b-1b68bb73280f,90dcd4ed-2387-43a4-9bcb-25d676c8ed0e,9,10,50,no
37f79e12-592e-4bdd-818b-1b68bb73280f,90dcd4ed-2387-43a4-9bcb-25d676c8ed0e,0,10,100,no
37f79e12-592e-4bdd-818b-1b68bb73280f,90dcd4ed-2387-43a4-9bcb-25d676c8ed0e,1,10,100,no
37f79e12-592e-4bdd-818b-1b68bb73280f,90dcd4ed-2387-43a4-9bcb-25d676c8ed0e,2,10,100,no
37f79e12-592e-4bdd-818b-1b68bb73280f,90dcd4ed-2387-43a4-9bcb-25d676c8ed0e,3,10,100,no
37f79e12-592e-4bdd-818b-1b68bb73280f,90dcd4ed-2387-43a4-9bcb-25d676c8ed0e,4,10,100,no
37f79e12-592e-4bdd-818b-1b68bb73280f,90dcd4ed-2387-43a4-9bcb-25d676c8ed0e,5,10,100,no
37f79e12-592e-4bdd-818b-1b68bb73280f,90dcd4ed-2387-43a4-9bcb-25d676c8ed0e,6,10,100,no
37f79e12-592e-4bdd-818b-1b68bb73280f,90dcd4ed-2387-43a4-9bcb-25d676c8ed0e,7,10,100,no
37f79e12-592e-4bdd-818b-1b68bb73280f,90dcd4ed-2387-43a4-9bcb-25d676c8ed0e,8,10,100,no
37f79e12-592e-4bdd-818b-1b68bb73280f,90dcd4ed-2387-43a4-9bcb-25d676c8ed0e,9,10,100,no
37f79e12-592e-4bdd-818b-1b68bb73280f,90dcd4ed-2387-43a4-9bcb-25d676c8ed0e,0,10,full,no
37f79e12-592e-4bdd-818b-1b68bb73280f,90dcd4ed-2387-43a4-9bcb-25d676c8ed0e,1,10,full,no
37f79e12-592e-4bdd-818b-1b68bb73280f,90dcd4ed-2387-43a4-9bcb-25d676c8ed0e,2,10,full,no
37f79e12-592e-4bdd-818b-1b68bb73280f,90dcd4ed-2387-43a4-9bcb-25d676c8ed0e,3,10,full,no
37f79e12-592e-4bdd-818b-1b68bb73280f,90dcd4ed-2387-43a4-9bcb-25d676c8ed0e,4,10,full,no
37f79e12-592e-4bdd-818b-1b68bb73280f,90dcd4ed-2387-43a4-9bcb-25d676c8ed0e,5,10,full,no
37f79e12-592e-4bdd-818b-1b68bb73280f,90dcd4ed-2387-43a4-9bcb-25d676c8ed0e,6,10,full,no
37f79e12-592e-4bdd-818b-1b68bb73280f,90dcd4ed-2387-43a4-9bcb-25d676c8ed0e,7,10,full,no
37f79e12-592e-4bdd-818b-1b68bb73280f,90dcd4ed-2387-43a4-9bcb-25d676c8ed0e,8,10,full,no
37f79e12-592e-4bdd-818b-1b68bb73280f,90dcd4ed-2387-43a4-9bcb-25d676c8ed0e,9,10,full,no
37f79e12-592e-4bdd-818b-1b68bb73280f,d0ab0afb-6737-4be4-9dd7-cdf2fdc7027b,0,10,10,no
37f79e12-592e-4bdd-818b-1b68bb73280f,d0ab0afb-6737-4be4-9dd7-cdf2fdc7027b,1,10,10,no
37f79e12-592e-4bdd-818b-1b68bb73280f,d0ab0afb-6737-4be4-9dd7-cdf2fdc7027b,2,10,10,no
37f79e12-592e-4bdd-818b-1b68bb73280f,d0ab0afb-6737-4be4-9dd7-cdf2fdc7027b,3,10,10,no
37f79e12-592e-4bdd-818b-1b68bb73280f,d0ab0afb-6737-4be4-9dd7-cdf2fdc7027b,4,10,10,no
37f79e12-592e-4bdd-818b-1b68bb73280f,d0ab0afb-6737-4be4-9dd7-cdf2fdc7027b,5,10,10,no
37f79e12-592e-4bdd-818b-1b68bb73280f,d0ab0afb-6737-4be4-9dd7-cdf2fdc7027b,6,10,10,no
37f79e12-592e-4bdd-818b-1b68bb73280f,d0ab0afb-6737-4be4-9dd7-cdf2fdc7027b,7,10,10,no
37f79e12-592e-4bdd-818b-1b68bb73280f,d0ab0afb-6737-4be4-9dd7-cdf2fdc7027b,8,10,10,no
37f79e12-592e-4bdd-818b-1b68bb73280f,d0ab0afb-6737-4be4-9dd7-cdf2fdc7027b,9,10,10,no
37f79e12-592e-4bdd-818b-1b68bb73280f,d0ab0afb-6737-4be4-9dd7-cdf2fdc7027b,0,10,50,no
37f79e12-592e-4bdd-818b-1b68bb73280f,d0ab0afb-6737-4be4-9dd7-cdf2fdc7027b,1,10,50,no
37f79e12-592e-4bdd-818b-1b68bb73280f,d0ab0afb-6737-4be4-9dd7-cdf2fdc7027b,2,10,50,no
37f79e12-592e-4bdd-818b-1b68bb73280f,d0ab0afb-6737-4be4-9dd7-cdf2fdc7027b,3,10,50,no
37f79e12-592e-4bdd-818b-1b68bb73280f,d0ab0afb-6737-4be4-9dd7-cdf2fdc7027b,4,10,50,no
37f79e12-592e-4bdd-818b-1b68bb73280f,d0ab0afb-6737-4be4-9dd7-cdf2fdc7027b,5,10,50,no
37f79e12-592e-4bdd-818b-1b68bb73280f,d0ab0afb-6737-4be4-9dd7-cdf2fdc7027b,6,10,50,no
37f79e12-592e-4bdd-818b-1b68bb73280f,d0ab0afb-6737-4be4-9dd7-cdf2fdc7027b,7,10,50,no
37f79e12-592e-4bdd-818b-1b68bb73280f,d0ab0afb-6737-4be4-9dd7-cdf2fdc7027b,8,10,50,no
37f79e12-592e-4bdd-818b-1b68bb73280f,d0ab0afb-6737-4be4-9dd7-cdf2fdc7027b,9,10,50,no
37f79e12-592e-4bdd-818b-1b68bb73280f,d0ab0afb-6737-4be4-9dd7-cdf2fdc7027b,0,10,100,no
37f79e12-592e-4bdd-818b-1b68bb73280f,d0ab0afb-6737-4be4-9dd7-cdf2fdc7027b,1,10,100,no
37f79e12-592e-4bdd-818b-1b68bb73280f,d0ab0afb-6737-4be4-9dd7-cdf2fdc7027b,2,10,100,no
37f79e12-592e-4bdd-818b-1b68bb73280f,d0ab0afb-6737-4be4-9dd7-cdf2fdc7027b,3,10,100,no
37f79e12-592e-4bdd-818b-1b68bb73280f,d0ab0afb-6737-4be4-9dd7-cdf2fdc7027b,4,10,100,no
37f79e12-592e-4bdd-818b-1b68bb73280f,d0ab0afb-6737-4be4-9dd7-cdf2fdc7027b,5,10,100,no
37f79e12-592e-4bdd-818b-1b68bb73280f,d0ab0afb-6737-4be4-9dd7-cdf2fdc7027b,6,10,100,no
37f79e12-592e-4bdd-818b-1b68bb73280f,d0ab0afb-6737-4be4-9dd7-cdf2fdc7027b,7,10,100,no
37f79e12-592e-4bdd-818b-1b68bb73280f,d0ab0afb-6737-4be4-9dd7-cdf2fdc7027b,8,10,100,no
37f79e12-592e-4bdd-818b-1b68bb73280f,d0ab0afb-6737-4be4-9dd7-cdf2fdc7027b,9,10,100,no
37f79e12-592e-4bdd-818b-1b68bb73280f,d0ab0afb-6737-4be4-9dd7-cdf2fdc7027b,0,10,full,no
37f79e12-592e-4bdd-818b-1b68bb73280f,d0ab0afb-6737-4be4-9dd7-cdf2fdc7027b,1,10,full,no
37f79e12-592e-4bdd-818b-1b68bb73280f,d0ab0afb-6737-4be4-9dd7-cdf2fdc7027b,2,10,full,no
37f79e12-592e-4bdd-818b-1b68bb73280f,d0ab0afb-6737-4be4-9dd7-cdf2fdc7027b,3,10,full,no
37f79e12-592e-4bdd-818b-1b68bb73280f,d0ab0afb-6737-4be4-9dd7-cdf2fdc7027b,4,10,full,no
37f79e12-592e-4bdd-818b-1b68bb73280f,d0ab0afb-6737-4be4-9dd7-cdf2fdc7027b,5,10,full,no
37f79e12-592e-4bdd-818b-1b68bb73280f,d0ab0afb-6737-4be4-9dd7-cdf2fdc7027b,6,10,full,no
37f79e12-592e-4bdd-818b-1b68bb73280f,d0ab0afb-6737-4be4-9dd7-cdf2fdc7027b,7,10,full,no
37f79e12-592e-4bdd-818b-1b68bb73280f,d0ab0afb-6737-4be4-9dd7-cdf2fdc7027b,8,10,full,no
37f79e12-592e-4bdd-818b-1b68bb73280f,d0ab0afb-6737-4be4-9dd7-cdf2fdc7027b,9,10,full,no
b2810b80-01cf-447a-bbdf-da65226d6f55,19e0ce5e-afea-43e8-86c6-2626302371c0,0,10,10,no
b2810b80-01cf-447a-bbdf-da65226d6f55,19e0ce5e-afea-43e8-86c6-2626302371c0,1,10,10,no
b2810b80-01cf-447a-bbdf-da65226d6f55,19e0ce5e-afea-43e8-86c6-2626302371c0,2,10,10,no
b2810b80-01cf-447a-bbdf-da65226d6f55,19e0ce5e-afea-43e8-86c6-2626302371c0,3,10,10,no
b2810b80-01cf-447a-bbdf-da65226d6f55,19e0ce5e-afea-43e8-86c6-2626302371c0,4,10,10,no
b2810b80-01cf-447a-bbdf-da65226d6f55,19e0ce5e-afea-43e8-86c6-2626302371c0,5,10,10,no
b2810b80-01cf-447a-bbdf-da65226d6f55,19e0ce5e-afea-43e8-86c6-2626302371c0,6,10,10,no
b2810b80-01cf-447a-bbdf-da65226d6f55,19e0ce5e-afea-43e8-86c6-2626302371c0,0,10,50,no
b2810b80-01cf-447a-bbdf-da65226d6f55,19e0ce5e-afea-43e8-86c6-2626302371c0,1,10,50,no
b2810b80-01cf-447a-bbdf-da65226d6f55,19e0ce5e-afea-43e8-86c6-2626302371c0,2,10,50,no
b2810b80-01cf-447a-bbdf-da65226d6f55,19e0ce5e-afea-43e8-86c6-2626302371c0,3,10,50,no
b2810b80-01cf-447a-bbdf-da65226d6f55,19e0ce5e-afea-43e8-86c6-2626302371c0,4,10,50,no
b2810b80-01cf-447a-bbdf-da65226d6f55,19e0ce5e-afea-43e8-86c6-2626302371c0,5,10,50,no
b2810b80-01cf-447a-bbdf-da65226d6f55,19e0ce5e-afea-43e8-86c6-2626302371c0,6,10,50,no
b2810b80-01cf-447a-bbdf-da65226d6f55,19e0ce5e-afea-43e8-86c6-2626302371c0,0,10,100,no
b2810b80-01cf-447a-bbdf-da65226d6f55,19e0ce5e-afea-43e8-86c6-2626302371c0,1,10,100,no
b2810b80-01cf-447a-bbdf-da65226d6f55,19e0ce5e-afea-43e8-86c6-2626302371c0,2,10,100,no
b2810b80-01cf-447a-bbdf-da65226d6f55,19e0ce5e-afea-43e8-86c6-2626302371c0,3,10,100,no
b2810b80-01cf-447a-bbdf-da65226d6f55,19e0ce5e-afea-43e8-86c6-2626302371c0,4,10,100,no
b2810b80-01cf-447a-bbdf-da65226d6f55,19e0ce5e-afea-43e8-86c6-2626302371c0,5,10,100,no
b2810b80-01cf-447a-bbdf-da65226d6f55,19e0ce5e-afea-43e8-86c6-2626302371c0,6,10,100,no
b2810b80-01cf-447a-bbdf-da65226d6f55,19e0ce5e-afea-43e8-86c6-2626302371c0,0,10,full,no
b2810b80-01cf-447a-bbdf-da65226d6f55,19e0ce5e-afea-43e8-86c6-2626302371c0,1,10,full,no
b2810b80-01cf-447a-bbdf-da65226d6f55,19e0ce5e-afea-43e8-86c6-2626302371c0,2,10,full,no
b2810b80-01cf-447a-bbdf-da65226d6f55,19e0ce5e-afea-43e8-86c6-2626302371c0,3,10,full,no
b2810b80-01cf-447a-bbdf-da65226d6f55,19e0ce5e-afea-43e8-86c6-2626302371c0,4,10,full,no
b2810b80-01cf-447a-bbdf-da65226d6f55,19e0ce5e-afea-43e8-86c6-2626302371c0,5,10,full,no
b2810b80-01cf-447a-bbdf-da65226d6f55,19e0ce5e-afea-43e8-86c6-2626302371c0,6,10,full,no
b2810b80-01cf-447a-bbdf-da65226d6f55,681fbd29-b6f8-4324-aadc-58cde4703b07,2,10,10,no
b2810b80-01cf-447a-bbdf-da65226d6f55,681fbd29-b6f8-4324-aadc-58cde4703b07,3,10,10,no
b2810b80-01cf-447a-bbdf-da65226d6f55,681fbd29-b6f8-4324-aadc-58cde4703b07,4,10,10,no
b2810b80-01cf-447a-bbdf-da65226d6f55,681fbd29-b6f8-4324-aadc-58cde4703b07,5,10,10,no
b2810b80-01cf-447a-bbdf-da65226d6f55,681fbd29-b6f8-4324-aadc-58cde4703b07,6,10,10,no
b2810b80-01cf-447a-bbdf-da65226d6f55,681fbd29-b6f8-4324-aadc-58cde4703b07,7,10,10,no
b2810b80-01cf-447a-bbdf-da65226d6f55,681fbd29-b6f8-4324-aadc-58cde4703b07,8,10,10,no
b2810b80-01cf-447a-bbdf-da65226d6f55,681fbd29-b6f8-4324-aadc-58cde4703b07,2,10,50,no
b2810b80-01cf-447a-bbdf-da65226d6f55,681fbd29-b6f8-4324-aadc-58cde4703b07,3,10,50,no
b2810b80-01cf-447a-bbdf-da65226d6f55,681fbd29-b6f8-4324-aadc-58cde4703b07,4,10,50,no
b2810b80-01cf-447a-bbdf-da65226d6f55,681fbd29-b6f8-4324-aadc-58cde4703b07,5,10,50,no
b2810b80-01cf-447a-bbdf-da65226d6f55,681fbd29-b6f8-4324-aadc-58cde4703b07,6,10,50,no
b2810b80-01cf-447a-bbdf-da65226d6f55,681fbd29-b6f8-4324-aadc-58cde4703b07,7,10,50,no
b2810b80-01cf-447a-bbdf-da65226d6f55,681fbd29-b6f8-4324-aadc-58cde4703b07,8,10,50,no
b2810b80-01cf-447a-bbdf-da65226d6f55,681fbd29-b6f8-4324-aadc-58cde4703b07,2,10,100,no
b2810b80-01cf-447a-bbdf-da65226d6f55,681fbd29-b6f8-4324-aadc-58cde4703b07,3,10,100,no
b2810b80-01cf-447a-bbdf-da65226d6f55,681fbd29-b6f8-4324-aadc-58cde4703b07,4,10,100,no
b2810b80-01cf-447a-bbdf-da65226d6f55,681fbd29-b6f8-4324-aadc-58cde4703b07,5,10,100,no
b2810b80-01cf-447a-bbdf-da65226d6f55,681fbd29-b6f8-4324-aadc-58cde4703b07,6,10,100,no
b2810b80-01cf-447a-bbdf-da65226d6f55,681fbd29-b6f8-4324-aadc-58cde4703b07,7,10,100,no
b2810b80-01cf-447a-bbdf-da65226d6f55,681fbd29-b6f8-4324-aadc-58cde4703b07,8,10,100,no
b2810b80-01cf-447a-bbdf-da65226d6f55,681fbd29-b6f8-4324-aadc-58cde4703b07,2,10,full,no
b2810b80-01cf-447a-bbdf-da65226d6f55,681fbd29-b6f8-4324-aadc-58cde4703b07,3,10,full,no
b2810b80-01cf-447a-bbdf-da65226d6f55,681fbd29-b6f8-4324-aadc-58cde4703b07,4,10,full,no
b2810b80-01cf-447a-bbdf-da65226d6f55,681fbd29-b6f8-4324-aadc-58cde4703b07,5,10,full,no
b2810b80-01cf-447a-bbdf-da65226d6f55,681fbd29-b6f8-4324-aadc-58cde4703b07,6,10,full,no
b2810b80-01cf-447a-bbdf-da65226d6f55,681fbd29-b6f8-4324-aadc-58cde4703b07,7,10,full,no
b2810b80-01cf-447a-bbdf-da65226d6f55,681fbd29-b6f8-4324-aadc-58cde4703b07,8,10,full,no
b6e26c12-eebf-413d-b190-f8d1e5402c13,eca3a3be-aa12-4de0-96dc-8036c011cf50,0,10,10,no
b6e26c12-eebf-413d-b190-f8d1e5402c13,eca3a3be-aa12-4de0-96dc-8036c011cf50,1,10,10,no
b6e26c12-eebf-413d-b190-f8d1e5402c13,eca3a3be-aa12-4de0-96dc-8036c011cf50,2,10,10,no
b6e26c12-eebf-413d-b190-f8d1e5402c13,eca3a3be-aa12-4de0-96dc-8036c011cf50,3,10,10,no
b6e26c12-eebf-413d-b190-f8d1e5402c13,eca3a3be-aa12-4de0-96dc-8036c011cf50,4,10,10,no
b6e26c12-eebf-413d-b190-f8d1e5402c13,eca3a3be-aa12-4de0-96dc-8036c011cf50,5,10,10,no
b6e26c12-eebf-413d-b190-f8d1e5402c13,eca3a3be-aa12-4de0-96dc-8036c011cf50,6,10,10,no
b6e26c12-eebf-413d-b190-f8d1e5402c13,eca3a3be-aa12-4de0-96dc-8036c011cf50,7,10,10,no
b6e26c12-eebf-413d-b190-f8d1e5402c13,eca3a3be-aa12-4de0-96dc-8036c011cf50,8,10,10,no
b6e26c12-eebf-413d-b190-f8d1e5402c13,eca3a3be-aa12-4de0-96dc-8036c011cf50,9,10,10,no
b6e26c12-eebf-413d-b190-f8d1e5402c13,eca3a3be-aa12-4de0-96dc-8036c011cf50,0,10,50,no
b6e26c12-eebf-413d-b190-f8d1e5402c13,eca3a3be-aa12-4de0-96dc-8036c011cf50,1,10,50,no
b6e26c12-eebf-413d-b190-f8d1e5402c13,eca3a3be-aa12-4de0-96dc-8036c011cf50,2,10,50,no
b6e26c12-eebf-413d-b190-f8d1e5402c13,eca3a3be-aa12-4de0-96dc-8036c011cf50,3,10,50,no
b6e26c12-eebf-413d-b190-f8d1e5402c13,eca3a3be-aa12-4de0-96dc-8036c011cf50,4,10,50,no
b6e26c12-eebf-413d-b190-f8d1e5402c13,eca3a3be-aa12-4de0-96dc-8036c011cf50,5,10,50,no
b6e26c12-eebf-413d-b190-f8d1e5402c13,eca3a3be-aa12-4de0-96dc-8036c011cf50,6,10,50,no
b6e26c12-eebf-413d-b190-f8d1e5402c13,eca3a3be-aa12-4de0-96dc-8036c011cf50,7,10,50,no
b6e26c12-eebf-413d-b190-f8d1e5402c13,eca3a3be-aa12-4de0-96dc-8036c011cf50,8,10,50,no
b6e26c12-eebf-413d-b190-f8d1e5402c13,eca3a3be-aa12-4de0-96dc-8036c011cf50,9,10,50,no
b6e26c12-eebf-413d-b190-f8d1e5402c13,eca3a3be-aa12-4de0-96dc-8036c011cf50,0,10,100,no
b6e26c12-eebf-413d-b190-f8d1e5402c13,eca3a3be-aa12-4de0-96dc-8036c011cf50,1,10,100,no
b6e26c12-eebf-413d-b190-f8d1e5402c13,eca3a3be-aa12-4de0-96dc-8036c011cf50,2,10,100,no
b6e26c12-eebf-413d-b190-f8d1e5402c13,eca3a3be-aa12-4de0-96dc-8036c011cf50,3,10,100,no
b6e26c12-eebf-413d-b190-f8d1e5402c13,eca3a3be-aa12-4de0-96dc-8036c011cf50,4,10,100,no
b6e26c12-eebf-413d-b190-f8d1e5402c13,eca3a3be-aa12-4de0-96dc-8036c011cf50,5,10,100,no
b6e26c12-eebf-413d-b190-f8d1e5402c13,eca3a3be-aa12-4de0-96dc-8036c011cf50,6,10,100,no
b6e26c12-eebf-413d-b190-f8d1e5402c13,eca3a3be-aa12-4de0-96dc-8036c011cf50,7,10,100,no
b6e26c12-eebf-413d-b190-f8d1e5402c13,eca3a3be-aa12-4de0-96dc-8036c011cf50,8,10,100,yes
b6e26c12-eebf-413d-b190-f8d1e5402c13,eca3a3be-aa12-4de0-96dc-8036c011cf50,9,10,100,no
b6e26c12-eebf-413d-b190-f8d1e5402c13,eca3a3be-aa12-4de0-96dc-8036c011cf50,0,10,full,no
b6e26c12-eebf-413d-b190-f8d1e5402c13,eca3a3be-aa12-4de0-96dc-8036c011cf50,1,10,full,no
b6e26c12-eebf-413d-b190-f8d1e5402c13,eca3a3be-aa12-4de0-96dc-8036c011cf50,2,10,full,no
b6e26c12-eebf-413d-b190-f8d1e5402c13,eca3a3be-aa12-4de0-96dc-8036c011cf50,3,10,full,no
b6e26c12-eebf-413d-b190-f8d1e5402c13,eca3a3be-aa12-4de0-96dc-8036c011cf50,4,10,full,no
b6e26c12-eebf-413d-b190-f8d1e5402c13,eca3a3be-aa12-4de0-96dc-8036c011cf50,5,10,full,no
b6e26c12-eebf-413d-b190-f8d1e5402c13,eca3a3be-aa12-4de0-96dc-8036c011cf50,6,10,full,no
b6e26c12-eebf-413d-b190-f8d1e5402c13,eca3a3be-aa12-4de0-96dc-8036c011cf50,7,10,full,no
b6e26c12-eebf-413d-b190-f8d1e5402c13,eca3a3be-aa12-4de0-96dc-8036c011cf50,8,10,full,yes
b6e26c12-eebf-413d-b190-f8d1e5402c13,eca3a3be-aa12-4de0-96dc-8036c011cf50,9,10,full,no
b6e26c12-eebf-413d-b190-f8d1e5402c13,91054405-330d-4f3d-b648-b8ee64527891,0,10,10,no
b6e26c12-eebf-413d-b190-f8d1e5402c13,91054405-330d-4f3d-b648-b8ee64527891,1,10,10,no
b6e26c12-eebf-413d-b190-f8d1e5402c13,91054405-330d-4f3d-b648-b8ee64527891,2,10,10,no
b6e26c12-eebf-413d-b190-f8d1e5402c13,91054405-330d-4f3d-b648-b8ee64527891,3,10,10,no
b6e26c12-eebf-413d-b190-f8d1e5402c13,91054405-330d-4f3d-b648-b8ee64527891,4,10,10,no
b6e26c12-eebf-413d-b190-f8d1e5402c13,91054405-330d-4f3d-b648-b8ee64527891,5,10,10,no
b6e26c12-eebf-413d-b190-f8d1e5402c13,91054405-330d-4f3d-b648-b8ee64527891,6,10,10,no
b6e26c12-eebf-413d-b190-f8d1e5402c13,91054405-330d-4f3d-b648-b8ee64527891,7,10,10,no
b6e26c12-eebf-413d-b190-f8d1e5402c13,91054405-330d-4f3d-b648-b8ee64527891,8,10,10,no
b6e26c12-eebf-413d-b190-f8d1e5402c13,91054405-330d-4f3d-b648-b8ee64527891,9,10,10,no
b6e26c12-eebf-413d-b190-f8d1e5402c13,91054405-330d-4f3d-b648-b8ee64527891,0,10,50,no
b6e26c12-eebf-413d-b190-f8d1e5402c13,91054405-330d-4f3d-b648-b8ee64527891,1,10,50,no
b6e26c12-eebf-413d-b190-f8d1e5402c13,91054405-330d-4f3d-b648-b8ee64527891,2,10,50,no
b6e26c12-eebf-413d-b190-f8d1e5402c13,91054405-330d-4f3d-b648-b8ee64527891,3,10,50,no
b6e26c12-eebf-413d-b190-f8d1e5402c13,91054405-330d-4f3d-b648-b8ee64527891,4,10,50,no
b6e26c12-eebf-413d-b190-f8d1e5402c13,91054405-330d-4f3d-b648-b8ee64527891,5,10,50,no
b6e26c12-eebf-413d-b190-f8d1e5402c13,91054405-330d-4f3d-b648-b8ee64527891,6,10,50,no
b6e26c12-eebf-413d-b190-f8d1e5402c13,91054405-330d-4f3d-b648-b8ee64527891,7,10,50,no
b6e26c12-eebf-413d-b190-f8d1e5402c13,91054405-330d-4f3d-b648-b8ee64527891,8,10,50,no
b6e26c12-eebf-413d-b190-f8d1e5402c13,91054405-330d-4f3d-b648-b8ee64527891,9,10,50,no
b6e26c12-eebf-413d-b190-f8d1e5402c13,91054405-330d-4f3d-b648-b8ee64527891,0,10,100,no
b6e26c12-eebf-413d-b190-f8d1e5402c13,91054405-330d-4f3d-b648-b8ee64527891,1,10,100,no
b6e26c12-eebf-413d-b190-f8d1e5402c13,91054405-330d-4f3d-b648-b8ee64527891,2,10,100,no
b6e26c12-eebf-413d-b190-f8d1e5402c13,91054405-330d-4f3d-b648-b8ee64527891,3,10,100,no
b6e26c12-eebf-413d-b190-f8d1e5402c13,91054405-330d-4f3d-b648-b8ee64527891,4,10,100,no
b6e26c12-eebf-413d-b190-f8d1e5402c13,91054405-330d-4f3d-b648-b8ee64527891,5,10,100,no
b6e26c12-eebf-413d-b190-f8d1e5402c13,91054405-330d-4f3d-b648-b8ee64527891,6,10,100,no
b6e26c12-eebf-413d-b190-f8d1e5402c13,91054405-330d-4f3d-b648-b8ee64527891,7,10,100,no
b6e26c12-eebf-413d-b190-f8d1e5402c13,91054405-330d-4f3d-b648-b8ee64527891,8,10,100,no
b6e26c12-eebf-413d-b190-f8d1e5402c13,91054405-330d-4f3d-b648-b8ee64527891,9,10,100,no
b6e26c12-eebf-413d-b190-f8d1e5402c13,91054405-330d-4f3d-b648-b8ee64527891,0,10,full,no
b6e26c12-eebf-413d-b190-f8d1e5402c13,91054405-330d-4f3d-b648-b8ee64527891,1,10,full,no
b6e26c12-eebf-413d-b190-f8d1e5402c13,91054405-330d-4f3d-b648-b8ee64527891,2,10,full,no
b6e26c12-eebf-413d-b190-f8d1e5402c13,91054405-330d-4f3d-b648-b8ee64527891,3,10,full,no
b6e26c12-eebf-413d-b190-f8d1e5402c13,91054405-330d-4f3d-b648-b8ee64527891,4,10,full,no
b6e26c12-eebf-413d-b190-f8d1e5402c13,91054405-330d-4f3d-b648-b8ee64527891,5,10,full,no
b6e26c12-eebf-413d-b190-f8d1e5402c13,91054405-330d-4f3d-b648-b8ee64527891,6,10,full,no
b6e26c12-eebf-413d-b190-f8d1e5402c13,91054405-330d-4f3d-b648-b8ee64527891,7,10,full,no
b6e26c12-eebf-413d-b190-f8d1e5402c13,91054405-330d-4f3d-b648-b8ee64527891,8,10,full,no
b6e26c12-eebf-413d-b190-f8d1e5402c13,91054405-330d-4f3d-b648-b8ee64527891,9,10,full,no
5b7c9c8d-6819-4b49-a091-b10155a10ed8,03b9a246-32ef-4d0e-951c-418ecf2850ed,0,10,10,no
5b7c9c8d-6819-4b49-a091-b10155a10ed8,03b9a246-32ef-4d0e-951c-418ecf2850ed,1,10,10,no
5b7c9c8d-6819-4b49-a091-b10155a10ed8,03b9a246-32ef-4d0e-951c-418ecf2850ed,2,10,10,no
5b7c9c8d-6819-4b49-a091-b10155a10ed8,03b9a246-32ef-4d0e-951c-418ecf2850ed,3,10,10,no
5b7c9c8d-6819-4b49-a091-b10155a10ed8,03b9a246-32ef-4d0e-951c-418ecf2850ed,4,10,10,no
5b7c9c8d-6819-4b49-a091-b10155a10ed8,03b9a246-32ef-4d0e-951c-418ecf2850ed,5,10,10,no
5b7c9c8d-6819-4b49-a091-b10155a10ed8,03b9a246-32ef-4d0e-951c-418ecf2850ed,6,10,10,no
5b7c9c8d-6819-4b49-a091-b10155a10ed8,03b9a246-32ef-4d0e-951c-418ecf2850ed,7,10,10,yes
5b7c9c8d-6819-4b49-a091-b10155a10ed8,03b9a246-32ef-4d0e-951c-418ecf2850ed,8,10,10,no
5b7c9c8d-6819-4b49-a091-b10155a10ed8,03b9a246-32ef-4d0e-951c-418ecf2850ed,9,10,10,yes
5b7c9c8d-6819-4b49-a091-b10155a10ed8,03b9a246-32ef-4d0e-951c-418ecf2850ed,0,10,50,no
5b7c9c8d-6819-4b49-a091-b10155a10ed8,03b9a246-32ef-4d0e-951c-418ecf2850ed,1,10,50,no
5b7c9c8d-6819-4b49-a091-b10155a10ed8,03b9a246-32ef-4d0e-951c-418ecf2850ed,2,10,50,no
5b7c9c8d-6819-4b49-a091-b10155a10ed8,03b9a246-32ef-4d0e-951c-418ecf2850ed,3,10,50,no
5b7c9c8d-6819-4b49-a091-b10155a10ed8,03b9a246-32ef-4d0e-951c-418ecf2850ed,4,10,50,no
5b7c9c8d-6819-4b49-a091-b10155a10ed8,03b9a246-32ef-4d0e-951c-418ecf2850ed,5,10,50,no
5b7c9c8d-6819-4b49-a091-b10155a10ed8,03b9a246-32ef-4d0e-951c-418ecf2850ed,6,10,50,no
5b7c9c8d-6819-4b49-a091-b10155a10ed8,03b9a246-32ef-4d0e-951c-418ecf2850ed,7,10,50,no
5b7c9c8d-6819-4b49-a091-b10155a10ed8,03b9a246-32ef-4d0e-951c-418ecf2850ed,8,10,50,no
5b7c9c8d-6819-4b49-a091-b10155a10ed8,03b9a246-32ef-4d0e-951c-418ecf2850ed,9,10,50,no
5b7c9c8d-6819-4b49-a091-b10155a10ed8,03b9a246-32ef-4d0e-951c-418ecf2850ed,0,10,100,yes
5b7c9c8d-6819-4b49-a091-b10155a10ed8,03b9a246-32ef-4d0e-951c-418ecf2850ed,1,10,100,no
5b7c9c8d-6819-4b49-a091-b10155a10ed8,03b9a246-32ef-4d0e-951c-418ecf2850ed,2,10,100,yes
5b7c9c8d-6819-4b49-a091-b10155a10ed8,03b9a246-32ef-4d0e-951c-418ecf2850ed,3,10,100,no
5b7c9c8d-6819-4b49-a091-b10155a10ed8,03b9a246-32ef-4d0e-951c-418ecf2850ed,4,10,100,no
5b7c9c8d-6819-4b49-a091-b10155a10ed8,03b9a246-32ef-4d0e-951c-418ecf2850ed,5,10,100,yes
5b7c9c8d-6819-4b49-a091-b10155a10ed8,03b9a246-32ef-4d0e-951c-418ecf2850ed,6,10,100,no
5b7c9c8d-6819-4b49-a091-b10155a10ed8,03b9a246-32ef-4d0e-951c-418ecf2850ed,7,10,100,no
5b7c9c8d-6819-4b49-a091-b10155a10ed8,03b9a246-32ef-4d0e-951c-418ecf2850ed,8,10,100,no
5b7c9c8d-6819-4b49-a091-b10155a10ed8,03b9a246-32ef-4d0e-951c-418ecf2850ed,9,10,100,no
5b7c9c8d-6819-4b49-a091-b10155a10ed8,03b9a246-32ef-4d0e-951c-418ecf2850ed,0,10,full,yes
5b7c9c8d-6819-4b49-a091-b10155a10ed8,03b9a246-32ef-4d0e-951c-418ecf2850ed,1,10,full,no
5b7c9c8d-6819-4b49-a091-b10155a10ed8,03b9a246-32ef-4d0e-951c-418ecf2850ed,2,10,full,yes
5b7c9c8d-6819-4b49-a091-b10155a10ed8,03b9a246-32ef-4d0e-951c-418ecf2850ed,3,10,full,no
5b7c9c8d-6819-4b49-a091-b10155a10ed8,03b9a246-32ef-4d0e-951c-418ecf2850ed,4,10,full,no
5b7c9c8d-6819-4b49-a091-b10155a10ed8,03b9a246-32ef-4d0e-951c-418ecf2850ed,5,10,full,yes
5b7c9c8d-6819-4b49-a091-b10155a10ed8,03b9a246-32ef-4d0e-951c-418ecf2850ed,6,10,full,no
5b7c9c8d-6819-4b49-a091-b10155a10ed8,03b9a246-32ef-4d0e-951c-418ecf2850ed,7,10,full,no
5b7c9c8d-6819-4b49-a091-b10155a10ed8,03b9a246-32ef-4d0e-951c-418ecf2850ed,8,10,full,no
5b7c9c8d-6819-4b49-a091-b10155a10ed8,03b9a246-32ef-4d0e-951c-418ecf2850ed,9,10,full,no
5b7c9c8d-6819-4b49-a091-b10155a10ed8,6436bbc6-8cb3-455b-9fc5-b0e7a932c08f,0,10,10,no
5b7c9c8d-6819-4b49-a091-b10155a10ed8,6436bbc6-8cb3-455b-9fc5-b0e7a932c08f,1,10,10,no
5b7c9c8d-6819-4b49-a091-b10155a10ed8,6436bbc6-8cb3-455b-9fc5-b0e7a932c08f,2,10,10,no
5b7c9c8d-6819-4b49-a091-b10155a10ed8,6436bbc6-8cb3-455b-9fc5-b0e7a932c08f,3,10,10,no
5b7c9c8d-6819-4b49-a091-b10155a10ed8,6436bbc6-8cb3-455b-9fc5-b0e7a932c08f,4,10,10,yes
5b7c9c8d-6819-4b49-a091-b10155a10ed8,6436bbc6-8cb3-455b-9fc5-b0e7a932c08f,5,10,10,no
5b7c9c8d-6819-4b49-a091-b10155a10ed8,6436bbc6-8cb3-455b-9fc5-b0e7a932c08f,6,10,10,no
5b7c9c8d-6819-4b49-a091-b10155a10ed8,6436bbc6-8cb3-455b-9fc5-b0e7a932c08f,7,10,10,no
5b7c9c8d-6819-4b49-a091-b10155a10ed8,6436bbc6-8cb3-455b-9fc5-b0e7a932c08f,8,10,10,no
5b7c9c8d-6819-4b49-a091-b10155a10ed8,6436bbc6-8cb3-455b-9fc5-b0e7a932c08f,9,10,10,no
5b7c9c8d-6819-4b49-a091-b10155a10ed8,6436bbc6-8cb3-455b-9fc5-b0e7a932c08f,0,10,50,no
5b7c9c8d-6819-4b49-a091-b10155a10ed8,6436bbc6-8cb3-455b-9fc5-b0e7a932c08f,1,10,50,no
5b7c9c8d-6819-4b49-a091-b10155a10ed8,6436bbc6-8cb3-455b-9fc5-b0e7a932c08f,2,10,50,no
5b7c9c8d-6819-4b49-a091-b10155a10ed8,6436bbc6-8cb3-455b-9fc5-b0e7a932c08f,3,10,50,no
5b7c9c8d-6819-4b49-a091-b10155a10ed8,6436bbc6-8cb3-455b-9fc5-b0e7a932c08f,4,10,50,no
5b7c9c8d-6819-4b49-a091-b10155a10ed8,6436bbc6-8cb3-455b-9fc5-b0e7a932c08f,5,10,50,no
5b7c9c8d-6819-4b49-a091-b10155a10ed8,6436bbc6-8cb3-455b-9fc5-b0e7a932c08f,6,10,50,no
5b7c9c8d-6819-4b49-a091-b10155a10ed8,6436bbc6-8cb3-455b-9fc5-b0e7a932c08f,7,10,50,no
5b7c9c8d-6819-4b49-a091-b10155a10ed8,6436bbc6-8cb3-455b-9fc5-b0e7a932c08f,8,10,50,no
5b7c9c8d-6819-4b49-a091-b10155a10ed8,6436bbc6-8cb3-455b-9fc5-b0e7a932c08f,9,10,50,no
5b7c9c8d-6819-4b49-a091-b10155a10ed8,6436bbc6-8cb3-455b-9fc5-b0e7a932c08f,0,10,100,no
5b7c9c8d-6819-4b49-a091-b10155a10ed8,6436bbc6-8cb3-455b-9fc5-b0e7a932c08f,1,10,100,yes
5b7c9c8d-6819-4b49-a091-b10155a10ed8,6436bbc6-8cb3-455b-9fc5-b0e7a932c08f,2,10,100,no
5b7c9c8d-6819-4b49-a091-b10155a10ed8,6436bbc6-8cb3-455b-9fc5-b0e7a932c08f,3,10,100,no
5b7c9c8d-6819-4b49-a091-b10155a10ed8,6436bbc6-8cb3-455b-9fc5-b0e7a932c08f,4,10,100,no
5b7c9c8d-6819-4b49-a091-b10155a10ed8,6436bbc6-8cb3-455b-9fc5-b0e7a932c08f,5,10,100,no
5b7c9c8d-6819-4b49-a091-b10155a10ed8,6436bbc6-8cb3-455b-9fc5-b0e7a932c08f,6,10,100,no
5b7c9c8d-6819-4b49-a091-b10155a10ed8,6436bbc6-8cb3-455b-9fc5-b0e7a932c08f,7,10,100,no
5b7c9c8d-6819-4b49-a091-b10155a10ed8,6436bbc6-8cb3-455b-9fc5-b0e7a932c08f,8,10,100,no
5b7c9c8d-6819-4b49-a091-b10155a10ed8,6436bbc6-8cb3-455b-9fc5-b0e7a932c08f,9,10,100,no
5b7c9c8d-6819-4b49-a091-b10155a10ed8,6436bbc6-8cb3-455b-9fc5-b0e7a932c08f,0,10,full,no
5b7c9c8d-6819-4b49-a091-b10155a10ed8,6436bbc6-8cb3-455b-9fc5-b0e7a932c08f,1,10,full,yes
5b7c9c8d-6819-4b49-a091-b10155a10ed8,6436bbc6-8cb3-455b-9fc5-b0e7a932c08f,2,10,full,no
5b7c9c8d-6819-4b49-a091-b10155a10ed8,6436bbc6-8cb3-455b-9fc5-b0e7a932c08f,3,10,full,no
5b7c9c8d-6819-4b49-a091-b10155a10ed8,6436bbc6-8cb3-455b-9fc5-b0e7a932c08f,4,10,full,no
5b7c9c8d-6819-4b49-a091-b10155a10ed8,6436bbc6-8cb3-455b-9fc5-b0e7a932c08f,5,10,full,no
5b7c9c8d-6819-4b49-a091-b10155a10ed8,6436bbc6-8cb3-455b-9fc5-b0e7a932c08f,6,10,full,no
5b7c9c8d-6819-4b49-a091-b10155a10ed8,6436bbc6-8cb3-455b-9fc5-b0e7a932c08f,7,10,full,no
5b7c9c8d-6819-4b49-a091-b10155a10ed8,6436bbc6-8cb3-455b-9fc5-b0e7a932c08f,8,10,full,no
5b7c9c8d-6819-4b49-a091-b10155a10ed8,6436bbc6-8cb3-455b-9fc5-b0e7a932c08f,9,10,full,no
64ef3cc4-215c-43cb-b89a-b87dfd78a047,4083e653-1fcc-40c4-8a71-9f9a12d0287c,0,10,10,no
64ef3cc4-215c-43cb-b89a-b87dfd78a047,4083e653-1fcc-40c4-8a71-9f9a12d0287c,1,10,10,no
64ef3cc4-215c-43cb-b89a-b87dfd78a047,4083e653-1fcc-40c4-8a71-9f9a12d0287c,2,10,10,no
64ef3cc4-215c-43cb-b89a-b87dfd78a047,4083e653-1fcc-40c4-8a71-9f9a12d0287c,3,10,10,no
64ef3cc4-215c-43cb-b89a-b87dfd78a047,4083e653-1fcc-40c4-8a71-9f9a12d0287c,4,10,10,no
64ef3cc4-215c-43cb-b89a-b87dfd78a047,4083e653-1fcc-40c4-8a71-9f9a12d0287c,5,10,10,no
64ef3cc4-215c-43cb-b89a-b87dfd78a047,4083e653-1fcc-40c4-8a71-9f9a12d0287c,6,10,10,no
64ef3cc4-215c-43cb-b89a-b87dfd78a047,4083e653-1fcc-40c4-8a71-9f9a12d0287c,7,10,10,no
64ef3cc4-215c-43cb-b89a-b87dfd78a047,4083e653-1fcc-40c4-8a71-9f9a12d0287c,8,10,10,no
64ef3cc4-215c-43cb-b89a-b87dfd78a047,4083e653-1fcc-40c4-8a71-9f9a12d0287c,9,10,10,no
64ef3cc4-215c-43cb-b89a-b87dfd78a047,4083e653-1fcc-40c4-8a71-9f9a12d0287c,0,10,50,no
64ef3cc4-215c-43cb-b89a-b87dfd78a047,4083e653-1fcc-40c4-8a71-9f9a12d0287c,1,10,50,no
64ef3cc4-215c-43cb-b89a-b87dfd78a047,4083e653-1fcc-40c4-8a71-9f9a12d0287c,2,10,50,no
64ef3cc4-215c-43cb-b89a-b87dfd78a047,4083e653-1fcc-40c4-8a71-9f9a12d0287c,3,10,50,no
64ef3cc4-215c-43cb-b89a-b87dfd78a047,4083e653-1fcc-40c4-8a71-9f9a12d0287c,4,10,50,no
64ef3cc4-215c-43cb-b89a-b87dfd78a047,4083e653-1fcc-40c4-8a71-9f9a12d0287c,5,10,50,no
64ef3cc4-215c-43cb-b89a-b87dfd78a047,4083e653-1fcc-40c4-8a71-9f9a12d0287c,6,10,50,no
64ef3cc4-215c-43cb-b89a-b87dfd78a047,4083e653-1fcc-40c4-8a71-9f9a12d0287c,7,10,50,no
64ef3cc4-215c-43cb-b89a-b87dfd78a047,4083e653-1fcc-40c4-8a71-9f9a12d0287c,8,10,50,no
64ef3cc4-215c-43cb-b89a-b87dfd78a047,4083e653-1fcc-40c4-8a71-9f9a12d0287c,9,10,50,no
64ef3cc4-215c-43cb-b89a-b87dfd78a047,4083e653-1fcc-40c4-8a71-9f9a12d0287c,0,10,100,yes
64ef3cc4-215c-43cb-b89a-b87dfd78a047,4083e653-1fcc-40c4-8a71-9f9a12d0287c,1,10,100,yes
64ef3cc4-215c-43cb-b89a-b87dfd78a047,4083e653-1fcc-40c4-8a71-9f9a12d0287c,2,10,100,yes
64ef3cc4-215c-43cb-b89a-b87dfd78a047,4083e653-1fcc-40c4-8a71-9f9a12d0287c,3,10,100,yes
64ef3cc4-215c-43cb-b89a-b87dfd78a047,4083e653-1fcc-40c4-8a71-9f9a12d0287c,4,10,100,yes
64ef3cc4-215c-43cb-b89a-b87dfd78a047,4083e653-1fcc-40c4-8a71-9f9a12d0287c,5,10,100,yes
64ef3cc4-215c-43cb-b89a-b87dfd78a047,4083e653-1fcc-40c4-8a71-9f9a12d0287c,6,10,100,yes
64ef3cc4-215c-43cb-b89a-b87dfd78a047,4083e653-1fcc-40c4-8a71-9f9a12d0287c,7,10,100,yes
64ef3cc4-215c-43cb-b89a-b87dfd78a047,4083e653-1fcc-40c4-8a71-9f9a12d0287c,8,10,100,no
64ef3cc4-215c-43cb-b89a-b87dfd78a047,4083e653-1fcc-40c4-8a71-9f9a12d0287c,9,10,100,yes
64ef3cc4-215c-43cb-b89a-b87dfd78a047,4083e653-1fcc-40c4-8a71-9f9a12d0287c,0,10,full,yes
64ef3cc4-215c-43cb-b89a-b87dfd78a047,4083e653-1fcc-40c4-8a71-9f9a12d0287c,1,10,full,yes
64ef3cc4-215c-43cb-b89a-b87dfd78a047,4083e653-1fcc-40c4-8a71-9f9a12d0287c,2,10,full,yes
64ef3cc4-215c-43cb-b89a-b87dfd78a047,4083e653-1fcc-40c4-8a71-9f9a12d0287c,3,10,full,yes
64ef3cc4-215c-43cb-b89a-b87dfd78a047,4083e653-1fcc-40c4-8a71-9f9a12d0287c,4,10,full,yes
64ef3cc4-215c-43cb-b89a-b87dfd78a047,4083e653-1fcc-40c4-8a71-9f9a12d0287c,5,10,full,yes
64ef3cc4-215c-43cb-b89a-b87dfd78a047,4083e653-1fcc-40c4-8a71-9f9a12d0287c,6,10,full,yes
64ef3cc4-215c-43cb-b89a-b87dfd78a047,4083e653-1fcc-40c4-8a71-9f9a12d0287c,7,10,full,yes
64ef3cc4-215c-43cb-b89a-b87dfd78a047,4083e653-1fcc-40c4-8a71-9f9a12d0287c,8,10,full,yes
64ef3cc4-215c-43cb-b89a-b87dfd78a047,4083e653-1fcc-40c4-8a71-9f9a12d0287c,9,10,full,yes
64ef3cc4-215c-43cb-b89a-b87dfd78a047,16c29ef3-f51c-4c8b-a726-32e0bd8de72e,0,10,10,no
64ef3cc4-215c-43cb-b89a-b87dfd78a047,16c29ef3-f51c-4c8b-a726-32e0bd8de72e,1,10,10,no
64ef3cc4-215c-43cb-b89a-b87dfd78a047,16c29ef3-f51c-4c8b-a726-32e0bd8de72e,2,10,10,no
64ef3cc4-215c-43cb-b89a-b87dfd78a047,16c29ef3-f51c-4c8b-a726-32e0bd8de72e,3,10,10,no
64ef3cc4-215c-43cb-b89a-b87dfd78a047,16c29ef3-f51c-4c8b-a726-32e0bd8de72e,4,10,10,no
64ef3cc4-215c-43cb-b89a-b87dfd78a047,16c29ef3-f51c-4c8b-a726-32e0bd8de72e,5,10,10,no
64ef3cc4-215c-43cb-b89a-b87dfd78a047,16c29ef3-f51c-4c8b-a726-32e0bd8de72e,6,10,10,no
64ef3cc4-215c-43cb-b89a-b87dfd78a047,16c29ef3-f51c-4c8b-a726-32e0bd8de72e,7,10,10,no
64ef3cc4-215c-43cb-b89a-b87dfd78a047,16c29ef3-f51c-4c8b-a726-32e0bd8de72e,8,10,10,no
64ef3cc4-215c-43cb-b89a-b87dfd78a047,16c29ef3-f51c-4c8b-a726-32e0bd8de72e,9,10,10,no
64ef3cc4-215c-43cb-b89a-b87dfd78a047,16c29ef3-f51c-4c8b-a726-32e0bd8de72e,0,10,50,no
64ef3cc4-215c-43cb-b89a-b87dfd78a047,16c29ef3-f51c-4c8b-a726-32e0bd8de72e,1,10,50,no
64ef3cc4-215c-43cb-b89a-b87dfd78a047,16c29ef3-f51c-4c8b-a726-32e0bd8de72e,2,10,50,no
64ef3cc4-215c-43cb-b89a-b87dfd78a047,16c29ef3-f51c-4c8b-a726-32e0bd8de72e,3,10,50,no
64ef3cc4-215c-43cb-b89a-b87dfd78a047,16c29ef3-f51c-4c8b-a726-32e0bd8de72e,4,10,50,no
64ef3cc4-215c-43cb-b89a-b87dfd78a047,16c29ef3-f51c-4c8b-a726-32e0bd8de72e,5,10,50,no
64ef3cc4-215c-43cb-b89a-b87dfd78a047,16c29ef3-f51c-4c8b-a726-32e0bd8de72e,6,10,50,no
64ef3cc4-215c-43cb-b89a-b87dfd78a047,16c29ef3-f51c-4c8b-a726-32e0bd8de72e,7,10,50,no
64ef3cc4-215c-43cb-b89a-b87dfd78a047,16c29ef3-f51c-4c8b-a726-32e0bd8de72e,8,10,50,no
64ef3cc4-215c-43cb-b89a-b87dfd78a047,16c29ef3-f51c-4c8b-a726-32e0bd8de72e,9,10,50,no
64ef3cc4-215c-43cb-b89a-b87dfd78a047,16c29ef3-f51c-4c8b-a726-32e0bd8de72e,0,10,100,no
64ef3cc4-215c-43cb-b89a-b87dfd78a047,16c29ef3-f51c-4c8b-a726-32e0bd8de72e,1,10,100,no
64ef3cc4-215c-43cb-b89a-b87dfd78a047,16c29ef3-f51c-4c8b-a726-32e0bd8de72e,2,10,100,no
64ef3cc4-215c-43cb-b89a-b87dfd78a047,16c29ef3-f51c-4c8b-a726-32e0bd8de72e,3,10,100,yes
64ef3cc4-215c-43cb-b89a-b87dfd78a047,16c29ef3-f51c-4c8b-a726-32e0bd8de72e,4,10,100,no
64ef3cc4-215c-43cb-b89a-b87dfd78a047,16c29ef3-f51c-4c8b-a726-32e0bd8de72e,5,10,100,no
64ef3cc4-215c-43cb-b89a-b87dfd78a047,16c29ef3-f51c-4c8b-a726-32e0bd8de72e,6,10,100,yes
64ef3cc4-215c-43cb-b89a-b87dfd78a047,16c29ef3-f51c-4c8b-a726-32e0bd8de72e,7,10,100,yes
64ef3cc4-215c-43cb-b89a-b87dfd78a047,16c29ef3-f51c-4c8b-a726-32e0bd8de72e,8,10,100,yes
64ef3cc4-215c-43cb-b89a-b87dfd78a047,16c29ef3-f51c-4c8b-a726-32e0bd8de72e,9,10,100,yes
64ef3cc4-215c-43cb-b89a-b87dfd78a047,16c29ef3-f51c-4c8b-a726-32e0bd8de72e,0,10,full,yes
64ef3cc4-215c-43cb-b89a-b87dfd78a047,16c29ef3-f51c-4c8b-a726-32e0bd8de72e,1,10,full,no
64ef3cc4-215c-43cb-b89a-b87dfd78a047,16c29ef3-f51c-4c8b-a726-32e0bd8de72e,2,10,full,no
64ef3cc4-215c-43cb-b89a-b87dfd78a047,16c29ef3-f51c-4c8b-a726-32e0bd8de72e,3,10,full,yes
64ef3cc4-215c-43cb-b89a-b87dfd78a047,16c29ef3-f51c-4c8b-a726-32e0bd8de72e,4,10,full,no
64ef3cc4-215c-43cb-b89a-b87dfd78a047,16c29ef3-f51c-4c8b-a726-32e0bd8de72e,5,10,full,yes
64ef3cc4-215c-43cb-b89a-b87dfd78a047,16c29ef3-f51c-4c8b-a726-32e0bd8de72e,6,10,full,yes
64ef3cc4-215c-43cb-b89a-b87dfd78a047,16c29ef3-f51c-4c8b-a726-32e0bd8de72e,7,10,full,yes
64ef3cc4-215c-43cb-b89a-b87dfd78a047,16c29ef3-f51c-4c8b-a726-32e0bd8de72e,8,10,full,yes
64ef3cc4-215c-43cb-b89a-b87dfd78a047,16c29ef3-f51c-4c8b-a726-32e0bd8de72e,9,10,full,yes
6cdcf5d0-a6db-4be1-b758-5789b32b4237,21623201-f500-42af-8b23-7e03c641176e,0,10,10,no
6cdcf5d0-a6db-4be1-b758-5789b32b4237,21623201-f500-42af-8b23-7e03c641176e,1,10,10,no
6cdcf5d0-a6db-4be1-b758-5789b32b4237,21623201-f500-42af-8b23-7e03c641176e,2,10,10,no
6cdcf5d0-a6db-4be1-b758-5789b32b4237,21623201-f500-42af-8b23-7e03c641176e,3,10,10,no
6cdcf5d0-a6db-4be1-b758-5789b32b4237,21623201-f500-42af-8b23-7e03c641176e,4,10,10,no
6cdcf5d0-a6db-4be1-b758-5789b32b4237,21623201-f500-42af-8b23-7e03c641176e,5,10,10,no
6cdcf5d0-a6db-4be1-b758-5789b32b4237,21623201-f500-42af-8b23-7e03c641176e,6,10,10,no
6cdcf5d0-a6db-4be1-b758-5789b32b4237,21623201-f500-42af-8b23-7e03c641176e,7,10,10,no
6cdcf5d0-a6db-4be1-b758-5789b32b4237,21623201-f500-42af-8b23-7e03c641176e,8,10,10,no
6cdcf5d0-a6db-4be1-b758-5789b32b4237,21623201-f500-42af-8b23-7e03c641176e,9,10,10,no
6cdcf5d0-a6db-4be1-b758-5789b32b4237,21623201-f500-42af-8b23-7e03c641176e,0,10,50,no
6cdcf5d0-a6db-4be1-b758-5789b32b4237,21623201-f500-42af-8b23-7e03c641176e,1,10,50,no
6cdcf5d0-a6db-4be1-b758-5789b32b4237,21623201-f500-42af-8b23-7e03c641176e,2,10,50,no
6cdcf5d0-a6db-4be1-b758-5789b32b4237,21623201-f500-42af-8b23-7e03c641176e,3,10,50,no
6cdcf5d0-a6db-4be1-b758-5789b32b4237,21623201-f500-42af-8b23-7e03c641176e,4,10,50,no
6cdcf5d0-a6db-4be1-b758-5789b32b4237,21623201-f500-42af-8b23-7e03c641176e,5,10,50,no
6cdcf5d0-a6db-4be1-b758-5789b32b4237,21623201-f500-42af-8b23-7e03c641176e,6,10,50,no
6cdcf5d0-a6db-4be1-b758-5789b32b4237,21623201-f500-42af-8b23-7e03c641176e,7,10,50,no
6cdcf5d0-a6db-4be1-b758-5789b32b4237,21623201-f500-42af-8b23-7e03c641176e,8,10,50,no
6cdcf5d0-a6db-4be1-b758-5789b32b4237,21623201-f500-42af-8b23-7e03c641176e,9,10,50,no
6cdcf5d0-a6db-4be1-b758-5789b32b4237,21623201-f500-42af-8b23-7e03c641176e,0,10,100,no
6cdcf5d0-a6db-4be1-b758-5789b32b4237,21623201-f500-42af-8b23-7e03c641176e,1,10,100,no
6cdcf5d0-a6db-4be1-b758-5789b32b4237,21623201-f500-42af-8b23-7e03c641176e,2,10,100,no
6cdcf5d0-a6db-4be1-b758-5789b32b4237,21623201-f500-42af-8b23-7e03c641176e,3,10,100,no
6cdcf5d0-a6db-4be1-b758-5789b32b4237,21623201-f500-42af-8b23-7e03c641176e,4,10,100,yes
6cdcf5d0-a6db-4be1-b758-5789b32b4237,21623201-f500-42af-8b23-7e03c641176e,5,10,100,yes
6cdcf5d0-a6db-4be1-b758-5789b32b4237,21623201-f500-42af-8b23-7e03c641176e,6,10,100,yes
6cdcf5d0-a6db-4be1-b758-5789b32b4237,21623201-f500-42af-8b23-7e03c641176e,7,10,100,yes
6cdcf5d0-a6db-4be1-b758-5789b32b4237,21623201-f500-42af-8b23-7e03c641176e,8,10,100,yes
6cdcf5d0-a6db-4be1-b758-5789b32b4237,21623201-f500-42af-8b23-7e03c641176e,9,10,100,yes
6cdcf5d0-a6db-4be1-b758-5789b32b4237,21623201-f500-42af-8b23-7e03c641176e,0,10,full,no
6cdcf5d0-a6db-4be1-b758-5789b32b4237,21623201-f500-42af-8b23-7e03c641176e,1,10,full,no
6cdcf5d0-a6db-4be1-b758-5789b32b4237,21623201-f500-42af-8b23-7e03c641176e,2,10,full,no
6cdcf5d0-a6db-4be1-b758-5789b32b4237,21623201-f500-42af-8b23-7e03c641176e,3,10,full,no
6cdcf5d0-a6db-4be1-b758-5789b32b4237,21623201-f500-42af-8b23-7e03c641176e,4,10,full,yes
6cdcf5d0-a6db-4be1-b758-5789b32b4237,21623201-f500-42af-8b23-7e03c641176e,5,10,full,yes
6cdcf5d0-a6db-4be1-b758-5789b32b4237,21623201-f500-42af-8b23-7e03c641176e,6,10,full,yes
6cdcf5d0-a6db-4be1-b758-5789b32b4237,21623201-f500-42af-8b23-7e03c641176e,7,10,full,yes
6cdcf5d0-a6db-4be1-b758-5789b32b4237,21623201-f500-42af-8b23-7e03c641176e,8,10,full,yes
6cdcf5d0-a6db-4be1-b758-5789b32b4237,21623201-f500-42af-8b23-7e03c641176e,9,10,full,yes
6cdcf5d0-a6db-4be1-b758-5789b32b4237,4b1335a8-ea18-4722-976c-eb6d5b59109b,0,10,10,no
6cdcf5d0-a6db-4be1-b758-5789b32b4237,4b1335a8-ea18-4722-976c-eb6d5b59109b,1,10,10,no
6cdcf5d0-a6db-4be1-b758-5789b32b4237,4b1335a8-ea18-4722-976c-eb6d5b59109b,2,10,10,no
6cdcf5d0-a6db-4be1-b758-5789b32b4237,4b1335a8-ea18-4722-976c-eb6d5b59109b,3,10,10,no
6cdcf5d0-a6db-4be1-b758-5789b32b4237,4b1335a8-ea18-4722-976c-eb6d5b59109b,4,10,10,no
6cdcf5d0-a6db-4be1-b758-5789b32b4237,4b1335a8-ea18-4722-976c-eb6d5b59109b,5,10,10,no
6cdcf5d0-a6db-4be1-b758-5789b32b4237,4b1335a8-ea18-4722-976c-eb6d5b59109b,6,10,10,no
6cdcf5d0-a6db-4be1-b758-5789b32b4237,4b1335a8-ea18-4722-976c-eb6d5b59109b,7,10,10,no
6cdcf5d0-a6db-4be1-b758-5789b32b4237,4b1335a8-ea18-4722-976c-eb6d5b59109b,8,10,10,no
6cdcf5d0-a6db-4be1-b758-5789b32b4237,4b1335a8-ea18-4722-976c-eb6d5b59109b,9,10,10,no
6cdcf5d0-a6db-4be1-b758-5789b32b4237,4b1335a8-ea18-4722-976c-eb6d5b59109b,0,10,50,no
6cdcf5d0-a6db-4be1-b758-5789b32b4237,4b1335a8-ea18-4722-976c-eb6d5b59109b,1,10,50,no
6cdcf5d0-a6db-4be1-b758-5789b32b4237,4b1335a8-ea18-4722-976c-eb6d5b59109b,2,10,50,no
6cdcf5d0-a6db-4be1-b758-5789b32b4237,4b1335a8-ea18-4722-976c-eb6d5b59109b,3,10,50,no
6cdcf5d0-a6db-4be1-b758-5789b32b4237,4b1335a8-ea18-4722-976c-eb6d5b59109b,4,10,50,no
6cdcf5d0-a6db-4be1-b758-5789b32b4237,4b1335a8-ea18-4722-976c-eb6d5b59109b,5,10,50,no
6cdcf5d0-a6db-4be1-b758-5789b32b4237,4b1335a8-ea18-4722-976c-eb6d5b59109b,6,10,50,no
6cdcf5d0-a6db-4be1-b758-5789b32b4237,4b1335a8-ea18-4722-976c-eb6d5b59109b,7,10,50,no
6cdcf5d0-a6db-4be1-b758-5789b32b4237,4b1335a8-ea18-4722-976c-eb6d5b59109b,8,10,50,no
6cdcf5d0-a6db-4be1-b758-5789b32b4237,4b1335a8-ea18-4722-976c-eb6d5b59109b,9,10,50,no
6cdcf5d0-a6db-4be1-b758-5789b32b4237,4b1335a8-ea18-4722-976c-eb6d5b59109b,0,10,100,yes
6cdcf5d0-a6db-4be1-b758-5789b32b4237,4b1335a8-ea18-4722-976c-eb6d5b59109b,1,10,100,yes
6cdcf5d0-a6db-4be1-b758-5789b32b4237,4b1335a8-ea18-4722-976c-eb6d5b59109b,2,10,100,yes
6cdcf5d0-a6db-4be1-b758-5789b32b4237,4b1335a8-ea18-4722-976c-eb6d5b59109b,3,10,100,yes
6cdcf5d0-a6db-4be1-b758-5789b32b4237,4b1335a8-ea18-4722-976c-eb6d5b59109b,4,10,100,yes
6cdcf5d0-a6db-4be1-b758-5789b32b4237,4b1335a8-ea18-4722-976c-eb6d5b59109b,5,10,100,yes
6cdcf5d0-a6db-4be1-b758-5789b32b4237,4b1335a8-ea18-4722-976c-eb6d5b59109b,6,10,100,no
6cdcf5d0-a6db-4be1-b758-5789b32b4237,4b1335a8-ea18-4722-976c-eb6d5b59109b,7,10,100,yes
6cdcf5d0-a6db-4be1-b758-5789b32b4237,4b1335a8-ea18-4722-976c-eb6d5b59109b,8,10,100,yes
6cdcf5d0-a6db-4be1-b758-5789b32b4237,4b1335a8-ea18-4722-976c-eb6d5b59109b,9,10,100,yes
6cdcf5d0-a6db-4be1-b758-5789b32b4237,4b1335a8-ea18-4722-976c-eb6d5b59109b,0,10,full,yes
6cdcf5d0-a6db-4be1-b758-5789b32b4237,4b1335a8-ea18-4722-976c-eb6d5b59109b,1,10,full,yes
6cdcf5d0-a6db-4be1-b758-5789b32b4237,4b1335a8-ea18-4722-976c-eb6d5b59109b,2,10,full,yes
6cdcf5d0-a6db-4be1-b758-5789b32b4237,4b1335a8-ea18-4722-976c-eb6d5b59109b,3,10,full,yes
6cdcf5d0-a6db-4be1-b758-5789b32b4237,4b1335a8-ea18-4722-976c-eb6d5b59109b,4,10,full,yes
6cdcf5d0-a6db-4be1-b758-5789b32b4237,4b1335a8-ea18-4722-976c-eb6d5b59109b,5,10,full,yes
6cdcf5d0-a6db-4be1-b758-5789b32b4237,4b1335a8-ea18-4722-976c-eb6d5b59109b,6,10,full,no
6cdcf5d0-a6db-4be1-b758-5789b32b4237,4b1335a8-ea18-4722-976c-eb6d5b59109b,7,10,full,yes
6cdcf5d0-a6db-4be1-b758-5789b32b4237,4b1335a8-ea18-4722-976c-eb6d5b59109b,8,10,full,yes
6cdcf5d0-a6db-4be1-b758-5789b32b4237,4b1335a8-ea18-4722-976c-eb6d5b59109b,9,10,full,yes
dc100bbf-b6bc-436d-90a4-8d0921e97afb,dc5d74a1-906f-42f1-a978-12830e9f215e,0,10,10,no
dc100bbf-b6bc-436d-90a4-8d0921e97afb,dc5d74a1-906f-42f1-a978-12830e9f215e,1,10,10,no
dc100bbf-b6bc-436d-90a4-8d0921e97afb,dc5d74a1-906f-42f1-a978-12830e9f215e,2,10,10,no
dc100bbf-b6bc-436d-90a4-8d0921e97afb,dc5d74a1-906f-42f1-a978-12830e9f215e,3,10,10,no
dc100bbf-b6bc-436d-90a4-8d0921e97afb,dc5d74a1-906f-42f1-a978-12830e9f215e,4,10,10,no
dc100bbf-b6bc-436d-90a4-8d0921e97afb,dc5d74a1-906f-42f1-a978-12830e9f215e,5,10,10,no
dc100bbf-b6bc-436d-90a4-8d0921e97afb,dc5d74a1-906f-42f1-a978-12830e9f215e,6,10,10,no
dc100bbf-b6bc-436d-90a4-8d0921e97afb,dc5d74a1-906f-42f1-a978-12830e9f215e,7,10,10,no
dc100bbf-b6bc-436d-90a4-8d0921e97afb,dc5d74a1-906f-42f1-a978-12830e9f215e,8,10,10,no
dc100bbf-b6bc-436d-90a4-8d0921e97afb,dc5d74a1-906f-42f1-a978-12830e9f215e,9,10,10,no
dc100bbf-b6bc-436d-90a4-8d0921e97afb,dc5d74a1-906f-42f1-a978-12830e9f215e,0,10,50,no
dc100bbf-b6bc-436d-90a4-8d0921e97afb,dc5d74a1-906f-42f1-a978-12830e9f215e,1,10,50,no
dc100bbf-b6bc-436d-90a4-8d0921e97afb,dc5d74a1-906f-42f1-a978-12830e9f215e,2,10,50,no
dc100bbf-b6bc-436d-90a4-8d0921e97afb,dc5d74a1-906f-42f1-a978-12830e9f215e,3,10,50,no
dc100bbf-b6bc-436d-90a4-8d0921e97afb,dc5d74a1-906f-42f1-a978-12830e9f215e,4,10,50,no
dc100bbf-b6bc-436d-90a4-8d0921e97afb,dc5d74a1-906f-42f1-a978-12830e9f215e,5,10,50,no
dc100bbf-b6bc-436d-90a4-8d0921e97afb,dc5d74a1-906f-42f1-a978-12830e9f215e,6,10,50,no
dc100bbf-b6bc-436d-90a4-8d0921e97afb,dc5d74a1-906f-42f1-a978-12830e9f215e,7,10,50,no
dc100bbf-b6bc-436d-90a4-8d0921e97afb,dc5d74a1-906f-42f1-a978-12830e9f215e,8,10,50,no
dc100bbf-b6bc-436d-90a4-8d0921e97afb,dc5d74a1-906f-42f1-a978-12830e9f215e,9,10,50,no
dc100bbf-b6bc-436d-90a4-8d0921e97afb,dc5d74a1-906f-42f1-a978-12830e9f215e,0,10,100,no
dc100bbf-b6bc-436d-90a4-8d0921e97afb,dc5d74a1-906f-42f1-a978-12830e9f215e,1,10,100,no
dc100bbf-b6bc-436d-90a4-8d0921e97afb,dc5d74a1-906f-42f1-a978-12830e9f215e,2,10,100,no
dc100bbf-b6bc-436d-90a4-8d0921e97afb,dc5d74a1-906f-42f1-a978-12830e9f215e,3,10,100,yes
dc100bbf-b6bc-436d-90a4-8d0921e97afb,dc5d74a1-906f-42f1-a978-12830e9f215e,4,10,100,no
dc100bbf-b6bc-436d-90a4-8d0921e97afb,dc5d74a1-906f-42f1-a978-12830e9f215e,5,10,100,yes
dc100bbf-b6bc-436d-90a4-8d0921e97afb,dc5d74a1-906f-42f1-a978-12830e9f215e,6,10,100,no
dc100bbf-b6bc-436d-90a4-8d0921e97afb,dc5d74a1-906f-42f1-a978-12830e9f215e,7,10,100,yes
dc100bbf-b6bc-436d-90a4-8d0921e97afb,dc5d74a1-906f-42f1-a978-12830e9f215e,8,10,100,no
dc100bbf-b6bc-436d-90a4-8d0921e97afb,dc5d74a1-906f-42f1-a978-12830e9f215e,9,10,100,no
dc100bbf-b6bc-436d-90a4-8d0921e97afb,dc5d74a1-906f-42f1-a978-12830e9f215e,0,10,full,no
dc100bbf-b6bc-436d-90a4-8d0921e97afb,dc5d74a1-906f-42f1-a978-12830e9f215e,1,10,full,no
dc100bbf-b6bc-436d-90a4-8d0921e97afb,dc5d74a1-906f-42f1-a978-12830e9f215e,2,10,full,no
dc100bbf-b6bc-436d-90a4-8d0921e97afb,dc5d74a1-906f-42f1-a978-12830e9f215e,3,10,full,yes
dc100bbf-b6bc-436d-90a4-8d0921e97afb,dc5d74a1-906f-42f1-a978-12830e9f215e,4,10,full,no
dc100bbf-b6bc-436d-90a4-8d0921e97afb,dc5d74a1-906f-42f1-a978-12830e9f215e,5,10,full,yes
dc100bbf-b6bc-436d-90a4-8d0921e97afb,dc5d74a1-906f-42f1-a978-12830e9f215e,6,10,full,no
dc100bbf-b6bc-436d-90a4-8d0921e97afb,dc5d74a1-906f-42f1-a978-12830e9f215e,7,10,full,yes
dc100bbf-b6bc-436d-90a4-8d0921e97afb,dc5d74a1-906f-42f1-a978-12830e9f215e,8,10,full,no
dc100bbf-b6bc-436d-90a4-8d0921e97afb,dc5d74a1-906f-42f1-a978-12830e9f215e,9,10,full,no
dc100bbf-b6bc-436d-90a4-8d0921e97afb,1bfbdcc8-25ec-4989-a764-172d5792eb49,0,10,10,no
dc100bbf-b6bc-436d-90a4-8d0921e97afb,1bfbdcc8-25ec-4989-a764-172d5792eb49,1,10,10,no
dc100bbf-b6bc-436d-90a4-8d0921e97afb,1bfbdcc8-25ec-4989-a764-172d5792eb49,2,10,10,no
dc100bbf-b6bc-436d-90a4-8d0921e97afb,1bfbdcc8-25ec-4989-a764-172d5792eb49,3,10,10,no
dc100bbf-b6bc-436d-90a4-8d0921e97afb,1bfbdcc8-25ec-4989-a764-172d5792eb49,4,10,10,no
dc100bbf-b6bc-436d-90a4-8d0921e97afb,1bfbdcc8-25ec-4989-a764-172d5792eb49,5,10,10,no
dc100bbf-b6bc-436d-90a4-8d0921e97afb,1bfbdcc8-25ec-4989-a764-172d5792eb49,6,10,10,no
dc100bbf-b6bc-436d-90a4-8d0921e97afb,1bfbdcc8-25ec-4989-a764-172d5792eb49,7,10,10,no
dc100bbf-b6bc-436d-90a4-8d0921e97afb,1bfbdcc8-25ec-4989-a764-172d5792eb49,8,10,10,no
dc100bbf-b6bc-436d-90a4-8d0921e97afb,1bfbdcc8-25ec-4989-a764-172d5792eb49,9,10,10,no
dc100bbf-b6bc-436d-90a4-8d0921e97afb,1bfbdcc8-25ec-4989-a764-172d5792eb49,0,10,50,no
dc100bbf-b6bc-436d-90a4-8d0921e97afb,1bfbdcc8-25ec-4989-a764-172d5792eb49,1,10,50,no
dc100bbf-b6bc-436d-90a4-8d0921e97afb,1bfbdcc8-25ec-4989-a764-172d5792eb49,2,10,50,no
dc100bbf-b6bc-436d-90a4-8d0921e97afb,1bfbdcc8-25ec-4989-a764-172d5792eb49,3,10,50,no
dc100bbf-b6bc-436d-90a4-8d0921e97afb,1bfbdcc8-25ec-4989-a764-172d5792eb49,4,10,50,no
dc100bbf-b6bc-436d-90a4-8d0921e97afb,1bfbdcc8-25ec-4989-a764-172d5792eb49,5,10,50,no
dc100bbf-b6bc-436d-90a4-8d0921e97afb,1bfbdcc8-25ec-4989-a764-172d5792eb49,6,10,50,no
dc100bbf-b6bc-436d-90a4-8d0921e97afb,1bfbdcc8-25ec-4989-a764-172d5792eb49,7,10,50,no
dc100bbf-b6bc-436d-90a4-8d0921e97afb,1bfbdcc8-25ec-4989-a764-172d5792eb49,8,10,50,no
dc100bbf-b6bc-436d-90a4-8d0921e97afb,1bfbdcc8-25ec-4989-a764-172d5792eb49,9,10,50,no
dc100bbf-b6bc-436d-90a4-8d0921e97afb,1bfbdcc8-25ec-4989-a764-172d5792eb49,0,10,100,no
dc100bbf-b6bc-436d-90a4-8d0921e97afb,1bfbdcc8-25ec-4989-a764-172d5792eb49,1,10,100,no
dc100bbf-b6bc-436d-90a4-8d0921e97afb,1bfbdcc8-25ec-4989-a764-172d5792eb49,2,10,100,no
dc100bbf-b6bc-436d-90a4-8d0921e97afb,1bfbdcc8-25ec-4989-a764-172d5792eb49,3,10,100,no
dc100bbf-b6bc-436d-90a4-8d0921e97afb,1bfbdcc8-25ec-4989-a764-172d5792eb49,4,10,100,no
dc100bbf-b6bc-436d-90a4-8d0921e97afb,1bfbdcc8-25ec-4989-a764-172d5792eb49,5,10,100,no
dc100bbf-b6bc-436d-90a4-8d0921e97afb,1bfbdcc8-25ec-4989-a764-172d5792eb49,6,10,100,no
dc100bbf-b6bc-436d-90a4-8d0921e97afb,1bfbdcc8-25ec-4989-a764-172d5792eb49,7,10,100,no
dc100bbf-b6bc-436d-90a4-8d0921e97afb,1bfbdcc8-25ec-4989-a764-172d5792eb49,8,10,100,no
dc100bbf-b6bc-436d-90a4-8d0921e97afb,1bfbdcc8-25ec-4989-a764-172d5792eb49,9,10,100,no
dc100bbf-b6bc-436d-90a4-8d0921e97afb,1bfbdcc8-25ec-4989-a764-172d5792eb49,0,10,full,no
dc100bbf-b6bc-436d-90a4-8d0921e97afb,1bfbdcc8-25ec-4989-a764-172d5792eb49,1,10,full,yes
dc100bbf-b6bc-436d-90a4-8d0921e97afb,1bfbdcc8-25ec-4989-a764-172d5792eb49,2,10,full,yes
dc100bbf-b6bc-436d-90a4-8d0921e97afb,1bfbdcc8-25ec-4989-a764-172d5792eb49,3,10,full,no
dc100bbf-b6bc-436d-90a4-8d0921e97afb,1bfbdcc8-25ec-4989-a764-172d5792eb49,4,10,full,no
dc100bbf-b6bc-436d-90a4-8d0921e97afb,1bfbdcc8-25ec-4989-a764-172d5792eb49,5,10,full,no
dc100bbf-b6bc-436d-90a4-8d0921e97afb,1bfbdcc8-25ec-4989-a764-172d5792eb49,6,10,full,no
dc100bbf-b6bc-436d-90a4-8d0921e97afb,1bfbdcc8-25ec-4989-a764-172d5792eb49,7,10,full,no
dc100bbf-b6bc-436d-90a4-8d0921e97afb,1bfbdcc8-25ec-4989-a764-172d5792eb49,8,10,full,no
dc100bbf-b6bc-436d-90a4-8d0921e97afb,1bfbdcc8-25ec-4989-a764-172d5792eb49,9,10,full,no
dc4872b5-7c9d-40f5-8511-b55c6f98475e,db123cc5-2452-4184-8904-dacb535c397f,0,10,10,no
dc4872b5-7c9d-40f5-8511-b55c6f98475e,db123cc5-2452-4184-8904-dacb535c397f,1,10,10,no
dc4872b5-7c9d-40f5-8511-b55c6f98475e,db123cc5-2452-4184-8904-dacb535c397f,2,10,10,no
dc4872b5-7c9d-40f5-8511-b55c6f98475e,db123cc5-2452-4184-8904-dacb535c397f,3,10,10,no
dc4872b5-7c9d-40f5-8511-b55c6f98475e,db123cc5-2452-4184-8904-dacb535c397f,4,10,10,no
dc4872b5-7c9d-40f5-8511-b55c6f98475e,db123cc5-2452-4184-8904-dacb535c397f,5,10,10,no
dc4872b5-7c9d-40f5-8511-b55c6f98475e,db123cc5-2452-4184-8904-dacb535c397f,6,10,10,no
dc4872b5-7c9d-40f5-8511-b55c6f98475e,db123cc5-2452-4184-8904-dacb535c397f,7,10,10,no
dc4872b5-7c9d-40f5-8511-b55c6f98475e,db123cc5-2452-4184-8904-dacb535c397f,8,10,10,no
dc4872b5-7c9d-40f5-8511-b55c6f98475e,db123cc5-2452-4184-8904-dacb535c397f,9,10,10,no
dc4872b5-7c9d-40f5-8511-b55c6f98475e,db123cc5-2452-4184-8904-dacb535c397f,0,10,50,yes
dc4872b5-7c9d-40f5-8511-b55c6f98475e,db123cc5-2452-4184-8904-dacb535c397f,1,10,50,yes
dc4872b5-7c9d-40f5-8511-b55c6f98475e,db123cc5-2452-4184-8904-dacb535c397f,2,10,50,no
dc4872b5-7c9d-40f5-8511-b55c6f98475e,db123cc5-2452-4184-8904-dacb535c397f,3,10,50,yes
dc4872b5-7c9d-40f5-8511-b55c6f98475e,db123cc5-2452-4184-8904-dacb535c397f,4,10,50,yes
dc4872b5-7c9d-40f5-8511-b55c6f98475e,db123cc5-2452-4184-8904-dacb535c397f,5,10,50,no
dc4872b5-7c9d-40f5-8511-b55c6f98475e,db123cc5-2452-4184-8904-dacb535c397f,6,10,50,no
dc4872b5-7c9d-40f5-8511-b55c6f98475e,db123cc5-2452-4184-8904-dacb535c397f,7,10,50,no
dc4872b5-7c9d-40f5-8511-b55c6f98475e,db123cc5-2452-4184-8904-dacb535c397f,8,10,50,no
dc4872b5-7c9d-40f5-8511-b55c6f98475e,db123cc5-2452-4184-8904-dacb535c397f,9,10,50,no
dc4872b5-7c9d-40f5-8511-b55c6f98475e,db123cc5-2452-4184-8904-dacb535c397f,0,10,100,yes
dc4872b5-7c9d-40f5-8511-b55c6f98475e,db123cc5-2452-4184-8904-dacb535c397f,1,10,100,no
dc4872b5-7c9d-40f5-8511-b55c6f98475e,db123cc5-2452-4184-8904-dacb535c397f,2,10,100,yes
dc4872b5-7c9d-40f5-8511-b55c6f98475e,db123cc5-2452-4184-8904-dacb535c397f,3,10,100,yes
dc4872b5-7c9d-40f5-8511-b55c6f98475e,db123cc5-2452-4184-8904-dacb535c397f,4,10,100,no
dc4872b5-7c9d-40f5-8511-b55c6f98475e,db123cc5-2452-4184-8904-dacb535c397f,5,10,100,yes
dc4872b5-7c9d-40f5-8511-b55c6f98475e,db123cc5-2452-4184-8904-dacb535c397f,6,10,100,yes
dc4872b5-7c9d-40f5-8511-b55c6f98475e,db123cc5-2452-4184-8904-dacb535c397f,7,10,100,yes
dc4872b5-7c9d-40f5-8511-b55c6f98475e,db123cc5-2452-4184-8904-dacb535c397f,8,10,100,yes
dc4872b5-7c9d-40f5-8511-b55c6f98475e,db123cc5-2452-4184-8904-dacb535c397f,9,10,100,yes
dc4872b5-7c9d-40f5-8511-b55c6f98475e,db123cc5-2452-4184-8904-dacb535c397f,0,10,full,yes
dc4872b5-7c9d-40f5-8511-b55c6f98475e,db123cc5-2452-4184-8904-dacb535c397f,1,10,full,no
dc4872b5-7c9d-40f5-8511-b55c6f98475e,db123cc5-2452-4184-8904-dacb535c397f,2,10,full,yes
dc4872b5-7c9d-40f5-8511-b55c6f98475e,db123cc5-2452-4184-8904-dacb535c397f,3,10,full,yes
dc4872b5-7c9d-40f5-8511-b55c6f98475e,db123cc5-2452-4184-8904-dacb535c397f,4,10,full,no
dc4872b5-7c9d-40f5-8511-b55c6f98475e,db123cc5-2452-4184-8904-dacb535c397f,5,10,full,yes
dc4872b5-7c9d-40f5-8511-b55c6f98475e,db123cc5-2452-4184-8904-dacb535c397f,6,10,full,yes
dc4872b5-7c9d-40f5-8511-b55c6f98475e,db123cc5-2452-4184-8904-dacb535c397f,7,10,full,yes
dc4872b5-7c9d-40f5-8511-b55c6f98475e,db123cc5-2452-4184-8904-dacb535c397f,8,10,full,yes
dc4872b5-7c9d-40f5-8511-b55c6f98475e,db123cc5-2452-4184-8904-dacb535c397f,9,10,full,yes
dc4872b5-7c9d-40f5-8511-b55c6f98475e,e1800760-4ea8-493d-ae08-d557ae5128df,0,10,10,no
dc4872b5-7c9d-40f5-8511-b55c6f98475e,e1800760-4ea8-493d-ae08-d557ae5128df,1,10,10,no
dc4872b5-7c9d-40f5-8511-b55c6f98475e,e1800760-4ea8-493d-ae08-d557ae5128df,2,10,10,no
dc4872b5-7c9d-40f5-8511-b55c6f98475e,e1800760-4ea8-493d-ae08-d557ae5128df,3,10,10,no
dc4872b5-7c9d-40f5-8511-b55c6f98475e,e1800760-4ea8-493d-ae08-d557ae5128df,4,10,10,no
dc4872b5-7c9d-40f5-8511-b55c6f98475e,e1800760-4ea8-493d-ae08-d557ae5128df,5,10,10,no
dc4872b5-7c9d-40f5-8511-b55c6f98475e,e1800760-4ea8-493d-ae08-d557ae5128df,6,10,10,no
dc4872b5-7c9d-40f5-8511-b55c6f98475e,e1800760-4ea8-493d-ae08-d557ae5128df,7,10,10,no
dc4872b5-7c9d-40f5-8511-b55c6f98475e,e1800760-4ea8-493d-ae08-d557ae5128df,8,10,10,no
dc4872b5-7c9d-40f5-8511-b55c6f98475e,e1800760-4ea8-493d-ae08-d557ae5128df,9,10,10,no
dc4872b5-7c9d-40f5-8511-b55c6f98475e,e1800760-4ea8-493d-ae08-d557ae5128df,0,10,50,no
dc4872b5-7c9d-40f5-8511-b55c6f98475e,e1800760-4ea8-493d-ae08-d557ae5128df,1,10,50,no
dc4872b5-7c9d-40f5-8511-b55c6f98475e,e1800760-4ea8-493d-ae08-d557ae5128df,2,10,50,no
dc4872b5-7c9d-40f5-8511-b55c6f98475e,e1800760-4ea8-493d-ae08-d557ae5128df,3,10,50,no
dc4872b5-7c9d-40f5-8511-b55c6f98475e,e1800760-4ea8-493d-ae08-d557ae5128df,4,10,50,no
dc4872b5-7c9d-40f5-8511-b55c6f98475e,e1800760-4ea8-493d-ae08-d557ae5128df,5,10,50,no
dc4872b5-7c9d-40f5-8511-b55c6f98475e,e1800760-4ea8-493d-ae08-d557ae5128df,6,10,50,no
dc4872b5-7c9d-40f5-8511-b55c6f98475e,e1800760-4ea8-493d-ae08-d557ae5128df,7,10,50,no
dc4872b5-7c9d-40f5-8511-b55c6f98475e,e1800760-4ea8-493d-ae08-d557ae5128df,8,10,50,no
dc4872b5-7c9d-40f5-8511-b55c6f98475e,e1800760-4ea8-493d-ae08-d557ae5128df,9,10,50,no
dc4872b5-7c9d-40f5-8511-b55c6f98475e,e1800760-4ea8-493d-ae08-d557ae5128df,0,10,100,no
dc4872b5-7c9d-40f5-8511-b55c6f98475e,e1800760-4ea8-493d-ae08-d557ae5128df,1,10,100,no
dc4872b5-7c9d-40f5-8511-b55c6f98475e,e1800760-4ea8-493d-ae08-d557ae5128df,2,10,100,no
dc4872b5-7c9d-40f5-8511-b55c6f98475e,e1800760-4ea8-493d-ae08-d557ae5128df,3,10,100,no
dc4872b5-7c9d-40f5-8511-b55c6f98475e,e1800760-4ea8-493d-ae08-d557ae5128df,4,10,100,no
dc4872b5-7c9d-40f5-8511-b55c6f98475e,e1800760-4ea8-493d-ae08-d557ae5128df,5,10,100,no
dc4872b5-7c9d-40f5-8511-b55c6f98475e,e1800760-4ea8-493d-ae08-d557ae5128df,6,10,100,no
dc4872b5-7c9d-40f5-8511-b55c6f98475e,e1800760-4ea8-493d-ae08-d557ae5128df,7,10,100,no
dc4872b5-7c9d-40f5-8511-b55c6f98475e,e1800760-4ea8-493d-ae08-d557ae5128df,8,10,100,no
dc4872b5-7c9d-40f5-8511-b55c6f98475e,e1800760-4ea8-493d-ae08-d557ae5128df,9,10,100,no
dc4872b5-7c9d-40f5-8511-b55c6f98475e,e1800760-4ea8-493d-ae08-d557ae5128df,0,10,full,no
dc4872b5-7c9d-40f5-8511-b55c6f98475e,e1800760-4ea8-493d-ae08-d557ae5128df,1,10,full,no
dc4872b5-7c9d-40f5-8511-b55c6f98475e,e1800760-4ea8-493d-ae08-d557ae5128df,2,10,full,no
dc4872b5-7c9d-40f5-8511-b55c6f98475e,e1800760-4ea8-493d-ae08-d557ae5128df,3,10,full,yes
dc4872b5-7c9d-40f5-8511-b55c6f98475e,e1800760-4ea8-493d-ae08-d557ae5128df,4,10,full,no
dc4872b5-7c9d-40f5-8511-b55c6f98475e,e1800760-4ea8-493d-ae08-d557ae5128df,5,10,full,yes
dc4872b5-7c9d-40f5-8511-b55c6f98475e,e1800760-4ea8-493d-ae08-d557ae5128df,6,10,full,no
dc4872b5-7c9d-40f5-8511-b55c6f98475e,e1800760-4ea8-493d-ae08-d557ae5128df,7,10,full,no
dc4872b5-7c9d-40f5-8511-b55c6f98475e,e1800760-4ea8-493d-ae08-d557ae5128df,8,10,full,no
dc4872b5-7c9d-40f5-8511-b55c6f98475e,e1800760-4ea8-493d-ae08-d557ae5128df,9,10,full,no
0c66d895-471b-4059-a1ff-9a7926ed099e,c40afbb4-0293-491b-b2b4-6cc57abba68b,0,10,10,no
0c66d895-471b-4059-a1ff-9a7926ed099e,c40afbb4-0293-491b-b2b4-6cc57abba68b,1,10,10,no
0c66d895-471b-4059-a1ff-9a7926ed099e,c40afbb4-0293-491b-b2b4-6cc57abba68b,2,10,10,no
0c66d895-471b-4059-a1ff-9a7926ed099e,c40afbb4-0293-491b-b2b4-6cc57abba68b,3,10,10,no
0c66d895-471b-4059-a1ff-9a7926ed099e,c40afbb4-0293-491b-b2b4-6cc57abba68b,4,10,10,no
0c66d895-471b-4059-a1ff-9a7926ed099e,c40afbb4-0293-491b-b2b4-6cc57abba68b,5,10,10,no
0c66d895-471b-4059-a1ff-9a7926ed099e,c40afbb4-0293-491b-b2b4-6cc57abba68b,6,10,10,no
0c66d895-471b-4059-a1ff-9a7926ed099e,c40afbb4-0293-491b-b2b4-6cc57abba68b,7,10,10,no
0c66d895-471b-4059-a1ff-9a7926ed099e,c40afbb4-0293-491b-b2b4-6cc57abba68b,8,10,10,no
0c66d895-471b-4059-a1ff-9a7926ed099e,c40afbb4-0293-491b-b2b4-6cc57abba68b,9,10,10,no
0c66d895-471b-4059-a1ff-9a7926ed099e,c40afbb4-0293-491b-b2b4-6cc57abba68b,0,10,50,yes
0c66d895-471b-4059-a1ff-9a7926ed099e,c40afbb4-0293-491b-b2b4-6cc57abba68b,1,10,50,no
0c66d895-471b-4059-a1ff-9a7926ed099e,c40afbb4-0293-491b-b2b4-6cc57abba68b,2,10,50,yes
0c66d895-471b-4059-a1ff-9a7926ed099e,c40afbb4-0293-491b-b2b4-6cc57abba68b,3,10,50,yes
0c66d895-471b-4059-a1ff-9a7926ed099e,c40afbb4-0293-491b-b2b4-6cc57abba68b,4,10,50,yes
0c66d895-471b-4059-a1ff-9a7926ed099e,c40afbb4-0293-491b-b2b4-6cc57abba68b,5,10,50,no
0c66d895-471b-4059-a1ff-9a7926ed099e,c40afbb4-0293-491b-b2b4-6cc57abba68b,6,10,50,yes
0c66d895-471b-4059-a1ff-9a7926ed099e,c40afbb4-0293-491b-b2b4-6cc57abba68b,7,10,50,yes
0c66d895-471b-4059-a1ff-9a7926ed099e,c40afbb4-0293-491b-b2b4-6cc57abba68b,8,10,50,no
0c66d895-471b-4059-a1ff-9a7926ed099e,c40afbb4-0293-491b-b2b4-6cc57abba68b,9,10,50,no
0c66d895-471b-4059-a1ff-9a7926ed099e,c40afbb4-0293-491b-b2b4-6cc57abba68b,0,10,100,no
0c66d895-471b-4059-a1ff-9a7926ed099e,c40afbb4-0293-491b-b2b4-6cc57abba68b,1,10,100,no
0c66d895-471b-4059-a1ff-9a7926ed099e,c40afbb4-0293-491b-b2b4-6cc57abba68b,2,10,100,yes
0c66d895-471b-4059-a1ff-9a7926ed099e,c40afbb4-0293-491b-b2b4-6cc57abba68b,3,10,100,yes
0c66d895-471b-4059-a1ff-9a7926ed099e,c40afbb4-0293-491b-b2b4-6cc57abba68b,4,10,100,yes
0c66d895-471b-4059-a1ff-9a7926ed099e,c40afbb4-0293-491b-b2b4-6cc57abba68b,5,10,100,yes
0c66d895-471b-4059-a1ff-9a7926ed099e,c40afbb4-0293-491b-b2b4-6cc57abba68b,6,10,100,yes
0c66d895-471b-4059-a1ff-9a7926ed099e,c40afbb4-0293-491b-b2b4-6cc57abba68b,7,10,100,yes
0c66d895-471b-4059-a1ff-9a7926ed099e,c40afbb4-0293-491b-b2b4-6cc57abba68b,8,10,100,no
0c66d895-471b-4059-a1ff-9a7926ed099e,c40afbb4-0293-491b-b2b4-6cc57abba68b,9,10,100,yes
0c66d895-471b-4059-a1ff-9a7926ed099e,c40afbb4-0293-491b-b2b4-6cc57abba68b,0,10,full,no
0c66d895-471b-4059-a1ff-9a7926ed099e,c40afbb4-0293-491b-b2b4-6cc57abba68b,1,10,full,no
0c66d895-471b-4059-a1ff-9a7926ed099e,c40afbb4-0293-491b-b2b4-6cc57abba68b,2,10,full,no
0c66d895-471b-4059-a1ff-9a7926ed099e,c40afbb4-0293-491b-b2b4-6cc57abba68b,3,10,full,yes
0c66d895-471b-4059-a1ff-9a7926ed099e,c40afbb4-0293-491b-b2b4-6cc57abba68b,4,10,full,yes
0c66d895-471b-4059-a1ff-9a7926ed099e,c40afbb4-0293-491b-b2b4-6cc57abba68b,5,10,full,yes
0c66d895-471b-4059-a1ff-9a7926ed099e,c40afbb4-0293-491b-b2b4-6cc57abba68b,6,10,full,yes
0c66d895-471b-4059-a1ff-9a7926ed099e,c40afbb4-0293-491b-b2b4-6cc57abba68b,7,10,full,yes
0c66d895-471b-4059-a1ff-9a7926ed099e,c40afbb4-0293-491b-b2b4-6cc57abba68b,8,10,full,no
0c66d895-471b-4059-a1ff-9a7926ed099e,c40afbb4-0293-491b-b2b4-6cc57abba68b,9,10,full,yes
0c66d895-471b-4059-a1ff-9a7926ed099e,a686db8a-50cc-4775-8295-e79df5e312e3,0,10,10,no
0c66d895-471b-4059-a1ff-9a7926ed099e,a686db8a-50cc-4775-8295-e79df5e312e3,1,10,10,no
0c66d895-471b-4059-a1ff-9a7926ed099e,a686db8a-50cc-4775-8295-e79df5e312e3,2,10,10,no
0c66d895-471b-4059-a1ff-9a7926ed099e,a686db8a-50cc-4775-8295-e79df5e312e3,3,10,10,no
0c66d895-471b-4059-a1ff-9a7926ed099e,a686db8a-50cc-4775-8295-e79df5e312e3,4,10,10,no
0c66d895-471b-4059-a1ff-9a7926ed099e,a686db8a-50cc-4775-8295-e79df5e312e3,5,10,10,no
0c66d895-471b-4059-a1ff-9a7926ed099e,a686db8a-50cc-4775-8295-e79df5e312e3,6,10,10,no
0c66d895-471b-4059-a1ff-9a7926ed099e,a686db8a-50cc-4775-8295-e79df5e312e3,7,10,10,no
0c66d895-471b-4059-a1ff-9a7926ed099e,a686db8a-50cc-4775-8295-e79df5e312e3,8,10,10,no
0c66d895-471b-4059-a1ff-9a7926ed099e,a686db8a-50cc-4775-8295-e79df5e312e3,9,10,10,yes
0c66d895-471b-4059-a1ff-9a7926ed099e,a686db8a-50cc-4775-8295-e79df5e312e3,0,10,50,no
0c66d895-471b-4059-a1ff-9a7926ed099e,a686db8a-50cc-4775-8295-e79df5e312e3,1,10,50,no
0c66d895-471b-4059-a1ff-9a7926ed099e,a686db8a-50cc-4775-8295-e79df5e312e3,2,10,50,no
0c66d895-471b-4059-a1ff-9a7926ed099e,a686db8a-50cc-4775-8295-e79df5e312e3,3,10,50,no
0c66d895-471b-4059-a1ff-9a7926ed099e,a686db8a-50cc-4775-8295-e79df5e312e3,4,10,50,no
0c66d895-471b-4059-a1ff-9a7926ed099e,a686db8a-50cc-4775-8295-e79df5e312e3,5,10,50,no
0c66d895-471b-4059-a1ff-9a7926ed099e,a686db8a-50cc-4775-8295-e79df5e312e3,6,10,50,no
0c66d895-471b-4059-a1ff-9a7926ed099e,a686db8a-50cc-4775-8295-e79df5e312e3,7,10,50,no
0c66d895-471b-4059-a1ff-9a7926ed099e,a686db8a-50cc-4775-8295-e79df5e312e3,8,10,50,no
0c66d895-471b-4059-a1ff-9a7926ed099e,a686db8a-50cc-4775-8295-e79df5e312e3,9,10,50,no
0c66d895-471b-4059-a1ff-9a7926ed099e,a686db8a-50cc-4775-8295-e79df5e312e3,0,10,100,no
0c66d895-471b-4059-a1ff-9a7926ed099e,a686db8a-50cc-4775-8295-e79df5e312e3,1,10,100,yes
0c66d895-471b-4059-a1ff-9a7926ed099e,a686db8a-50cc-4775-8295-e79df5e312e3,2,10,100,yes
0c66d895-471b-4059-a1ff-9a7926ed099e,a686db8a-50cc-4775-8295-e79df5e312e3,3,10,100,yes
0c66d895-471b-4059-a1ff-9a7926ed099e,a686db8a-50cc-4775-8295-e79df5e312e3,4,10,100,no
0c66d895-471b-4059-a1ff-9a7926ed099e,a686db8a-50cc-4775-8295-e79df5e312e3,5,10,100,no
0c66d895-471b-4059-a1ff-9a7926ed099e,a686db8a-50cc-4775-8295-e79df5e312e3,6,10,100,no
0c66d895-471b-4059-a1ff-9a7926ed099e,a686db8a-50cc-4775-8295-e79df5e312e3,7,10,100,no
0c66d895-471b-4059-a1ff-9a7926ed099e,a686db8a-50cc-4775-8295-e79df5e312e3,8,10,100,yes
0c66d895-471b-4059-a1ff-9a7926ed099e,a686db8a-50cc-4775-8295-e79df5e312e3,9,10,100,no
0c66d895-471b-4059-a1ff-9a7926ed099e,a686db8a-50cc-4775-8295-e79df5e312e3,0,10,full,no
0c66d895-471b-4059-a1ff-9a7926ed099e,a686db8a-50cc-4775-8295-e79df5e312e3,1,10,full,yes
0c66d895-471b-4059-a1ff-9a7926ed099e,a686db8a-50cc-4775-8295-e79df5e312e3,2,10,full,yes
0c66d895-471b-4059-a1ff-9a7926ed099e,a686db8a-50cc-4775-8295-e79df5e312e3,3,10,full,yes
0c66d895-471b-4059-a1ff-9a7926ed099e,a686db8a-50cc-4775-8295-e79df5e312e3,4,10,full,no
0c66d895-471b-4059-a1ff-9a7926ed099e,a686db8a-50cc-4775-8295-e79df5e312e3,5,10,full,no
0c66d895-471b-4059-a1ff-9a7926ed099e,a686db8a-50cc-4775-8295-e79df5e312e3,6,10,full,no
0c66d895-471b-4059-a1ff-9a7926ed099e,a686db8a-50cc-4775-8295-e79df5e312e3,7,10,full,no
0c66d895-471b-4059-a1ff-9a7926ed099e,a686db8a-50cc-4775-8295-e79df5e312e3,8,10,full,yes
0c66d895-471b-4059-a1ff-9a7926ed099e,a686db8a-50cc-4775-8295-e79df5e312e3,9,10,full,no
b32db341-8233-426e-a82a-eb5c6f358ebf,c2d64a94-f1f1-4f90-88ed-06a5d19ee940,0,10,10,no
b32db341-8233-426e-a82a-eb5c6f358ebf,c2d64a94-f1f1-4f90-88ed-06a5d19ee940,1,10,10,no
b32db341-8233-426e-a82a-eb5c6f358ebf,c2d64a94-f1f1-4f90-88ed-06a5d19ee940,2,10,10,no
b32db341-8233-426e-a82a-eb5c6f358ebf,c2d64a94-f1f1-4f90-88ed-06a5d19ee940,3,10,10,no
b32db341-8233-426e-a82a-eb5c6f358ebf,c2d64a94-f1f1-4f90-88ed-06a5d19ee940,4,10,10,no
b32db341-8233-426e-a82a-eb5c6f358ebf,c2d64a94-f1f1-4f90-88ed-06a5d19ee940,5,10,10,no
b32db341-8233-426e-a82a-eb5c6f358ebf,c2d64a94-f1f1-4f90-88ed-06a5d19ee940,6,10,10,no
b32db341-8233-426e-a82a-eb5c6f358ebf,c2d64a94-f1f1-4f90-88ed-06a5d19ee940,7,10,10,no
b32db341-8233-426e-a82a-eb5c6f358ebf,c2d64a94-f1f1-4f90-88ed-06a5d19ee940,8,10,10,no
b32db341-8233-426e-a82a-eb5c6f358ebf,c2d64a94-f1f1-4f90-88ed-06a5d19ee940,9,10,10,no
b32db341-8233-426e-a82a-eb5c6f358ebf,c2d64a94-f1f1-4f90-88ed-06a5d19ee940,0,10,50,no
b32db341-8233-426e-a82a-eb5c6f358ebf,c2d64a94-f1f1-4f90-88ed-06a5d19ee940,1,10,50,no
b32db341-8233-426e-a82a-eb5c6f358ebf,c2d64a94-f1f1-4f90-88ed-06a5d19ee940,2,10,50,no
b32db341-8233-426e-a82a-eb5c6f358ebf,c2d64a94-f1f1-4f90-88ed-06a5d19ee940,3,10,50,no
b32db341-8233-426e-a82a-eb5c6f358ebf,c2d64a94-f1f1-4f90-88ed-06a5d19ee940,4,10,50,no
b32db341-8233-426e-a82a-eb5c6f358ebf,c2d64a94-f1f1-4f90-88ed-06a5d19ee940,5,10,50,no
b32db341-8233-426e-a82a-eb5c6f358ebf,c2d64a94-f1f1-4f90-88ed-06a5d19ee940,6,10,50,no
b32db341-8233-426e-a82a-eb5c6f358ebf,c2d64a94-f1f1-4f90-88ed-06a5d19ee940,7,10,50,no
b32db341-8233-426e-a82a-eb5c6f358ebf,c2d64a94-f1f1-4f90-88ed-06a5d19ee940,8,10,50,no
b32db341-8233-426e-a82a-eb5c6f358ebf,c2d64a94-f1f1-4f90-88ed-06a5d19ee940,9,10,50,no
b32db341-8233-426e-a82a-eb5c6f358ebf,c2d64a94-f1f1-4f90-88ed-06a5d19ee940,0,10,100,no
b32db341-8233-426e-a82a-eb5c6f358ebf,c2d64a94-f1f1-4f90-88ed-06a5d19ee940,1,10,100,no
b32db341-8233-426e-a82a-eb5c6f358ebf,c2d64a94-f1f1-4f90-88ed-06a5d19ee940,2,10,100,no
b32db341-8233-426e-a82a-eb5c6f358ebf,c2d64a94-f1f1-4f90-88ed-06a5d19ee940,3,10,100,no
b32db341-8233-426e-a82a-eb5c6f358ebf,c2d64a94-f1f1-4f90-88ed-06a5d19ee940,4,10,100,no
b32db341-8233-426e-a82a-eb5c6f358ebf,c2d64a94-f1f1-4f90-88ed-06a5d19ee940,5,10,100,no
b32db341-8233-426e-a82a-eb5c6f358ebf,c2d64a94-f1f1-4f90-88ed-06a5d19ee940,6,10,100,no
b32db341-8233-426e-a82a-eb5c6f358ebf,c2d64a94-f1f1-4f90-88ed-06a5d19ee940,7,10,100,no
b32db341-8233-426e-a82a-eb5c6f358ebf,c2d64a94-f1f1-4f90-88ed-06a5d19ee940,8,10,100,no
b32db341-8233-426e-a82a-eb5c6f358ebf,c2d64a94-f1f1-4f90-88ed-06a5d19ee940,9,10,100,no
b32db341-8233-426e-a82a-eb5c6f358ebf,c2d64a94-f1f1-4f90-88ed-06a5d19ee940,0,10,full,no
b32db341-8233-426e-a82a-eb5c6f358ebf,c2d64a94-f1f1-4f90-88ed-06a5d19ee940,1,10,full,no
b32db341-8233-426e-a82a-eb5c6f358ebf,c2d64a94-f1f1-4f90-88ed-06a5d19ee940,2,10,full,no
b32db341-8233-426e-a82a-eb5c6f358ebf,c2d64a94-f1f1-4f90-88ed-06a5d19ee940,3,10,full,no
b32db341-8233-426e-a82a-eb5c6f358ebf,c2d64a94-f1f1-4f90-88ed-06a5d19ee940,4,10,full,no
b32db341-8233-426e-a82a-eb5c6f358ebf,c2d64a94-f1f1-4f90-88ed-06a5d19ee940,5,10,full,no
b32db341-8233-426e-a82a-eb5c6f358ebf,c2d64a94-f1f1-4f90-88ed-06a5d19ee940,6,10,full,yes
b32db341-8233-426e-a82a-eb5c6f358ebf,c2d64a94-f1f1-4f90-88ed-06a5d19ee940,7,10,full,yes
b32db341-8233-426e-a82a-eb5c6f358ebf,c2d64a94-f1f1-4f90-88ed-06a5d19ee940,8,10,full,yes
b32db341-8233-426e-a82a-eb5c6f358ebf,c2d64a94-f1f1-4f90-88ed-06a5d19ee940,9,10,full,no
b32db341-8233-426e-a82a-eb5c6f358ebf,b003ece1-ff38-48f8-84f6-0cac153b5bcd,0,10,10,no
b32db341-8233-426e-a82a-eb5c6f358ebf,b003ece1-ff38-48f8-84f6-0cac153b5bcd,1,10,10,no
b32db341-8233-426e-a82a-eb5c6f358ebf,b003ece1-ff38-48f8-84f6-0cac153b5bcd,2,10,10,no
b32db341-8233-426e-a82a-eb5c6f358ebf,b003ece1-ff38-48f8-84f6-0cac153b5bcd,3,10,10,no
b32db341-8233-426e-a82a-eb5c6f358ebf,b003ece1-ff38-48f8-84f6-0cac153b5bcd,4,10,10,no
b32db341-8233-426e-a82a-eb5c6f358ebf,b003ece1-ff38-48f8-84f6-0cac153b5bcd,5,10,10,no
b32db341-8233-426e-a82a-eb5c6f358ebf,b003ece1-ff38-48f8-84f6-0cac153b5bcd,6,10,10,no
b32db341-8233-426e-a82a-eb5c6f358ebf,b003ece1-ff38-48f8-84f6-0cac153b5bcd,7,10,10,no
b32db341-8233-426e-a82a-eb5c6f358ebf,b003ece1-ff38-48f8-84f6-0cac153b5bcd,8,10,10,no
b32db341-8233-426e-a82a-eb5c6f358ebf,b003ece1-ff38-48f8-84f6-0cac153b5bcd,9,10,10,no
b32db341-8233-426e-a82a-eb5c6f358ebf,b003ece1-ff38-48f8-84f6-0cac153b5bcd,0,10,50,no
b32db341-8233-426e-a82a-eb5c6f358ebf,b003ece1-ff38-48f8-84f6-0cac153b5bcd,1,10,50,no
b32db341-8233-426e-a82a-eb5c6f358ebf,b003ece1-ff38-48f8-84f6-0cac153b5bcd,2,10,50,no
b32db341-8233-426e-a82a-eb5c6f358ebf,b003ece1-ff38-48f8-84f6-0cac153b5bcd,3,10,50,yes
b32db341-8233-426e-a82a-eb5c6f358ebf,b003ece1-ff38-48f8-84f6-0cac153b5bcd,4,10,50,no
b32db341-8233-426e-a82a-eb5c6f358ebf,b003ece1-ff38-48f8-84f6-0cac153b5bcd,5,10,50,yes
b32db341-8233-426e-a82a-eb5c6f358ebf,b003ece1-ff38-48f8-84f6-0cac153b5bcd,6,10,50,yes
b32db341-8233-426e-a82a-eb5c6f358ebf,b003ece1-ff38-48f8-84f6-0cac153b5bcd,7,10,50,no
b32db341-8233-426e-a82a-eb5c6f358ebf,b003ece1-ff38-48f8-84f6-0cac153b5bcd,8,10,50,no
b32db341-8233-426e-a82a-eb5c6f358ebf,b003ece1-ff38-48f8-84f6-0cac153b5bcd,9,10,50,yes
b32db341-8233-426e-a82a-eb5c6f358ebf,b003ece1-ff38-48f8-84f6-0cac153b5bcd,0,10,100,yes
b32db341-8233-426e-a82a-eb5c6f358ebf,b003ece1-ff38-48f8-84f6-0cac153b5bcd,1,10,100,no
b32db341-8233-426e-a82a-eb5c6f358ebf,b003ece1-ff38-48f8-84f6-0cac153b5bcd,2,10,100,no
b32db341-8233-426e-a82a-eb5c6f358ebf,b003ece1-ff38-48f8-84f6-0cac153b5bcd,3,10,100,no
b32db341-8233-426e-a82a-eb5c6f358ebf,b003ece1-ff38-48f8-84f6-0cac153b5bcd,4,10,100,no
b32db341-8233-426e-a82a-eb5c6f358ebf,b003ece1-ff38-48f8-84f6-0cac153b5bcd,5,10,100,no
b32db341-8233-426e-a82a-eb5c6f358ebf,b003ece1-ff38-48f8-84f6-0cac153b5bcd,6,10,100,no
b32db341-8233-426e-a82a-eb5c6f358ebf,b003ece1-ff38-48f8-84f6-0cac153b5bcd,7,10,100,no
b32db341-8233-426e-a82a-eb5c6f358ebf,b003ece1-ff38-48f8-84f6-0cac153b5bcd,8,10,100,no
b32db341-8233-426e-a82a-eb5c6f358ebf,b003ece1-ff38-48f8-84f6-0cac153b5bcd,9,10,100,no
b32db341-8233-426e-a82a-eb5c6f358ebf,b003ece1-ff38-48f8-84f6-0cac153b5bcd,0,10,full,yes
b32db341-8233-426e-a82a-eb5c6f358ebf,b003ece1-ff38-48f8-84f6-0cac153b5bcd,1,10,full,no
b32db341-8233-426e-a82a-eb5c6f358ebf,b003ece1-ff38-48f8-84f6-0cac153b5bcd,2,10,full,no
b32db341-8233-426e-a82a-eb5c6f358ebf,b003ece1-ff38-48f8-84f6-0cac153b5bcd,3,10,full,no
b32db341-8233-426e-a82a-eb5c6f358ebf,b003ece1-ff38-48f8-84f6-0cac153b5bcd,4,10,full,no
b32db341-8233-426e-a82a-eb5c6f358ebf,b003ece1-ff38-48f8-84f6-0cac153b5bcd,5,10,full,no
b32db341-8233-426e-a82a-eb5c6f358ebf,b003ece1-ff38-48f8-84f6-0cac153b5bcd,6,10,full,no
b32db341-8233-426e-a82a-eb5c6f358ebf,b003ece1-ff38-48f8-84f6-0cac153b5bcd,7,10,full,no
b32db341-8233-426e-a82a-eb5c6f358ebf,b003ece1-ff38-48f8-84f6-0cac153b5bcd,8,10,full,no
b32db341-8233-426e-a82a-eb5c6f358ebf,b003ece1-ff38-48f8-84f6-0cac153b5bcd,9,10,full,no
414d998b-a49d-4e65-b6f9-dc9379b1d288,ff98f515-293e-453e-841c-2b3e5adda780,0,10,10,no
414d998b-a49d-4e65-b6f9-dc9379b1d288,ff98f515-293e-453e-841c-2b3e5adda780,1,10,10,no
414d998b-a49d-4e65-b6f9-dc9379b1d288,ff98f515-293e-453e-841c-2b3e5adda780,2,10,10,no
414d998b-a49d-4e65-b6f9-dc9379b1d288,ff98f515-293e-453e-841c-2b3e5adda780,3,10,10,no
414d998b-a49d-4e65-b6f9-dc9379b1d288,ff98f515-293e-453e-841c-2b3e5adda780,4,10,10,no
414d998b-a49d-4e65-b6f9-dc9379b1d288,ff98f515-293e-453e-841c-2b3e5adda780,5,10,10,no
414d998b-a49d-4e65-b6f9-dc9379b1d288,ff98f515-293e-453e-841c-2b3e5adda780,6,10,10,no
414d998b-a49d-4e65-b6f9-dc9379b1d288,ff98f515-293e-453e-841c-2b3e5adda780,7,10,10,no
414d998b-a49d-4e65-b6f9-dc9379b1d288,ff98f515-293e-453e-841c-2b3e5adda780,8,10,10,no
414d998b-a49d-4e65-b6f9-dc9379b1d288,ff98f515-293e-453e-841c-2b3e5adda780,9,10,10,no
414d998b-a49d-4e65-b6f9-dc9379b1d288,ff98f515-293e-453e-841c-2b3e5adda780,0,10,50,no
414d998b-a49d-4e65-b6f9-dc9379b1d288,ff98f515-293e-453e-841c-2b3e5adda780,1,10,50,no
414d998b-a49d-4e65-b6f9-dc9379b1d288,ff98f515-293e-453e-841c-2b3e5adda780,2,10,50,no
414d998b-a49d-4e65-b6f9-dc9379b1d288,ff98f515-293e-453e-841c-2b3e5adda780,3,10,50,no
414d998b-a49d-4e65-b6f9-dc9379b1d288,ff98f515-293e-453e-841c-2b3e5adda780,4,10,50,no
414d998b-a49d-4e65-b6f9-dc9379b1d288,ff98f515-293e-453e-841c-2b3e5adda780,5,10,50,no
414d998b-a49d-4e65-b6f9-dc9379b1d288,ff98f515-293e-453e-841c-2b3e5adda780,6,10,50,no
414d998b-a49d-4e65-b6f9-dc9379b1d288,ff98f515-293e-453e-841c-2b3e5adda780,7,10,50,no
414d998b-a49d-4e65-b6f9-dc9379b1d288,ff98f515-293e-453e-841c-2b3e5adda780,8,10,50,no
414d998b-a49d-4e65-b6f9-dc9379b1d288,ff98f515-293e-453e-841c-2b3e5adda780,9,10,50,no
414d998b-a49d-4e65-b6f9-dc9379b1d288,ff98f515-293e-453e-841c-2b3e5adda780,0,10,100,yes
414d998b-a49d-4e65-b6f9-dc9379b1d288,ff98f515-293e-453e-841c-2b3e5adda780,1,10,100,yes
414d998b-a49d-4e65-b6f9-dc9379b1d288,ff98f515-293e-453e-841c-2b3e5adda780,2,10,100,yes
414d998b-a49d-4e65-b6f9-dc9379b1d288,ff98f515-293e-453e-841c-2b3e5adda780,3,10,100,yes
414d998b-a49d-4e65-b6f9-dc9379b1d288,ff98f515-293e-453e-841c-2b3e5adda780,4,10,100,no
414d998b-a49d-4e65-b6f9-dc9379b1d288,ff98f515-293e-453e-841c-2b3e5adda780,5,10,100,yes
414d998b-a49d-4e65-b6f9-dc9379b1d288,ff98f515-293e-453e-841c-2b3e5adda780,6,10,100,yes
414d998b-a49d-4e65-b6f9-dc9379b1d288,ff98f515-293e-453e-841c-2b3e5adda780,7,10,100,yes
414d998b-a49d-4e65-b6f9-dc9379b1d288,ff98f515-293e-453e-841c-2b3e5adda780,8,10,100,yes
414d998b-a49d-4e65-b6f9-dc9379b1d288,ff98f515-293e-453e-841c-2b3e5adda780,9,10,100,no
414d998b-a49d-4e65-b6f9-dc9379b1d288,ff98f515-293e-453e-841c-2b3e5adda780,0,10,full,yes
414d998b-a49d-4e65-b6f9-dc9379b1d288,ff98f515-293e-453e-841c-2b3e5adda780,1,10,full,yes
414d998b-a49d-4e65-b6f9-dc9379b1d288,ff98f515-293e-453e-841c-2b3e5adda780,2,10,full,yes
414d998b-a49d-4e65-b6f9-dc9379b1d288,ff98f515-293e-453e-841c-2b3e5adda780,3,10,full,yes
414d998b-a49d-4e65-b6f9-dc9379b1d288,ff98f515-293e-453e-841c-2b3e5adda780,4,10,full,no
414d998b-a49d-4e65-b6f9-dc9379b1d288,ff98f515-293e-453e-841c-2b3e5adda780,5,10,full,yes
414d998b-a49d-4e65-b6f9-dc9379b1d288,ff98f515-293e-453e-841c-2b3e5adda780,6,10,full,yes
414d998b-a49d-4e65-b6f9-dc9379b1d288,ff98f515-293e-453e-841c-2b3e5adda780,7,10,full,yes
414d998b-a49d-4e65-b6f9-dc9379b1d288,ff98f515-293e-453e-841c-2b3e5adda780,8,10,full,yes
414d998b-a49d-4e65-b6f9-dc9379b1d288,ff98f515-293e-453e-841c-2b3e5adda780,9,10,full,no
414d998b-a49d-4e65-b6f9-dc9379b1d288,edb86760-ae45-42c4-8f27-4dc60dfe4dc6,0,10,10,no
414d998b-a49d-4e65-b6f9-dc9379b1d288,edb86760-ae45-42c4-8f27-4dc60dfe4dc6,1,10,10,no
414d998b-a49d-4e65-b6f9-dc9379b1d288,edb86760-ae45-42c4-8f27-4dc60dfe4dc6,2,10,10,no
414d998b-a49d-4e65-b6f9-dc9379b1d288,edb86760-ae45-42c4-8f27-4dc60dfe4dc6,3,10,10,no
414d998b-a49d-4e65-b6f9-dc9379b1d288,edb86760-ae45-42c4-8f27-4dc60dfe4dc6,4,10,10,no
414d998b-a49d-4e65-b6f9-dc9379b1d288,edb86760-ae45-42c4-8f27-4dc60dfe4dc6,5,10,10,no
414d998b-a49d-4e65-b6f9-dc9379b1d288,edb86760-ae45-42c4-8f27-4dc60dfe4dc6,6,10,10,no
414d998b-a49d-4e65-b6f9-dc9379b1d288,edb86760-ae45-42c4-8f27-4dc60dfe4dc6,7,10,10,no
414d998b-a49d-4e65-b6f9-dc9379b1d288,edb86760-ae45-42c4-8f27-4dc60dfe4dc6,8,10,10,no
414d998b-a49d-4e65-b6f9-dc9379b1d288,edb86760-ae45-42c4-8f27-4dc60dfe4dc6,9,10,10,no
414d998b-a49d-4e65-b6f9-dc9379b1d288,edb86760-ae45-42c4-8f27-4dc60dfe4dc6,0,10,50,no
414d998b-a49d-4e65-b6f9-dc9379b1d288,edb86760-ae45-42c4-8f27-4dc60dfe4dc6,1,10,50,yes
414d998b-a49d-4e65-b6f9-dc9379b1d288,edb86760-ae45-42c4-8f27-4dc60dfe4dc6,2,10,50,no
414d998b-a49d-4e65-b6f9-dc9379b1d288,edb86760-ae45-42c4-8f27-4dc60dfe4dc6,3,10,50,no
414d998b-a49d-4e65-b6f9-dc9379b1d288,edb86760-ae45-42c4-8f27-4dc60dfe4dc6,4,10,50,no
414d998b-a49d-4e65-b6f9-dc9379b1d288,edb86760-ae45-42c4-8f27-4dc60dfe4dc6,5,10,50,yes
414d998b-a49d-4e65-b6f9-dc9379b1d288,edb86760-ae45-42c4-8f27-4dc60dfe4dc6,6,10,50,no
414d998b-a49d-4e65-b6f9-dc9379b1d288,edb86760-ae45-42c4-8f27-4dc60dfe4dc6,7,10,50,no
414d998b-a49d-4e65-b6f9-dc9379b1d288,edb86760-ae45-42c4-8f27-4dc60dfe4dc6,8,10,50,yes
414d998b-a49d-4e65-b6f9-dc9379b1d288,edb86760-ae45-42c4-8f27-4dc60dfe4dc6,9,10,50,yes
414d998b-a49d-4e65-b6f9-dc9379b1d288,edb86760-ae45-42c4-8f27-4dc60dfe4dc6,0,10,100,no
414d998b-a49d-4e65-b6f9-dc9379b1d288,edb86760-ae45-42c4-8f27-4dc60dfe4dc6,1,10,100,yes
414d998b-a49d-4e65-b6f9-dc9379b1d288,edb86760-ae45-42c4-8f27-4dc60dfe4dc6,2,10,100,no
414d998b-a49d-4e65-b6f9-dc9379b1d288,edb86760-ae45-42c4-8f27-4dc60dfe4dc6,3,10,100,yes
414d998b-a49d-4e65-b6f9-dc9379b1d288,edb86760-ae45-42c4-8f27-4dc60dfe4dc6,4,10,100,yes
414d998b-a49d-4e65-b6f9-dc9379b1d288,edb86760-ae45-42c4-8f27-4dc60dfe4dc6,5,10,100,yes
414d998b-a49d-4e65-b6f9-dc9379b1d288,edb86760-ae45-42c4-8f27-4dc60dfe4dc6,6,10,100,yes
414d998b-a49d-4e65-b6f9-dc9379b1d288,edb86760-ae45-42c4-8f27-4dc60dfe4dc6,7,10,100,no
414d998b-a49d-4e65-b6f9-dc9379b1d288,edb86760-ae45-42c4-8f27-4dc60dfe4dc6,8,10,100,yes
414d998b-a49d-4e65-b6f9-dc9379b1d288,edb86760-ae45-42c4-8f27-4dc60dfe4dc6,9,10,100,no
414d998b-a49d-4e65-b6f9-dc9379b1d288,edb86760-ae45-42c4-8f27-4dc60dfe4dc6,0,10,full,no
414d998b-a49d-4e65-b6f9-dc9379b1d288,edb86760-ae45-42c4-8f27-4dc60dfe4dc6,1,10,full,yes
414d998b-a49d-4e65-b6f9-dc9379b1d288,edb86760-ae45-42c4-8f27-4dc60dfe4dc6,2,10,full,no
414d998b-a49d-4e65-b6f9-dc9379b1d288,edb86760-ae45-42c4-8f27-4dc60dfe4dc6,3,10,full,yes
414d998b-a49d-4e65-b6f9-dc9379b1d288,edb86760-ae45-42c4-8f27-4dc60dfe4dc6,4,10,full,yes
414d998b-a49d-4e65-b6f9-dc9379b1d288,edb86760-ae45-42c4-8f27-4dc60dfe4dc6,5,10,full,no
414d998b-a49d-4e65-b6f9-dc9379b1d288,edb86760-ae45-42c4-8f27-4dc60dfe4dc6,6,10,full,yes
414d998b-a49d-4e65-b6f9-dc9379b1d288,edb86760-ae45-42c4-8f27-4dc60dfe4dc6,7,10,full,no
414d998b-a49d-4e65-b6f9-dc9379b1d288,edb86760-ae45-42c4-8f27-4dc60dfe4dc6,8,10,full,yes
414d998b-a49d-4e65-b6f9-dc9379b1d288,edb86760-ae45-42c4-8f27-4dc60dfe4dc6,9,10,full,no
57de4cfe-ff4e-4aa8-8e78-a270a99c2cbd,227632d6-329d-4776-a810-a1d83d25f8df,0,10,10,no
57de4cfe-ff4e-4aa8-8e78-a270a99c2cbd,227632d6-329d-4776-a810-a1d83d25f8df,1,10,10,no
57de4cfe-ff4e-4aa8-8e78-a270a99c2cbd,227632d6-329d-4776-a810-a1d83d25f8df,2,10,10,no
57de4cfe-ff4e-4aa8-8e78-a270a99c2cbd,227632d6-329d-4776-a810-a1d83d25f8df,3,10,10,no
57de4cfe-ff4e-4aa8-8e78-a270a99c2cbd,227632d6-329d-4776-a810-a1d83d25f8df,4,10,10,no
57de4cfe-ff4e-4aa8-8e78-a270a99c2cbd,227632d6-329d-4776-a810-a1d83d25f8df,5,10,10,no
57de4cfe-ff4e-4aa8-8e78-a270a99c2cbd,227632d6-329d-4776-a810-a1d83d25f8df,6,10,10,no
57de4cfe-ff4e-4aa8-8e78-a270a99c2cbd,227632d6-329d-4776-a810-a1d83d25f8df,7,10,10,no
57de4cfe-ff4e-4aa8-8e78-a270a99c2cbd,227632d6-329d-4776-a810-a1d83d25f8df,8,10,10,no
57de4cfe-ff4e-4aa8-8e78-a270a99c2cbd,227632d6-329d-4776-a810-a1d83d25f8df,9,10,10,no
57de4cfe-ff4e-4aa8-8e78-a270a99c2cbd,227632d6-329d-4776-a810-a1d83d25f8df,0,10,50,no
57de4cfe-ff4e-4aa8-8e78-a270a99c2cbd,227632d6-329d-4776-a810-a1d83d25f8df,1,10,50,no
57de4cfe-ff4e-4aa8-8e78-a270a99c2cbd,227632d6-329d-4776-a810-a1d83d25f8df,2,10,50,no
57de4cfe-ff4e-4aa8-8e78-a270a99c2cbd,227632d6-329d-4776-a810-a1d83d25f8df,3,10,50,no
57de4cfe-ff4e-4aa8-8e78-a270a99c2cbd,227632d6-329d-4776-a810-a1d83d25f8df,4,10,50,no
57de4cfe-ff4e-4aa8-8e78-a270a99c2cbd,227632d6-329d-4776-a810-a1d83d25f8df,5,10,50,no
57de4cfe-ff4e-4aa8-8e78-a270a99c2cbd,227632d6-329d-4776-a810-a1d83d25f8df,6,10,50,no
57de4cfe-ff4e-4aa8-8e78-a270a99c2cbd,227632d6-329d-4776-a810-a1d83d25f8df,7,10,50,no
57de4cfe-ff4e-4aa8-8e78-a270a99c2cbd,227632d6-329d-4776-a810-a1d83d25f8df,8,10,50,no
57de4cfe-ff4e-4aa8-8e78-a270a99c2cbd,227632d6-329d-4776-a810-a1d83d25f8df,9,10,50,no
57de4cfe-ff4e-4aa8-8e78-a270a99c2cbd,227632d6-329d-4776-a810-a1d83d25f8df,0,10,100,no
57de4cfe-ff4e-4aa8-8e78-a270a99c2cbd,227632d6-329d-4776-a810-a1d83d25f8df,1,10,100,no
57de4cfe-ff4e-4aa8-8e78-a270a99c2cbd,227632d6-329d-4776-a810-a1d83d25f8df,2,10,100,no
57de4cfe-ff4e-4aa8-8e78-a270a99c2cbd,227632d6-329d-4776-a810-a1d83d25f8df,3,10,100,no
57de4cfe-ff4e-4aa8-8e78-a270a99c2cbd,227632d6-329d-4776-a810-a1d83d25f8df,4,10,100,no
57de4cfe-ff4e-4aa8-8e78-a270a99c2cbd,227632d6-329d-4776-a810-a1d83d25f8df,5,10,100,no
57de4cfe-ff4e-4aa8-8e78-a270a99c2cbd,227632d6-329d-4776-a810-a1d83d25f8df,6,10,100,no
57de4cfe-ff4e-4aa8-8e78-a270a99c2cbd,227632d6-329d-4776-a810-a1d83d25f8df,7,10,100,no
57de4cfe-ff4e-4aa8-8e78-a270a99c2cbd,227632d6-329d-4776-a810-a1d83d25f8df,8,10,100,no
57de4cfe-ff4e-4aa8-8e78-a270a99c2cbd,227632d6-329d-4776-a810-a1d83d25f8df,9,10,100,no
57de4cfe-ff4e-4aa8-8e78-a270a99c2cbd,227632d6-329d-4776-a810-a1d83d25f8df,0,10,full,no
57de4cfe-ff4e-4aa8-8e78-a270a99c2cbd,227632d6-329d-4776-a810-a1d83d25f8df,1,10,full,no
57de4cfe-ff4e-4aa8-8e78-a270a99c2cbd,227632d6-329d-4776-a810-a1d83d25f8df,2,10,full,no
57de4cfe-ff4e-4aa8-8e78-a270a99c2cbd,227632d6-329d-4776-a810-a1d83d25f8df,3,10,full,no
57de4cfe-ff4e-4aa8-8e78-a270a99c2cbd,227632d6-329d-4776-a810-a1d83d25f8df,4,10,full,no
57de4cfe-ff4e-4aa8-8e78-a270a99c2cbd,227632d6-329d-4776-a810-a1d83d25f8df,5,10,full,no
57de4cfe-ff4e-4aa8-8e78-a270a99c2cbd,227632d6-329d-4776-a810-a1d83d25f8df,6,10,full,no
57de4cfe-ff4e-4aa8-8e78-a270a99c2cbd,227632d6-329d-4776-a810-a1d83d25f8df,7,10,full,no
57de4cfe-ff4e-4aa8-8e78-a270a99c2cbd,227632d6-329d-4776-a810-a1d83d25f8df,8,10,full,no
57de4cfe-ff4e-4aa8-8e78-a270a99c2cbd,227632d6-329d-4776-a810-a1d83d25f8df,9,10,full,no
57de4cfe-ff4e-4aa8-8e78-a270a99c2cbd,05d0a4cf-b8f5-4a5d-8036-19f2630e47b0,0,10,10,no
57de4cfe-ff4e-4aa8-8e78-a270a99c2cbd,05d0a4cf-b8f5-4a5d-8036-19f2630e47b0,1,10,10,no
57de4cfe-ff4e-4aa8-8e78-a270a99c2cbd,05d0a4cf-b8f5-4a5d-8036-19f2630e47b0,2,10,10,no
57de4cfe-ff4e-4aa8-8e78-a270a99c2cbd,05d0a4cf-b8f5-4a5d-8036-19f2630e47b0,3,10,10,no
57de4cfe-ff4e-4aa8-8e78-a270a99c2cbd,05d0a4cf-b8f5-4a5d-8036-19f2630e47b0,4,10,10,no
57de4cfe-ff4e-4aa8-8e78-a270a99c2cbd,05d0a4cf-b8f5-4a5d-8036-19f2630e47b0,5,10,10,no
57de4cfe-ff4e-4aa8-8e78-a270a99c2cbd,05d0a4cf-b8f5-4a5d-8036-19f2630e47b0,6,10,10,no
57de4cfe-ff4e-4aa8-8e78-a270a99c2cbd,05d0a4cf-b8f5-4a5d-8036-19f2630e47b0,7,10,10,no
57de4cfe-ff4e-4aa8-8e78-a270a99c2cbd,05d0a4cf-b8f5-4a5d-8036-19f2630e47b0,8,10,10,no
57de4cfe-ff4e-4aa8-8e78-a270a99c2cbd,05d0a4cf-b8f5-4a5d-8036-19f2630e47b0,9,10,10,no
57de4cfe-ff4e-4aa8-8e78-a270a99c2cbd,05d0a4cf-b8f5-4a5d-8036-19f2630e47b0,0,10,50,no
57de4cfe-ff4e-4aa8-8e78-a270a99c2cbd,05d0a4cf-b8f5-4a5d-8036-19f2630e47b0,1,10,50,no
57de4cfe-ff4e-4aa8-8e78-a270a99c2cbd,05d0a4cf-b8f5-4a5d-8036-19f2630e47b0,2,10,50,no
57de4cfe-ff4e-4aa8-8e78-a270a99c2cbd,05d0a4cf-b8f5-4a5d-8036-19f2630e47b0,3,10,50,no
57de4cfe-ff4e-4aa8-8e78-a270a99c2cbd,05d0a4cf-b8f5-4a5d-8036-19f2630e47b0,4,10,50,no
57de4cfe-ff4e-4aa8-8e78-a270a99c2cbd,05d0a4cf-b8f5-4a5d-8036-19f2630e47b0,5,10,50,no
57de4cfe-ff4e-4aa8-8e78-a270a99c2cbd,05d0a4cf-b8f5-4a5d-8036-19f2630e47b0,6,10,50,no
57de4cfe-ff4e-4aa8-8e78-a270a99c2cbd,05d0a4cf-b8f5-4a5d-8036-19f2630e47b0,7,10,50,no
57de4cfe-ff4e-4aa8-8e78-a270a99c2cbd,05d0a4cf-b8f5-4a5d-8036-19f2630e47b0,8,10,50,no
57de4cfe-ff4e-4aa8-8e78-a270a99c2cbd,05d0a4cf-b8f5-4a5d-8036-19f2630e47b0,9,10,50,no
57de4cfe-ff4e-4aa8-8e78-a270a99c2cbd,05d0a4cf-b8f5-4a5d-8036-19f2630e47b0,0,10,100,no
57de4cfe-ff4e-4aa8-8e78-a270a99c2cbd,05d0a4cf-b8f5-4a5d-8036-19f2630e47b0,1,10,100,no
57de4cfe-ff4e-4aa8-8e78-a270a99c2cbd,05d0a4cf-b8f5-4a5d-8036-19f2630e47b0,2,10,100,no
57de4cfe-ff4e-4aa8-8e78-a270a99c2cbd,05d0a4cf-b8f5-4a5d-8036-19f2630e47b0,3,10,100,no
57de4cfe-ff4e-4aa8-8e78-a270a99c2cbd,05d0a4cf-b8f5-4a5d-8036-19f2630e47b0,4,10,100,no
57de4cfe-ff4e-4aa8-8e78-a270a99c2cbd,05d0a4cf-b8f5-4a5d-8036-19f2630e47b0,5,10,100,no
57de4cfe-ff4e-4aa8-8e78-a270a99c2cbd,05d0a4cf-b8f5-4a5d-8036-19f2630e47b0,6,10,100,no
57de4cfe-ff4e-4aa8-8e78-a270a99c2cbd,05d0a4cf-b8f5-4a5d-8036-19f2630e47b0,7,10,100,no
57de4cfe-ff4e-4aa8-8e78-a270a99c2cbd,05d0a4cf-b8f5-4a5d-8036-19f2630e47b0,8,10,100,no
57de4cfe-ff4e-4aa8-8e78-a270a99c2cbd,05d0a4cf-b8f5-4a5d-8036-19f2630e47b0,9,10,100,no
57de4cfe-ff4e-4aa8-8e78-a270a99c2cbd,05d0a4cf-b8f5-4a5d-8036-19f2630e47b0,0,10,full,no
57de4cfe-ff4e-4aa8-8e78-a270a99c2cbd,05d0a4cf-b8f5-4a5d-8036-19f2630e47b0,1,10,full,no
57de4cfe-ff4e-4aa8-8e78-a270a99c2cbd,05d0a4cf-b8f5-4a5d-8036-19f2630e47b0,2,10,full,no
57de4cfe-ff4e-4aa8-8e78-a270a99c2cbd,05d0a4cf-b8f5-4a5d-8036-19f2630e47b0,3,10,full,no
57de4cfe-ff4e-4aa8-8e78-a270a99c2cbd,05d0a4cf-b8f5-4a5d-8036-19f2630e47b0,4,10,full,no
57de4cfe-ff4e-4aa8-8e78-a270a99c2cbd,05d0a4cf-b8f5-4a5d-8036-19f2630e47b0,5,10,full,no
57de4cfe-ff4e-4aa8-8e78-a270a99c2cbd,05d0a4cf-b8f5-4a5d-8036-19f2630e47b0,6,10,full,no
57de4cfe-ff4e-4aa8-8e78-a270a99c2cbd,05d0a4cf-b8f5-4a5d-8036-19f2630e47b0,7,10,full,no
57de4cfe-ff4e-4aa8-8e78-a270a99c2cbd,05d0a4cf-b8f5-4a5d-8036-19f2630e47b0,8,10,full,no
57de4cfe-ff4e-4aa8-8e78-a270a99c2cbd,05d0a4cf-b8f5-4a5d-8036-19f2630e47b0,9,10,full,no
c854ca33-b6dd-4e56-bb20-385e8f712b25,16dcbb2a-03ef-4ae8-9195-8e2bf6299f8f,0,10,10,no
c854ca33-b6dd-4e56-bb20-385e8f712b25,16dcbb2a-03ef-4ae8-9195-8e2bf6299f8f,1,10,10,no
c854ca33-b6dd-4e56-bb20-385e8f712b25,16dcbb2a-03ef-4ae8-9195-8e2bf6299f8f,2,10,10,no
c854ca33-b6dd-4e56-bb20-385e8f712b25,16dcbb2a-03ef-4ae8-9195-8e2bf6299f8f,3,10,10,no
c854ca33-b6dd-4e56-bb20-385e8f712b25,16dcbb2a-03ef-4ae8-9195-8e2bf6299f8f,4,10,10,no
c854ca33-b6dd-4e56-bb20-385e8f712b25,16dcbb2a-03ef-4ae8-9195-8e2bf6299f8f,5,10,10,no
c854ca33-b6dd-4e56-bb20-385e8f712b25,16dcbb2a-03ef-4ae8-9195-8e2bf6299f8f,6,10,10,no
c854ca33-b6dd-4e56-bb20-385e8f712b25,16dcbb2a-03ef-4ae8-9195-8e2bf6299f8f,7,10,10,no
c854ca33-b6dd-4e56-bb20-385e8f712b25,16dcbb2a-03ef-4ae8-9195-8e2bf6299f8f,8,10,10,no
c854ca33-b6dd-4e56-bb20-385e8f712b25,16dcbb2a-03ef-4ae8-9195-8e2bf6299f8f,9,10,10,no
c854ca33-b6dd-4e56-bb20-385e8f712b25,16dcbb2a-03ef-4ae8-9195-8e2bf6299f8f,0,10,50,no
c854ca33-b6dd-4e56-bb20-385e8f712b25,16dcbb2a-03ef-4ae8-9195-8e2bf6299f8f,1,10,50,no
c854ca33-b6dd-4e56-bb20-385e8f712b25,16dcbb2a-03ef-4ae8-9195-8e2bf6299f8f,2,10,50,no
c854ca33-b6dd-4e56-bb20-385e8f712b25,16dcbb2a-03ef-4ae8-9195-8e2bf6299f8f,3,10,50,no
c854ca33-b6dd-4e56-bb20-385e8f712b25,16dcbb2a-03ef-4ae8-9195-8e2bf6299f8f,4,10,50,no
c854ca33-b6dd-4e56-bb20-385e8f712b25,16dcbb2a-03ef-4ae8-9195-8e2bf6299f8f,5,10,50,no
c854ca33-b6dd-4e56-bb20-385e8f712b25,16dcbb2a-03ef-4ae8-9195-8e2bf6299f8f,6,10,50,yes
c854ca33-b6dd-4e56-bb20-385e8f712b25,16dcbb2a-03ef-4ae8-9195-8e2bf6299f8f,7,10,50,yes
c854ca33-b6dd-4e56-bb20-385e8f712b25,16dcbb2a-03ef-4ae8-9195-8e2bf6299f8f,8,10,50,yes
c854ca33-b6dd-4e56-bb20-385e8f712b25,16dcbb2a-03ef-4ae8-9195-8e2bf6299f8f,9,10,50,no
c854ca33-b6dd-4e56-bb20-385e8f712b25,16dcbb2a-03ef-4ae8-9195-8e2bf6299f8f,0,10,100,yes
c854ca33-b6dd-4e56-bb20-385e8f712b25,16dcbb2a-03ef-4ae8-9195-8e2bf6299f8f,1,10,100,yes
c854ca33-b6dd-4e56-bb20-385e8f712b25,16dcbb2a-03ef-4ae8-9195-8e2bf6299f8f,2,10,100,no
c854ca33-b6dd-4e56-bb20-385e8f712b25,16dcbb2a-03ef-4ae8-9195-8e2bf6299f8f,3,10,100,yes
c854ca33-b6dd-4e56-bb20-385e8f712b25,16dcbb2a-03ef-4ae8-9195-8e2bf6299f8f,4,10,100,yes
c854ca33-b6dd-4e56-bb20-385e8f712b25,16dcbb2a-03ef-4ae8-9195-8e2bf6299f8f,5,10,100,no
c854ca33-b6dd-4e56-bb20-385e8f712b25,16dcbb2a-03ef-4ae8-9195-8e2bf6299f8f,6,10,100,no
c854ca33-b6dd-4e56-bb20-385e8f712b25,16dcbb2a-03ef-4ae8-9195-8e2bf6299f8f,7,10,100,no
c854ca33-b6dd-4e56-bb20-385e8f712b25,16dcbb2a-03ef-4ae8-9195-8e2bf6299f8f,8,10,100,no
c854ca33-b6dd-4e56-bb20-385e8f712b25,16dcbb2a-03ef-4ae8-9195-8e2bf6299f8f,9,10,100,yes
c854ca33-b6dd-4e56-bb20-385e8f712b25,16dcbb2a-03ef-4ae8-9195-8e2bf6299f8f,0,10,full,yes
c854ca33-b6dd-4e56-bb20-385e8f712b25,16dcbb2a-03ef-4ae8-9195-8e2bf6299f8f,1,10,full,yes
c854ca33-b6dd-4e56-bb20-385e8f712b25,16dcbb2a-03ef-4ae8-9195-8e2bf6299f8f,2,10,full,no
c854ca33-b6dd-4e56-bb20-385e8f712b25,16dcbb2a-03ef-4ae8-9195-8e2bf6299f8f,3,10,full,yes
c854ca33-b6dd-4e56-bb20-385e8f712b25,16dcbb2a-03ef-4ae8-9195-8e2bf6299f8f,4,10,full,yes
c854ca33-b6dd-4e56-bb20-385e8f712b25,16dcbb2a-03ef-4ae8-9195-8e2bf6299f8f,5,10,full,no
c854ca33-b6dd-4e56-bb20-385e8f712b25,16dcbb2a-03ef-4ae8-9195-8e2bf6299f8f,6,10,full,no
c854ca33-b6dd-4e56-bb20-385e8f712b25,16dcbb2a-03ef-4ae8-9195-8e2bf6299f8f,7,10,full,no
c854ca33-b6dd-4e56-bb20-385e8f712b25,16dcbb2a-03ef-4ae8-9195-8e2bf6299f8f,8,10,full,no
c854ca33-b6dd-4e56-bb20-385e8f712b25,16dcbb2a-03ef-4ae8-9195-8e2bf6299f8f,9,10,full,yes
c854ca33-b6dd-4e56-bb20-385e8f712b25,0d68e0f4-0fb0-47af-9444-240532ea6a05,0,10,10,no
c854ca33-b6dd-4e56-bb20-385e8f712b25,0d68e0f4-0fb0-47af-9444-240532ea6a05,1,10,10,no
c854ca33-b6dd-4e56-bb20-385e8f712b25,0d68e0f4-0fb0-47af-9444-240532ea6a05,2,10,10,no
c854ca33-b6dd-4e56-bb20-385e8f712b25,0d68e0f4-0fb0-47af-9444-240532ea6a05,3,10,10,no
c854ca33-b6dd-4e56-bb20-385e8f712b25,0d68e0f4-0fb0-47af-9444-240532ea6a05,4,10,10,no
c854ca33-b6dd-4e56-bb20-385e8f712b25,0d68e0f4-0fb0-47af-9444-240532ea6a05,5,10,10,no
c854ca33-b6dd-4e56-bb20-385e8f712b25,0d68e0f4-0fb0-47af-9444-240532ea6a05,6,10,10,no
c854ca33-b6dd-4e56-bb20-385e8f712b25,0d68e0f4-0fb0-47af-9444-240532ea6a05,7,10,10,no
c854ca33-b6dd-4e56-bb20-385e8f712b25,0d68e0f4-0fb0-47af-9444-240532ea6a05,8,10,10,no
c854ca33-b6dd-4e56-bb20-385e8f712b25,0d68e0f4-0fb0-47af-9444-240532ea6a05,9,10,10,no
c854ca33-b6dd-4e56-bb20-385e8f712b25,0d68e0f4-0fb0-47af-9444-240532ea6a05,0,10,50,no
c854ca33-b6dd-4e56-bb20-385e8f712b25,0d68e0f4-0fb0-47af-9444-240532ea6a05,1,10,50,no
c854ca33-b6dd-4e56-bb20-385e8f712b25,0d68e0f4-0fb0-47af-9444-240532ea6a05,2,10,50,no
c854ca33-b6dd-4e56-bb20-385e8f712b25,0d68e0f4-0fb0-47af-9444-240532ea6a05,3,10,50,no
c854ca33-b6dd-4e56-bb20-385e8f712b25,0d68e0f4-0fb0-47af-9444-240532ea6a05,4,10,50,yes
c854ca33-b6dd-4e56-bb20-385e8f712b25,0d68e0f4-0fb0-47af-9444-240532ea6a05,5,10,50,no
c854ca33-b6dd-4e56-bb20-385e8f712b25,0d68e0f4-0fb0-47af-9444-240532ea6a05,6,10,50,no
c854ca33-b6dd-4e56-bb20-385e8f712b25,0d68e0f4-0fb0-47af-9444-240532ea6a05,7,10,50,yes
c854ca33-b6dd-4e56-bb20-385e8f712b25,0d68e0f4-0fb0-47af-9444-240532ea6a05,8,10,50,no
c854ca33-b6dd-4e56-bb20-385e8f712b25,0d68e0f4-0fb0-47af-9444-240532ea6a05,9,10,50,no
c854ca33-b6dd-4e56-bb20-385e8f712b25,0d68e0f4-0fb0-47af-9444-240532ea6a05,0,10,100,yes
c854ca33-b6dd-4e56-bb20-385e8f712b25,0d68e0f4-0fb0-47af-9444-240532ea6a05,1,10,100,yes
c854ca33-b6dd-4e56-bb20-385e8f712b25,0d68e0f4-0fb0-47af-9444-240532ea6a05,2,10,100,yes
c854ca33-b6dd-4e56-bb20-385e8f712b25,0d68e0f4-0fb0-47af-9444-240532ea6a05,3,10,100,no
c854ca33-b6dd-4e56-bb20-385e8f712b25,0d68e0f4-0fb0-47af-9444-240532ea6a05,4,10,100,no
c854ca33-b6dd-4e56-bb20-385e8f712b25,0d68e0f4-0fb0-47af-9444-240532ea6a05,5,10,100,no
c854ca33-b6dd-4e56-bb20-385e8f712b25,0d68e0f4-0fb0-47af-9444-240532ea6a05,6,10,100,no
c854ca33-b6dd-4e56-bb20-385e8f712b25,0d68e0f4-0fb0-47af-9444-240532ea6a05,7,10,100,no
c854ca33-b6dd-4e56-bb20-385e8f712b25,0d68e0f4-0fb0-47af-9444-240532ea6a05,8,10,100,no
c854ca33-b6dd-4e56-bb20-385e8f712b25,0d68e0f4-0fb0-47af-9444-240532ea6a05,9,10,100,no
c854ca33-b6dd-4e56-bb20-385e8f712b25,0d68e0f4-0fb0-47af-9444-240532ea6a05,0,10,full,yes
c854ca33-b6dd-4e56-bb20-385e8f712b25,0d68e0f4-0fb0-47af-9444-240532ea6a05,1,10,full,yes
c854ca33-b6dd-4e56-bb20-385e8f712b25,0d68e0f4-0fb0-47af-9444-240532ea6a05,2,10,full,yes
c854ca33-b6dd-4e56-bb20-385e8f712b25,0d68e0f4-0fb0-47af-9444-240532ea6a05,3,10,full,no
c854ca33-b6dd-4e56-bb20-385e8f712b25,0d68e0f4-0fb0-47af-9444-240532ea6a05,4,10,full,no
c854ca33-b6dd-4e56-bb20-385e8f712b25,0d68e0f4-0fb0-47af-9444-240532ea6a05,5,10,full,no
c854ca33-b6dd-4e56-bb20-385e8f712b25,0d68e0f4-0fb0-47af-9444-240532ea6a05,6,10,full,no
c854ca33-b6dd-4e56-bb20-385e8f712b25,0d68e0f4-0fb0-47af-9444-240532ea6a05,7,10,full,no
c854ca33-b6dd-4e56-bb20-385e8f712b25,0d68e0f4-0fb0-47af-9444-240532ea6a05,8,10,full,no
c854ca33-b6dd-4e56-bb20-385e8f712b25,0d68e0f4-0fb0-47af-9444-240532ea6a05,9,10,full,no
f84dd79d-0bfb-4c3b-9d43-a8a7dce26fa7,7bfa9347-e2a1-4a75-b067-6399346ffd21,0,10,10,no
f84dd79d-0bfb-4c3b-9d43-a8a7dce26fa7,7bfa9347-e2a1-4a75-b067-6399346ffd21,1,10,10,no
f84dd79d-0bfb-4c3b-9d43-a8a7dce26fa7,7bfa9347-e2a1-4a75-b067-6399346ffd21,2,10,10,no
f84dd79d-0bfb-4c3b-9d43-a8a7dce26fa7,7bfa9347-e2a1-4a75-b067-6399346ffd21,3,10,10,no
f84dd79d-0bfb-4c3b-9d43-a8a7dce26fa7,7bfa9347-e2a1-4a75-b067-6399346ffd21,4,10,10,no
f84dd79d-0bfb-4c3b-9d43-a8a7dce26fa7,7bfa9347-e2a1-4a75-b067-6399346ffd21,5,10,10,no
f84dd79d-0bfb-4c3b-9d43-a8a7dce26fa7,7bfa9347-e2a1-4a75-b067-6399346ffd21,6,10,10,no
f84dd79d-0bfb-4c3b-9d43-a8a7dce26fa7,7bfa9347-e2a1-4a75-b067-6399346ffd21,7,10,10,no
f84dd79d-0bfb-4c3b-9d43-a8a7dce26fa7,7bfa9347-e2a1-4a75-b067-6399346ffd21,8,10,10,no
f84dd79d-0bfb-4c3b-9d43-a8a7dce26fa7,7bfa9347-e2a1-4a75-b067-6399346ffd21,9,10,10,no
f84dd79d-0bfb-4c3b-9d43-a8a7dce26fa7,7bfa9347-e2a1-4a75-b067-6399346ffd21,0,10,50,no
f84dd79d-0bfb-4c3b-9d43-a8a7dce26fa7,7bfa9347-e2a1-4a75-b067-6399346ffd21,1,10,50,no
f84dd79d-0bfb-4c3b-9d43-a8a7dce26fa7,7bfa9347-e2a1-4a75-b067-6399346ffd21,2,10,50,no
f84dd79d-0bfb-4c3b-9d43-a8a7dce26fa7,7bfa9347-e2a1-4a75-b067-6399346ffd21,3,10,50,no
f84dd79d-0bfb-4c3b-9d43-a8a7dce26fa7,7bfa9347-e2a1-4a75-b067-6399346ffd21,4,10,50,no
f84dd79d-0bfb-4c3b-9d43-a8a7dce26fa7,7bfa9347-e2a1-4a75-b067-6399346ffd21,5,10,50,no
f84dd79d-0bfb-4c3b-9d43-a8a7dce26fa7,7bfa9347-e2a1-4a75-b067-6399346ffd21,6,10,50,no
f84dd79d-0bfb-4c3b-9d43-a8a7dce26fa7,7bfa9347-e2a1-4a75-b067-6399346ffd21,7,10,50,no
f84dd79d-0bfb-4c3b-9d43-a8a7dce26fa7,7bfa9347-e2a1-4a75-b067-6399346ffd21,8,10,50,no
f84dd79d-0bfb-4c3b-9d43-a8a7dce26fa7,7bfa9347-e2a1-4a75-b067-6399346ffd21,9,10,50,no
f84dd79d-0bfb-4c3b-9d43-a8a7dce26fa7,7bfa9347-e2a1-4a75-b067-6399346ffd21,0,10,100,no
f84dd79d-0bfb-4c3b-9d43-a8a7dce26fa7,7bfa9347-e2a1-4a75-b067-6399346ffd21,1,10,100,no
f84dd79d-0bfb-4c3b-9d43-a8a7dce26fa7,7bfa9347-e2a1-4a75-b067-6399346ffd21,2,10,100,no
f84dd79d-0bfb-4c3b-9d43-a8a7dce26fa7,7bfa9347-e2a1-4a75-b067-6399346ffd21,3,10,100,no
f84dd79d-0bfb-4c3b-9d43-a8a7dce26fa7,7bfa9347-e2a1-4a75-b067-6399346ffd21,4,10,100,no
f84dd79d-0bfb-4c3b-9d43-a8a7dce26fa7,7bfa9347-e2a1-4a75-b067-6399346ffd21,5,10,100,no
f84dd79d-0bfb-4c3b-9d43-a8a7dce26fa7,7bfa9347-e2a1-4a75-b067-6399346ffd21,6,10,100,no
f84dd79d-0bfb-4c3b-9d43-a8a7dce26fa7,7bfa9347-e2a1-4a75-b067-6399346ffd21,7,10,100,no
f84dd79d-0bfb-4c3b-9d43-a8a7dce26fa7,7bfa9347-e2a1-4a75-b067-6399346ffd21,8,10,100,no
f84dd79d-0bfb-4c3b-9d43-a8a7dce26fa7,7bfa9347-e2a1-4a75-b067-6399346ffd21,9,10,100,no
f84dd79d-0bfb-4c3b-9d43-a8a7dce26fa7,7bfa9347-e2a1-4a75-b067-6399346ffd21,0,10,full,no
f84dd79d-0bfb-4c3b-9d43-a8a7dce26fa7,7bfa9347-e2a1-4a75-b067-6399346ffd21,1,10,full,no
f84dd79d-0bfb-4c3b-9d43-a8a7dce26fa7,7bfa9347-e2a1-4a75-b067-6399346ffd21,2,10,full,no
f84dd79d-0bfb-4c3b-9d43-a8a7dce26fa7,7bfa9347-e2a1-4a75-b067-6399346ffd21,3,10,full,no
f84dd79d-0bfb-4c3b-9d43-a8a7dce26fa7,7bfa9347-e2a1-4a75-b067-6399346ffd21,4,10,full,no
f84dd79d-0bfb-4c3b-9d43-a8a7dce26fa7,7bfa9347-e2a1-4a75-b067-6399346ffd21,5,10,full,no
f84dd79d-0bfb-4c3b-9d43-a8a7dce26fa7,7bfa9347-e2a1-4a75-b067-6399346ffd21,6,10,full,no
f84dd79d-0bfb-4c3b-9d43-a8a7dce26fa7,7bfa9347-e2a1-4a75-b067-6399346ffd21,7,10,full,no
f84dd79d-0bfb-4c3b-9d43-a8a7dce26fa7,7bfa9347-e2a1-4a75-b067-6399346ffd21,8,10,full,no
f84dd79d-0bfb-4c3b-9d43-a8a7dce26fa7,7bfa9347-e2a1-4a75-b067-6399346ffd21,9,10,full,no
f84dd79d-0bfb-4c3b-9d43-a8a7dce26fa7,a40ae954-9fb9-436c-974e-a370148900ff,0,10,10,no
f84dd79d-0bfb-4c3b-9d43-a8a7dce26fa7,a40ae954-9fb9-436c-974e-a370148900ff,1,10,10,no
f84dd79d-0bfb-4c3b-9d43-a8a7dce26fa7,a40ae954-9fb9-436c-974e-a370148900ff,2,10,10,no
f84dd79d-0bfb-4c3b-9d43-a8a7dce26fa7,a40ae954-9fb9-436c-974e-a370148900ff,3,10,10,no
f84dd79d-0bfb-4c3b-9d43-a8a7dce26fa7,a40ae954-9fb9-436c-974e-a370148900ff,4,10,10,no
f84dd79d-0bfb-4c3b-9d43-a8a7dce26fa7,a40ae954-9fb9-436c-974e-a370148900ff,5,10,10,no
f84dd79d-0bfb-4c3b-9d43-a8a7dce26fa7,a40ae954-9fb9-436c-974e-a370148900ff,6,10,10,no
f84dd79d-0bfb-4c3b-9d43-a8a7dce26fa7,a40ae954-9fb9-436c-974e-a370148900ff,7,10,10,no
f84dd79d-0bfb-4c3b-9d43-a8a7dce26fa7,a40ae954-9fb9-436c-974e-a370148900ff,8,10,10,yes
f84dd79d-0bfb-4c3b-9d43-a8a7dce26fa7,a40ae954-9fb9-436c-974e-a370148900ff,9,10,10,no
f84dd79d-0bfb-4c3b-9d43-a8a7dce26fa7,a40ae954-9fb9-436c-974e-a370148900ff,0,10,50,no
f84dd79d-0bfb-4c3b-9d43-a8a7dce26fa7,a40ae954-9fb9-436c-974e-a370148900ff,1,10,50,no
f84dd79d-0bfb-4c3b-9d43-a8a7dce26fa7,a40ae954-9fb9-436c-974e-a370148900ff,2,10,50,no
f84dd79d-0bfb-4c3b-9d43-a8a7dce26fa7,a40ae954-9fb9-436c-974e-a370148900ff,3,10,50,no
f84dd79d-0bfb-4c3b-9d43-a8a7dce26fa7,a40ae954-9fb9-436c-974e-a370148900ff,4,10,50,no
f84dd79d-0bfb-4c3b-9d43-a8a7dce26fa7,a40ae954-9fb9-436c-974e-a370148900ff,5,10,50,no
f84dd79d-0bfb-4c3b-9d43-a8a7dce26fa7,a40ae954-9fb9-436c-974e-a370148900ff,6,10,50,no
f84dd79d-0bfb-4c3b-9d43-a8a7dce26fa7,a40ae954-9fb9-436c-974e-a370148900ff,7,10,50,no
f84dd79d-0bfb-4c3b-9d43-a8a7dce26fa7,a40ae954-9fb9-436c-974e-a370148900ff,8,10,50,no
f84dd79d-0bfb-4c3b-9d43-a8a7dce26fa7,a40ae954-9fb9-436c-974e-a370148900ff,9,10,50,no
f84dd79d-0bfb-4c3b-9d43-a8a7dce26fa7,a40ae954-9fb9-436c-974e-a370148900ff,0,10,100,no
f84dd79d-0bfb-4c3b-9d43-a8a7dce26fa7,a40ae954-9fb9-436c-974e-a370148900ff,1,10,100,no
f84dd79d-0bfb-4c3b-9d43-a8a7dce26fa7,a40ae954-9fb9-436c-974e-a370148900ff,2,10,100,no
f84dd79d-0bfb-4c3b-9d43-a8a7dce26fa7,a40ae954-9fb9-436c-974e-a370148900ff,3,10,100,no
f84dd79d-0bfb-4c3b-9d43-a8a7dce26fa7,a40ae954-9fb9-436c-974e-a370148900ff,4,10,100,no
f84dd79d-0bfb-4c3b-9d43-a8a7dce26fa7,a40ae954-9fb9-436c-974e-a370148900ff,5,10,100,no
f84dd79d-0bfb-4c3b-9d43-a8a7dce26fa7,a40ae954-9fb9-436c-974e-a370148900ff,6,10,100,no
f84dd79d-0bfb-4c3b-9d43-a8a7dce26fa7,a40ae954-9fb9-436c-974e-a370148900ff,7,10,100,no
f84dd79d-0bfb-4c3b-9d43-a8a7dce26fa7,a40ae954-9fb9-436c-974e-a370148900ff,8,10,100,no
f84dd79d-0bfb-4c3b-9d43-a8a7dce26fa7,a40ae954-9fb9-436c-974e-a370148900ff,9,10,100,no
f84dd79d-0bfb-4c3b-9d43-a8a7dce26fa7,a40ae954-9fb9-436c-974e-a370148900ff,0,10,full,no
f84dd79d-0bfb-4c3b-9d43-a8a7dce26fa7,a40ae954-9fb9-436c-974e-a370148900ff,1,10,full,no
f84dd79d-0bfb-4c3b-9d43-a8a7dce26fa7,a40ae954-9fb9-436c-974e-a370148900ff,2,10,full,no
f84dd79d-0bfb-4c3b-9d43-a8a7dce26fa7,a40ae954-9fb9-436c-974e-a370148900ff,3,10,full,no
f84dd79d-0bfb-4c3b-9d43-a8a7dce26fa7,a40ae954-9fb9-436c-974e-a370148900ff,4,10,full,no
f84dd79d-0bfb-4c3b-9d43-a8a7dce26fa7,a40ae954-9fb9-436c-974e-a370148900ff,5,10,full,no
f84dd79d-0bfb-4c3b-9d43-a8a7dce26fa7,a40ae954-9fb9-436c-974e-a370148900ff,6,10,full,no
f84dd79d-0bfb-4c3b-9d43-a8a7dce26fa7,a40ae954-9fb9-436c-974e-a370148900ff,7,10,full,no
f84dd79d-0bfb-4c3b-9d43-a8a7dce26fa7,a40ae954-9fb9-436c-974e-a370148900ff,8,10,full,no
f84dd79d-0bfb-4c3b-9d43-a8a7dce26fa7,a40ae954-9fb9-436c-974e-a370148900ff,9,10,full,no
6fdc8043-0101-450a-9733-5a5c54de69e0,cab055bc-39d4-40a0-a59f-d34e3a3f2359,0,10,10,no
6fdc8043-0101-450a-9733-5a5c54de69e0,cab055bc-39d4-40a0-a59f-d34e3a3f2359,1,10,10,no
6fdc8043-0101-450a-9733-5a5c54de69e0,cab055bc-39d4-40a0-a59f-d34e3a3f2359,2,10,10,no
6fdc8043-0101-450a-9733-5a5c54de69e0,cab055bc-39d4-40a0-a59f-d34e3a3f2359,3,10,10,no
6fdc8043-0101-450a-9733-5a5c54de69e0,cab055bc-39d4-40a0-a59f-d34e3a3f2359,4,10,10,yes
6fdc8043-0101-450a-9733-5a5c54de69e0,cab055bc-39d4-40a0-a59f-d34e3a3f2359,5,10,10,yes
6fdc8043-0101-450a-9733-5a5c54de69e0,cab055bc-39d4-40a0-a59f-d34e3a3f2359,6,10,10,yes
6fdc8043-0101-450a-9733-5a5c54de69e0,cab055bc-39d4-40a0-a59f-d34e3a3f2359,7,10,10,no
6fdc8043-0101-450a-9733-5a5c54de69e0,cab055bc-39d4-40a0-a59f-d34e3a3f2359,8,10,10,no
6fdc8043-0101-450a-9733-5a5c54de69e0,cab055bc-39d4-40a0-a59f-d34e3a3f2359,9,10,10,no
6fdc8043-0101-450a-9733-5a5c54de69e0,cab055bc-39d4-40a0-a59f-d34e3a3f2359,0,10,50,no
6fdc8043-0101-450a-9733-5a5c54de69e0,cab055bc-39d4-40a0-a59f-d34e3a3f2359,1,10,50,no
6fdc8043-0101-450a-9733-5a5c54de69e0,cab055bc-39d4-40a0-a59f-d34e3a3f2359,2,10,50,no
6fdc8043-0101-450a-9733-5a5c54de69e0,cab055bc-39d4-40a0-a59f-d34e3a3f2359,3,10,50,no
6fdc8043-0101-450a-9733-5a5c54de69e0,cab055bc-39d4-40a0-a59f-d34e3a3f2359,4,10,50,no
6fdc8043-0101-450a-9733-5a5c54de69e0,cab055bc-39d4-40a0-a59f-d34e3a3f2359,5,10,50,no
6fdc8043-0101-450a-9733-5a5c54de69e0,cab055bc-39d4-40a0-a59f-d34e3a3f2359,6,10,50,no
6fdc8043-0101-450a-9733-5a5c54de69e0,cab055bc-39d4-40a0-a59f-d34e3a3f2359,7,10,50,no
6fdc8043-0101-450a-9733-5a5c54de69e0,cab055bc-39d4-40a0-a59f-d34e3a3f2359,8,10,50,no
6fdc8043-0101-450a-9733-5a5c54de69e0,cab055bc-39d4-40a0-a59f-d34e3a3f2359,9,10,50,no
6fdc8043-0101-450a-9733-5a5c54de69e0,cab055bc-39d4-40a0-a59f-d34e3a3f2359,0,10,100,no
6fdc8043-0101-450a-9733-5a5c54de69e0,cab055bc-39d4-40a0-a59f-d34e3a3f2359,1,10,100,no
6fdc8043-0101-450a-9733-5a5c54de69e0,cab055bc-39d4-40a0-a59f-d34e3a3f2359,2,10,100,no
6fdc8043-0101-450a-9733-5a5c54de69e0,cab055bc-39d4-40a0-a59f-d34e3a3f2359,3,10,100,no
6fdc8043-0101-450a-9733-5a5c54de69e0,cab055bc-39d4-40a0-a59f-d34e3a3f2359,4,10,100,no
6fdc8043-0101-450a-9733-5a5c54de69e0,cab055bc-39d4-40a0-a59f-d34e3a3f2359,5,10,100,no
6fdc8043-0101-450a-9733-5a5c54de69e0,cab055bc-39d4-40a0-a59f-d34e3a3f2359,6,10,100,no
6fdc8043-0101-450a-9733-5a5c54de69e0,cab055bc-39d4-40a0-a59f-d34e3a3f2359,7,10,100,no
6fdc8043-0101-450a-9733-5a5c54de69e0,cab055bc-39d4-40a0-a59f-d34e3a3f2359,8,10,100,no
6fdc8043-0101-450a-9733-5a5c54de69e0,cab055bc-39d4-40a0-a59f-d34e3a3f2359,9,10,100,no
6fdc8043-0101-450a-9733-5a5c54de69e0,cab055bc-39d4-40a0-a59f-d34e3a3f2359,0,10,full,no
6fdc8043-0101-450a-9733-5a5c54de69e0,cab055bc-39d4-40a0-a59f-d34e3a3f2359,1,10,full,no
6fdc8043-0101-450a-9733-5a5c54de69e0,cab055bc-39d4-40a0-a59f-d34e3a3f2359,2,10,full,no
6fdc8043-0101-450a-9733-5a5c54de69e0,cab055bc-39d4-40a0-a59f-d34e3a3f2359,3,10,full,no
6fdc8043-0101-450a-9733-5a5c54de69e0,cab055bc-39d4-40a0-a59f-d34e3a3f2359,4,10,full,no
6fdc8043-0101-450a-9733-5a5c54de69e0,cab055bc-39d4-40a0-a59f-d34e3a3f2359,5,10,full,no
6fdc8043-0101-450a-9733-5a5c54de69e0,cab055bc-39d4-40a0-a59f-d34e3a3f2359,6,10,full,no
6fdc8043-0101-450a-9733-5a5c54de69e0,cab055bc-39d4-40a0-a59f-d34e3a3f2359,7,10,full,no
6fdc8043-0101-450a-9733-5a5c54de69e0,cab055bc-39d4-40a0-a59f-d34e3a3f2359,8,10,full,no
6fdc8043-0101-450a-9733-5a5c54de69e0,cab055bc-39d4-40a0-a59f-d34e3a3f2359,9,10,full,no
6fdc8043-0101-450a-9733-5a5c54de69e0,3f294494-3fe7-47fd-8f2a-f15a536fc8da,0,10,10,yes
6fdc8043-0101-450a-9733-5a5c54de69e0,3f294494-3fe7-47fd-8f2a-f15a536fc8da,1,10,10,yes
6fdc8043-0101-450a-9733-5a5c54de69e0,3f294494-3fe7-47fd-8f2a-f15a536fc8da,2,10,10,no
6fdc8043-0101-450a-9733-5a5c54de69e0,3f294494-3fe7-47fd-8f2a-f15a536fc8da,3,10,10,no
6fdc8043-0101-450a-9733-5a5c54de69e0,3f294494-3fe7-47fd-8f2a-f15a536fc8da,4,10,10,no
6fdc8043-0101-450a-9733-5a5c54de69e0,3f294494-3fe7-47fd-8f2a-f15a536fc8da,5,10,10,no
6fdc8043-0101-450a-9733-5a5c54de69e0,3f294494-3fe7-47fd-8f2a-f15a536fc8da,6,10,10,no
6fdc8043-0101-450a-9733-5a5c54de69e0,3f294494-3fe7-47fd-8f2a-f15a536fc8da,7,10,10,no
6fdc8043-0101-450a-9733-5a5c54de69e0,3f294494-3fe7-47fd-8f2a-f15a536fc8da,8,10,10,no
6fdc8043-0101-450a-9733-5a5c54de69e0,3f294494-3fe7-47fd-8f2a-f15a536fc8da,9,10,10,yes
6fdc8043-0101-450a-9733-5a5c54de69e0,3f294494-3fe7-47fd-8f2a-f15a536fc8da,0,10,50,no
6fdc8043-0101-450a-9733-5a5c54de69e0,3f294494-3fe7-47fd-8f2a-f15a536fc8da,1,10,50,no
6fdc8043-0101-450a-9733-5a5c54de69e0,3f294494-3fe7-47fd-8f2a-f15a536fc8da,2,10,50,no
6fdc8043-0101-450a-9733-5a5c54de69e0,3f294494-3fe7-47fd-8f2a-f15a536fc8da,3,10,50,no
6fdc8043-0101-450a-9733-5a5c54de69e0,3f294494-3fe7-47fd-8f2a-f15a536fc8da,4,10,50,no
6fdc8043-0101-450a-9733-5a5c54de69e0,3f294494-3fe7-47fd-8f2a-f15a536fc8da,5,10,50,no
6fdc8043-0101-450a-9733-5a5c54de69e0,3f294494-3fe7-47fd-8f2a-f15a536fc8da,6,10,50,no
6fdc8043-0101-450a-9733-5a5c54de69e0,3f294494-3fe7-47fd-8f2a-f15a536fc8da,7,10,50,no
6fdc8043-0101-450a-9733-5a5c54de69e0,3f294494-3fe7-47fd-8f2a-f15a536fc8da,8,10,50,no
6fdc8043-0101-450a-9733-5a5c54de69e0,3f294494-3fe7-47fd-8f2a-f15a536fc8da,9,10,50,no
6fdc8043-0101-450a-9733-5a5c54de69e0,3f294494-3fe7-47fd-8f2a-f15a536fc8da,0,10,100,no
6fdc8043-0101-450a-9733-5a5c54de69e0,3f294494-3fe7-47fd-8f2a-f15a536fc8da,1,10,100,no
6fdc8043-0101-450a-9733-5a5c54de69e0,3f294494-3fe7-47fd-8f2a-f15a536fc8da,2,10,100,no
6fdc8043-0101-450a-9733-5a5c54de69e0,3f294494-3fe7-47fd-8f2a-f15a536fc8da,3,10,100,no
6fdc8043-0101-450a-9733-5a5c54de69e0,3f294494-3fe7-47fd-8f2a-f15a536fc8da,4,10,100,no
6fdc8043-0101-450a-9733-5a5c54de69e0,3f294494-3fe7-47fd-8f2a-f15a536fc8da,5,10,100,no
6fdc8043-0101-450a-9733-5a5c54de69e0,3f294494-3fe7-47fd-8f2a-f15a536fc8da,6,10,100,no
6fdc8043-0101-450a-9733-5a5c54de69e0,3f294494-3fe7-47fd-8f2a-f15a536fc8da,7,10,100,no
6fdc8043-0101-450a-9733-5a5c54de69e0,3f294494-3fe7-47fd-8f2a-f15a536fc8da,8,10,100,no
6fdc8043-0101-450a-9733-5a5c54de69e0,3f294494-3fe7-47fd-8f2a-f15a536fc8da,9,10,100,no
6fdc8043-0101-450a-9733-5a5c54de69e0,3f294494-3fe7-47fd-8f2a-f15a536fc8da,0,10,full,no
6fdc8043-0101-450a-9733-5a5c54de69e0,3f294494-3fe7-47fd-8f2a-f15a536fc8da,1,10,full,no
6fdc8043-0101-450a-9733-5a5c54de69e0,3f294494-3fe7-47fd-8f2a-f15a536fc8da,2,10,full,no
6fdc8043-0101-450a-9733-5a5c54de69e0,3f294494-3fe7-47fd-8f2a-f15a536fc8da,3,10,full,no
6fdc8043-0101-450a-9733-5a5c54de69e0,3f294494-3fe7-47fd-8f2a-f15a536fc8da,4,10,full,no
6fdc8043-0101-450a-9733-5a5c54de69e0,3f294494-3fe7-47fd-8f2a-f15a536fc8da,5,10,full,no
6fdc8043-0101-450a-9733-5a5c54de69e0,3f294494-3fe7-47fd-8f2a-f15a536fc8da,6,10,full,no
6fdc8043-0101-450a-9733-5a5c54de69e0,3f294494-3fe7-47fd-8f2a-f15a536fc8da,7,10,full,no
6fdc8043-0101-450a-9733-5a5c54de69e0,3f294494-3fe7-47fd-8f2a-f15a536fc8da,8,10,full,no
6fdc8043-0101-450a-9733-5a5c54de69e0,3f294494-3fe7-47fd-8f2a-f15a536fc8da,9,10,full,no
e1032366-5276-4375-9262-a854b777054e,96cfedb9-626e-4c3e-bb32-75d5016a8769,0,10,10,yes
e1032366-5276-4375-9262-a854b777054e,96cfedb9-626e-4c3e-bb32-75d5016a8769,1,10,10,yes
e1032366-5276-4375-9262-a854b777054e,96cfedb9-626e-4c3e-bb32-75d5016a8769,2,10,10,yes
e1032366-5276-4375-9262-a854b777054e,96cfedb9-626e-4c3e-bb32-75d5016a8769,3,10,10,yes
e1032366-5276-4375-9262-a854b777054e,96cfedb9-626e-4c3e-bb32-75d5016a8769,4,10,10,yes
e1032366-5276-4375-9262-a854b777054e,96cfedb9-626e-4c3e-bb32-75d5016a8769,5,10,10,yes
e1032366-5276-4375-9262-a854b777054e,96cfedb9-626e-4c3e-bb32-75d5016a8769,6,10,10,yes
e1032366-5276-4375-9262-a854b777054e,96cfedb9-626e-4c3e-bb32-75d5016a8769,7,10,10,no
e1032366-5276-4375-9262-a854b777054e,96cfedb9-626e-4c3e-bb32-75d5016a8769,8,10,10,yes
e1032366-5276-4375-9262-a854b777054e,96cfedb9-626e-4c3e-bb32-75d5016a8769,9,10,10,yes
e1032366-5276-4375-9262-a854b777054e,96cfedb9-626e-4c3e-bb32-75d5016a8769,0,10,50,yes
e1032366-5276-4375-9262-a854b777054e,96cfedb9-626e-4c3e-bb32-75d5016a8769,1,10,50,no
e1032366-5276-4375-9262-a854b777054e,96cfedb9-626e-4c3e-bb32-75d5016a8769,2,10,50,yes
e1032366-5276-4375-9262-a854b777054e,96cfedb9-626e-4c3e-bb32-75d5016a8769,3,10,50,no
e1032366-5276-4375-9262-a854b777054e,96cfedb9-626e-4c3e-bb32-75d5016a8769,4,10,50,yes
e1032366-5276-4375-9262-a854b777054e,96cfedb9-626e-4c3e-bb32-75d5016a8769,5,10,50,yes
e1032366-5276-4375-9262-a854b777054e,96cfedb9-626e-4c3e-bb32-75d5016a8769,6,10,50,yes
e1032366-5276-4375-9262-a854b777054e,96cfedb9-626e-4c3e-bb32-75d5016a8769,7,10,50,no
e1032366-5276-4375-9262-a854b777054e,96cfedb9-626e-4c3e-bb32-75d5016a8769,8,10,50,yes
e1032366-5276-4375-9262-a854b777054e,96cfedb9-626e-4c3e-bb32-75d5016a8769,9,10,50,yes
e1032366-5276-4375-9262-a854b777054e,96cfedb9-626e-4c3e-bb32-75d5016a8769,0,10,100,yes
e1032366-5276-4375-9262-a854b777054e,96cfedb9-626e-4c3e-bb32-75d5016a8769,1,10,100,no
e1032366-5276-4375-9262-a854b777054e,96cfedb9-626e-4c3e-bb32-75d5016a8769,2,10,100,yes
e1032366-5276-4375-9262-a854b777054e,96cfedb9-626e-4c3e-bb32-75d5016a8769,3,10,100,no
e1032366-5276-4375-9262-a854b777054e,96cfedb9-626e-4c3e-bb32-75d5016a8769,4,10,100,yes
e1032366-5276-4375-9262-a854b777054e,96cfedb9-626e-4c3e-bb32-75d5016a8769,5,10,100,yes
e1032366-5276-4375-9262-a854b777054e,96cfedb9-626e-4c3e-bb32-75d5016a8769,6,10,100,yes
e1032366-5276-4375-9262-a854b777054e,96cfedb9-626e-4c3e-bb32-75d5016a8769,7,10,100,yes
e1032366-5276-4375-9262-a854b777054e,96cfedb9-626e-4c3e-bb32-75d5016a8769,8,10,100,yes
e1032366-5276-4375-9262-a854b777054e,96cfedb9-626e-4c3e-bb32-75d5016a8769,9,10,100,no
e1032366-5276-4375-9262-a854b777054e,96cfedb9-626e-4c3e-bb32-75d5016a8769,0,10,full,yes
e1032366-5276-4375-9262-a854b777054e,96cfedb9-626e-4c3e-bb32-75d5016a8769,1,10,full,no
e1032366-5276-4375-9262-a854b777054e,96cfedb9-626e-4c3e-bb32-75d5016a8769,2,10,full,yes
e1032366-5276-4375-9262-a854b777054e,96cfedb9-626e-4c3e-bb32-75d5016a8769,3,10,full,no
e1032366-5276-4375-9262-a854b777054e,96cfedb9-626e-4c3e-bb32-75d5016a8769,4,10,full,yes
e1032366-5276-4375-9262-a854b777054e,96cfedb9-626e-4c3e-bb32-75d5016a8769,5,10,full,yes
e1032366-5276-4375-9262-a854b777054e,96cfedb9-626e-4c3e-bb32-75d5016a8769,6,10,full,yes
e1032366-5276-4375-9262-a854b777054e,96cfedb9-626e-4c3e-bb32-75d5016a8769,7,10,full,yes
e1032366-5276-4375-9262-a854b777054e,96cfedb9-626e-4c3e-bb32-75d5016a8769,8,10,full,yes
e1032366-5276-4375-9262-a854b777054e,96cfedb9-626e-4c3e-bb32-75d5016a8769,9,10,full,no
e1032366-5276-4375-9262-a854b777054e,09f62e91-9705-464e-820b-827ac9983032,0,10,10,no
e1032366-5276-4375-9262-a854b777054e,09f62e91-9705-464e-820b-827ac9983032,1,10,10,yes
e1032366-5276-4375-9262-a854b777054e,09f62e91-9705-464e-820b-827ac9983032,2,10,10,yes
e1032366-5276-4375-9262-a854b777054e,09f62e91-9705-464e-820b-827ac9983032,3,10,10,yes
e1032366-5276-4375-9262-a854b777054e,09f62e91-9705-464e-820b-827ac9983032,4,10,10,yes
e1032366-5276-4375-9262-a854b777054e,09f62e91-9705-464e-820b-827ac9983032,5,10,10,yes
e1032366-5276-4375-9262-a854b777054e,09f62e91-9705-464e-820b-827ac9983032,6,10,10,no
e1032366-5276-4375-9262-a854b777054e,09f62e91-9705-464e-820b-827ac9983032,7,10,10,yes
e1032366-5276-4375-9262-a854b777054e,09f62e91-9705-464e-820b-827ac9983032,8,10,10,no
e1032366-5276-4375-9262-a854b777054e,09f62e91-9705-464e-820b-827ac9983032,9,10,10,no
e1032366-5276-4375-9262-a854b777054e,09f62e91-9705-464e-820b-827ac9983032,0,10,50,yes
e1032366-5276-4375-9262-a854b777054e,09f62e91-9705-464e-820b-827ac9983032,1,10,50,no
e1032366-5276-4375-9262-a854b777054e,09f62e91-9705-464e-820b-827ac9983032,2,10,50,yes
e1032366-5276-4375-9262-a854b777054e,09f62e91-9705-464e-820b-827ac9983032,3,10,50,no
e1032366-5276-4375-9262-a854b777054e,09f62e91-9705-464e-820b-827ac9983032,4,10,50,yes
e1032366-5276-4375-9262-a854b777054e,09f62e91-9705-464e-820b-827ac9983032,5,10,50,yes
e1032366-5276-4375-9262-a854b777054e,09f62e91-9705-464e-820b-827ac9983032,6,10,50,no
e1032366-5276-4375-9262-a854b777054e,09f62e91-9705-464e-820b-827ac9983032,7,10,50,no
e1032366-5276-4375-9262-a854b777054e,09f62e91-9705-464e-820b-827ac9983032,8,10,50,no
e1032366-5276-4375-9262-a854b777054e,09f62e91-9705-464e-820b-827ac9983032,9,10,50,no
e1032366-5276-4375-9262-a854b777054e,09f62e91-9705-464e-820b-827ac9983032,0,10,100,yes
e1032366-5276-4375-9262-a854b777054e,09f62e91-9705-464e-820b-827ac9983032,1,10,100,yes
e1032366-5276-4375-9262-a854b777054e,09f62e91-9705-464e-820b-827ac9983032,2,10,100,no
e1032366-5276-4375-9262-a854b777054e,09f62e91-9705-464e-820b-827ac9983032,3,10,100,no
e1032366-5276-4375-9262-a854b777054e,09f62e91-9705-464e-820b-827ac9983032,4,10,100,no
e1032366-5276-4375-9262-a854b777054e,09f62e91-9705-464e-820b-827ac9983032,5,10,100,yes
e1032366-5276-4375-9262-a854b777054e,09f62e91-9705-464e-820b-827ac9983032,6,10,100,no
e1032366-5276-4375-9262-a854b777054e,09f62e91-9705-464e-820b-827ac9983032,7,10,100,no
e1032366-5276-4375-9262-a854b777054e,09f62e91-9705-464e-820b-827ac9983032,8,10,100,no
e1032366-5276-4375-9262-a854b777054e,09f62e91-9705-464e-820b-827ac9983032,9,10,100,no
e1032366-5276-4375-9262-a854b777054e,09f62e91-9705-464e-820b-827ac9983032,0,10,full,no
e1032366-5276-4375-9262-a854b777054e,09f62e91-9705-464e-820b-827ac9983032,1,10,full,yes
e1032366-5276-4375-9262-a854b777054e,09f62e91-9705-464e-820b-827ac9983032,2,10,full,no
e1032366-5276-4375-9262-a854b777054e,09f62e91-9705-464e-820b-827ac9983032,3,10,full,no
e1032366-5276-4375-9262-a854b777054e,09f62e91-9705-464e-820b-827ac9983032,4,10,full,no
e1032366-5276-4375-9262-a854b777054e,09f62e91-9705-464e-820b-827ac9983032,5,10,full,yes
e1032366-5276-4375-9262-a854b777054e,09f62e91-9705-464e-820b-827ac9983032,6,10,full,no
e1032366-5276-4375-9262-a854b777054e,09f62e91-9705-464e-820b-827ac9983032,7,10,full,no
e1032366-5276-4375-9262-a854b777054e,09f62e91-9705-464e-820b-827ac9983032,8,10,full,no
e1032366-5276-4375-9262-a854b777054e,09f62e91-9705-464e-820b-827ac9983032,9,10,full,no
d0b3872b-b68c-417f-ac20-a9ec83b07a35,d72f2eac-0e00-4459-b0f1-dc3df3a3137e,0,10,10,yes
d0b3872b-b68c-417f-ac20-a9ec83b07a35,d72f2eac-0e00-4459-b0f1-dc3df3a3137e,1,10,10,yes
d0b3872b-b68c-417f-ac20-a9ec83b07a35,d72f2eac-0e00-4459-b0f1-dc3df3a3137e,2,10,10,yes
d0b3872b-b68c-417f-ac20-a9ec83b07a35,d72f2eac-0e00-4459-b0f1-dc3df3a3137e,3,10,10,yes
d0b3872b-b68c-417f-ac20-a9ec83b07a35,d72f2eac-0e00-4459-b0f1-dc3df3a3137e,4,10,10,yes
d0b3872b-b68c-417f-ac20-a9ec83b07a35,d72f2eac-0e00-4459-b0f1-dc3df3a3137e,5,10,10,yes
d0b3872b-b68c-417f-ac20-a9ec83b07a35,d72f2eac-0e00-4459-b0f1-dc3df3a3137e,6,10,10,no
d0b3872b-b68c-417f-ac20-a9ec83b07a35,d72f2eac-0e00-4459-b0f1-dc3df3a3137e,7,10,10,yes
d0b3872b-b68c-417f-ac20-a9ec83b07a35,d72f2eac-0e00-4459-b0f1-dc3df3a3137e,8,10,10,yes
d0b3872b-b68c-417f-ac20-a9ec83b07a35,d72f2eac-0e00-4459-b0f1-dc3df3a3137e,9,10,10,yes
d0b3872b-b68c-417f-ac20-a9ec83b07a35,d72f2eac-0e00-4459-b0f1-dc3df3a3137e,0,10,50,yes
d0b3872b-b68c-417f-ac20-a9ec83b07a35,d72f2eac-0e00-4459-b0f1-dc3df3a3137e,1,10,50,no
d0b3872b-b68c-417f-ac20-a9ec83b07a35,d72f2eac-0e00-4459-b0f1-dc3df3a3137e,2,10,50,no
d0b3872b-b68c-417f-ac20-a9ec83b07a35,d72f2eac-0e00-4459-b0f1-dc3df3a3137e,3,10,50,no
d0b3872b-b68c-417f-ac20-a9ec83b07a35,d72f2eac-0e00-4459-b0f1-dc3df3a3137e,4,10,50,yes
d0b3872b-b68c-417f-ac20-a9ec83b07a35,d72f2eac-0e00-4459-b0f1-dc3df3a3137e,5,10,50,no
d0b3872b-b68c-417f-ac20-a9ec83b07a35,d72f2eac-0e00-4459-b0f1-dc3df3a3137e,6,10,50,no
d0b3872b-b68c-417f-ac20-a9ec83b07a35,d72f2eac-0e00-4459-b0f1-dc3df3a3137e,7,10,50,no
d0b3872b-b68c-417f-ac20-a9ec83b07a35,d72f2eac-0e00-4459-b0f1-dc3df3a3137e,8,10,50,no
d0b3872b-b68c-417f-ac20-a9ec83b07a35,d72f2eac-0e00-4459-b0f1-dc3df3a3137e,9,10,50,no
d0b3872b-b68c-417f-ac20-a9ec83b07a35,d72f2eac-0e00-4459-b0f1-dc3df3a3137e,0,10,100,no
d0b3872b-b68c-417f-ac20-a9ec83b07a35,d72f2eac-0e00-4459-b0f1-dc3df3a3137e,1,10,100,no
d0b3872b-b68c-417f-ac20-a9ec83b07a35,d72f2eac-0e00-4459-b0f1-dc3df3a3137e,2,10,100,no
d0b3872b-b68c-417f-ac20-a9ec83b07a35,d72f2eac-0e00-4459-b0f1-dc3df3a3137e,3,10,100,no
d0b3872b-b68c-417f-ac20-a9ec83b07a35,d72f2eac-0e00-4459-b0f1-dc3df3a3137e,4,10,100,no
d0b3872b-b68c-417f-ac20-a9ec83b07a35,d72f2eac-0e00-4459-b0f1-dc3df3a3137e,5,10,100,no
d0b3872b-b68c-417f-ac20-a9ec83b07a35,d72f2eac-0e00-4459-b0f1-dc3df3a3137e,6,10,100,no
d0b3872b-b68c-417f-ac20-a9ec83b07a35,d72f2eac-0e00-4459-b0f1-dc3df3a3137e,7,10,100,no
d0b3872b-b68c-417f-ac20-a9ec83b07a35,d72f2eac-0e00-4459-b0f1-dc3df3a3137e,8,10,100,no
d0b3872b-b68c-417f-ac20-a9ec83b07a35,d72f2eac-0e00-4459-b0f1-dc3df3a3137e,9,10,100,no
d0b3872b-b68c-417f-ac20-a9ec83b07a35,d72f2eac-0e00-4459-b0f1-dc3df3a3137e,0,10,full,no
d0b3872b-b68c-417f-ac20-a9ec83b07a35,d72f2eac-0e00-4459-b0f1-dc3df3a3137e,1,10,full,no
d0b3872b-b68c-417f-ac20-a9ec83b07a35,d72f2eac-0e00-4459-b0f1-dc3df3a3137e,2,10,full,no
d0b3872b-b68c-417f-ac20-a9ec83b07a35,d72f2eac-0e00-4459-b0f1-dc3df3a3137e,3,10,full,no
d0b3872b-b68c-417f-ac20-a9ec83b07a35,d72f2eac-0e00-4459-b0f1-dc3df3a3137e,4,10,full,no
d0b3872b-b68c-417f-ac20-a9ec83b07a35,d72f2eac-0e00-4459-b0f1-dc3df3a3137e,5,10,full,no
d0b3872b-b68c-417f-ac20-a9ec83b07a35,d72f2eac-0e00-4459-b0f1-dc3df3a3137e,6,10,full,no
d0b3872b-b68c-417f-ac20-a9ec83b07a35,d72f2eac-0e00-4459-b0f1-dc3df3a3137e,7,10,full,no
d0b3872b-b68c-417f-ac20-a9ec83b07a35,d72f2eac-0e00-4459-b0f1-dc3df3a3137e,8,10,full,no
d0b3872b-b68c-417f-ac20-a9ec83b07a35,d72f2eac-0e00-4459-b0f1-dc3df3a3137e,9,10,full,no
d0b3872b-b68c-417f-ac20-a9ec83b07a35,5cd6f07f-4f8f-4000-95e1-d118a119392b,0,10,10,yes
d0b3872b-b68c-417f-ac20-a9ec83b07a35,5cd6f07f-4f8f-4000-95e1-d118a119392b,1,10,10,yes
d0b3872b-b68c-417f-ac20-a9ec83b07a35,5cd6f07f-4f8f-4000-95e1-d118a119392b,2,10,10,no
d0b3872b-b68c-417f-ac20-a9ec83b07a35,5cd6f07f-4f8f-4000-95e1-d118a119392b,3,10,10,yes
d0b3872b-b68c-417f-ac20-a9ec83b07a35,5cd6f07f-4f8f-4000-95e1-d118a119392b,4,10,10,yes
d0b3872b-b68c-417f-ac20-a9ec83b07a35,5cd6f07f-4f8f-4000-95e1-d118a119392b,5,10,10,yes
d0b3872b-b68c-417f-ac20-a9ec83b07a35,5cd6f07f-4f8f-4000-95e1-d118a119392b,6,10,10,no
d0b3872b-b68c-417f-ac20-a9ec83b07a35,5cd6f07f-4f8f-4000-95e1-d118a119392b,7,10,10,no
d0b3872b-b68c-417f-ac20-a9ec83b07a35,5cd6f07f-4f8f-4000-95e1-d118a119392b,8,10,10,yes
d0b3872b-b68c-417f-ac20-a9ec83b07a35,5cd6f07f-4f8f-4000-95e1-d118a119392b,9,10,10,yes
d0b3872b-b68c-417f-ac20-a9ec83b07a35,5cd6f07f-4f8f-4000-95e1-d118a119392b,0,10,50,no
d0b3872b-b68c-417f-ac20-a9ec83b07a35,5cd6f07f-4f8f-4000-95e1-d118a119392b,1,10,50,no
d0b3872b-b68c-417f-ac20-a9ec83b07a35,5cd6f07f-4f8f-4000-95e1-d118a119392b,2,10,50,yes
d0b3872b-b68c-417f-ac20-a9ec83b07a35,5cd6f07f-4f8f-4000-95e1-d118a119392b,3,10,50,no
d0b3872b-b68c-417f-ac20-a9ec83b07a35,5cd6f07f-4f8f-4000-95e1-d118a119392b,4,10,50,no
d0b3872b-b68c-417f-ac20-a9ec83b07a35,5cd6f07f-4f8f-4000-95e1-d118a119392b,5,10,50,yes
d0b3872b-b68c-417f-ac20-a9ec83b07a35,5cd6f07f-4f8f-4000-95e1-d118a119392b,6,10,50,no
d0b3872b-b68c-417f-ac20-a9ec83b07a35,5cd6f07f-4f8f-4000-95e1-d118a119392b,7,10,50,no
d0b3872b-b68c-417f-ac20-a9ec83b07a35,5cd6f07f-4f8f-4000-95e1-d118a119392b,8,10,50,no
d0b3872b-b68c-417f-ac20-a9ec83b07a35,5cd6f07f-4f8f-4000-95e1-d118a119392b,9,10,50,no
d0b3872b-b68c-417f-ac20-a9ec83b07a35,5cd6f07f-4f8f-4000-95e1-d118a119392b,0,10,100,no
d0b3872b-b68c-417f-ac20-a9ec83b07a35,5cd6f07f-4f8f-4000-95e1-d118a119392b,1,10,100,no
d0b3872b-b68c-417f-ac20-a9ec83b07a35,5cd6f07f-4f8f-4000-95e1-d118a119392b,2,10,100,no
d0b3872b-b68c-417f-ac20-a9ec83b07a35,5cd6f07f-4f8f-4000-95e1-d118a119392b,3,10,100,no
d0b3872b-b68c-417f-ac20-a9ec83b07a35,5cd6f07f-4f8f-4000-95e1-d118a119392b,4,10,100,no
d0b3872b-b68c-417f-ac20-a9ec83b07a35,5cd6f07f-4f8f-4000-95e1-d118a119392b,5,10,100,no
d0b3872b-b68c-417f-ac20-a9ec83b07a35,5cd6f07f-4f8f-4000-95e1-d118a119392b,6,10,100,no
d0b3872b-b68c-417f-ac20-a9ec83b07a35,5cd6f07f-4f8f-4000-95e1-d118a119392b,7,10,100,no
d0b3872b-b68c-417f-ac20-a9ec83b07a35,5cd6f07f-4f8f-4000-95e1-d118a119392b,8,10,100,no
d0b3872b-b68c-417f-ac20-a9ec83b07a35,5cd6f07f-4f8f-4000-95e1-d118a119392b,9,10,100,no
d0b3872b-b68c-417f-ac20-a9ec83b07a35,5cd6f07f-4f8f-4000-95e1-d118a119392b,0,10,full,no
d0b3872b-b68c-417f-ac20-a9ec83b07a35,5cd6f07f-4f8f-4000-95e1-d118a119392b,1,10,full,no
d0b3872b-b68c-417f-ac20-a9ec83b07a35,5cd6f07f-4f8f-4000-95e1-d118a119392b,2,10,full,no
d0b3872b-b68c-417f-ac20-a9ec83b07a35,5cd6f07f-4f8f-4000-95e1-d118a119392b,3,10,full,no
d0b3872b-b68c-417f-ac20-a9ec83b07a35,5cd6f07f-4f8f-4000-95e1-d118a119392b,4,10,full,no
d0b3872b-b68c-417f-ac20-a9ec83b07a35,5cd6f07f-4f8f-4000-95e1-d118a119392b,5,10,full,no
d0b3872b-b68c-417f-ac20-a9ec83b07a35,5cd6f07f-4f8f-4000-95e1-d118a119392b,6,10,full,no
d0b3872b-b68c-417f-ac20-a9ec83b07a35,5cd6f07f-4f8f-4000-95e1-d118a119392b,7,10,full,no
d0b3872b-b68c-417f-ac20-a9ec83b07a35,5cd6f07f-4f8f-4000-95e1-d118a119392b,8,10,full,no
d0b3872b-b68c-417f-ac20-a9ec83b07a35,5cd6f07f-4f8f-4000-95e1-d118a119392b,9,10,full,no
7c626bba-3cbc-4664-a2e6-bfb7834978b5,02844f7a-7290-49ee-9809-c0b6af6c8ae5,0,10,10,no
7c626bba-3cbc-4664-a2e6-bfb7834978b5,02844f7a-7290-49ee-9809-c0b6af6c8ae5,1,10,10,yes
7c626bba-3cbc-4664-a2e6-bfb7834978b5,02844f7a-7290-49ee-9809-c0b6af6c8ae5,2,10,10,yes
7c626bba-3cbc-4664-a2e6-bfb7834978b5,02844f7a-7290-49ee-9809-c0b6af6c8ae5,3,10,10,yes
7c626bba-3cbc-4664-a2e6-bfb7834978b5,02844f7a-7290-49ee-9809-c0b6af6c8ae5,4,10,10,no
7c626bba-3cbc-4664-a2e6-bfb7834978b5,02844f7a-7290-49ee-9809-c0b6af6c8ae5,5,10,10,no
7c626bba-3cbc-4664-a2e6-bfb7834978b5,02844f7a-7290-49ee-9809-c0b6af6c8ae5,6,10,10,yes
7c626bba-3cbc-4664-a2e6-bfb7834978b5,02844f7a-7290-49ee-9809-c0b6af6c8ae5,7,10,10,no
7c626bba-3cbc-4664-a2e6-bfb7834978b5,02844f7a-7290-49ee-9809-c0b6af6c8ae5,8,10,10,yes
7c626bba-3cbc-4664-a2e6-bfb7834978b5,02844f7a-7290-49ee-9809-c0b6af6c8ae5,9,10,10,no
7c626bba-3cbc-4664-a2e6-bfb7834978b5,02844f7a-7290-49ee-9809-c0b6af6c8ae5,0,10,50,no
7c626bba-3cbc-4664-a2e6-bfb7834978b5,02844f7a-7290-49ee-9809-c0b6af6c8ae5,1,10,50,no
7c626bba-3cbc-4664-a2e6-bfb7834978b5,02844f7a-7290-49ee-9809-c0b6af6c8ae5,2,10,50,no
7c626bba-3cbc-4664-a2e6-bfb7834978b5,02844f7a-7290-49ee-9809-c0b6af6c8ae5,3,10,50,no
7c626bba-3cbc-4664-a2e6-bfb7834978b5,02844f7a-7290-49ee-9809-c0b6af6c8ae5,4,10,50,no
7c626bba-3cbc-4664-a2e6-bfb7834978b5,02844f7a-7290-49ee-9809-c0b6af6c8ae5,5,10,50,no
7c626bba-3cbc-4664-a2e6-bfb7834978b5,02844f7a-7290-49ee-9809-c0b6af6c8ae5,6,10,50,yes
7c626bba-3cbc-4664-a2e6-bfb7834978b5,02844f7a-7290-49ee-9809-c0b6af6c8ae5,7,10,50,no
7c626bba-3cbc-4664-a2e6-bfb7834978b5,02844f7a-7290-49ee-9809-c0b6af6c8ae5,8,10,50,no
7c626bba-3cbc-4664-a2e6-bfb7834978b5,02844f7a-7290-49ee-9809-c0b6af6c8ae5,9,10,50,no
7c626bba-3cbc-4664-a2e6-bfb7834978b5,02844f7a-7290-49ee-9809-c0b6af6c8ae5,0,10,100,no
7c626bba-3cbc-4664-a2e6-bfb7834978b5,02844f7a-7290-49ee-9809-c0b6af6c8ae5,1,10,100,no
7c626bba-3cbc-4664-a2e6-bfb7834978b5,02844f7a-7290-49ee-9809-c0b6af6c8ae5,2,10,100,no
7c626bba-3cbc-4664-a2e6-bfb7834978b5,02844f7a-7290-49ee-9809-c0b6af6c8ae5,3,10,100,no
7c626bba-3cbc-4664-a2e6-bfb7834978b5,02844f7a-7290-49ee-9809-c0b6af6c8ae5,4,10,100,no
7c626bba-3cbc-4664-a2e6-bfb7834978b5,02844f7a-7290-49ee-9809-c0b6af6c8ae5,5,10,100,no
7c626bba-3cbc-4664-a2e6-bfb7834978b5,02844f7a-7290-49ee-9809-c0b6af6c8ae5,6,10,100,no
7c626bba-3cbc-4664-a2e6-bfb7834978b5,02844f7a-7290-49ee-9809-c0b6af6c8ae5,7,10,100,no
7c626bba-3cbc-4664-a2e6-bfb7834978b5,02844f7a-7290-49ee-9809-c0b6af6c8ae5,8,10,100,no
7c626bba-3cbc-4664-a2e6-bfb7834978b5,02844f7a-7290-49ee-9809-c0b6af6c8ae5,9,10,100,no
7c626bba-3cbc-4664-a2e6-bfb7834978b5,02844f7a-7290-49ee-9809-c0b6af6c8ae5,0,10,full,no
7c626bba-3cbc-4664-a2e6-bfb7834978b5,02844f7a-7290-49ee-9809-c0b6af6c8ae5,1,10,full,no
7c626bba-3cbc-4664-a2e6-bfb7834978b5,02844f7a-7290-49ee-9809-c0b6af6c8ae5,2,10,full,no
7c626bba-3cbc-4664-a2e6-bfb7834978b5,02844f7a-7290-49ee-9809-c0b6af6c8ae5,3,10,full,no
7c626bba-3cbc-4664-a2e6-bfb7834978b5,02844f7a-7290-49ee-9809-c0b6af6c8ae5,4,10,full,no
7c626bba-3cbc-4664-a2e6-bfb7834978b5,02844f7a-7290-49ee-9809-c0b6af6c8ae5,5,10,full,no
7c626bba-3cbc-4664-a2e6-bfb7834978b5,02844f7a-7290-49ee-9809-c0b6af6c8ae5,6,10,full,no
7c626bba-3cbc-4664-a2e6-bfb7834978b5,02844f7a-7290-49ee-9809-c0b6af6c8ae5,7,10,full,no
7c626bba-3cbc-4664-a2e6-bfb7834978b5,02844f7a-7290-49ee-9809-c0b6af6c8ae5,8,10,full,no
7c626bba-3cbc-4664-a2e6-bfb7834978b5,02844f7a-7290-49ee-9809-c0b6af6c8ae5,9,10,full,no
7c626bba-3cbc-4664-a2e6-bfb7834978b5,f96b3600-8b22-41c9-bf56-2483e33ec301,0,10,10,yes
7c626bba-3cbc-4664-a2e6-bfb7834978b5,f96b3600-8b22-41c9-bf56-2483e33ec301,1,10,10,yes
7c626bba-3cbc-4664-a2e6-bfb7834978b5,f96b3600-8b22-41c9-bf56-2483e33ec301,2,10,10,no
7c626bba-3cbc-4664-a2e6-bfb7834978b5,f96b3600-8b22-41c9-bf56-2483e33ec301,3,10,10,yes
7c626bba-3cbc-4664-a2e6-bfb7834978b5,f96b3600-8b22-41c9-bf56-2483e33ec301,4,10,10,yes
7c626bba-3cbc-4664-a2e6-bfb7834978b5,f96b3600-8b22-41c9-bf56-2483e33ec301,5,10,10,no
7c626bba-3cbc-4664-a2e6-bfb7834978b5,f96b3600-8b22-41c9-bf56-2483e33ec301,6,10,10,yes
7c626bba-3cbc-4664-a2e6-bfb7834978b5,f96b3600-8b22-41c9-bf56-2483e33ec301,7,10,10,no
7c626bba-3cbc-4664-a2e6-bfb7834978b5,f96b3600-8b22-41c9-bf56-2483e33ec301,8,10,10,yes
7c626bba-3cbc-4664-a2e6-bfb7834978b5,f96b3600-8b22-41c9-bf56-2483e33ec301,9,10,10,no
7c626bba-3cbc-4664-a2e6-bfb7834978b5,f96b3600-8b22-41c9-bf56-2483e33ec301,0,10,50,no
7c626bba-3cbc-4664-a2e6-bfb7834978b5,f96b3600-8b22-41c9-bf56-2483e33ec301,1,10,50,no
7c626bba-3cbc-4664-a2e6-bfb7834978b5,f96b3600-8b22-41c9-bf56-2483e33ec301,2,10,50,no
7c626bba-3cbc-4664-a2e6-bfb7834978b5,f96b3600-8b22-41c9-bf56-2483e33ec301,3,10,50,no
7c626bba-3cbc-4664-a2e6-bfb7834978b5,f96b3600-8b22-41c9-bf56-2483e33ec301,4,10,50,no
7c626bba-3cbc-4664-a2e6-bfb7834978b5,f96b3600-8b22-41c9-bf56-2483e33ec301,5,10,50,no
7c626bba-3cbc-4664-a2e6-bfb7834978b5,f96b3600-8b22-41c9-bf56-2483e33ec301,6,10,50,no
7c626bba-3cbc-4664-a2e6-bfb7834978b5,f96b3600-8b22-41c9-bf56-2483e33ec301,7,10,50,no
7c626bba-3cbc-4664-a2e6-bfb7834978b5,f96b3600-8b22-41c9-bf56-2483e33ec301,8,10,50,no
7c626bba-3cbc-4664-a2e6-bfb7834978b5,f96b3600-8b22-41c9-bf56-2483e33ec301,9,10,50,no
7c626bba-3cbc-4664-a2e6-bfb7834978b5,f96b3600-8b22-41c9-bf56-2483e33ec301,0,10,100,no
7c626bba-3cbc-4664-a2e6-bfb7834978b5,f96b3600-8b22-41c9-bf56-2483e33ec301,1,10,100,no
7c626bba-3cbc-4664-a2e6-bfb7834978b5,f96b3600-8b22-41c9-bf56-2483e33ec301,2,10,100,no
7c626bba-3cbc-4664-a2e6-bfb7834978b5,f96b3600-8b22-41c9-bf56-2483e33ec301,3,10,100,no
7c626bba-3cbc-4664-a2e6-bfb7834978b5,f96b3600-8b22-41c9-bf56-2483e33ec301,4,10,100,no
7c626bba-3cbc-4664-a2e6-bfb7834978b5,f96b3600-8b22-41c9-bf56-2483e33ec301,5,10,100,no
7c626bba-3cbc-4664-a2e6-bfb7834978b5,f96b3600-8b22-41c9-bf56-2483e33ec301,6,10,100,no
7c626bba-3cbc-4664-a2e6-bfb7834978b5,f96b3600-8b22-41c9-bf56-2483e33ec301,7,10,100,no
7c626bba-3cbc-4664-a2e6-bfb7834978b5,f96b3600-8b22-41c9-bf56-2483e33ec301,8,10,100,no
7c626bba-3cbc-4664-a2e6-bfb7834978b5,f96b3600-8b22-41c9-bf56-2483e33ec301,9,10,100,no
7c626bba-3cbc-4664-a2e6-bfb7834978b5,f96b3600-8b22-41c9-bf56-2483e33ec301,0,10,full,no
7c626bba-3cbc-4664-a2e6-bfb7834978b5,f96b3600-8b22-41c9-bf56-2483e33ec301,1,10,full,no
7c626bba-3cbc-4664-a2e6-bfb7834978b5,f96b3600-8b22-41c9-bf56-2483e33ec301,2,10,full,no
7c626bba-3cbc-4664-a2e6-bfb7834978b5,f96b3600-8b22-41c9-bf56-2483e33ec301,3,10,full,no
7c626bba-3cbc-4664-a2e6-bfb7834978b5,f96b3600-8b22-41c9-bf56-2483e33ec301,4,10,full,no
7c626bba-3cbc-4664-a2e6-bfb7834978b5,f96b3600-8b22-41c9-bf56-2483e33ec301,5,10,full,no
7c626bba-3cbc-4664-a2e6-bfb7834978b5,f96b3600-8b22-41c9-bf56-2483e33ec301,6,10,full,no
7c626bba-3cbc-4664-a2e6-bfb7834978b5,f96b3600-8b22-41c9-bf56-2483e33ec301,7,10,full,no
7c626bba-3cbc-4664-a2e6-bfb7834978b5,f96b3600-8b22-41c9-bf56-2483e33ec301,8,10,full,no
7c626bba-3cbc-4664-a2e6-bfb7834978b5,f96b3600-8b22-41c9-bf56-2483e33ec301,9,10,full,no
